[0.086s] DEBUG:colcon:Command line arguments: ['/usr/bin/colcon', 'build']
[0.086s] DEBUG:colcon:Parsed command line arguments: Namespace(log_base=None, log_level=None, verb_name='build', build_base='build', install_base='install', merge_install=False, symlink_install=False, test_result_base=None, continue_on_error=False, executor='parallel', parallel_workers=28, event_handlers=None, ignore_user_meta=False, metas=['./colcon.meta'], base_paths=['.'], packages_ignore=None, packages_ignore_regex=None, paths=None, packages_up_to=None, packages_up_to_regex=None, packages_above=None, packages_above_and_dependencies=None, packages_above_depth=None, packages_select_by_dep=None, packages_skip_by_dep=None, packages_skip_up_to=None, packages_select_build_failed=False, packages_skip_build_finished=False, packages_select_test_failures=False, packages_skip_test_passed=False, packages_select=None, packages_skip=None, packages_select_regex=None, packages_skip_regex=None, packages_start=None, packages_end=None, allow_overriding=[], cmake_args=None, cmake_target=None, cmake_target_skip_unavailable=False, cmake_clean_cache=False, cmake_clean_first=False, cmake_force_configure=False, ament_cmake_args=None, catkin_cmake_args=None, catkin_skip_building_tests=False, verb_parser=<colcon_defaults.argument_parser.defaults.DefaultArgumentsDecorator object at 0x70024685d210>, verb_extension=<colcon_core.verb.build.BuildVerb object at 0x700246956680>, main=<bound method BuildVerb.main of <colcon_core.verb.build.BuildVerb object at 0x700246956680>>)
[0.184s] Level 1:colcon.colcon_core.package_discovery:discover_packages(colcon_meta) check parameters
[0.184s] Level 1:colcon.colcon_core.package_discovery:discover_packages(recursive) check parameters
[0.184s] Level 1:colcon.colcon_core.package_discovery:discover_packages(ignore) check parameters
[0.184s] Level 1:colcon.colcon_core.package_discovery:discover_packages(path) check parameters
[0.184s] Level 1:colcon.colcon_core.package_discovery:discover_packages(colcon_meta) discover
[0.184s] Level 1:colcon.colcon_core.package_discovery:discover_packages(recursive) discover
[0.184s] INFO:colcon.colcon_core.package_discovery:Crawling recursively for packages in '/home/w/work/moveit2_handeye_calib'
[0.184s] Level 1:colcon.colcon_core.package_identification:_identify(.) by extensions ['ignore', 'ignore_ament_install']
[0.184s] Level 1:colcon.colcon_core.package_identification:_identify(.) by extension 'ignore'
[0.184s] Level 1:colcon.colcon_core.package_identification:_identify(.) by extension 'ignore_ament_install'
[0.184s] Level 1:colcon.colcon_core.package_identification:_identify(.) by extensions ['colcon_pkg']
[0.184s] Level 1:colcon.colcon_core.package_identification:_identify(.) by extension 'colcon_pkg'
[0.184s] Level 1:colcon.colcon_core.package_identification:_identify(.) by extensions ['colcon_meta']
[0.184s] Level 1:colcon.colcon_core.package_identification:_identify(.) by extension 'colcon_meta'
[0.185s] Level 1:colcon.colcon_core.package_identification:_identify(.) by extensions ['ros']
[0.185s] Level 1:colcon.colcon_core.package_identification:_identify(.) by extension 'ros'
[0.191s] Level 1:colcon.colcon_core.package_identification:_identify(.) by extensions ['cmake', 'python']
[0.191s] Level 1:colcon.colcon_core.package_identification:_identify(.) by extension 'cmake'
[0.191s] Level 1:colcon.colcon_core.package_identification:_identify(.) by extension 'python'
[0.191s] Level 1:colcon.colcon_core.package_identification:_identify(.) by extensions ['python_setup_py']
[0.191s] Level 1:colcon.colcon_core.package_identification:_identify(.) by extension 'python_setup_py'
[0.191s] Level 1:colcon.colcon_core.package_identification:_identify(TG620) by extensions ['ignore', 'ignore_ament_install']
[0.191s] Level 1:colcon.colcon_core.package_identification:_identify(TG620) by extension 'ignore'
[0.191s] Level 1:colcon.colcon_core.package_identification:_identify(TG620) by extension 'ignore_ament_install'
[0.191s] Level 1:colcon.colcon_core.package_identification:_identify(TG620) by extensions ['colcon_pkg']
[0.191s] Level 1:colcon.colcon_core.package_identification:_identify(TG620) by extension 'colcon_pkg'
[0.191s] Level 1:colcon.colcon_core.package_identification:_identify(TG620) by extensions ['colcon_meta']
[0.191s] Level 1:colcon.colcon_core.package_identification:_identify(TG620) by extension 'colcon_meta'
[0.191s] Level 1:colcon.colcon_core.package_identification:_identify(TG620) by extensions ['ros']
[0.191s] Level 1:colcon.colcon_core.package_identification:_identify(TG620) by extension 'ros'
[0.192s] Level 1:colcon.colcon_core.package_identification:_identify(TG620) by extensions ['cmake', 'python']
[0.192s] Level 1:colcon.colcon_core.package_identification:_identify(TG620) by extension 'cmake'
[0.192s] Level 1:colcon.colcon_core.package_identification:_identify(TG620) by extension 'python'
[0.192s] Level 1:colcon.colcon_core.package_identification:_identify(TG620) by extensions ['python_setup_py']
[0.192s] Level 1:colcon.colcon_core.package_identification:_identify(TG620) by extension 'python_setup_py'
[0.192s] Level 1:colcon.colcon_core.package_identification:_identify(TG620/motor_control_logger) by extensions ['ignore', 'ignore_ament_install']
[0.192s] Level 1:colcon.colcon_core.package_identification:_identify(TG620/motor_control_logger) by extension 'ignore'
[0.192s] Level 1:colcon.colcon_core.package_identification:_identify(TG620/motor_control_logger) by extension 'ignore_ament_install'
[0.192s] Level 1:colcon.colcon_core.package_identification:_identify(TG620/motor_control_logger) by extensions ['colcon_pkg']
[0.192s] Level 1:colcon.colcon_core.package_identification:_identify(TG620/motor_control_logger) by extension 'colcon_pkg'
[0.192s] Level 1:colcon.colcon_core.package_identification:_identify(TG620/motor_control_logger) by extensions ['colcon_meta']
[0.192s] Level 1:colcon.colcon_core.package_identification:_identify(TG620/motor_control_logger) by extension 'colcon_meta'
[0.192s] Level 1:colcon.colcon_core.package_identification:_identify(TG620/motor_control_logger) by extensions ['ros']
[0.192s] Level 1:colcon.colcon_core.package_identification:_identify(TG620/motor_control_logger) by extension 'ros'
[0.193s] DEBUG:colcon.colcon_core.package_identification:Package 'TG620/motor_control_logger' with type 'ros.ament_cmake' and name 'motor_control_logger'
[0.193s] Level 1:colcon.colcon_core.package_identification:_identify(TG620/robot_bringup) by extensions ['ignore', 'ignore_ament_install']
[0.194s] Level 1:colcon.colcon_core.package_identification:_identify(TG620/robot_bringup) by extension 'ignore'
[0.194s] Level 1:colcon.colcon_core.package_identification:_identify(TG620/robot_bringup) by extension 'ignore_ament_install'
[0.194s] Level 1:colcon.colcon_core.package_identification:_identify(TG620/robot_bringup) by extensions ['colcon_pkg']
[0.194s] Level 1:colcon.colcon_core.package_identification:_identify(TG620/robot_bringup) by extension 'colcon_pkg'
[0.194s] Level 1:colcon.colcon_core.package_identification:_identify(TG620/robot_bringup) by extensions ['colcon_meta']
[0.194s] Level 1:colcon.colcon_core.package_identification:_identify(TG620/robot_bringup) by extension 'colcon_meta'
[0.194s] Level 1:colcon.colcon_core.package_identification:_identify(TG620/robot_bringup) by extensions ['ros']
[0.194s] Level 1:colcon.colcon_core.package_identification:_identify(TG620/robot_bringup) by extension 'ros'
[0.194s] DEBUG:colcon.colcon_core.package_identification:Package 'TG620/robot_bringup' with type 'ros.ament_cmake' and name 'robot_bringup'
[0.194s] Level 1:colcon.colcon_core.package_identification:_identify(TG620/robot_config) by extensions ['ignore', 'ignore_ament_install']
[0.194s] Level 1:colcon.colcon_core.package_identification:_identify(TG620/robot_config) by extension 'ignore'
[0.194s] Level 1:colcon.colcon_core.package_identification:_identify(TG620/robot_config) by extension 'ignore_ament_install'
[0.194s] Level 1:colcon.colcon_core.package_identification:_identify(TG620/robot_config) by extensions ['colcon_pkg']
[0.194s] Level 1:colcon.colcon_core.package_identification:_identify(TG620/robot_config) by extension 'colcon_pkg'
[0.194s] Level 1:colcon.colcon_core.package_identification:_identify(TG620/robot_config) by extensions ['colcon_meta']
[0.194s] Level 1:colcon.colcon_core.package_identification:_identify(TG620/robot_config) by extension 'colcon_meta'
[0.194s] Level 1:colcon.colcon_core.package_identification:_identify(TG620/robot_config) by extensions ['ros']
[0.194s] Level 1:colcon.colcon_core.package_identification:_identify(TG620/robot_config) by extension 'ros'
[0.194s] Level 1:colcon.colcon_core.package_identification:_identify(TG620/robot_config) by extensions ['cmake', 'python']
[0.194s] Level 1:colcon.colcon_core.package_identification:_identify(TG620/robot_config) by extension 'cmake'
[0.194s] Level 1:colcon.colcon_core.package_identification:_identify(TG620/robot_config) by extension 'python'
[0.194s] Level 1:colcon.colcon_core.package_identification:_identify(TG620/robot_config) by extensions ['python_setup_py']
[0.194s] Level 1:colcon.colcon_core.package_identification:_identify(TG620/robot_config) by extension 'python_setup_py'
[0.194s] Level 1:colcon.colcon_core.package_identification:_identify(TG620/robot_config/arm380_config) by extensions ['ignore', 'ignore_ament_install']
[0.194s] Level 1:colcon.colcon_core.package_identification:_identify(TG620/robot_config/arm380_config) by extension 'ignore'
[0.195s] Level 1:colcon.colcon_core.package_identification:_identify(TG620/robot_config/arm380_config) by extension 'ignore_ament_install'
[0.195s] Level 1:colcon.colcon_core.package_identification:_identify(TG620/robot_config/arm380_config) by extensions ['colcon_pkg']
[0.195s] Level 1:colcon.colcon_core.package_identification:_identify(TG620/robot_config/arm380_config) by extension 'colcon_pkg'
[0.195s] Level 1:colcon.colcon_core.package_identification:_identify(TG620/robot_config/arm380_config) by extensions ['colcon_meta']
[0.195s] Level 1:colcon.colcon_core.package_identification:_identify(TG620/robot_config/arm380_config) by extension 'colcon_meta'
[0.195s] Level 1:colcon.colcon_core.package_identification:_identify(TG620/robot_config/arm380_config) by extensions ['ros']
[0.195s] Level 1:colcon.colcon_core.package_identification:_identify(TG620/robot_config/arm380_config) by extension 'ros'
[0.195s] DEBUG:colcon.colcon_core.package_identification:Package 'TG620/robot_config/arm380_config' with type 'ros.ament_cmake' and name 'arm380_config'
[0.195s] Level 1:colcon.colcon_core.package_identification:_identify(TG620/robot_config/arm620_config) by extensions ['ignore', 'ignore_ament_install']
[0.195s] Level 1:colcon.colcon_core.package_identification:_identify(TG620/robot_config/arm620_config) by extension 'ignore'
[0.195s] Level 1:colcon.colcon_core.package_identification:_identify(TG620/robot_config/arm620_config) by extension 'ignore_ament_install'
[0.195s] Level 1:colcon.colcon_core.package_identification:_identify(TG620/robot_config/arm620_config) by extensions ['colcon_pkg']
[0.195s] Level 1:colcon.colcon_core.package_identification:_identify(TG620/robot_config/arm620_config) by extension 'colcon_pkg'
[0.195s] Level 1:colcon.colcon_core.package_identification:_identify(TG620/robot_config/arm620_config) by extensions ['colcon_meta']
[0.195s] Level 1:colcon.colcon_core.package_identification:_identify(TG620/robot_config/arm620_config) by extension 'colcon_meta'
[0.195s] Level 1:colcon.colcon_core.package_identification:_identify(TG620/robot_config/arm620_config) by extensions ['ros']
[0.195s] Level 1:colcon.colcon_core.package_identification:_identify(TG620/robot_config/arm620_config) by extension 'ros'
[0.196s] DEBUG:colcon.colcon_core.package_identification:Package 'TG620/robot_config/arm620_config' with type 'ros.ament_cmake' and name 'arm620_config'
[0.197s] Level 1:colcon.colcon_core.package_identification:_identify(TG620/robot_config/arm620_dh_config) by extensions ['ignore', 'ignore_ament_install']
[0.197s] Level 1:colcon.colcon_core.package_identification:_identify(TG620/robot_config/arm620_dh_config) by extension 'ignore'
[0.197s] Level 1:colcon.colcon_core.package_identification:_identify(TG620/robot_config/arm620_dh_config) by extension 'ignore_ament_install'
[0.197s] Level 1:colcon.colcon_core.package_identification:_identify(TG620/robot_config/arm620_dh_config) by extensions ['colcon_pkg']
[0.197s] Level 1:colcon.colcon_core.package_identification:_identify(TG620/robot_config/arm620_dh_config) by extension 'colcon_pkg'
[0.197s] Level 1:colcon.colcon_core.package_identification:_identify(TG620/robot_config/arm620_dh_config) by extensions ['colcon_meta']
[0.197s] Level 1:colcon.colcon_core.package_identification:_identify(TG620/robot_config/arm620_dh_config) by extension 'colcon_meta'
[0.197s] Level 1:colcon.colcon_core.package_identification:_identify(TG620/robot_config/arm620_dh_config) by extensions ['ros']
[0.197s] Level 1:colcon.colcon_core.package_identification:_identify(TG620/robot_config/arm620_dh_config) by extension 'ros'
[0.197s] DEBUG:colcon.colcon_core.package_identification:Package 'TG620/robot_config/arm620_dh_config' with type 'ros.ament_cmake' and name 'arm620_dh_config'
[0.197s] Level 1:colcon.colcon_core.package_identification:_identify(TG620/robot_control) by extensions ['ignore', 'ignore_ament_install']
[0.197s] Level 1:colcon.colcon_core.package_identification:_identify(TG620/robot_control) by extension 'ignore'
[0.197s] Level 1:colcon.colcon_core.package_identification:_identify(TG620/robot_control) by extension 'ignore_ament_install'
[0.197s] Level 1:colcon.colcon_core.package_identification:_identify(TG620/robot_control) by extensions ['colcon_pkg']
[0.197s] Level 1:colcon.colcon_core.package_identification:_identify(TG620/robot_control) by extension 'colcon_pkg'
[0.197s] Level 1:colcon.colcon_core.package_identification:_identify(TG620/robot_control) by extensions ['colcon_meta']
[0.197s] Level 1:colcon.colcon_core.package_identification:_identify(TG620/robot_control) by extension 'colcon_meta'
[0.197s] Level 1:colcon.colcon_core.package_identification:_identify(TG620/robot_control) by extensions ['ros']
[0.197s] Level 1:colcon.colcon_core.package_identification:_identify(TG620/robot_control) by extension 'ros'
[0.198s] DEBUG:colcon.colcon_core.package_identification:Package 'TG620/robot_control' with type 'ros.ament_cmake' and name 'robot_control'
[0.198s] Level 1:colcon.colcon_core.package_identification:_identify(TG620/robot_description) by extensions ['ignore', 'ignore_ament_install']
[0.198s] Level 1:colcon.colcon_core.package_identification:_identify(TG620/robot_description) by extension 'ignore'
[0.198s] Level 1:colcon.colcon_core.package_identification:_identify(TG620/robot_description) by extension 'ignore_ament_install'
[0.198s] Level 1:colcon.colcon_core.package_identification:_identify(TG620/robot_description) by extensions ['colcon_pkg']
[0.198s] Level 1:colcon.colcon_core.package_identification:_identify(TG620/robot_description) by extension 'colcon_pkg'
[0.198s] Level 1:colcon.colcon_core.package_identification:_identify(TG620/robot_description) by extensions ['colcon_meta']
[0.198s] Level 1:colcon.colcon_core.package_identification:_identify(TG620/robot_description) by extension 'colcon_meta'
[0.198s] Level 1:colcon.colcon_core.package_identification:_identify(TG620/robot_description) by extensions ['ros']
[0.198s] Level 1:colcon.colcon_core.package_identification:_identify(TG620/robot_description) by extension 'ros'
[0.198s] DEBUG:colcon.colcon_core.package_identification:Package 'TG620/robot_description' with type 'ros.ament_cmake' and name 'robot_description'
[0.198s] Level 1:colcon.colcon_core.package_identification:_identify(TG620/robot_driver) by extensions ['ignore', 'ignore_ament_install']
[0.198s] Level 1:colcon.colcon_core.package_identification:_identify(TG620/robot_driver) by extension 'ignore'
[0.198s] Level 1:colcon.colcon_core.package_identification:_identify(TG620/robot_driver) by extension 'ignore_ament_install'
[0.198s] Level 1:colcon.colcon_core.package_identification:_identify(TG620/robot_driver) by extensions ['colcon_pkg']
[0.199s] Level 1:colcon.colcon_core.package_identification:_identify(TG620/robot_driver) by extension 'colcon_pkg'
[0.199s] Level 1:colcon.colcon_core.package_identification:_identify(TG620/robot_driver) by extensions ['colcon_meta']
[0.199s] Level 1:colcon.colcon_core.package_identification:_identify(TG620/robot_driver) by extension 'colcon_meta'
[0.199s] Level 1:colcon.colcon_core.package_identification:_identify(TG620/robot_driver) by extensions ['ros']
[0.199s] Level 1:colcon.colcon_core.package_identification:_identify(TG620/robot_driver) by extension 'ros'
[0.203s] DEBUG:colcon.colcon_core.package_identification:Package 'TG620/robot_driver' with type 'ros.ament_cmake' and name 'robot_driver'
[0.204s] Level 1:colcon.colcon_core.package_identification:_identify(TG620/robot_dynamics) by extensions ['ignore', 'ignore_ament_install']
[0.204s] Level 1:colcon.colcon_core.package_identification:_identify(TG620/robot_dynamics) by extension 'ignore'
[0.204s] Level 1:colcon.colcon_core.package_identification:_identify(TG620/robot_dynamics) by extension 'ignore_ament_install'
[0.204s] Level 1:colcon.colcon_core.package_identification:_identify(TG620/robot_dynamics) by extensions ['colcon_pkg']
[0.204s] Level 1:colcon.colcon_core.package_identification:_identify(TG620/robot_dynamics) by extension 'colcon_pkg'
[0.204s] Level 1:colcon.colcon_core.package_identification:_identify(TG620/robot_dynamics) by extensions ['colcon_meta']
[0.204s] Level 1:colcon.colcon_core.package_identification:_identify(TG620/robot_dynamics) by extension 'colcon_meta'
[0.204s] Level 1:colcon.colcon_core.package_identification:_identify(TG620/robot_dynamics) by extensions ['ros']
[0.204s] Level 1:colcon.colcon_core.package_identification:_identify(TG620/robot_dynamics) by extension 'ros'
[0.204s] DEBUG:colcon.colcon_core.package_identification:Package 'TG620/robot_dynamics' with type 'ros.ament_python' and name 'robot_dynamics'
[0.204s] Level 1:colcon.colcon_core.package_identification:_identify(TG620/robot_input) by extensions ['ignore', 'ignore_ament_install']
[0.204s] Level 1:colcon.colcon_core.package_identification:_identify(TG620/robot_input) by extension 'ignore'
[0.204s] Level 1:colcon.colcon_core.package_identification:_identify(TG620/robot_input) by extension 'ignore_ament_install'
[0.204s] Level 1:colcon.colcon_core.package_identification:_identify(TG620/robot_input) by extensions ['colcon_pkg']
[0.204s] Level 1:colcon.colcon_core.package_identification:_identify(TG620/robot_input) by extension 'colcon_pkg'
[0.204s] Level 1:colcon.colcon_core.package_identification:_identify(TG620/robot_input) by extensions ['colcon_meta']
[0.204s] Level 1:colcon.colcon_core.package_identification:_identify(TG620/robot_input) by extension 'colcon_meta'
[0.204s] Level 1:colcon.colcon_core.package_identification:_identify(TG620/robot_input) by extensions ['ros']
[0.204s] Level 1:colcon.colcon_core.package_identification:_identify(TG620/robot_input) by extension 'ros'
[0.205s] DEBUG:colcon.colcon_core.package_identification:Package 'TG620/robot_input' with type 'ros.ament_python' and name 'robot_input'
[0.205s] Level 1:colcon.colcon_core.package_identification:_identify(TG620/robot_interfaces) by extensions ['ignore', 'ignore_ament_install']
[0.205s] Level 1:colcon.colcon_core.package_identification:_identify(TG620/robot_interfaces) by extension 'ignore'
[0.205s] Level 1:colcon.colcon_core.package_identification:_identify(TG620/robot_interfaces) by extension 'ignore_ament_install'
[0.205s] Level 1:colcon.colcon_core.package_identification:_identify(TG620/robot_interfaces) by extensions ['colcon_pkg']
[0.205s] Level 1:colcon.colcon_core.package_identification:_identify(TG620/robot_interfaces) by extension 'colcon_pkg'
[0.205s] Level 1:colcon.colcon_core.package_identification:_identify(TG620/robot_interfaces) by extensions ['colcon_meta']
[0.205s] Level 1:colcon.colcon_core.package_identification:_identify(TG620/robot_interfaces) by extension 'colcon_meta'
[0.205s] Level 1:colcon.colcon_core.package_identification:_identify(TG620/robot_interfaces) by extensions ['ros']
[0.205s] Level 1:colcon.colcon_core.package_identification:_identify(TG620/robot_interfaces) by extension 'ros'
[0.206s] DEBUG:colcon.colcon_core.package_identification:Package 'TG620/robot_interfaces' with type 'ros.ament_cmake' and name 'robot_interfaces'
[0.206s] Level 1:colcon.colcon_core.package_identification:_identify(TG620/robot_sdk) by extensions ['ignore', 'ignore_ament_install']
[0.206s] Level 1:colcon.colcon_core.package_identification:_identify(TG620/robot_sdk) by extension 'ignore'
[0.206s] Level 1:colcon.colcon_core.package_identification:_identify(TG620/robot_sdk) by extension 'ignore_ament_install'
[0.206s] Level 1:colcon.colcon_core.package_identification:_identify(TG620/robot_sdk) by extensions ['colcon_pkg']
[0.206s] Level 1:colcon.colcon_core.package_identification:_identify(TG620/robot_sdk) by extension 'colcon_pkg'
[0.206s] Level 1:colcon.colcon_core.package_identification:_identify(TG620/robot_sdk) by extensions ['colcon_meta']
[0.206s] Level 1:colcon.colcon_core.package_identification:_identify(TG620/robot_sdk) by extension 'colcon_meta'
[0.206s] Level 1:colcon.colcon_core.package_identification:_identify(TG620/robot_sdk) by extensions ['ros']
[0.206s] Level 1:colcon.colcon_core.package_identification:_identify(TG620/robot_sdk) by extension 'ros'
[0.206s] DEBUG:colcon.colcon_core.package_identification:Package 'TG620/robot_sdk' with type 'ros.ament_cmake' and name 'robot_sdk'
[0.207s] Level 1:colcon.colcon_core.package_identification:_identify(TG620/robot_state_machine) by extensions ['ignore', 'ignore_ament_install']
[0.207s] Level 1:colcon.colcon_core.package_identification:_identify(TG620/robot_state_machine) by extension 'ignore'
[0.207s] Level 1:colcon.colcon_core.package_identification:_identify(TG620/robot_state_machine) by extension 'ignore_ament_install'
[0.207s] Level 1:colcon.colcon_core.package_identification:_identify(TG620/robot_state_machine) by extensions ['colcon_pkg']
[0.207s] Level 1:colcon.colcon_core.package_identification:_identify(TG620/robot_state_machine) by extension 'colcon_pkg'
[0.207s] Level 1:colcon.colcon_core.package_identification:_identify(TG620/robot_state_machine) by extensions ['colcon_meta']
[0.207s] Level 1:colcon.colcon_core.package_identification:_identify(TG620/robot_state_machine) by extension 'colcon_meta'
[0.207s] Level 1:colcon.colcon_core.package_identification:_identify(TG620/robot_state_machine) by extensions ['ros']
[0.207s] Level 1:colcon.colcon_core.package_identification:_identify(TG620/robot_state_machine) by extension 'ros'
[0.207s] DEBUG:colcon.colcon_core.package_identification:Package 'TG620/robot_state_machine' with type 'ros.ament_cmake' and name 'robot_state_machine'
[0.207s] Level 1:colcon.colcon_core.package_identification:_identify(TG620/robot_test_py) by extensions ['ignore', 'ignore_ament_install']
[0.207s] Level 1:colcon.colcon_core.package_identification:_identify(TG620/robot_test_py) by extension 'ignore'
[0.207s] Level 1:colcon.colcon_core.package_identification:_identify(TG620/robot_test_py) by extension 'ignore_ament_install'
[0.207s] Level 1:colcon.colcon_core.package_identification:_identify(TG620/robot_test_py) by extensions ['colcon_pkg']
[0.207s] Level 1:colcon.colcon_core.package_identification:_identify(TG620/robot_test_py) by extension 'colcon_pkg'
[0.207s] Level 1:colcon.colcon_core.package_identification:_identify(TG620/robot_test_py) by extensions ['colcon_meta']
[0.207s] Level 1:colcon.colcon_core.package_identification:_identify(TG620/robot_test_py) by extension 'colcon_meta'
[0.207s] Level 1:colcon.colcon_core.package_identification:_identify(TG620/robot_test_py) by extensions ['ros']
[0.207s] Level 1:colcon.colcon_core.package_identification:_identify(TG620/robot_test_py) by extension 'ros'
[0.208s] DEBUG:colcon.colcon_core.package_identification:Package 'TG620/robot_test_py' with type 'ros.ament_python' and name 'robot_test_py'
[0.208s] Level 1:colcon.colcon_core.package_identification:_identify(TG620/robot_virtual_fence) by extensions ['ignore', 'ignore_ament_install']
[0.208s] Level 1:colcon.colcon_core.package_identification:_identify(TG620/robot_virtual_fence) by extension 'ignore'
[0.208s] Level 1:colcon.colcon_core.package_identification:_identify(TG620/robot_virtual_fence) by extension 'ignore_ament_install'
[0.208s] Level 1:colcon.colcon_core.package_identification:_identify(TG620/robot_virtual_fence) by extensions ['colcon_pkg']
[0.208s] Level 1:colcon.colcon_core.package_identification:_identify(TG620/robot_virtual_fence) by extension 'colcon_pkg'
[0.208s] Level 1:colcon.colcon_core.package_identification:_identify(TG620/robot_virtual_fence) by extensions ['colcon_meta']
[0.208s] Level 1:colcon.colcon_core.package_identification:_identify(TG620/robot_virtual_fence) by extension 'colcon_meta'
[0.208s] Level 1:colcon.colcon_core.package_identification:_identify(TG620/robot_virtual_fence) by extensions ['ros']
[0.208s] Level 1:colcon.colcon_core.package_identification:_identify(TG620/robot_virtual_fence) by extension 'ros'
[0.208s] DEBUG:colcon.colcon_core.package_identification:Package 'TG620/robot_virtual_fence' with type 'ros.ament_cmake' and name 'robot_virtual_fence'
[0.208s] Level 1:colcon.colcon_core.package_identification:_identify(TG620/ros2_socketcan) by extensions ['ignore', 'ignore_ament_install']
[0.208s] Level 1:colcon.colcon_core.package_identification:_identify(TG620/ros2_socketcan) by extension 'ignore'
[0.208s] Level 1:colcon.colcon_core.package_identification:_identify(TG620/ros2_socketcan) by extension 'ignore_ament_install'
[0.209s] Level 1:colcon.colcon_core.package_identification:_identify(TG620/ros2_socketcan) by extensions ['colcon_pkg']
[0.209s] Level 1:colcon.colcon_core.package_identification:_identify(TG620/ros2_socketcan) by extension 'colcon_pkg'
[0.209s] Level 1:colcon.colcon_core.package_identification:_identify(TG620/ros2_socketcan) by extensions ['colcon_meta']
[0.209s] Level 1:colcon.colcon_core.package_identification:_identify(TG620/ros2_socketcan) by extension 'colcon_meta'
[0.209s] Level 1:colcon.colcon_core.package_identification:_identify(TG620/ros2_socketcan) by extensions ['ros']
[0.209s] Level 1:colcon.colcon_core.package_identification:_identify(TG620/ros2_socketcan) by extension 'ros'
[0.209s] Level 1:colcon.colcon_core.package_identification:_identify(TG620/ros2_socketcan) by extensions ['cmake', 'python']
[0.209s] Level 1:colcon.colcon_core.package_identification:_identify(TG620/ros2_socketcan) by extension 'cmake'
[0.209s] Level 1:colcon.colcon_core.package_identification:_identify(TG620/ros2_socketcan) by extension 'python'
[0.209s] Level 1:colcon.colcon_core.package_identification:_identify(TG620/ros2_socketcan) by extensions ['python_setup_py']
[0.209s] Level 1:colcon.colcon_core.package_identification:_identify(TG620/ros2_socketcan) by extension 'python_setup_py'
[0.209s] Level 1:colcon.colcon_core.package_identification:_identify(TG620/ros2_socketcan/ros2_socketcan) by extensions ['ignore', 'ignore_ament_install']
[0.209s] Level 1:colcon.colcon_core.package_identification:_identify(TG620/ros2_socketcan/ros2_socketcan) by extension 'ignore'
[0.209s] Level 1:colcon.colcon_core.package_identification:_identify(TG620/ros2_socketcan/ros2_socketcan) by extension 'ignore_ament_install'
[0.209s] Level 1:colcon.colcon_core.package_identification:_identify(TG620/ros2_socketcan/ros2_socketcan) by extensions ['colcon_pkg']
[0.209s] Level 1:colcon.colcon_core.package_identification:_identify(TG620/ros2_socketcan/ros2_socketcan) by extension 'colcon_pkg'
[0.209s] Level 1:colcon.colcon_core.package_identification:_identify(TG620/ros2_socketcan/ros2_socketcan) by extensions ['colcon_meta']
[0.209s] Level 1:colcon.colcon_core.package_identification:_identify(TG620/ros2_socketcan/ros2_socketcan) by extension 'colcon_meta'
[0.209s] Level 1:colcon.colcon_core.package_identification:_identify(TG620/ros2_socketcan/ros2_socketcan) by extensions ['ros']
[0.209s] Level 1:colcon.colcon_core.package_identification:_identify(TG620/ros2_socketcan/ros2_socketcan) by extension 'ros'
[0.209s] DEBUG:colcon.colcon_core.package_identification:Package 'TG620/ros2_socketcan/ros2_socketcan' with type 'ros.ament_cmake' and name 'ros2_socketcan'
[0.210s] Level 1:colcon.colcon_core.package_identification:_identify(TG620/ros2_socketcan/ros2_socketcan_msgs) by extensions ['ignore', 'ignore_ament_install']
[0.210s] Level 1:colcon.colcon_core.package_identification:_identify(TG620/ros2_socketcan/ros2_socketcan_msgs) by extension 'ignore'
[0.210s] Level 1:colcon.colcon_core.package_identification:_identify(TG620/ros2_socketcan/ros2_socketcan_msgs) by extension 'ignore_ament_install'
[0.210s] Level 1:colcon.colcon_core.package_identification:_identify(TG620/ros2_socketcan/ros2_socketcan_msgs) by extensions ['colcon_pkg']
[0.210s] Level 1:colcon.colcon_core.package_identification:_identify(TG620/ros2_socketcan/ros2_socketcan_msgs) by extension 'colcon_pkg'
[0.210s] Level 1:colcon.colcon_core.package_identification:_identify(TG620/ros2_socketcan/ros2_socketcan_msgs) by extensions ['colcon_meta']
[0.210s] Level 1:colcon.colcon_core.package_identification:_identify(TG620/ros2_socketcan/ros2_socketcan_msgs) by extension 'colcon_meta'
[0.210s] Level 1:colcon.colcon_core.package_identification:_identify(TG620/ros2_socketcan/ros2_socketcan_msgs) by extensions ['ros']
[0.210s] Level 1:colcon.colcon_core.package_identification:_identify(TG620/ros2_socketcan/ros2_socketcan_msgs) by extension 'ros'
[0.210s] DEBUG:colcon.colcon_core.package_identification:Package 'TG620/ros2_socketcan/ros2_socketcan_msgs' with type 'ros.ament_cmake' and name 'ros2_socketcan_msgs'
[0.210s] Level 1:colcon.colcon_core.package_identification:_identify(TG620/traj_smoother_py) by extensions ['ignore', 'ignore_ament_install']
[0.210s] Level 1:colcon.colcon_core.package_identification:_identify(TG620/traj_smoother_py) by extension 'ignore'
[0.210s] Level 1:colcon.colcon_core.package_identification:_identify(TG620/traj_smoother_py) by extension 'ignore_ament_install'
[0.210s] Level 1:colcon.colcon_core.package_identification:_identify(TG620/traj_smoother_py) by extensions ['colcon_pkg']
[0.210s] Level 1:colcon.colcon_core.package_identification:_identify(TG620/traj_smoother_py) by extension 'colcon_pkg'
[0.210s] Level 1:colcon.colcon_core.package_identification:_identify(TG620/traj_smoother_py) by extensions ['colcon_meta']
[0.210s] Level 1:colcon.colcon_core.package_identification:_identify(TG620/traj_smoother_py) by extension 'colcon_meta'
[0.210s] Level 1:colcon.colcon_core.package_identification:_identify(TG620/traj_smoother_py) by extensions ['ros']
[0.210s] Level 1:colcon.colcon_core.package_identification:_identify(TG620/traj_smoother_py) by extension 'ros'
[0.211s] DEBUG:colcon.colcon_core.package_identification:Package 'TG620/traj_smoother_py' with type 'ros.ament_python' and name 'traj_smoother_py'
[0.211s] Level 1:colcon.colcon_core.package_identification:_identify(build) by extensions ['ignore', 'ignore_ament_install']
[0.211s] Level 1:colcon.colcon_core.package_identification:_identify(build) by extension 'ignore'
[0.211s] Level 1:colcon.colcon_core.package_identification:_identify(build) ignored
[0.211s] Level 1:colcon.colcon_core.package_identification:_identify(install) by extensions ['ignore', 'ignore_ament_install']
[0.211s] Level 1:colcon.colcon_core.package_identification:_identify(install) by extension 'ignore'
[0.211s] Level 1:colcon.colcon_core.package_identification:_identify(install) ignored
[0.211s] Level 1:colcon.colcon_core.package_identification:_identify(log) by extensions ['ignore', 'ignore_ament_install']
[0.211s] Level 1:colcon.colcon_core.package_identification:_identify(log) by extension 'ignore'
[0.211s] Level 1:colcon.colcon_core.package_identification:_identify(log) ignored
[0.211s] Level 1:colcon.colcon_core.package_identification:_identify(moveit2_calibration) by extensions ['ignore', 'ignore_ament_install']
[0.211s] Level 1:colcon.colcon_core.package_identification:_identify(moveit2_calibration) by extension 'ignore'
[0.211s] Level 1:colcon.colcon_core.package_identification:_identify(moveit2_calibration) by extension 'ignore_ament_install'
[0.211s] Level 1:colcon.colcon_core.package_identification:_identify(moveit2_calibration) by extensions ['colcon_pkg']
[0.211s] Level 1:colcon.colcon_core.package_identification:_identify(moveit2_calibration) by extension 'colcon_pkg'
[0.211s] Level 1:colcon.colcon_core.package_identification:_identify(moveit2_calibration) by extensions ['colcon_meta']
[0.211s] Level 1:colcon.colcon_core.package_identification:_identify(moveit2_calibration) by extension 'colcon_meta'
[0.211s] Level 1:colcon.colcon_core.package_identification:_identify(moveit2_calibration) by extensions ['ros']
[0.211s] Level 1:colcon.colcon_core.package_identification:_identify(moveit2_calibration) by extension 'ros'
[0.211s] Level 1:colcon.colcon_core.package_identification:_identify(moveit2_calibration) by extensions ['cmake', 'python']
[0.211s] Level 1:colcon.colcon_core.package_identification:_identify(moveit2_calibration) by extension 'cmake'
[0.211s] Level 1:colcon.colcon_core.package_identification:_identify(moveit2_calibration) by extension 'python'
[0.211s] Level 1:colcon.colcon_core.package_identification:_identify(moveit2_calibration) by extensions ['python_setup_py']
[0.211s] Level 1:colcon.colcon_core.package_identification:_identify(moveit2_calibration) by extension 'python_setup_py'
[0.211s] Level 1:colcon.colcon_core.package_identification:_identify(moveit2_calibration/moveit_calibration_demos) by extensions ['ignore', 'ignore_ament_install']
[0.211s] Level 1:colcon.colcon_core.package_identification:_identify(moveit2_calibration/moveit_calibration_demos) by extension 'ignore'
[0.211s] Level 1:colcon.colcon_core.package_identification:_identify(moveit2_calibration/moveit_calibration_demos) by extension 'ignore_ament_install'
[0.212s] Level 1:colcon.colcon_core.package_identification:_identify(moveit2_calibration/moveit_calibration_demos) by extensions ['colcon_pkg']
[0.212s] Level 1:colcon.colcon_core.package_identification:_identify(moveit2_calibration/moveit_calibration_demos) by extension 'colcon_pkg'
[0.212s] Level 1:colcon.colcon_core.package_identification:_identify(moveit2_calibration/moveit_calibration_demos) by extensions ['colcon_meta']
[0.212s] Level 1:colcon.colcon_core.package_identification:_identify(moveit2_calibration/moveit_calibration_demos) by extension 'colcon_meta'
[0.212s] Level 1:colcon.colcon_core.package_identification:_identify(moveit2_calibration/moveit_calibration_demos) by extensions ['ros']
[0.212s] Level 1:colcon.colcon_core.package_identification:_identify(moveit2_calibration/moveit_calibration_demos) by extension 'ros'
[0.212s] DEBUG:colcon.colcon_core.package_identification:Package 'moveit2_calibration/moveit_calibration_demos' with type 'ros.ament_cmake' and name 'moveit_calibration_demos'
[0.212s] Level 1:colcon.colcon_core.package_identification:_identify(moveit2_calibration/moveit_calibration_gui) by extensions ['ignore', 'ignore_ament_install']
[0.212s] Level 1:colcon.colcon_core.package_identification:_identify(moveit2_calibration/moveit_calibration_gui) by extension 'ignore'
[0.212s] Level 1:colcon.colcon_core.package_identification:_identify(moveit2_calibration/moveit_calibration_gui) by extension 'ignore_ament_install'
[0.212s] Level 1:colcon.colcon_core.package_identification:_identify(moveit2_calibration/moveit_calibration_gui) by extensions ['colcon_pkg']
[0.212s] Level 1:colcon.colcon_core.package_identification:_identify(moveit2_calibration/moveit_calibration_gui) by extension 'colcon_pkg'
[0.212s] Level 1:colcon.colcon_core.package_identification:_identify(moveit2_calibration/moveit_calibration_gui) by extensions ['colcon_meta']
[0.212s] Level 1:colcon.colcon_core.package_identification:_identify(moveit2_calibration/moveit_calibration_gui) by extension 'colcon_meta'
[0.212s] Level 1:colcon.colcon_core.package_identification:_identify(moveit2_calibration/moveit_calibration_gui) by extensions ['ros']
[0.212s] Level 1:colcon.colcon_core.package_identification:_identify(moveit2_calibration/moveit_calibration_gui) by extension 'ros'
[0.213s] DEBUG:colcon.colcon_core.package_identification:Package 'moveit2_calibration/moveit_calibration_gui' with type 'ros.ament_cmake' and name 'moveit_calibration_gui'
[0.213s] Level 1:colcon.colcon_core.package_identification:_identify(moveit2_calibration/moveit_calibration_plugins) by extensions ['ignore', 'ignore_ament_install']
[0.213s] Level 1:colcon.colcon_core.package_identification:_identify(moveit2_calibration/moveit_calibration_plugins) by extension 'ignore'
[0.213s] Level 1:colcon.colcon_core.package_identification:_identify(moveit2_calibration/moveit_calibration_plugins) by extension 'ignore_ament_install'
[0.213s] Level 1:colcon.colcon_core.package_identification:_identify(moveit2_calibration/moveit_calibration_plugins) by extensions ['colcon_pkg']
[0.213s] Level 1:colcon.colcon_core.package_identification:_identify(moveit2_calibration/moveit_calibration_plugins) by extension 'colcon_pkg'
[0.213s] Level 1:colcon.colcon_core.package_identification:_identify(moveit2_calibration/moveit_calibration_plugins) by extensions ['colcon_meta']
[0.213s] Level 1:colcon.colcon_core.package_identification:_identify(moveit2_calibration/moveit_calibration_plugins) by extension 'colcon_meta'
[0.213s] Level 1:colcon.colcon_core.package_identification:_identify(moveit2_calibration/moveit_calibration_plugins) by extensions ['ros']
[0.213s] Level 1:colcon.colcon_core.package_identification:_identify(moveit2_calibration/moveit_calibration_plugins) by extension 'ros'
[0.214s] DEBUG:colcon.colcon_core.package_identification:Package 'moveit2_calibration/moveit_calibration_plugins' with type 'ros.ament_cmake' and name 'moveit_calibration_plugins'
[0.214s] Level 1:colcon.colcon_core.package_discovery:discover_packages(recursive) using defaults
[0.214s] Level 1:colcon.colcon_core.package_discovery:discover_packages(ignore) discover
[0.214s] Level 1:colcon.colcon_core.package_discovery:discover_packages(ignore) using defaults
[0.214s] Level 1:colcon.colcon_core.package_discovery:discover_packages(path) discover
[0.214s] Level 1:colcon.colcon_core.package_discovery:discover_packages(path) using defaults
[0.234s] Level 1:colcon.colcon_core.package_discovery:discover_packages(prefix_path) check parameters
[0.234s] Level 1:colcon.colcon_core.package_discovery:discover_packages(prefix_path) discover
[0.235s] DEBUG:colcon.colcon_installed_package_information.package_discovery:Found 3 installed packages in /home/w/work/trac_ik_ws/install
[0.236s] DEBUG:colcon.colcon_installed_package_information.package_discovery:Found 364 installed packages in /opt/ros/humble
[0.237s] Level 1:colcon.colcon_core.package_discovery:discover_packages(prefix_path) using defaults
[0.263s] Level 5:colcon.colcon_core.verb:set package 'moveit_calibration_plugins' build argument 'cmake_args' from command line to 'None'
[0.263s] Level 5:colcon.colcon_core.verb:set package 'moveit_calibration_plugins' build argument 'cmake_target' from command line to 'None'
[0.263s] Level 5:colcon.colcon_core.verb:set package 'moveit_calibration_plugins' build argument 'cmake_target_skip_unavailable' from command line to 'False'
[0.263s] Level 5:colcon.colcon_core.verb:set package 'moveit_calibration_plugins' build argument 'cmake_clean_cache' from command line to 'False'
[0.263s] Level 5:colcon.colcon_core.verb:set package 'moveit_calibration_plugins' build argument 'cmake_clean_first' from command line to 'False'
[0.263s] Level 5:colcon.colcon_core.verb:set package 'moveit_calibration_plugins' build argument 'cmake_force_configure' from command line to 'False'
[0.263s] Level 5:colcon.colcon_core.verb:set package 'moveit_calibration_plugins' build argument 'ament_cmake_args' from command line to 'None'
[0.263s] Level 5:colcon.colcon_core.verb:set package 'moveit_calibration_plugins' build argument 'catkin_cmake_args' from command line to 'None'
[0.263s] Level 5:colcon.colcon_core.verb:set package 'moveit_calibration_plugins' build argument 'catkin_skip_building_tests' from command line to 'False'
[0.263s] DEBUG:colcon.colcon_core.verb:Building package 'moveit_calibration_plugins' with the following arguments: {'ament_cmake_args': None, 'build_base': '/home/w/work/moveit2_handeye_calib/build/moveit_calibration_plugins', 'catkin_cmake_args': None, 'catkin_skip_building_tests': False, 'cmake_args': None, 'cmake_clean_cache': False, 'cmake_clean_first': False, 'cmake_force_configure': False, 'cmake_target': None, 'cmake_target_skip_unavailable': False, 'install_base': '/home/w/work/moveit2_handeye_calib/install/moveit_calibration_plugins', 'merge_install': False, 'path': '/home/w/work/moveit2_handeye_calib/moveit2_calibration/moveit_calibration_plugins', 'symlink_install': False, 'test_result_base': None}
[0.263s] Level 5:colcon.colcon_core.verb:set package 'robot_bringup' build argument 'cmake_args' from command line to 'None'
[0.263s] Level 5:colcon.colcon_core.verb:set package 'robot_bringup' build argument 'cmake_target' from command line to 'None'
[0.263s] Level 5:colcon.colcon_core.verb:set package 'robot_bringup' build argument 'cmake_target_skip_unavailable' from command line to 'False'
[0.263s] Level 5:colcon.colcon_core.verb:set package 'robot_bringup' build argument 'cmake_clean_cache' from command line to 'False'
[0.263s] Level 5:colcon.colcon_core.verb:set package 'robot_bringup' build argument 'cmake_clean_first' from command line to 'False'
[0.263s] Level 5:colcon.colcon_core.verb:set package 'robot_bringup' build argument 'cmake_force_configure' from command line to 'False'
[0.263s] Level 5:colcon.colcon_core.verb:set package 'robot_bringup' build argument 'ament_cmake_args' from command line to 'None'
[0.263s] Level 5:colcon.colcon_core.verb:set package 'robot_bringup' build argument 'catkin_cmake_args' from command line to 'None'
[0.263s] Level 5:colcon.colcon_core.verb:set package 'robot_bringup' build argument 'catkin_skip_building_tests' from command line to 'False'
[0.263s] DEBUG:colcon.colcon_core.verb:Building package 'robot_bringup' with the following arguments: {'ament_cmake_args': None, 'build_base': '/home/w/work/moveit2_handeye_calib/build/robot_bringup', 'catkin_cmake_args': None, 'catkin_skip_building_tests': False, 'cmake_args': None, 'cmake_clean_cache': False, 'cmake_clean_first': False, 'cmake_force_configure': False, 'cmake_target': None, 'cmake_target_skip_unavailable': False, 'install_base': '/home/w/work/moveit2_handeye_calib/install/robot_bringup', 'merge_install': False, 'path': '/home/w/work/moveit2_handeye_calib/TG620/robot_bringup', 'symlink_install': False, 'test_result_base': None}
[0.263s] Level 5:colcon.colcon_core.verb:set package 'robot_description' build argument 'cmake_args' from command line to 'None'
[0.263s] Level 5:colcon.colcon_core.verb:set package 'robot_description' build argument 'cmake_target' from command line to 'None'
[0.263s] Level 5:colcon.colcon_core.verb:set package 'robot_description' build argument 'cmake_target_skip_unavailable' from command line to 'False'
[0.263s] Level 5:colcon.colcon_core.verb:set package 'robot_description' build argument 'cmake_clean_cache' from command line to 'False'
[0.263s] Level 5:colcon.colcon_core.verb:set package 'robot_description' build argument 'cmake_clean_first' from command line to 'False'
[0.263s] Level 5:colcon.colcon_core.verb:set package 'robot_description' build argument 'cmake_force_configure' from command line to 'False'
[0.263s] Level 5:colcon.colcon_core.verb:set package 'robot_description' build argument 'ament_cmake_args' from command line to 'None'
[0.263s] Level 5:colcon.colcon_core.verb:set package 'robot_description' build argument 'catkin_cmake_args' from command line to 'None'
[0.263s] Level 5:colcon.colcon_core.verb:set package 'robot_description' build argument 'catkin_skip_building_tests' from command line to 'False'
[0.263s] DEBUG:colcon.colcon_core.verb:Building package 'robot_description' with the following arguments: {'ament_cmake_args': None, 'build_base': '/home/w/work/moveit2_handeye_calib/build/robot_description', 'catkin_cmake_args': None, 'catkin_skip_building_tests': False, 'cmake_args': None, 'cmake_clean_cache': False, 'cmake_clean_first': False, 'cmake_force_configure': False, 'cmake_target': None, 'cmake_target_skip_unavailable': False, 'install_base': '/home/w/work/moveit2_handeye_calib/install/robot_description', 'merge_install': False, 'path': '/home/w/work/moveit2_handeye_calib/TG620/robot_description', 'symlink_install': False, 'test_result_base': None}
[0.264s] Level 5:colcon.colcon_core.verb:set package 'robot_dynamics' build argument 'cmake_args' from command line to 'None'
[0.264s] Level 5:colcon.colcon_core.verb:set package 'robot_dynamics' build argument 'cmake_target' from command line to 'None'
[0.264s] Level 5:colcon.colcon_core.verb:set package 'robot_dynamics' build argument 'cmake_target_skip_unavailable' from command line to 'False'
[0.264s] Level 5:colcon.colcon_core.verb:set package 'robot_dynamics' build argument 'cmake_clean_cache' from command line to 'False'
[0.264s] Level 5:colcon.colcon_core.verb:set package 'robot_dynamics' build argument 'cmake_clean_first' from command line to 'False'
[0.264s] Level 5:colcon.colcon_core.verb:set package 'robot_dynamics' build argument 'cmake_force_configure' from command line to 'False'
[0.264s] Level 5:colcon.colcon_core.verb:set package 'robot_dynamics' build argument 'ament_cmake_args' from command line to 'None'
[0.264s] Level 5:colcon.colcon_core.verb:set package 'robot_dynamics' build argument 'catkin_cmake_args' from command line to 'None'
[0.264s] Level 5:colcon.colcon_core.verb:set package 'robot_dynamics' build argument 'catkin_skip_building_tests' from command line to 'False'
[0.264s] DEBUG:colcon.colcon_core.verb:Building package 'robot_dynamics' with the following arguments: {'ament_cmake_args': None, 'build_base': '/home/w/work/moveit2_handeye_calib/build/robot_dynamics', 'catkin_cmake_args': None, 'catkin_skip_building_tests': False, 'cmake_args': None, 'cmake_clean_cache': False, 'cmake_clean_first': False, 'cmake_force_configure': False, 'cmake_target': None, 'cmake_target_skip_unavailable': False, 'install_base': '/home/w/work/moveit2_handeye_calib/install/robot_dynamics', 'merge_install': False, 'path': '/home/w/work/moveit2_handeye_calib/TG620/robot_dynamics', 'symlink_install': False, 'test_result_base': None}
[0.264s] Level 5:colcon.colcon_core.verb:set package 'robot_interfaces' build argument 'cmake_args' from command line to 'None'
[0.264s] Level 5:colcon.colcon_core.verb:set package 'robot_interfaces' build argument 'cmake_target' from command line to 'None'
[0.264s] Level 5:colcon.colcon_core.verb:set package 'robot_interfaces' build argument 'cmake_target_skip_unavailable' from command line to 'False'
[0.264s] Level 5:colcon.colcon_core.verb:set package 'robot_interfaces' build argument 'cmake_clean_cache' from command line to 'False'
[0.264s] Level 5:colcon.colcon_core.verb:set package 'robot_interfaces' build argument 'cmake_clean_first' from command line to 'False'
[0.264s] Level 5:colcon.colcon_core.verb:set package 'robot_interfaces' build argument 'cmake_force_configure' from command line to 'False'
[0.264s] Level 5:colcon.colcon_core.verb:set package 'robot_interfaces' build argument 'ament_cmake_args' from command line to 'None'
[0.264s] Level 5:colcon.colcon_core.verb:set package 'robot_interfaces' build argument 'catkin_cmake_args' from command line to 'None'
[0.264s] Level 5:colcon.colcon_core.verb:set package 'robot_interfaces' build argument 'catkin_skip_building_tests' from command line to 'False'
[0.264s] DEBUG:colcon.colcon_core.verb:Building package 'robot_interfaces' with the following arguments: {'ament_cmake_args': None, 'build_base': '/home/w/work/moveit2_handeye_calib/build/robot_interfaces', 'catkin_cmake_args': None, 'catkin_skip_building_tests': False, 'cmake_args': None, 'cmake_clean_cache': False, 'cmake_clean_first': False, 'cmake_force_configure': False, 'cmake_target': None, 'cmake_target_skip_unavailable': False, 'install_base': '/home/w/work/moveit2_handeye_calib/install/robot_interfaces', 'merge_install': False, 'path': '/home/w/work/moveit2_handeye_calib/TG620/robot_interfaces', 'symlink_install': False, 'test_result_base': None}
[0.264s] Level 5:colcon.colcon_core.verb:set package 'robot_virtual_fence' build argument 'cmake_args' from command line to 'None'
[0.264s] Level 5:colcon.colcon_core.verb:set package 'robot_virtual_fence' build argument 'cmake_target' from command line to 'None'
[0.264s] Level 5:colcon.colcon_core.verb:set package 'robot_virtual_fence' build argument 'cmake_target_skip_unavailable' from command line to 'False'
[0.264s] Level 5:colcon.colcon_core.verb:set package 'robot_virtual_fence' build argument 'cmake_clean_cache' from command line to 'False'
[0.264s] Level 5:colcon.colcon_core.verb:set package 'robot_virtual_fence' build argument 'cmake_clean_first' from command line to 'False'
[0.264s] Level 5:colcon.colcon_core.verb:set package 'robot_virtual_fence' build argument 'cmake_force_configure' from command line to 'False'
[0.264s] Level 5:colcon.colcon_core.verb:set package 'robot_virtual_fence' build argument 'ament_cmake_args' from command line to 'None'
[0.264s] Level 5:colcon.colcon_core.verb:set package 'robot_virtual_fence' build argument 'catkin_cmake_args' from command line to 'None'
[0.264s] Level 5:colcon.colcon_core.verb:set package 'robot_virtual_fence' build argument 'catkin_skip_building_tests' from command line to 'False'
[0.264s] DEBUG:colcon.colcon_core.verb:Building package 'robot_virtual_fence' with the following arguments: {'ament_cmake_args': None, 'build_base': '/home/w/work/moveit2_handeye_calib/build/robot_virtual_fence', 'catkin_cmake_args': None, 'catkin_skip_building_tests': False, 'cmake_args': None, 'cmake_clean_cache': False, 'cmake_clean_first': False, 'cmake_force_configure': False, 'cmake_target': None, 'cmake_target_skip_unavailable': False, 'install_base': '/home/w/work/moveit2_handeye_calib/install/robot_virtual_fence', 'merge_install': False, 'path': '/home/w/work/moveit2_handeye_calib/TG620/robot_virtual_fence', 'symlink_install': False, 'test_result_base': None}
[0.264s] Level 5:colcon.colcon_core.verb:set package 'ros2_socketcan_msgs' build argument 'cmake_args' from command line to 'None'
[0.265s] Level 5:colcon.colcon_core.verb:set package 'ros2_socketcan_msgs' build argument 'cmake_target' from command line to 'None'
[0.265s] Level 5:colcon.colcon_core.verb:set package 'ros2_socketcan_msgs' build argument 'cmake_target_skip_unavailable' from command line to 'False'
[0.265s] Level 5:colcon.colcon_core.verb:set package 'ros2_socketcan_msgs' build argument 'cmake_clean_cache' from command line to 'False'
[0.265s] Level 5:colcon.colcon_core.verb:set package 'ros2_socketcan_msgs' build argument 'cmake_clean_first' from command line to 'False'
[0.265s] Level 5:colcon.colcon_core.verb:set package 'ros2_socketcan_msgs' build argument 'cmake_force_configure' from command line to 'False'
[0.265s] Level 5:colcon.colcon_core.verb:set package 'ros2_socketcan_msgs' build argument 'ament_cmake_args' from command line to 'None'
[0.265s] Level 5:colcon.colcon_core.verb:set package 'ros2_socketcan_msgs' build argument 'catkin_cmake_args' from command line to 'None'
[0.265s] Level 5:colcon.colcon_core.verb:set package 'ros2_socketcan_msgs' build argument 'catkin_skip_building_tests' from command line to 'False'
[0.265s] DEBUG:colcon.colcon_core.verb:Building package 'ros2_socketcan_msgs' with the following arguments: {'ament_cmake_args': None, 'build_base': '/home/w/work/moveit2_handeye_calib/build/ros2_socketcan_msgs', 'catkin_cmake_args': None, 'catkin_skip_building_tests': False, 'cmake_args': None, 'cmake_clean_cache': False, 'cmake_clean_first': False, 'cmake_force_configure': False, 'cmake_target': None, 'cmake_target_skip_unavailable': False, 'install_base': '/home/w/work/moveit2_handeye_calib/install/ros2_socketcan_msgs', 'merge_install': False, 'path': '/home/w/work/moveit2_handeye_calib/TG620/ros2_socketcan/ros2_socketcan_msgs', 'symlink_install': False, 'test_result_base': None}
[0.265s] Level 5:colcon.colcon_core.verb:set package 'traj_smoother_py' build argument 'cmake_args' from command line to 'None'
[0.265s] Level 5:colcon.colcon_core.verb:set package 'traj_smoother_py' build argument 'cmake_target' from command line to 'None'
[0.265s] Level 5:colcon.colcon_core.verb:set package 'traj_smoother_py' build argument 'cmake_target_skip_unavailable' from command line to 'False'
[0.265s] Level 5:colcon.colcon_core.verb:set package 'traj_smoother_py' build argument 'cmake_clean_cache' from command line to 'False'
[0.265s] Level 5:colcon.colcon_core.verb:set package 'traj_smoother_py' build argument 'cmake_clean_first' from command line to 'False'
[0.265s] Level 5:colcon.colcon_core.verb:set package 'traj_smoother_py' build argument 'cmake_force_configure' from command line to 'False'
[0.265s] Level 5:colcon.colcon_core.verb:set package 'traj_smoother_py' build argument 'ament_cmake_args' from command line to 'None'
[0.265s] Level 5:colcon.colcon_core.verb:set package 'traj_smoother_py' build argument 'catkin_cmake_args' from command line to 'None'
[0.265s] Level 5:colcon.colcon_core.verb:set package 'traj_smoother_py' build argument 'catkin_skip_building_tests' from command line to 'False'
[0.265s] DEBUG:colcon.colcon_core.verb:Building package 'traj_smoother_py' with the following arguments: {'ament_cmake_args': None, 'build_base': '/home/w/work/moveit2_handeye_calib/build/traj_smoother_py', 'catkin_cmake_args': None, 'catkin_skip_building_tests': False, 'cmake_args': None, 'cmake_clean_cache': False, 'cmake_clean_first': False, 'cmake_force_configure': False, 'cmake_target': None, 'cmake_target_skip_unavailable': False, 'install_base': '/home/w/work/moveit2_handeye_calib/install/traj_smoother_py', 'merge_install': False, 'path': '/home/w/work/moveit2_handeye_calib/TG620/traj_smoother_py', 'symlink_install': False, 'test_result_base': None}
[0.265s] Level 5:colcon.colcon_core.verb:set package 'arm380_config' build argument 'cmake_args' from command line to 'None'
[0.265s] Level 5:colcon.colcon_core.verb:set package 'arm380_config' build argument 'cmake_target' from command line to 'None'
[0.265s] Level 5:colcon.colcon_core.verb:set package 'arm380_config' build argument 'cmake_target_skip_unavailable' from command line to 'False'
[0.265s] Level 5:colcon.colcon_core.verb:set package 'arm380_config' build argument 'cmake_clean_cache' from command line to 'False'
[0.265s] Level 5:colcon.colcon_core.verb:set package 'arm380_config' build argument 'cmake_clean_first' from command line to 'False'
[0.265s] Level 5:colcon.colcon_core.verb:set package 'arm380_config' build argument 'cmake_force_configure' from command line to 'False'
[0.265s] Level 5:colcon.colcon_core.verb:set package 'arm380_config' build argument 'ament_cmake_args' from command line to 'None'
[0.265s] Level 5:colcon.colcon_core.verb:set package 'arm380_config' build argument 'catkin_cmake_args' from command line to 'None'
[0.265s] Level 5:colcon.colcon_core.verb:set package 'arm380_config' build argument 'catkin_skip_building_tests' from command line to 'False'
[0.265s] DEBUG:colcon.colcon_core.verb:Building package 'arm380_config' with the following arguments: {'ament_cmake_args': None, 'build_base': '/home/w/work/moveit2_handeye_calib/build/arm380_config', 'catkin_cmake_args': None, 'catkin_skip_building_tests': False, 'cmake_args': None, 'cmake_clean_cache': False, 'cmake_clean_first': False, 'cmake_force_configure': False, 'cmake_target': None, 'cmake_target_skip_unavailable': False, 'install_base': '/home/w/work/moveit2_handeye_calib/install/arm380_config', 'merge_install': False, 'path': '/home/w/work/moveit2_handeye_calib/TG620/robot_config/arm380_config', 'symlink_install': False, 'test_result_base': None}
[0.265s] Level 5:colcon.colcon_core.verb:set package 'arm620_config' build argument 'cmake_args' from command line to 'None'
[0.265s] Level 5:colcon.colcon_core.verb:set package 'arm620_config' build argument 'cmake_target' from command line to 'None'
[0.265s] Level 5:colcon.colcon_core.verb:set package 'arm620_config' build argument 'cmake_target_skip_unavailable' from command line to 'False'
[0.265s] Level 5:colcon.colcon_core.verb:set package 'arm620_config' build argument 'cmake_clean_cache' from command line to 'False'
[0.265s] Level 5:colcon.colcon_core.verb:set package 'arm620_config' build argument 'cmake_clean_first' from command line to 'False'
[0.265s] Level 5:colcon.colcon_core.verb:set package 'arm620_config' build argument 'cmake_force_configure' from command line to 'False'
[0.265s] Level 5:colcon.colcon_core.verb:set package 'arm620_config' build argument 'ament_cmake_args' from command line to 'None'
[0.265s] Level 5:colcon.colcon_core.verb:set package 'arm620_config' build argument 'catkin_cmake_args' from command line to 'None'
[0.265s] Level 5:colcon.colcon_core.verb:set package 'arm620_config' build argument 'catkin_skip_building_tests' from command line to 'False'
[0.265s] DEBUG:colcon.colcon_core.verb:Building package 'arm620_config' with the following arguments: {'ament_cmake_args': None, 'build_base': '/home/w/work/moveit2_handeye_calib/build/arm620_config', 'catkin_cmake_args': None, 'catkin_skip_building_tests': False, 'cmake_args': None, 'cmake_clean_cache': False, 'cmake_clean_first': False, 'cmake_force_configure': False, 'cmake_target': None, 'cmake_target_skip_unavailable': False, 'install_base': '/home/w/work/moveit2_handeye_calib/install/arm620_config', 'merge_install': False, 'path': '/home/w/work/moveit2_handeye_calib/TG620/robot_config/arm620_config', 'symlink_install': False, 'test_result_base': None}
[0.266s] Level 5:colcon.colcon_core.verb:set package 'arm620_dh_config' build argument 'cmake_args' from command line to 'None'
[0.266s] Level 5:colcon.colcon_core.verb:set package 'arm620_dh_config' build argument 'cmake_target' from command line to 'None'
[0.266s] Level 5:colcon.colcon_core.verb:set package 'arm620_dh_config' build argument 'cmake_target_skip_unavailable' from command line to 'False'
[0.266s] Level 5:colcon.colcon_core.verb:set package 'arm620_dh_config' build argument 'cmake_clean_cache' from command line to 'False'
[0.266s] Level 5:colcon.colcon_core.verb:set package 'arm620_dh_config' build argument 'cmake_clean_first' from command line to 'False'
[0.266s] Level 5:colcon.colcon_core.verb:set package 'arm620_dh_config' build argument 'cmake_force_configure' from command line to 'False'
[0.266s] Level 5:colcon.colcon_core.verb:set package 'arm620_dh_config' build argument 'ament_cmake_args' from command line to 'None'
[0.266s] Level 5:colcon.colcon_core.verb:set package 'arm620_dh_config' build argument 'catkin_cmake_args' from command line to 'None'
[0.266s] Level 5:colcon.colcon_core.verb:set package 'arm620_dh_config' build argument 'catkin_skip_building_tests' from command line to 'False'
[0.266s] DEBUG:colcon.colcon_core.verb:Building package 'arm620_dh_config' with the following arguments: {'ament_cmake_args': None, 'build_base': '/home/w/work/moveit2_handeye_calib/build/arm620_dh_config', 'catkin_cmake_args': None, 'catkin_skip_building_tests': False, 'cmake_args': None, 'cmake_clean_cache': False, 'cmake_clean_first': False, 'cmake_force_configure': False, 'cmake_target': None, 'cmake_target_skip_unavailable': False, 'install_base': '/home/w/work/moveit2_handeye_calib/install/arm620_dh_config', 'merge_install': False, 'path': '/home/w/work/moveit2_handeye_calib/TG620/robot_config/arm620_dh_config', 'symlink_install': False, 'test_result_base': None}
[0.266s] Level 5:colcon.colcon_core.verb:set package 'motor_control_logger' build argument 'cmake_args' from command line to 'None'
[0.266s] Level 5:colcon.colcon_core.verb:set package 'motor_control_logger' build argument 'cmake_target' from command line to 'None'
[0.266s] Level 5:colcon.colcon_core.verb:set package 'motor_control_logger' build argument 'cmake_target_skip_unavailable' from command line to 'False'
[0.266s] Level 5:colcon.colcon_core.verb:set package 'motor_control_logger' build argument 'cmake_clean_cache' from command line to 'False'
[0.266s] Level 5:colcon.colcon_core.verb:set package 'motor_control_logger' build argument 'cmake_clean_first' from command line to 'False'
[0.266s] Level 5:colcon.colcon_core.verb:set package 'motor_control_logger' build argument 'cmake_force_configure' from command line to 'False'
[0.266s] Level 5:colcon.colcon_core.verb:set package 'motor_control_logger' build argument 'ament_cmake_args' from command line to 'None'
[0.266s] Level 5:colcon.colcon_core.verb:set package 'motor_control_logger' build argument 'catkin_cmake_args' from command line to 'None'
[0.266s] Level 5:colcon.colcon_core.verb:set package 'motor_control_logger' build argument 'catkin_skip_building_tests' from command line to 'False'
[0.266s] DEBUG:colcon.colcon_core.verb:Building package 'motor_control_logger' with the following arguments: {'ament_cmake_args': None, 'build_base': '/home/w/work/moveit2_handeye_calib/build/motor_control_logger', 'catkin_cmake_args': None, 'catkin_skip_building_tests': False, 'cmake_args': None, 'cmake_clean_cache': False, 'cmake_clean_first': False, 'cmake_force_configure': False, 'cmake_target': None, 'cmake_target_skip_unavailable': False, 'install_base': '/home/w/work/moveit2_handeye_calib/install/motor_control_logger', 'merge_install': False, 'path': '/home/w/work/moveit2_handeye_calib/TG620/motor_control_logger', 'symlink_install': False, 'test_result_base': None}
[0.266s] Level 5:colcon.colcon_core.verb:set package 'moveit_calibration_gui' build argument 'cmake_args' from command line to 'None'
[0.266s] Level 5:colcon.colcon_core.verb:set package 'moveit_calibration_gui' build argument 'cmake_target' from command line to 'None'
[0.266s] Level 5:colcon.colcon_core.verb:set package 'moveit_calibration_gui' build argument 'cmake_target_skip_unavailable' from command line to 'False'
[0.266s] Level 5:colcon.colcon_core.verb:set package 'moveit_calibration_gui' build argument 'cmake_clean_cache' from command line to 'False'
[0.266s] Level 5:colcon.colcon_core.verb:set package 'moveit_calibration_gui' build argument 'cmake_clean_first' from command line to 'False'
[0.266s] Level 5:colcon.colcon_core.verb:set package 'moveit_calibration_gui' build argument 'cmake_force_configure' from command line to 'False'
[0.266s] Level 5:colcon.colcon_core.verb:set package 'moveit_calibration_gui' build argument 'ament_cmake_args' from command line to 'None'
[0.266s] Level 5:colcon.colcon_core.verb:set package 'moveit_calibration_gui' build argument 'catkin_cmake_args' from command line to 'None'
[0.266s] Level 5:colcon.colcon_core.verb:set package 'moveit_calibration_gui' build argument 'catkin_skip_building_tests' from command line to 'False'
[0.266s] DEBUG:colcon.colcon_core.verb:Building package 'moveit_calibration_gui' with the following arguments: {'ament_cmake_args': None, 'build_base': '/home/w/work/moveit2_handeye_calib/build/moveit_calibration_gui', 'catkin_cmake_args': None, 'catkin_skip_building_tests': False, 'cmake_args': None, 'cmake_clean_cache': False, 'cmake_clean_first': False, 'cmake_force_configure': False, 'cmake_target': None, 'cmake_target_skip_unavailable': False, 'install_base': '/home/w/work/moveit2_handeye_calib/install/moveit_calibration_gui', 'merge_install': False, 'path': '/home/w/work/moveit2_handeye_calib/moveit2_calibration/moveit_calibration_gui', 'symlink_install': False, 'test_result_base': None}
[0.267s] Level 5:colcon.colcon_core.verb:set package 'robot_control' build argument 'cmake_args' from command line to 'None'
[0.267s] Level 5:colcon.colcon_core.verb:set package 'robot_control' build argument 'cmake_target' from command line to 'None'
[0.267s] Level 5:colcon.colcon_core.verb:set package 'robot_control' build argument 'cmake_target_skip_unavailable' from command line to 'False'
[0.267s] Level 5:colcon.colcon_core.verb:set package 'robot_control' build argument 'cmake_clean_cache' from command line to 'False'
[0.267s] Level 5:colcon.colcon_core.verb:set package 'robot_control' build argument 'cmake_clean_first' from command line to 'False'
[0.267s] Level 5:colcon.colcon_core.verb:set package 'robot_control' build argument 'cmake_force_configure' from command line to 'False'
[0.267s] Level 5:colcon.colcon_core.verb:set package 'robot_control' build argument 'ament_cmake_args' from command line to 'None'
[0.267s] Level 5:colcon.colcon_core.verb:set package 'robot_control' build argument 'catkin_cmake_args' from command line to 'None'
[0.267s] Level 5:colcon.colcon_core.verb:set package 'robot_control' build argument 'catkin_skip_building_tests' from command line to 'False'
[0.267s] DEBUG:colcon.colcon_core.verb:Building package 'robot_control' with the following arguments: {'ament_cmake_args': None, 'build_base': '/home/w/work/moveit2_handeye_calib/build/robot_control', 'catkin_cmake_args': None, 'catkin_skip_building_tests': False, 'cmake_args': None, 'cmake_clean_cache': False, 'cmake_clean_first': False, 'cmake_force_configure': False, 'cmake_target': None, 'cmake_target_skip_unavailable': False, 'install_base': '/home/w/work/moveit2_handeye_calib/install/robot_control', 'merge_install': False, 'path': '/home/w/work/moveit2_handeye_calib/TG620/robot_control', 'symlink_install': False, 'test_result_base': None}
[0.267s] Level 5:colcon.colcon_core.verb:set package 'robot_input' build argument 'cmake_args' from command line to 'None'
[0.267s] Level 5:colcon.colcon_core.verb:set package 'robot_input' build argument 'cmake_target' from command line to 'None'
[0.267s] Level 5:colcon.colcon_core.verb:set package 'robot_input' build argument 'cmake_target_skip_unavailable' from command line to 'False'
[0.267s] Level 5:colcon.colcon_core.verb:set package 'robot_input' build argument 'cmake_clean_cache' from command line to 'False'
[0.267s] Level 5:colcon.colcon_core.verb:set package 'robot_input' build argument 'cmake_clean_first' from command line to 'False'
[0.267s] Level 5:colcon.colcon_core.verb:set package 'robot_input' build argument 'cmake_force_configure' from command line to 'False'
[0.267s] Level 5:colcon.colcon_core.verb:set package 'robot_input' build argument 'ament_cmake_args' from command line to 'None'
[0.267s] Level 5:colcon.colcon_core.verb:set package 'robot_input' build argument 'catkin_cmake_args' from command line to 'None'
[0.267s] Level 5:colcon.colcon_core.verb:set package 'robot_input' build argument 'catkin_skip_building_tests' from command line to 'False'
[0.267s] DEBUG:colcon.colcon_core.verb:Building package 'robot_input' with the following arguments: {'ament_cmake_args': None, 'build_base': '/home/w/work/moveit2_handeye_calib/build/robot_input', 'catkin_cmake_args': None, 'catkin_skip_building_tests': False, 'cmake_args': None, 'cmake_clean_cache': False, 'cmake_clean_first': False, 'cmake_force_configure': False, 'cmake_target': None, 'cmake_target_skip_unavailable': False, 'install_base': '/home/w/work/moveit2_handeye_calib/install/robot_input', 'merge_install': False, 'path': '/home/w/work/moveit2_handeye_calib/TG620/robot_input', 'symlink_install': False, 'test_result_base': None}
[0.267s] Level 5:colcon.colcon_core.verb:set package 'robot_sdk' build argument 'cmake_args' from command line to 'None'
[0.267s] Level 5:colcon.colcon_core.verb:set package 'robot_sdk' build argument 'cmake_target' from command line to 'None'
[0.267s] Level 5:colcon.colcon_core.verb:set package 'robot_sdk' build argument 'cmake_target_skip_unavailable' from command line to 'False'
[0.267s] Level 5:colcon.colcon_core.verb:set package 'robot_sdk' build argument 'cmake_clean_cache' from command line to 'False'
[0.267s] Level 5:colcon.colcon_core.verb:set package 'robot_sdk' build argument 'cmake_clean_first' from command line to 'False'
[0.267s] Level 5:colcon.colcon_core.verb:set package 'robot_sdk' build argument 'cmake_force_configure' from command line to 'False'
[0.267s] Level 5:colcon.colcon_core.verb:set package 'robot_sdk' build argument 'ament_cmake_args' from command line to 'None'
[0.267s] Level 5:colcon.colcon_core.verb:set package 'robot_sdk' build argument 'catkin_cmake_args' from command line to 'None'
[0.267s] Level 5:colcon.colcon_core.verb:set package 'robot_sdk' build argument 'catkin_skip_building_tests' from command line to 'False'
[0.267s] DEBUG:colcon.colcon_core.verb:Building package 'robot_sdk' with the following arguments: {'ament_cmake_args': None, 'build_base': '/home/w/work/moveit2_handeye_calib/build/robot_sdk', 'catkin_cmake_args': None, 'catkin_skip_building_tests': False, 'cmake_args': None, 'cmake_clean_cache': False, 'cmake_clean_first': False, 'cmake_force_configure': False, 'cmake_target': None, 'cmake_target_skip_unavailable': False, 'install_base': '/home/w/work/moveit2_handeye_calib/install/robot_sdk', 'merge_install': False, 'path': '/home/w/work/moveit2_handeye_calib/TG620/robot_sdk', 'symlink_install': False, 'test_result_base': None}
[0.267s] Level 5:colcon.colcon_core.verb:set package 'robot_test_py' build argument 'cmake_args' from command line to 'None'
[0.267s] Level 5:colcon.colcon_core.verb:set package 'robot_test_py' build argument 'cmake_target' from command line to 'None'
[0.267s] Level 5:colcon.colcon_core.verb:set package 'robot_test_py' build argument 'cmake_target_skip_unavailable' from command line to 'False'
[0.267s] Level 5:colcon.colcon_core.verb:set package 'robot_test_py' build argument 'cmake_clean_cache' from command line to 'False'
[0.267s] Level 5:colcon.colcon_core.verb:set package 'robot_test_py' build argument 'cmake_clean_first' from command line to 'False'
[0.267s] Level 5:colcon.colcon_core.verb:set package 'robot_test_py' build argument 'cmake_force_configure' from command line to 'False'
[0.267s] Level 5:colcon.colcon_core.verb:set package 'robot_test_py' build argument 'ament_cmake_args' from command line to 'None'
[0.267s] Level 5:colcon.colcon_core.verb:set package 'robot_test_py' build argument 'catkin_cmake_args' from command line to 'None'
[0.267s] Level 5:colcon.colcon_core.verb:set package 'robot_test_py' build argument 'catkin_skip_building_tests' from command line to 'False'
[0.267s] DEBUG:colcon.colcon_core.verb:Building package 'robot_test_py' with the following arguments: {'ament_cmake_args': None, 'build_base': '/home/w/work/moveit2_handeye_calib/build/robot_test_py', 'catkin_cmake_args': None, 'catkin_skip_building_tests': False, 'cmake_args': None, 'cmake_clean_cache': False, 'cmake_clean_first': False, 'cmake_force_configure': False, 'cmake_target': None, 'cmake_target_skip_unavailable': False, 'install_base': '/home/w/work/moveit2_handeye_calib/install/robot_test_py', 'merge_install': False, 'path': '/home/w/work/moveit2_handeye_calib/TG620/robot_test_py', 'symlink_install': False, 'test_result_base': None}
[0.268s] Level 5:colcon.colcon_core.verb:set package 'ros2_socketcan' build argument 'cmake_args' from command line to 'None'
[0.268s] Level 5:colcon.colcon_core.verb:set package 'ros2_socketcan' build argument 'cmake_target' from command line to 'None'
[0.268s] Level 5:colcon.colcon_core.verb:set package 'ros2_socketcan' build argument 'cmake_target_skip_unavailable' from command line to 'False'
[0.268s] Level 5:colcon.colcon_core.verb:set package 'ros2_socketcan' build argument 'cmake_clean_cache' from command line to 'False'
[0.268s] Level 5:colcon.colcon_core.verb:set package 'ros2_socketcan' build argument 'cmake_clean_first' from command line to 'False'
[0.268s] Level 5:colcon.colcon_core.verb:set package 'ros2_socketcan' build argument 'cmake_force_configure' from command line to 'False'
[0.268s] Level 5:colcon.colcon_core.verb:set package 'ros2_socketcan' build argument 'ament_cmake_args' from command line to 'None'
[0.268s] Level 5:colcon.colcon_core.verb:set package 'ros2_socketcan' build argument 'catkin_cmake_args' from command line to 'None'
[0.268s] Level 5:colcon.colcon_core.verb:set package 'ros2_socketcan' build argument 'catkin_skip_building_tests' from command line to 'False'
[0.268s] DEBUG:colcon.colcon_core.verb:Building package 'ros2_socketcan' with the following arguments: {'ament_cmake_args': None, 'build_base': '/home/w/work/moveit2_handeye_calib/build/ros2_socketcan', 'catkin_cmake_args': None, 'catkin_skip_building_tests': False, 'cmake_args': None, 'cmake_clean_cache': False, 'cmake_clean_first': False, 'cmake_force_configure': False, 'cmake_target': None, 'cmake_target_skip_unavailable': False, 'install_base': '/home/w/work/moveit2_handeye_calib/install/ros2_socketcan', 'merge_install': False, 'path': '/home/w/work/moveit2_handeye_calib/TG620/ros2_socketcan/ros2_socketcan', 'symlink_install': False, 'test_result_base': None}
[0.268s] Level 5:colcon.colcon_core.verb:set package 'moveit_calibration_demos' build argument 'cmake_args' from command line to 'None'
[0.268s] Level 5:colcon.colcon_core.verb:set package 'moveit_calibration_demos' build argument 'cmake_target' from command line to 'None'
[0.268s] Level 5:colcon.colcon_core.verb:set package 'moveit_calibration_demos' build argument 'cmake_target_skip_unavailable' from command line to 'False'
[0.268s] Level 5:colcon.colcon_core.verb:set package 'moveit_calibration_demos' build argument 'cmake_clean_cache' from command line to 'False'
[0.268s] Level 5:colcon.colcon_core.verb:set package 'moveit_calibration_demos' build argument 'cmake_clean_first' from command line to 'False'
[0.268s] Level 5:colcon.colcon_core.verb:set package 'moveit_calibration_demos' build argument 'cmake_force_configure' from command line to 'False'
[0.268s] Level 5:colcon.colcon_core.verb:set package 'moveit_calibration_demos' build argument 'ament_cmake_args' from command line to 'None'
[0.268s] Level 5:colcon.colcon_core.verb:set package 'moveit_calibration_demos' build argument 'catkin_cmake_args' from command line to 'None'
[0.268s] Level 5:colcon.colcon_core.verb:set package 'moveit_calibration_demos' build argument 'catkin_skip_building_tests' from command line to 'False'
[0.268s] DEBUG:colcon.colcon_core.verb:Building package 'moveit_calibration_demos' with the following arguments: {'ament_cmake_args': None, 'build_base': '/home/w/work/moveit2_handeye_calib/build/moveit_calibration_demos', 'catkin_cmake_args': None, 'catkin_skip_building_tests': False, 'cmake_args': None, 'cmake_clean_cache': False, 'cmake_clean_first': False, 'cmake_force_configure': False, 'cmake_target': None, 'cmake_target_skip_unavailable': False, 'install_base': '/home/w/work/moveit2_handeye_calib/install/moveit_calibration_demos', 'merge_install': False, 'path': '/home/w/work/moveit2_handeye_calib/moveit2_calibration/moveit_calibration_demos', 'symlink_install': False, 'test_result_base': None}
[0.268s] Level 5:colcon.colcon_core.verb:set package 'robot_driver' build argument 'cmake_args' from command line to 'None'
[0.268s] Level 5:colcon.colcon_core.verb:set package 'robot_driver' build argument 'cmake_target' from command line to 'None'
[0.268s] Level 5:colcon.colcon_core.verb:set package 'robot_driver' build argument 'cmake_target_skip_unavailable' from command line to 'False'
[0.268s] Level 5:colcon.colcon_core.verb:set package 'robot_driver' build argument 'cmake_clean_cache' from command line to 'False'
[0.268s] Level 5:colcon.colcon_core.verb:set package 'robot_driver' build argument 'cmake_clean_first' from command line to 'False'
[0.268s] Level 5:colcon.colcon_core.verb:set package 'robot_driver' build argument 'cmake_force_configure' from command line to 'False'
[0.268s] Level 5:colcon.colcon_core.verb:set package 'robot_driver' build argument 'ament_cmake_args' from command line to 'None'
[0.268s] Level 5:colcon.colcon_core.verb:set package 'robot_driver' build argument 'catkin_cmake_args' from command line to 'None'
[0.268s] Level 5:colcon.colcon_core.verb:set package 'robot_driver' build argument 'catkin_skip_building_tests' from command line to 'False'
[0.268s] DEBUG:colcon.colcon_core.verb:Building package 'robot_driver' with the following arguments: {'ament_cmake_args': None, 'build_base': '/home/w/work/moveit2_handeye_calib/build/robot_driver', 'catkin_cmake_args': None, 'catkin_skip_building_tests': False, 'cmake_args': None, 'cmake_clean_cache': False, 'cmake_clean_first': False, 'cmake_force_configure': False, 'cmake_target': None, 'cmake_target_skip_unavailable': False, 'install_base': '/home/w/work/moveit2_handeye_calib/install/robot_driver', 'merge_install': False, 'path': '/home/w/work/moveit2_handeye_calib/TG620/robot_driver', 'symlink_install': False, 'test_result_base': None}
[0.269s] Level 5:colcon.colcon_core.verb:set package 'robot_state_machine' build argument 'cmake_args' from command line to 'None'
[0.269s] Level 5:colcon.colcon_core.verb:set package 'robot_state_machine' build argument 'cmake_target' from command line to 'None'
[0.269s] Level 5:colcon.colcon_core.verb:set package 'robot_state_machine' build argument 'cmake_target_skip_unavailable' from command line to 'False'
[0.269s] Level 5:colcon.colcon_core.verb:set package 'robot_state_machine' build argument 'cmake_clean_cache' from command line to 'False'
[0.269s] Level 5:colcon.colcon_core.verb:set package 'robot_state_machine' build argument 'cmake_clean_first' from command line to 'False'
[0.269s] Level 5:colcon.colcon_core.verb:set package 'robot_state_machine' build argument 'cmake_force_configure' from command line to 'False'
[0.269s] Level 5:colcon.colcon_core.verb:set package 'robot_state_machine' build argument 'ament_cmake_args' from command line to 'None'
[0.269s] Level 5:colcon.colcon_core.verb:set package 'robot_state_machine' build argument 'catkin_cmake_args' from command line to 'None'
[0.269s] Level 5:colcon.colcon_core.verb:set package 'robot_state_machine' build argument 'catkin_skip_building_tests' from command line to 'False'
[0.269s] DEBUG:colcon.colcon_core.verb:Building package 'robot_state_machine' with the following arguments: {'ament_cmake_args': None, 'build_base': '/home/w/work/moveit2_handeye_calib/build/robot_state_machine', 'catkin_cmake_args': None, 'catkin_skip_building_tests': False, 'cmake_args': None, 'cmake_clean_cache': False, 'cmake_clean_first': False, 'cmake_force_configure': False, 'cmake_target': None, 'cmake_target_skip_unavailable': False, 'install_base': '/home/w/work/moveit2_handeye_calib/install/robot_state_machine', 'merge_install': False, 'path': '/home/w/work/moveit2_handeye_calib/TG620/robot_state_machine', 'symlink_install': False, 'test_result_base': None}
[0.269s] INFO:colcon.colcon_core.executor:Executing jobs using 'parallel' executor
[0.269s] DEBUG:colcon.colcon_parallel_executor.executor.parallel:run_until_complete
[0.270s] INFO:colcon.colcon_ros.task.ament_cmake.build:Building ROS package in '/home/w/work/moveit2_handeye_calib/TG620/robot_interfaces' with build type 'ament_cmake'
[0.270s] INFO:colcon.colcon_cmake.task.cmake.build:Building CMake package in '/home/w/work/moveit2_handeye_calib/TG620/robot_interfaces'
[0.272s] INFO:colcon.colcon_core.plugin_system:Skipping extension 'colcon_core.shell.bat': Not used on non-Windows systems
[0.272s] INFO:colcon.colcon_core.shell:Skip shell extension 'powershell' for command environment: Not usable outside of PowerShell
[0.272s] DEBUG:colcon.colcon_core.shell:Skip shell extension 'dsv' for command environment
[0.274s] INFO:colcon.colcon_ros.task.ament_cmake.build:Building ROS package in '/home/w/work/moveit2_handeye_calib/TG620/robot_description' with build type 'ament_cmake'
[0.274s] INFO:colcon.colcon_cmake.task.cmake.build:Building CMake package in '/home/w/work/moveit2_handeye_calib/TG620/robot_description'
[0.274s] INFO:colcon.colcon_core.shell:Skip shell extension 'powershell' for command environment: Not usable outside of PowerShell
[0.275s] DEBUG:colcon.colcon_core.shell:Skip shell extension 'dsv' for command environment
[0.277s] INFO:colcon.colcon_ros.task.ament_cmake.build:Building ROS package in '/home/w/work/moveit2_handeye_calib/TG620/ros2_socketcan/ros2_socketcan_msgs' with build type 'ament_cmake'
[0.277s] INFO:colcon.colcon_cmake.task.cmake.build:Building CMake package in '/home/w/work/moveit2_handeye_calib/TG620/ros2_socketcan/ros2_socketcan_msgs'
[0.277s] INFO:colcon.colcon_core.shell:Skip shell extension 'powershell' for command environment: Not usable outside of PowerShell
[0.277s] DEBUG:colcon.colcon_core.shell:Skip shell extension 'dsv' for command environment
[0.279s] INFO:colcon.colcon_ros.task.ament_cmake.build:Building ROS package in '/home/w/work/moveit2_handeye_calib/moveit2_calibration/moveit_calibration_plugins' with build type 'ament_cmake'
[0.279s] INFO:colcon.colcon_cmake.task.cmake.build:Building CMake package in '/home/w/work/moveit2_handeye_calib/moveit2_calibration/moveit_calibration_plugins'
[0.279s] INFO:colcon.colcon_core.shell:Skip shell extension 'powershell' for command environment: Not usable outside of PowerShell
[0.279s] DEBUG:colcon.colcon_core.shell:Skip shell extension 'dsv' for command environment
[0.281s] INFO:colcon.colcon_ros.task.ament_cmake.build:Building ROS package in '/home/w/work/moveit2_handeye_calib/TG620/robot_bringup' with build type 'ament_cmake'
[0.281s] INFO:colcon.colcon_cmake.task.cmake.build:Building CMake package in '/home/w/work/moveit2_handeye_calib/TG620/robot_bringup'
[0.281s] INFO:colcon.colcon_core.shell:Skip shell extension 'powershell' for command environment: Not usable outside of PowerShell
[0.281s] DEBUG:colcon.colcon_core.shell:Skip shell extension 'dsv' for command environment
[0.283s] INFO:colcon.colcon_ros.task.ament_python.build:Building ROS package in '/home/w/work/moveit2_handeye_calib/TG620/robot_dynamics' with build type 'ament_python'
[0.283s] Level 1:colcon.colcon_core.shell:create_environment_hook('robot_dynamics', 'ament_prefix_path')
[0.283s] INFO:colcon.colcon_core.shell:Creating environment hook '/home/w/work/moveit2_handeye_calib/install/robot_dynamics/share/robot_dynamics/hook/ament_prefix_path.ps1'
[0.283s] INFO:colcon.colcon_core.shell:Creating environment descriptor '/home/w/work/moveit2_handeye_calib/install/robot_dynamics/share/robot_dynamics/hook/ament_prefix_path.dsv'
[0.283s] INFO:colcon.colcon_core.shell:Creating environment hook '/home/w/work/moveit2_handeye_calib/install/robot_dynamics/share/robot_dynamics/hook/ament_prefix_path.sh'
[0.284s] INFO:colcon.colcon_core.shell:Skip shell extension 'powershell' for command environment: Not usable outside of PowerShell
[0.284s] DEBUG:colcon.colcon_core.shell:Skip shell extension 'dsv' for command environment
[0.285s] INFO:colcon.colcon_ros.task.ament_cmake.build:Building ROS package in '/home/w/work/moveit2_handeye_calib/TG620/robot_virtual_fence' with build type 'ament_cmake'
[0.285s] INFO:colcon.colcon_cmake.task.cmake.build:Building CMake package in '/home/w/work/moveit2_handeye_calib/TG620/robot_virtual_fence'
[0.285s] INFO:colcon.colcon_core.shell:Skip shell extension 'powershell' for command environment: Not usable outside of PowerShell
[0.285s] DEBUG:colcon.colcon_core.shell:Skip shell extension 'dsv' for command environment
[0.287s] INFO:colcon.colcon_ros.task.ament_python.build:Building ROS package in '/home/w/work/moveit2_handeye_calib/TG620/traj_smoother_py' with build type 'ament_python'
[0.287s] Level 1:colcon.colcon_core.shell:create_environment_hook('traj_smoother_py', 'ament_prefix_path')
[0.287s] INFO:colcon.colcon_core.shell:Creating environment hook '/home/w/work/moveit2_handeye_calib/install/traj_smoother_py/share/traj_smoother_py/hook/ament_prefix_path.ps1'
[0.288s] INFO:colcon.colcon_core.shell:Creating environment descriptor '/home/w/work/moveit2_handeye_calib/install/traj_smoother_py/share/traj_smoother_py/hook/ament_prefix_path.dsv'
[0.288s] INFO:colcon.colcon_core.shell:Creating environment hook '/home/w/work/moveit2_handeye_calib/install/traj_smoother_py/share/traj_smoother_py/hook/ament_prefix_path.sh'
[0.288s] INFO:colcon.colcon_core.shell:Skip shell extension 'powershell' for command environment: Not usable outside of PowerShell
[0.288s] DEBUG:colcon.colcon_core.shell:Skip shell extension 'dsv' for command environment
[0.293s] DEBUG:colcon.colcon_core.event_handler.log_command:Invoking command in '/home/w/work/moveit2_handeye_calib/build/robot_interfaces': CMAKE_PREFIX_PATH=${CMAKE_PREFIX_PATH}:/opt/ros/humble /usr/bin/cmake --build /home/w/work/moveit2_handeye_calib/build/robot_interfaces -- -j28 -l28
[0.295s] DEBUG:colcon.colcon_core.event_handler.log_command:Invoking command in '/home/w/work/moveit2_handeye_calib/build/robot_description': CMAKE_PREFIX_PATH=${CMAKE_PREFIX_PATH}:/opt/ros/humble /usr/bin/cmake --build /home/w/work/moveit2_handeye_calib/build/robot_description -- -j28 -l28
[0.296s] DEBUG:colcon.colcon_core.event_handler.log_command:Invoking command in '/home/w/work/moveit2_handeye_calib/build/ros2_socketcan_msgs': CMAKE_PREFIX_PATH=${CMAKE_PREFIX_PATH}:/opt/ros/humble /usr/bin/cmake --build /home/w/work/moveit2_handeye_calib/build/ros2_socketcan_msgs -- -j28 -l28
[0.297s] DEBUG:colcon.colcon_core.event_handler.log_command:Invoking command in '/home/w/work/moveit2_handeye_calib/build/moveit_calibration_plugins': CMAKE_PREFIX_PATH=${CMAKE_PREFIX_PATH}:/opt/ros/humble /usr/bin/cmake --build /home/w/work/moveit2_handeye_calib/build/moveit_calibration_plugins -- -j28 -l28
[0.298s] DEBUG:colcon.colcon_core.event_handler.log_command:Invoking command in '/home/w/work/moveit2_handeye_calib/build/robot_bringup': CMAKE_PREFIX_PATH=${CMAKE_PREFIX_PATH}:/opt/ros/humble /usr/bin/cmake --build /home/w/work/moveit2_handeye_calib/build/robot_bringup -- -j28 -l28
[0.483s] INFO:colcon.colcon_core.task.python.build:Building Python package in '/home/w/work/moveit2_handeye_calib/TG620/robot_dynamics'
[0.483s] INFO:colcon.colcon_core.shell:Skip shell extension 'powershell' for command environment: Not usable outside of PowerShell
[0.483s] DEBUG:colcon.colcon_core.shell:Skip shell extension 'dsv' for command environment
[0.489s] DEBUG:colcon.colcon_core.event_handler.log_command:Invoking command in '/home/w/work/moveit2_handeye_calib/build/robot_virtual_fence': CMAKE_PREFIX_PATH=${CMAKE_PREFIX_PATH}:/opt/ros/humble /usr/bin/cmake --build /home/w/work/moveit2_handeye_calib/build/robot_virtual_fence -- -j28 -l28
[0.641s] INFO:colcon.colcon_core.task.python.build:Building Python package in '/home/w/work/moveit2_handeye_calib/TG620/traj_smoother_py'
[0.641s] INFO:colcon.colcon_core.shell:Skip shell extension 'powershell' for command environment: Not usable outside of PowerShell
[0.641s] DEBUG:colcon.colcon_core.shell:Skip shell extension 'dsv' for command environment
[0.665s] DEBUG:colcon.colcon_core.event_handler.log_command:Invoked command in '/home/w/work/moveit2_handeye_calib/build/moveit_calibration_plugins' returned '0': CMAKE_PREFIX_PATH=${CMAKE_PREFIX_PATH}:/opt/ros/humble /usr/bin/cmake --build /home/w/work/moveit2_handeye_calib/build/moveit_calibration_plugins -- -j28 -l28
[0.672s] DEBUG:colcon.colcon_core.event_handler.log_command:Invoking command in '/home/w/work/moveit2_handeye_calib/build/moveit_calibration_plugins': CMAKE_PREFIX_PATH=${CMAKE_PREFIX_PATH}:/opt/ros/humble /usr/bin/cmake --install /home/w/work/moveit2_handeye_calib/build/moveit_calibration_plugins
[0.673s] DEBUG:colcon.colcon_core.event_handler.log_command:Invoked command in '/home/w/work/moveit2_handeye_calib/build/robot_description' returned '0': CMAKE_PREFIX_PATH=${CMAKE_PREFIX_PATH}:/opt/ros/humble /usr/bin/cmake --build /home/w/work/moveit2_handeye_calib/build/robot_description -- -j28 -l28
[0.674s] DEBUG:colcon.colcon_core.event_handler.log_command:Invoking command in '/home/w/work/moveit2_handeye_calib/build/robot_description': CMAKE_PREFIX_PATH=${CMAKE_PREFIX_PATH}:/opt/ros/humble /usr/bin/cmake --install /home/w/work/moveit2_handeye_calib/build/robot_description
[0.674s] DEBUG:colcon.colcon_core.event_handler.log_command:Invoked command in '/home/w/work/moveit2_handeye_calib/build/ros2_socketcan_msgs' returned '0': CMAKE_PREFIX_PATH=${CMAKE_PREFIX_PATH}:/opt/ros/humble /usr/bin/cmake --build /home/w/work/moveit2_handeye_calib/build/ros2_socketcan_msgs -- -j28 -l28
[0.675s] DEBUG:colcon.colcon_core.event_handler.log_command:Invoking command in '/home/w/work/moveit2_handeye_calib/build/ros2_socketcan_msgs': CMAKE_PREFIX_PATH=${CMAKE_PREFIX_PATH}:/opt/ros/humble /usr/bin/cmake --install /home/w/work/moveit2_handeye_calib/build/ros2_socketcan_msgs
[0.675s] DEBUG:colcon.colcon_core.event_handler.log_command:Invoked command in '/home/w/work/moveit2_handeye_calib/build/robot_bringup' returned '0': CMAKE_PREFIX_PATH=${CMAKE_PREFIX_PATH}:/opt/ros/humble /usr/bin/cmake --build /home/w/work/moveit2_handeye_calib/build/robot_bringup -- -j28 -l28
[0.676s] DEBUG:colcon.colcon_core.event_handler.log_command:Invoking command in '/home/w/work/moveit2_handeye_calib/build/robot_bringup': CMAKE_PREFIX_PATH=${CMAKE_PREFIX_PATH}:/opt/ros/humble /usr/bin/cmake --install /home/w/work/moveit2_handeye_calib/build/robot_bringup
[0.676s] DEBUG:colcon.colcon_core.event_handler.log_command:Invoked command in '/home/w/work/moveit2_handeye_calib/build/robot_virtual_fence' returned '0': CMAKE_PREFIX_PATH=${CMAKE_PREFIX_PATH}:/opt/ros/humble /usr/bin/cmake --build /home/w/work/moveit2_handeye_calib/build/robot_virtual_fence -- -j28 -l28
[0.677s] DEBUG:colcon.colcon_core.event_handler.log_command:Invoking command in '/home/w/work/moveit2_handeye_calib/build/robot_virtual_fence': CMAKE_PREFIX_PATH=${CMAKE_PREFIX_PATH}:/opt/ros/humble /usr/bin/cmake --install /home/w/work/moveit2_handeye_calib/build/robot_virtual_fence
[0.677s] DEBUG:colcon.colcon_core.event_handler.log_command:Invoked command in '/home/w/work/moveit2_handeye_calib/build/robot_interfaces' returned '0': CMAKE_PREFIX_PATH=${CMAKE_PREFIX_PATH}:/opt/ros/humble /usr/bin/cmake --build /home/w/work/moveit2_handeye_calib/build/robot_interfaces -- -j28 -l28
[0.678s] DEBUG:colcon.colcon_core.event_handler.log_command:Invoking command in '/home/w/work/moveit2_handeye_calib/build/robot_interfaces': CMAKE_PREFIX_PATH=${CMAKE_PREFIX_PATH}:/opt/ros/humble /usr/bin/cmake --install /home/w/work/moveit2_handeye_calib/build/robot_interfaces
[0.683s] Level 1:colcon.colcon_core.environment:create_environment_scripts_only(robot_description)
[0.695s] DEBUG:colcon.colcon_core.event_handler.log_command:Invoked command in '/home/w/work/moveit2_handeye_calib/build/robot_description' returned '0': CMAKE_PREFIX_PATH=${CMAKE_PREFIX_PATH}:/opt/ros/humble /usr/bin/cmake --install /home/w/work/moveit2_handeye_calib/build/robot_description
[0.696s] Level 1:colcon.colcon_core.environment:checking '/home/w/work/moveit2_handeye_calib/install/robot_description' for CMake module files
[0.697s] Level 1:colcon.colcon_core.environment:checking '/home/w/work/moveit2_handeye_calib/install/robot_description' for CMake config files
[0.701s] Level 1:colcon.colcon_core.shell:create_environment_hook('robot_description', 'cmake_prefix_path')
[0.701s] INFO:colcon.colcon_core.shell:Creating environment hook '/home/w/work/moveit2_handeye_calib/install/robot_description/share/robot_description/hook/cmake_prefix_path.ps1'
[0.703s] INFO:colcon.colcon_core.shell:Creating environment descriptor '/home/w/work/moveit2_handeye_calib/install/robot_description/share/robot_description/hook/cmake_prefix_path.dsv'
[0.704s] INFO:colcon.colcon_core.shell:Creating environment hook '/home/w/work/moveit2_handeye_calib/install/robot_description/share/robot_description/hook/cmake_prefix_path.sh'
[0.707s] Level 1:colcon.colcon_core.environment:checking '/home/w/work/moveit2_handeye_calib/install/robot_description/bin'
[0.707s] Level 1:colcon.colcon_core.environment:checking '/home/w/work/moveit2_handeye_calib/install/robot_description/lib/pkgconfig/robot_description.pc'
[0.707s] Level 1:colcon.colcon_core.environment:checking '/home/w/work/moveit2_handeye_calib/install/robot_description/lib/python3.10/site-packages'
[0.707s] Level 1:colcon.colcon_core.environment:checking '/home/w/work/moveit2_handeye_calib/install/robot_description/bin'
[0.707s] INFO:colcon.colcon_core.shell:Creating package script '/home/w/work/moveit2_handeye_calib/install/robot_description/share/robot_description/package.ps1'
[0.708s] INFO:colcon.colcon_core.shell:Creating package descriptor '/home/w/work/moveit2_handeye_calib/install/robot_description/share/robot_description/package.dsv'
[0.709s] INFO:colcon.colcon_core.shell:Creating package script '/home/w/work/moveit2_handeye_calib/install/robot_description/share/robot_description/package.sh'
[0.711s] INFO:colcon.colcon_core.shell:Creating package script '/home/w/work/moveit2_handeye_calib/install/robot_description/share/robot_description/package.bash'
[0.711s] INFO:colcon.colcon_core.shell:Creating package script '/home/w/work/moveit2_handeye_calib/install/robot_description/share/robot_description/package.zsh'
[0.711s] Level 1:colcon.colcon_core.environment:create_file_with_runtime_dependencies(/home/w/work/moveit2_handeye_calib/install/robot_description/share/colcon-core/packages/robot_description)
[0.712s] Level 1:colcon.colcon_core.environment:create_environment_scripts_only(robot_description)
[0.712s] Level 1:colcon.colcon_core.environment:checking '/home/w/work/moveit2_handeye_calib/install/robot_description' for CMake module files
[0.713s] Level 1:colcon.colcon_core.environment:checking '/home/w/work/moveit2_handeye_calib/install/robot_description' for CMake config files
[0.715s] Level 1:colcon.colcon_core.shell:create_environment_hook('robot_description', 'cmake_prefix_path')
[0.715s] INFO:colcon.colcon_core.shell:Creating environment hook '/home/w/work/moveit2_handeye_calib/install/robot_description/share/robot_description/hook/cmake_prefix_path.ps1'
[0.716s] INFO:colcon.colcon_core.shell:Creating environment descriptor '/home/w/work/moveit2_handeye_calib/install/robot_description/share/robot_description/hook/cmake_prefix_path.dsv'
[0.716s] INFO:colcon.colcon_core.shell:Creating environment hook '/home/w/work/moveit2_handeye_calib/install/robot_description/share/robot_description/hook/cmake_prefix_path.sh'
[0.716s] Level 1:colcon.colcon_core.environment:checking '/home/w/work/moveit2_handeye_calib/install/robot_description/bin'
[0.716s] Level 1:colcon.colcon_core.environment:checking '/home/w/work/moveit2_handeye_calib/install/robot_description/lib/pkgconfig/robot_description.pc'
[0.716s] Level 1:colcon.colcon_core.environment:checking '/home/w/work/moveit2_handeye_calib/install/robot_description/lib/python3.10/site-packages'
[0.716s] Level 1:colcon.colcon_core.environment:checking '/home/w/work/moveit2_handeye_calib/install/robot_description/bin'
[0.717s] INFO:colcon.colcon_core.shell:Creating package script '/home/w/work/moveit2_handeye_calib/install/robot_description/share/robot_description/package.ps1'
[0.717s] INFO:colcon.colcon_core.shell:Creating package descriptor '/home/w/work/moveit2_handeye_calib/install/robot_description/share/robot_description/package.dsv'
[0.717s] INFO:colcon.colcon_core.shell:Creating package script '/home/w/work/moveit2_handeye_calib/install/robot_description/share/robot_description/package.sh'
[0.717s] INFO:colcon.colcon_core.shell:Creating package script '/home/w/work/moveit2_handeye_calib/install/robot_description/share/robot_description/package.bash'
[0.717s] INFO:colcon.colcon_core.shell:Creating package script '/home/w/work/moveit2_handeye_calib/install/robot_description/share/robot_description/package.zsh'
[0.718s] Level 1:colcon.colcon_core.environment:create_file_with_runtime_dependencies(/home/w/work/moveit2_handeye_calib/install/robot_description/share/colcon-core/packages/robot_description)
[0.718s] INFO:colcon.colcon_ros.task.ament_cmake.build:Building ROS package in '/home/w/work/moveit2_handeye_calib/TG620/robot_config/arm380_config' with build type 'ament_cmake'
[0.718s] INFO:colcon.colcon_cmake.task.cmake.build:Building CMake package in '/home/w/work/moveit2_handeye_calib/TG620/robot_config/arm380_config'
[0.718s] INFO:colcon.colcon_core.shell:Skip shell extension 'powershell' for command environment: Not usable outside of PowerShell
[0.718s] DEBUG:colcon.colcon_core.shell:Skip shell extension 'dsv' for command environment
[0.720s] INFO:colcon.colcon_ros.task.ament_cmake.build:Building ROS package in '/home/w/work/moveit2_handeye_calib/TG620/robot_config/arm620_config' with build type 'ament_cmake'
[0.720s] INFO:colcon.colcon_cmake.task.cmake.build:Building CMake package in '/home/w/work/moveit2_handeye_calib/TG620/robot_config/arm620_config'
[0.721s] INFO:colcon.colcon_core.shell:Skip shell extension 'powershell' for command environment: Not usable outside of PowerShell
[0.721s] DEBUG:colcon.colcon_core.shell:Skip shell extension 'dsv' for command environment
[0.722s] INFO:colcon.colcon_ros.task.ament_cmake.build:Building ROS package in '/home/w/work/moveit2_handeye_calib/TG620/robot_config/arm620_dh_config' with build type 'ament_cmake'
[0.722s] INFO:colcon.colcon_cmake.task.cmake.build:Building CMake package in '/home/w/work/moveit2_handeye_calib/TG620/robot_config/arm620_dh_config'
[0.723s] INFO:colcon.colcon_core.shell:Skip shell extension 'powershell' for command environment: Not usable outside of PowerShell
[0.723s] DEBUG:colcon.colcon_core.shell:Skip shell extension 'dsv' for command environment
[0.724s] Level 1:colcon.colcon_core.environment:create_environment_scripts_only(moveit_calibration_plugins)
[0.725s] Level 1:colcon.colcon_core.environment:checking '/home/w/work/moveit2_handeye_calib/install/moveit_calibration_plugins' for CMake module files
[0.725s] DEBUG:colcon.colcon_core.event_handler.log_command:Invoked command in '/home/w/work/moveit2_handeye_calib/build/moveit_calibration_plugins' returned '0': CMAKE_PREFIX_PATH=${CMAKE_PREFIX_PATH}:/opt/ros/humble /usr/bin/cmake --install /home/w/work/moveit2_handeye_calib/build/moveit_calibration_plugins
[0.725s] Level 1:colcon.colcon_core.environment:checking '/home/w/work/moveit2_handeye_calib/install/moveit_calibration_plugins' for CMake config files
[0.725s] Level 1:colcon.colcon_core.shell:create_environment_hook('moveit_calibration_plugins', 'cmake_prefix_path')
[0.725s] INFO:colcon.colcon_core.shell:Creating environment hook '/home/w/work/moveit2_handeye_calib/install/moveit_calibration_plugins/share/moveit_calibration_plugins/hook/cmake_prefix_path.ps1'
[0.726s] INFO:colcon.colcon_core.shell:Creating environment descriptor '/home/w/work/moveit2_handeye_calib/install/moveit_calibration_plugins/share/moveit_calibration_plugins/hook/cmake_prefix_path.dsv'
[0.726s] INFO:colcon.colcon_core.shell:Creating environment hook '/home/w/work/moveit2_handeye_calib/install/moveit_calibration_plugins/share/moveit_calibration_plugins/hook/cmake_prefix_path.sh'
[0.726s] Level 1:colcon.colcon_core.environment:checking '/home/w/work/moveit2_handeye_calib/install/moveit_calibration_plugins/lib'
[0.726s] Level 1:colcon.colcon_core.shell:create_environment_hook('moveit_calibration_plugins', 'ld_library_path_lib')
[0.726s] INFO:colcon.colcon_core.shell:Creating environment hook '/home/w/work/moveit2_handeye_calib/install/moveit_calibration_plugins/share/moveit_calibration_plugins/hook/ld_library_path_lib.ps1'
[0.727s] INFO:colcon.colcon_core.shell:Creating environment descriptor '/home/w/work/moveit2_handeye_calib/install/moveit_calibration_plugins/share/moveit_calibration_plugins/hook/ld_library_path_lib.dsv'
[0.727s] INFO:colcon.colcon_core.shell:Creating environment hook '/home/w/work/moveit2_handeye_calib/install/moveit_calibration_plugins/share/moveit_calibration_plugins/hook/ld_library_path_lib.sh'
[0.727s] Level 1:colcon.colcon_core.environment:checking '/home/w/work/moveit2_handeye_calib/install/moveit_calibration_plugins/bin'
[0.727s] Level 1:colcon.colcon_core.environment:checking '/home/w/work/moveit2_handeye_calib/install/moveit_calibration_plugins/lib/pkgconfig/moveit_calibration_plugins.pc'
[0.727s] Level 1:colcon.colcon_core.environment:checking '/home/w/work/moveit2_handeye_calib/install/moveit_calibration_plugins/lib/python3.10/site-packages'
[0.727s] Level 1:colcon.colcon_core.environment:checking '/home/w/work/moveit2_handeye_calib/install/moveit_calibration_plugins/bin'
[0.728s] INFO:colcon.colcon_core.shell:Creating package script '/home/w/work/moveit2_handeye_calib/install/moveit_calibration_plugins/share/moveit_calibration_plugins/package.ps1'
[0.728s] INFO:colcon.colcon_core.shell:Creating package descriptor '/home/w/work/moveit2_handeye_calib/install/moveit_calibration_plugins/share/moveit_calibration_plugins/package.dsv'
[0.728s] INFO:colcon.colcon_core.shell:Creating package script '/home/w/work/moveit2_handeye_calib/install/moveit_calibration_plugins/share/moveit_calibration_plugins/package.sh'
[0.728s] INFO:colcon.colcon_core.shell:Creating package script '/home/w/work/moveit2_handeye_calib/install/moveit_calibration_plugins/share/moveit_calibration_plugins/package.bash'
[0.728s] INFO:colcon.colcon_core.shell:Creating package script '/home/w/work/moveit2_handeye_calib/install/moveit_calibration_plugins/share/moveit_calibration_plugins/package.zsh'
[0.729s] Level 1:colcon.colcon_core.environment:create_file_with_runtime_dependencies(/home/w/work/moveit2_handeye_calib/install/moveit_calibration_plugins/share/colcon-core/packages/moveit_calibration_plugins)
[0.729s] Level 1:colcon.colcon_core.environment:create_environment_scripts_only(moveit_calibration_plugins)
[0.729s] Level 1:colcon.colcon_core.environment:checking '/home/w/work/moveit2_handeye_calib/install/moveit_calibration_plugins' for CMake module files
[0.729s] Level 1:colcon.colcon_core.environment:checking '/home/w/work/moveit2_handeye_calib/install/moveit_calibration_plugins' for CMake config files
[0.729s] Level 1:colcon.colcon_core.shell:create_environment_hook('moveit_calibration_plugins', 'cmake_prefix_path')
[0.729s] INFO:colcon.colcon_core.shell:Creating environment hook '/home/w/work/moveit2_handeye_calib/install/moveit_calibration_plugins/share/moveit_calibration_plugins/hook/cmake_prefix_path.ps1'
[0.730s] INFO:colcon.colcon_core.shell:Creating environment descriptor '/home/w/work/moveit2_handeye_calib/install/moveit_calibration_plugins/share/moveit_calibration_plugins/hook/cmake_prefix_path.dsv'
[0.730s] INFO:colcon.colcon_core.shell:Creating environment hook '/home/w/work/moveit2_handeye_calib/install/moveit_calibration_plugins/share/moveit_calibration_plugins/hook/cmake_prefix_path.sh'
[0.730s] Level 1:colcon.colcon_core.environment:checking '/home/w/work/moveit2_handeye_calib/install/moveit_calibration_plugins/lib'
[0.730s] Level 1:colcon.colcon_core.shell:create_environment_hook('moveit_calibration_plugins', 'ld_library_path_lib')
[0.730s] INFO:colcon.colcon_core.shell:Creating environment hook '/home/w/work/moveit2_handeye_calib/install/moveit_calibration_plugins/share/moveit_calibration_plugins/hook/ld_library_path_lib.ps1'
[0.730s] INFO:colcon.colcon_core.shell:Creating environment descriptor '/home/w/work/moveit2_handeye_calib/install/moveit_calibration_plugins/share/moveit_calibration_plugins/hook/ld_library_path_lib.dsv'
[0.731s] INFO:colcon.colcon_core.shell:Creating environment hook '/home/w/work/moveit2_handeye_calib/install/moveit_calibration_plugins/share/moveit_calibration_plugins/hook/ld_library_path_lib.sh'
[0.731s] Level 1:colcon.colcon_core.environment:checking '/home/w/work/moveit2_handeye_calib/install/moveit_calibration_plugins/bin'
[0.731s] Level 1:colcon.colcon_core.environment:checking '/home/w/work/moveit2_handeye_calib/install/moveit_calibration_plugins/lib/pkgconfig/moveit_calibration_plugins.pc'
[0.731s] Level 1:colcon.colcon_core.environment:checking '/home/w/work/moveit2_handeye_calib/install/moveit_calibration_plugins/lib/python3.10/site-packages'
[0.731s] Level 1:colcon.colcon_core.environment:checking '/home/w/work/moveit2_handeye_calib/install/moveit_calibration_plugins/bin'
[0.731s] INFO:colcon.colcon_core.shell:Creating package script '/home/w/work/moveit2_handeye_calib/install/moveit_calibration_plugins/share/moveit_calibration_plugins/package.ps1'
[0.732s] INFO:colcon.colcon_core.shell:Creating package descriptor '/home/w/work/moveit2_handeye_calib/install/moveit_calibration_plugins/share/moveit_calibration_plugins/package.dsv'
[0.732s] INFO:colcon.colcon_core.shell:Creating package script '/home/w/work/moveit2_handeye_calib/install/moveit_calibration_plugins/share/moveit_calibration_plugins/package.sh'
[0.732s] INFO:colcon.colcon_core.shell:Creating package script '/home/w/work/moveit2_handeye_calib/install/moveit_calibration_plugins/share/moveit_calibration_plugins/package.bash'
[0.732s] INFO:colcon.colcon_core.shell:Creating package script '/home/w/work/moveit2_handeye_calib/install/moveit_calibration_plugins/share/moveit_calibration_plugins/package.zsh'
[0.732s] Level 1:colcon.colcon_core.environment:create_file_with_runtime_dependencies(/home/w/work/moveit2_handeye_calib/install/moveit_calibration_plugins/share/colcon-core/packages/moveit_calibration_plugins)
[0.733s] INFO:colcon.colcon_ros.task.ament_cmake.build:Building ROS package in '/home/w/work/moveit2_handeye_calib/moveit2_calibration/moveit_calibration_gui' with build type 'ament_cmake'
[0.734s] INFO:colcon.colcon_cmake.task.cmake.build:Building CMake package in '/home/w/work/moveit2_handeye_calib/moveit2_calibration/moveit_calibration_gui'
[0.734s] INFO:colcon.colcon_core.shell:Skip shell extension 'powershell' for command environment: Not usable outside of PowerShell
[0.734s] DEBUG:colcon.colcon_core.shell:Skip shell extension 'dsv' for command environment
[0.736s] Level 1:colcon.colcon_core.environment:create_environment_scripts_only(robot_bringup)
[0.736s] Level 1:colcon.colcon_core.environment:checking '/home/w/work/moveit2_handeye_calib/install/robot_bringup' for CMake module files
[0.736s] DEBUG:colcon.colcon_core.event_handler.log_command:Invoked command in '/home/w/work/moveit2_handeye_calib/build/robot_bringup' returned '0': CMAKE_PREFIX_PATH=${CMAKE_PREFIX_PATH}:/opt/ros/humble /usr/bin/cmake --install /home/w/work/moveit2_handeye_calib/build/robot_bringup
[0.737s] Level 1:colcon.colcon_core.environment:checking '/home/w/work/moveit2_handeye_calib/install/robot_bringup' for CMake config files
[0.737s] Level 1:colcon.colcon_core.shell:create_environment_hook('robot_bringup', 'cmake_prefix_path')
[0.737s] INFO:colcon.colcon_core.shell:Creating environment hook '/home/w/work/moveit2_handeye_calib/install/robot_bringup/share/robot_bringup/hook/cmake_prefix_path.ps1'
[0.737s] INFO:colcon.colcon_core.shell:Creating environment descriptor '/home/w/work/moveit2_handeye_calib/install/robot_bringup/share/robot_bringup/hook/cmake_prefix_path.dsv'
[0.737s] INFO:colcon.colcon_core.shell:Creating environment hook '/home/w/work/moveit2_handeye_calib/install/robot_bringup/share/robot_bringup/hook/cmake_prefix_path.sh'
[0.737s] Level 1:colcon.colcon_core.environment:checking '/home/w/work/moveit2_handeye_calib/install/robot_bringup/bin'
[0.738s] Level 1:colcon.colcon_core.environment:checking '/home/w/work/moveit2_handeye_calib/install/robot_bringup/lib/pkgconfig/robot_bringup.pc'
[0.738s] Level 1:colcon.colcon_core.environment:checking '/home/w/work/moveit2_handeye_calib/install/robot_bringup/lib/python3.10/site-packages'
[0.738s] Level 1:colcon.colcon_core.environment:checking '/home/w/work/moveit2_handeye_calib/install/robot_bringup/bin'
[0.738s] INFO:colcon.colcon_core.shell:Creating package script '/home/w/work/moveit2_handeye_calib/install/robot_bringup/share/robot_bringup/package.ps1'
[0.738s] INFO:colcon.colcon_core.shell:Creating package descriptor '/home/w/work/moveit2_handeye_calib/install/robot_bringup/share/robot_bringup/package.dsv'
[0.739s] INFO:colcon.colcon_core.shell:Creating package script '/home/w/work/moveit2_handeye_calib/install/robot_bringup/share/robot_bringup/package.sh'
[0.739s] INFO:colcon.colcon_core.shell:Creating package script '/home/w/work/moveit2_handeye_calib/install/robot_bringup/share/robot_bringup/package.bash'
[0.739s] INFO:colcon.colcon_core.shell:Creating package script '/home/w/work/moveit2_handeye_calib/install/robot_bringup/share/robot_bringup/package.zsh'
[0.739s] Level 1:colcon.colcon_core.environment:create_file_with_runtime_dependencies(/home/w/work/moveit2_handeye_calib/install/robot_bringup/share/colcon-core/packages/robot_bringup)
[0.739s] Level 1:colcon.colcon_core.environment:create_environment_scripts_only(robot_bringup)
[0.739s] Level 1:colcon.colcon_core.environment:checking '/home/w/work/moveit2_handeye_calib/install/robot_bringup' for CMake module files
[0.740s] Level 1:colcon.colcon_core.environment:checking '/home/w/work/moveit2_handeye_calib/install/robot_bringup' for CMake config files
[0.740s] Level 1:colcon.colcon_core.shell:create_environment_hook('robot_bringup', 'cmake_prefix_path')
[0.740s] INFO:colcon.colcon_core.shell:Creating environment hook '/home/w/work/moveit2_handeye_calib/install/robot_bringup/share/robot_bringup/hook/cmake_prefix_path.ps1'
[0.740s] INFO:colcon.colcon_core.shell:Creating environment descriptor '/home/w/work/moveit2_handeye_calib/install/robot_bringup/share/robot_bringup/hook/cmake_prefix_path.dsv'
[0.740s] INFO:colcon.colcon_core.shell:Creating environment hook '/home/w/work/moveit2_handeye_calib/install/robot_bringup/share/robot_bringup/hook/cmake_prefix_path.sh'
[0.740s] Level 1:colcon.colcon_core.environment:checking '/home/w/work/moveit2_handeye_calib/install/robot_bringup/bin'
[0.741s] Level 1:colcon.colcon_core.environment:checking '/home/w/work/moveit2_handeye_calib/install/robot_bringup/lib/pkgconfig/robot_bringup.pc'
[0.741s] Level 1:colcon.colcon_core.environment:checking '/home/w/work/moveit2_handeye_calib/install/robot_bringup/lib/python3.10/site-packages'
[0.741s] Level 1:colcon.colcon_core.environment:checking '/home/w/work/moveit2_handeye_calib/install/robot_bringup/bin'
[0.741s] INFO:colcon.colcon_core.shell:Creating package script '/home/w/work/moveit2_handeye_calib/install/robot_bringup/share/robot_bringup/package.ps1'
[0.741s] INFO:colcon.colcon_core.shell:Creating package descriptor '/home/w/work/moveit2_handeye_calib/install/robot_bringup/share/robot_bringup/package.dsv'
[0.742s] INFO:colcon.colcon_core.shell:Creating package script '/home/w/work/moveit2_handeye_calib/install/robot_bringup/share/robot_bringup/package.sh'
[0.742s] INFO:colcon.colcon_core.shell:Creating package script '/home/w/work/moveit2_handeye_calib/install/robot_bringup/share/robot_bringup/package.bash'
[0.742s] INFO:colcon.colcon_core.shell:Creating package script '/home/w/work/moveit2_handeye_calib/install/robot_bringup/share/robot_bringup/package.zsh'
[0.742s] Level 1:colcon.colcon_core.environment:create_file_with_runtime_dependencies(/home/w/work/moveit2_handeye_calib/install/robot_bringup/share/colcon-core/packages/robot_bringup)
[0.743s] Level 1:colcon.colcon_core.environment:create_environment_scripts_only(ros2_socketcan_msgs)
[0.743s] Level 1:colcon.colcon_core.environment:checking '/home/w/work/moveit2_handeye_calib/install/ros2_socketcan_msgs' for CMake module files
[0.743s] DEBUG:colcon.colcon_core.event_handler.log_command:Invoked command in '/home/w/work/moveit2_handeye_calib/build/ros2_socketcan_msgs' returned '0': CMAKE_PREFIX_PATH=${CMAKE_PREFIX_PATH}:/opt/ros/humble /usr/bin/cmake --install /home/w/work/moveit2_handeye_calib/build/ros2_socketcan_msgs
[0.744s] Level 1:colcon.colcon_core.environment:checking '/home/w/work/moveit2_handeye_calib/install/ros2_socketcan_msgs' for CMake config files
[0.744s] Level 1:colcon.colcon_core.shell:create_environment_hook('ros2_socketcan_msgs', 'cmake_prefix_path')
[0.744s] INFO:colcon.colcon_core.shell:Creating environment hook '/home/w/work/moveit2_handeye_calib/install/ros2_socketcan_msgs/share/ros2_socketcan_msgs/hook/cmake_prefix_path.ps1'
[0.744s] INFO:colcon.colcon_core.shell:Creating environment descriptor '/home/w/work/moveit2_handeye_calib/install/ros2_socketcan_msgs/share/ros2_socketcan_msgs/hook/cmake_prefix_path.dsv'
[0.744s] INFO:colcon.colcon_core.shell:Creating environment hook '/home/w/work/moveit2_handeye_calib/install/ros2_socketcan_msgs/share/ros2_socketcan_msgs/hook/cmake_prefix_path.sh'
[0.744s] Level 1:colcon.colcon_core.environment:checking '/home/w/work/moveit2_handeye_calib/install/ros2_socketcan_msgs/lib'
[0.744s] Level 1:colcon.colcon_core.shell:create_environment_hook('ros2_socketcan_msgs', 'ld_library_path_lib')
[0.745s] INFO:colcon.colcon_core.shell:Creating environment hook '/home/w/work/moveit2_handeye_calib/install/ros2_socketcan_msgs/share/ros2_socketcan_msgs/hook/ld_library_path_lib.ps1'
[0.745s] INFO:colcon.colcon_core.shell:Creating environment descriptor '/home/w/work/moveit2_handeye_calib/install/ros2_socketcan_msgs/share/ros2_socketcan_msgs/hook/ld_library_path_lib.dsv'
[0.745s] INFO:colcon.colcon_core.shell:Creating environment hook '/home/w/work/moveit2_handeye_calib/install/ros2_socketcan_msgs/share/ros2_socketcan_msgs/hook/ld_library_path_lib.sh'
[0.745s] Level 1:colcon.colcon_core.environment:checking '/home/w/work/moveit2_handeye_calib/install/ros2_socketcan_msgs/bin'
[0.745s] Level 1:colcon.colcon_core.environment:checking '/home/w/work/moveit2_handeye_calib/install/ros2_socketcan_msgs/lib/pkgconfig/ros2_socketcan_msgs.pc'
[0.745s] Level 1:colcon.colcon_core.environment:checking '/home/w/work/moveit2_handeye_calib/install/ros2_socketcan_msgs/lib/python3.10/site-packages'
[0.745s] Level 1:colcon.colcon_core.environment:checking '/home/w/work/moveit2_handeye_calib/install/ros2_socketcan_msgs/bin'
[0.746s] INFO:colcon.colcon_core.shell:Creating package script '/home/w/work/moveit2_handeye_calib/install/ros2_socketcan_msgs/share/ros2_socketcan_msgs/package.ps1'
[0.746s] INFO:colcon.colcon_core.shell:Creating package descriptor '/home/w/work/moveit2_handeye_calib/install/ros2_socketcan_msgs/share/ros2_socketcan_msgs/package.dsv'
[0.746s] INFO:colcon.colcon_core.shell:Creating package script '/home/w/work/moveit2_handeye_calib/install/ros2_socketcan_msgs/share/ros2_socketcan_msgs/package.sh'
[0.746s] INFO:colcon.colcon_core.shell:Creating package script '/home/w/work/moveit2_handeye_calib/install/ros2_socketcan_msgs/share/ros2_socketcan_msgs/package.bash'
[0.746s] INFO:colcon.colcon_core.shell:Creating package script '/home/w/work/moveit2_handeye_calib/install/ros2_socketcan_msgs/share/ros2_socketcan_msgs/package.zsh'
[0.747s] Level 1:colcon.colcon_core.environment:create_file_with_runtime_dependencies(/home/w/work/moveit2_handeye_calib/install/ros2_socketcan_msgs/share/colcon-core/packages/ros2_socketcan_msgs)
[0.747s] Level 1:colcon.colcon_core.environment:create_environment_scripts_only(ros2_socketcan_msgs)
[0.747s] Level 1:colcon.colcon_core.environment:checking '/home/w/work/moveit2_handeye_calib/install/ros2_socketcan_msgs' for CMake module files
[0.747s] Level 1:colcon.colcon_core.environment:checking '/home/w/work/moveit2_handeye_calib/install/ros2_socketcan_msgs' for CMake config files
[0.747s] Level 1:colcon.colcon_core.shell:create_environment_hook('ros2_socketcan_msgs', 'cmake_prefix_path')
[0.748s] INFO:colcon.colcon_core.shell:Creating environment hook '/home/w/work/moveit2_handeye_calib/install/ros2_socketcan_msgs/share/ros2_socketcan_msgs/hook/cmake_prefix_path.ps1'
[0.748s] INFO:colcon.colcon_core.shell:Creating environment descriptor '/home/w/work/moveit2_handeye_calib/install/ros2_socketcan_msgs/share/ros2_socketcan_msgs/hook/cmake_prefix_path.dsv'
[0.748s] INFO:colcon.colcon_core.shell:Creating environment hook '/home/w/work/moveit2_handeye_calib/install/ros2_socketcan_msgs/share/ros2_socketcan_msgs/hook/cmake_prefix_path.sh'
[0.748s] Level 1:colcon.colcon_core.environment:checking '/home/w/work/moveit2_handeye_calib/install/ros2_socketcan_msgs/lib'
[0.748s] Level 1:colcon.colcon_core.shell:create_environment_hook('ros2_socketcan_msgs', 'ld_library_path_lib')
[0.748s] INFO:colcon.colcon_core.shell:Creating environment hook '/home/w/work/moveit2_handeye_calib/install/ros2_socketcan_msgs/share/ros2_socketcan_msgs/hook/ld_library_path_lib.ps1'
[0.749s] INFO:colcon.colcon_core.shell:Creating environment descriptor '/home/w/work/moveit2_handeye_calib/install/ros2_socketcan_msgs/share/ros2_socketcan_msgs/hook/ld_library_path_lib.dsv'
[0.749s] INFO:colcon.colcon_core.shell:Creating environment hook '/home/w/work/moveit2_handeye_calib/install/ros2_socketcan_msgs/share/ros2_socketcan_msgs/hook/ld_library_path_lib.sh'
[0.749s] Level 1:colcon.colcon_core.environment:checking '/home/w/work/moveit2_handeye_calib/install/ros2_socketcan_msgs/bin'
[0.749s] Level 1:colcon.colcon_core.environment:checking '/home/w/work/moveit2_handeye_calib/install/ros2_socketcan_msgs/lib/pkgconfig/ros2_socketcan_msgs.pc'
[0.749s] Level 1:colcon.colcon_core.environment:checking '/home/w/work/moveit2_handeye_calib/install/ros2_socketcan_msgs/lib/python3.10/site-packages'
[0.749s] Level 1:colcon.colcon_core.environment:checking '/home/w/work/moveit2_handeye_calib/install/ros2_socketcan_msgs/bin'
[0.749s] INFO:colcon.colcon_core.shell:Creating package script '/home/w/work/moveit2_handeye_calib/install/ros2_socketcan_msgs/share/ros2_socketcan_msgs/package.ps1'
[0.750s] INFO:colcon.colcon_core.shell:Creating package descriptor '/home/w/work/moveit2_handeye_calib/install/ros2_socketcan_msgs/share/ros2_socketcan_msgs/package.dsv'
[0.750s] INFO:colcon.colcon_core.shell:Creating package script '/home/w/work/moveit2_handeye_calib/install/ros2_socketcan_msgs/share/ros2_socketcan_msgs/package.sh'
[0.750s] INFO:colcon.colcon_core.shell:Creating package script '/home/w/work/moveit2_handeye_calib/install/ros2_socketcan_msgs/share/ros2_socketcan_msgs/package.bash'
[0.750s] INFO:colcon.colcon_core.shell:Creating package script '/home/w/work/moveit2_handeye_calib/install/ros2_socketcan_msgs/share/ros2_socketcan_msgs/package.zsh'
[0.750s] Level 1:colcon.colcon_core.environment:create_file_with_runtime_dependencies(/home/w/work/moveit2_handeye_calib/install/ros2_socketcan_msgs/share/colcon-core/packages/ros2_socketcan_msgs)
[0.751s] Level 1:colcon.colcon_core.environment:create_environment_scripts_only(robot_virtual_fence)
[0.751s] Level 1:colcon.colcon_core.environment:checking '/home/w/work/moveit2_handeye_calib/install/robot_virtual_fence' for CMake module files
[0.751s] DEBUG:colcon.colcon_core.event_handler.log_command:Invoked command in '/home/w/work/moveit2_handeye_calib/build/robot_virtual_fence' returned '0': CMAKE_PREFIX_PATH=${CMAKE_PREFIX_PATH}:/opt/ros/humble /usr/bin/cmake --install /home/w/work/moveit2_handeye_calib/build/robot_virtual_fence
[0.751s] Level 1:colcon.colcon_core.environment:checking '/home/w/work/moveit2_handeye_calib/install/robot_virtual_fence' for CMake config files
[0.751s] Level 1:colcon.colcon_core.shell:create_environment_hook('robot_virtual_fence', 'cmake_prefix_path')
[0.752s] INFO:colcon.colcon_core.shell:Creating environment hook '/home/w/work/moveit2_handeye_calib/install/robot_virtual_fence/share/robot_virtual_fence/hook/cmake_prefix_path.ps1'
[0.752s] INFO:colcon.colcon_core.shell:Creating environment descriptor '/home/w/work/moveit2_handeye_calib/install/robot_virtual_fence/share/robot_virtual_fence/hook/cmake_prefix_path.dsv'
[0.752s] INFO:colcon.colcon_core.shell:Creating environment hook '/home/w/work/moveit2_handeye_calib/install/robot_virtual_fence/share/robot_virtual_fence/hook/cmake_prefix_path.sh'
[0.752s] Level 1:colcon.colcon_core.environment:checking '/home/w/work/moveit2_handeye_calib/install/robot_virtual_fence/lib'
[0.752s] Level 1:colcon.colcon_core.environment:checking '/home/w/work/moveit2_handeye_calib/install/robot_virtual_fence/bin'
[0.752s] Level 1:colcon.colcon_core.environment:checking '/home/w/work/moveit2_handeye_calib/install/robot_virtual_fence/lib/pkgconfig/robot_virtual_fence.pc'
[0.752s] Level 1:colcon.colcon_core.environment:checking '/home/w/work/moveit2_handeye_calib/install/robot_virtual_fence/lib/python3.10/site-packages'
[0.753s] Level 1:colcon.colcon_core.environment:checking '/home/w/work/moveit2_handeye_calib/install/robot_virtual_fence/bin'
[0.753s] INFO:colcon.colcon_core.shell:Creating package script '/home/w/work/moveit2_handeye_calib/install/robot_virtual_fence/share/robot_virtual_fence/package.ps1'
[0.753s] INFO:colcon.colcon_core.shell:Creating package descriptor '/home/w/work/moveit2_handeye_calib/install/robot_virtual_fence/share/robot_virtual_fence/package.dsv'
[0.753s] INFO:colcon.colcon_core.shell:Creating package script '/home/w/work/moveit2_handeye_calib/install/robot_virtual_fence/share/robot_virtual_fence/package.sh'
[0.753s] INFO:colcon.colcon_core.shell:Creating package script '/home/w/work/moveit2_handeye_calib/install/robot_virtual_fence/share/robot_virtual_fence/package.bash'
[0.754s] INFO:colcon.colcon_core.shell:Creating package script '/home/w/work/moveit2_handeye_calib/install/robot_virtual_fence/share/robot_virtual_fence/package.zsh'
[0.754s] Level 1:colcon.colcon_core.environment:create_file_with_runtime_dependencies(/home/w/work/moveit2_handeye_calib/install/robot_virtual_fence/share/colcon-core/packages/robot_virtual_fence)
[0.754s] Level 1:colcon.colcon_core.environment:create_environment_scripts_only(robot_virtual_fence)
[0.754s] Level 1:colcon.colcon_core.environment:checking '/home/w/work/moveit2_handeye_calib/install/robot_virtual_fence' for CMake module files
[0.755s] Level 1:colcon.colcon_core.environment:checking '/home/w/work/moveit2_handeye_calib/install/robot_virtual_fence' for CMake config files
[0.755s] Level 1:colcon.colcon_core.shell:create_environment_hook('robot_virtual_fence', 'cmake_prefix_path')
[0.755s] INFO:colcon.colcon_core.shell:Creating environment hook '/home/w/work/moveit2_handeye_calib/install/robot_virtual_fence/share/robot_virtual_fence/hook/cmake_prefix_path.ps1'
[0.755s] INFO:colcon.colcon_core.shell:Creating environment descriptor '/home/w/work/moveit2_handeye_calib/install/robot_virtual_fence/share/robot_virtual_fence/hook/cmake_prefix_path.dsv'
[0.755s] INFO:colcon.colcon_core.shell:Creating environment hook '/home/w/work/moveit2_handeye_calib/install/robot_virtual_fence/share/robot_virtual_fence/hook/cmake_prefix_path.sh'
[0.756s] Level 1:colcon.colcon_core.environment:checking '/home/w/work/moveit2_handeye_calib/install/robot_virtual_fence/lib'
[0.756s] Level 1:colcon.colcon_core.environment:checking '/home/w/work/moveit2_handeye_calib/install/robot_virtual_fence/bin'
[0.756s] Level 1:colcon.colcon_core.environment:checking '/home/w/work/moveit2_handeye_calib/install/robot_virtual_fence/lib/pkgconfig/robot_virtual_fence.pc'
[0.756s] Level 1:colcon.colcon_core.environment:checking '/home/w/work/moveit2_handeye_calib/install/robot_virtual_fence/lib/python3.10/site-packages'
[0.756s] Level 1:colcon.colcon_core.environment:checking '/home/w/work/moveit2_handeye_calib/install/robot_virtual_fence/bin'
[0.756s] INFO:colcon.colcon_core.shell:Creating package script '/home/w/work/moveit2_handeye_calib/install/robot_virtual_fence/share/robot_virtual_fence/package.ps1'
[0.756s] INFO:colcon.colcon_core.shell:Creating package descriptor '/home/w/work/moveit2_handeye_calib/install/robot_virtual_fence/share/robot_virtual_fence/package.dsv'
[0.757s] INFO:colcon.colcon_core.shell:Creating package script '/home/w/work/moveit2_handeye_calib/install/robot_virtual_fence/share/robot_virtual_fence/package.sh'
[0.757s] INFO:colcon.colcon_core.shell:Creating package script '/home/w/work/moveit2_handeye_calib/install/robot_virtual_fence/share/robot_virtual_fence/package.bash'
[0.757s] INFO:colcon.colcon_core.shell:Creating package script '/home/w/work/moveit2_handeye_calib/install/robot_virtual_fence/share/robot_virtual_fence/package.zsh'
[0.757s] Level 1:colcon.colcon_core.environment:create_file_with_runtime_dependencies(/home/w/work/moveit2_handeye_calib/install/robot_virtual_fence/share/colcon-core/packages/robot_virtual_fence)
[0.757s] Level 1:colcon.colcon_core.environment:create_environment_scripts_only(robot_interfaces)
[0.757s] Level 1:colcon.colcon_core.environment:checking '/home/w/work/moveit2_handeye_calib/install/robot_interfaces' for CMake module files
[0.758s] Level 1:colcon.colcon_core.environment:checking '/home/w/work/moveit2_handeye_calib/install/robot_interfaces' for CMake config files
[0.758s] DEBUG:colcon.colcon_core.event_handler.log_command:Invoked command in '/home/w/work/moveit2_handeye_calib/build/robot_interfaces' returned '0': CMAKE_PREFIX_PATH=${CMAKE_PREFIX_PATH}:/opt/ros/humble /usr/bin/cmake --install /home/w/work/moveit2_handeye_calib/build/robot_interfaces
[0.758s] Level 1:colcon.colcon_core.shell:create_environment_hook('robot_interfaces', 'cmake_prefix_path')
[0.758s] INFO:colcon.colcon_core.shell:Creating environment hook '/home/w/work/moveit2_handeye_calib/install/robot_interfaces/share/robot_interfaces/hook/cmake_prefix_path.ps1'
[0.759s] INFO:colcon.colcon_core.shell:Creating environment descriptor '/home/w/work/moveit2_handeye_calib/install/robot_interfaces/share/robot_interfaces/hook/cmake_prefix_path.dsv'
[0.759s] INFO:colcon.colcon_core.shell:Creating environment hook '/home/w/work/moveit2_handeye_calib/install/robot_interfaces/share/robot_interfaces/hook/cmake_prefix_path.sh'
[0.759s] Level 1:colcon.colcon_core.environment:checking '/home/w/work/moveit2_handeye_calib/install/robot_interfaces/lib'
[0.759s] Level 1:colcon.colcon_core.shell:create_environment_hook('robot_interfaces', 'ld_library_path_lib')
[0.759s] INFO:colcon.colcon_core.shell:Creating environment hook '/home/w/work/moveit2_handeye_calib/install/robot_interfaces/share/robot_interfaces/hook/ld_library_path_lib.ps1'
[0.759s] INFO:colcon.colcon_core.shell:Creating environment descriptor '/home/w/work/moveit2_handeye_calib/install/robot_interfaces/share/robot_interfaces/hook/ld_library_path_lib.dsv'
[0.759s] INFO:colcon.colcon_core.shell:Creating environment hook '/home/w/work/moveit2_handeye_calib/install/robot_interfaces/share/robot_interfaces/hook/ld_library_path_lib.sh'
[0.760s] Level 1:colcon.colcon_core.environment:checking '/home/w/work/moveit2_handeye_calib/install/robot_interfaces/bin'
[0.760s] Level 1:colcon.colcon_core.environment:checking '/home/w/work/moveit2_handeye_calib/install/robot_interfaces/lib/pkgconfig/robot_interfaces.pc'
[0.760s] Level 1:colcon.colcon_core.environment:checking '/home/w/work/moveit2_handeye_calib/install/robot_interfaces/lib/python3.10/site-packages'
[0.760s] Level 1:colcon.colcon_core.environment:checking '/home/w/work/moveit2_handeye_calib/install/robot_interfaces/bin'
[0.760s] INFO:colcon.colcon_core.shell:Creating package script '/home/w/work/moveit2_handeye_calib/install/robot_interfaces/share/robot_interfaces/package.ps1'
[0.760s] INFO:colcon.colcon_core.shell:Creating package descriptor '/home/w/work/moveit2_handeye_calib/install/robot_interfaces/share/robot_interfaces/package.dsv'
[0.761s] INFO:colcon.colcon_core.shell:Creating package script '/home/w/work/moveit2_handeye_calib/install/robot_interfaces/share/robot_interfaces/package.sh'
[0.761s] INFO:colcon.colcon_core.shell:Creating package script '/home/w/work/moveit2_handeye_calib/install/robot_interfaces/share/robot_interfaces/package.bash'
[0.761s] INFO:colcon.colcon_core.shell:Creating package script '/home/w/work/moveit2_handeye_calib/install/robot_interfaces/share/robot_interfaces/package.zsh'
[0.761s] Level 1:colcon.colcon_core.environment:create_file_with_runtime_dependencies(/home/w/work/moveit2_handeye_calib/install/robot_interfaces/share/colcon-core/packages/robot_interfaces)
[0.761s] Level 1:colcon.colcon_core.environment:create_environment_scripts_only(robot_interfaces)
[0.762s] Level 1:colcon.colcon_core.environment:checking '/home/w/work/moveit2_handeye_calib/install/robot_interfaces' for CMake module files
[0.762s] Level 1:colcon.colcon_core.environment:checking '/home/w/work/moveit2_handeye_calib/install/robot_interfaces' for CMake config files
[0.762s] Level 1:colcon.colcon_core.shell:create_environment_hook('robot_interfaces', 'cmake_prefix_path')
[0.762s] INFO:colcon.colcon_core.shell:Creating environment hook '/home/w/work/moveit2_handeye_calib/install/robot_interfaces/share/robot_interfaces/hook/cmake_prefix_path.ps1'
[0.762s] INFO:colcon.colcon_core.shell:Creating environment descriptor '/home/w/work/moveit2_handeye_calib/install/robot_interfaces/share/robot_interfaces/hook/cmake_prefix_path.dsv'
[0.763s] INFO:colcon.colcon_core.shell:Creating environment hook '/home/w/work/moveit2_handeye_calib/install/robot_interfaces/share/robot_interfaces/hook/cmake_prefix_path.sh'
[0.763s] Level 1:colcon.colcon_core.environment:checking '/home/w/work/moveit2_handeye_calib/install/robot_interfaces/lib'
[0.763s] Level 1:colcon.colcon_core.shell:create_environment_hook('robot_interfaces', 'ld_library_path_lib')
[0.763s] INFO:colcon.colcon_core.shell:Creating environment hook '/home/w/work/moveit2_handeye_calib/install/robot_interfaces/share/robot_interfaces/hook/ld_library_path_lib.ps1'
[0.763s] INFO:colcon.colcon_core.shell:Creating environment descriptor '/home/w/work/moveit2_handeye_calib/install/robot_interfaces/share/robot_interfaces/hook/ld_library_path_lib.dsv'
[0.763s] INFO:colcon.colcon_core.shell:Creating environment hook '/home/w/work/moveit2_handeye_calib/install/robot_interfaces/share/robot_interfaces/hook/ld_library_path_lib.sh'
[0.763s] Level 1:colcon.colcon_core.environment:checking '/home/w/work/moveit2_handeye_calib/install/robot_interfaces/bin'
[0.764s] Level 1:colcon.colcon_core.environment:checking '/home/w/work/moveit2_handeye_calib/install/robot_interfaces/lib/pkgconfig/robot_interfaces.pc'
[0.764s] Level 1:colcon.colcon_core.environment:checking '/home/w/work/moveit2_handeye_calib/install/robot_interfaces/lib/python3.10/site-packages'
[0.764s] Level 1:colcon.colcon_core.environment:checking '/home/w/work/moveit2_handeye_calib/install/robot_interfaces/bin'
[0.764s] INFO:colcon.colcon_core.shell:Creating package script '/home/w/work/moveit2_handeye_calib/install/robot_interfaces/share/robot_interfaces/package.ps1'
[0.764s] INFO:colcon.colcon_core.shell:Creating package descriptor '/home/w/work/moveit2_handeye_calib/install/robot_interfaces/share/robot_interfaces/package.dsv'
[0.765s] INFO:colcon.colcon_core.shell:Creating package script '/home/w/work/moveit2_handeye_calib/install/robot_interfaces/share/robot_interfaces/package.sh'
[0.765s] INFO:colcon.colcon_core.shell:Creating package script '/home/w/work/moveit2_handeye_calib/install/robot_interfaces/share/robot_interfaces/package.bash'
[0.765s] INFO:colcon.colcon_core.shell:Creating package script '/home/w/work/moveit2_handeye_calib/install/robot_interfaces/share/robot_interfaces/package.zsh'
[0.765s] Level 1:colcon.colcon_core.environment:create_file_with_runtime_dependencies(/home/w/work/moveit2_handeye_calib/install/robot_interfaces/share/colcon-core/packages/robot_interfaces)
[0.766s] INFO:colcon.colcon_ros.task.ament_cmake.build:Building ROS package in '/home/w/work/moveit2_handeye_calib/TG620/ros2_socketcan/ros2_socketcan' with build type 'ament_cmake'
[0.766s] INFO:colcon.colcon_cmake.task.cmake.build:Building CMake package in '/home/w/work/moveit2_handeye_calib/TG620/ros2_socketcan/ros2_socketcan'
[0.766s] INFO:colcon.colcon_core.shell:Skip shell extension 'powershell' for command environment: Not usable outside of PowerShell
[0.766s] DEBUG:colcon.colcon_core.shell:Skip shell extension 'dsv' for command environment
[0.768s] INFO:colcon.colcon_ros.task.ament_cmake.build:Building ROS package in '/home/w/work/moveit2_handeye_calib/TG620/motor_control_logger' with build type 'ament_cmake'
[0.768s] INFO:colcon.colcon_cmake.task.cmake.build:Building CMake package in '/home/w/work/moveit2_handeye_calib/TG620/motor_control_logger'
[0.768s] INFO:colcon.colcon_core.shell:Skip shell extension 'powershell' for command environment: Not usable outside of PowerShell
[0.768s] DEBUG:colcon.colcon_core.shell:Skip shell extension 'dsv' for command environment
[0.770s] INFO:colcon.colcon_ros.task.ament_cmake.build:Building ROS package in '/home/w/work/moveit2_handeye_calib/TG620/robot_control' with build type 'ament_cmake'
[0.770s] INFO:colcon.colcon_cmake.task.cmake.build:Building CMake package in '/home/w/work/moveit2_handeye_calib/TG620/robot_control'
[0.770s] INFO:colcon.colcon_core.shell:Skip shell extension 'powershell' for command environment: Not usable outside of PowerShell
[0.770s] DEBUG:colcon.colcon_core.shell:Skip shell extension 'dsv' for command environment
[0.772s] INFO:colcon.colcon_ros.task.ament_python.build:Building ROS package in '/home/w/work/moveit2_handeye_calib/TG620/robot_input' with build type 'ament_python'
[0.772s] Level 1:colcon.colcon_core.shell:create_environment_hook('robot_input', 'ament_prefix_path')
[0.772s] INFO:colcon.colcon_core.shell:Creating environment hook '/home/w/work/moveit2_handeye_calib/install/robot_input/share/robot_input/hook/ament_prefix_path.ps1'
[0.772s] INFO:colcon.colcon_core.shell:Creating environment descriptor '/home/w/work/moveit2_handeye_calib/install/robot_input/share/robot_input/hook/ament_prefix_path.dsv'
[0.772s] INFO:colcon.colcon_core.shell:Creating environment hook '/home/w/work/moveit2_handeye_calib/install/robot_input/share/robot_input/hook/ament_prefix_path.sh'
[0.772s] INFO:colcon.colcon_core.shell:Skip shell extension 'powershell' for command environment: Not usable outside of PowerShell
[0.772s] DEBUG:colcon.colcon_core.shell:Skip shell extension 'dsv' for command environment
[0.774s] INFO:colcon.colcon_ros.task.ament_cmake.build:Building ROS package in '/home/w/work/moveit2_handeye_calib/TG620/robot_sdk' with build type 'ament_cmake'
[0.774s] INFO:colcon.colcon_cmake.task.cmake.build:Building CMake package in '/home/w/work/moveit2_handeye_calib/TG620/robot_sdk'
[0.775s] INFO:colcon.colcon_core.shell:Skip shell extension 'powershell' for command environment: Not usable outside of PowerShell
[0.775s] DEBUG:colcon.colcon_core.shell:Skip shell extension 'dsv' for command environment
[0.776s] INFO:colcon.colcon_ros.task.ament_python.build:Building ROS package in '/home/w/work/moveit2_handeye_calib/TG620/robot_test_py' with build type 'ament_python'
[0.776s] Level 1:colcon.colcon_core.shell:create_environment_hook('robot_test_py', 'ament_prefix_path')
[0.776s] INFO:colcon.colcon_core.shell:Creating environment hook '/home/w/work/moveit2_handeye_calib/install/robot_test_py/share/robot_test_py/hook/ament_prefix_path.ps1'
[0.777s] INFO:colcon.colcon_core.shell:Creating environment descriptor '/home/w/work/moveit2_handeye_calib/install/robot_test_py/share/robot_test_py/hook/ament_prefix_path.dsv'
[0.777s] INFO:colcon.colcon_core.shell:Creating environment hook '/home/w/work/moveit2_handeye_calib/install/robot_test_py/share/robot_test_py/hook/ament_prefix_path.sh'
[0.777s] INFO:colcon.colcon_core.shell:Skip shell extension 'powershell' for command environment: Not usable outside of PowerShell
[0.777s] DEBUG:colcon.colcon_core.shell:Skip shell extension 'dsv' for command environment
[0.780s] DEBUG:colcon.colcon_core.event_handler.log_command:Invoking command in '/home/w/work/moveit2_handeye_calib/build/arm380_config': AMENT_PREFIX_PATH=/home/w/work/moveit2_handeye_calib/install/robot_description:${AMENT_PREFIX_PATH} CMAKE_PREFIX_PATH=/home/w/work/moveit2_handeye_calib/install/robot_description:/home/w/work/trac_ik_ws/install/trac_ik:/home/w/work/trac_ik_ws/install/trac_ik_examples:/home/w/work/trac_ik_ws/install/trac_ik_lib:/opt/ros/humble /usr/bin/cmake --build /home/w/work/moveit2_handeye_calib/build/arm380_config -- -j28 -l28
[0.782s] DEBUG:colcon.colcon_core.event_handler.log_command:Invoking command in '/home/w/work/moveit2_handeye_calib/build/arm620_config': AMENT_PREFIX_PATH=/home/w/work/moveit2_handeye_calib/install/robot_description:${AMENT_PREFIX_PATH} CMAKE_PREFIX_PATH=/home/w/work/moveit2_handeye_calib/install/robot_description:/home/w/work/trac_ik_ws/install/trac_ik:/home/w/work/trac_ik_ws/install/trac_ik_examples:/home/w/work/trac_ik_ws/install/trac_ik_lib:/opt/ros/humble /usr/bin/cmake --build /home/w/work/moveit2_handeye_calib/build/arm620_config -- -j28 -l28
[0.784s] DEBUG:colcon.colcon_core.event_handler.log_command:Invoking command in '/home/w/work/moveit2_handeye_calib/build/arm620_dh_config': AMENT_PREFIX_PATH=/home/w/work/moveit2_handeye_calib/install/robot_description:${AMENT_PREFIX_PATH} CMAKE_PREFIX_PATH=/home/w/work/moveit2_handeye_calib/install/robot_description:/home/w/work/trac_ik_ws/install/trac_ik:/home/w/work/trac_ik_ws/install/trac_ik_examples:/home/w/work/trac_ik_ws/install/trac_ik_lib:/opt/ros/humble /usr/bin/cmake --build /home/w/work/moveit2_handeye_calib/build/arm620_dh_config -- -j28 -l28
[0.786s] DEBUG:colcon.colcon_core.event_handler.log_command:Invoking command in '/home/w/work/moveit2_handeye_calib/build/moveit_calibration_gui': AMENT_PREFIX_PATH=/home/w/work/moveit2_handeye_calib/install/moveit_calibration_plugins:${AMENT_PREFIX_PATH} CMAKE_PREFIX_PATH=/home/w/work/moveit2_handeye_calib/install/moveit_calibration_plugins:/home/w/work/trac_ik_ws/install/trac_ik:/home/w/work/trac_ik_ws/install/trac_ik_examples:/home/w/work/trac_ik_ws/install/trac_ik_lib:/opt/ros/humble LD_LIBRARY_PATH=/home/w/work/moveit2_handeye_calib/install/moveit_calibration_plugins/lib:${LD_LIBRARY_PATH} /usr/bin/cmake /home/w/work/moveit2_handeye_calib/moveit2_calibration/moveit_calibration_gui -DCMAKE_INSTALL_PREFIX=/home/w/work/moveit2_handeye_calib/install/moveit_calibration_gui
[0.787s] DEBUG:colcon.colcon_core.event_handler.log_command:Invoking command in '/home/w/work/moveit2_handeye_calib/build/ros2_socketcan': AMENT_PREFIX_PATH=/home/w/work/moveit2_handeye_calib/install/ros2_socketcan_msgs:${AMENT_PREFIX_PATH} CMAKE_PREFIX_PATH=/home/w/work/moveit2_handeye_calib/install/ros2_socketcan_msgs:/home/w/work/trac_ik_ws/install/trac_ik:/home/w/work/trac_ik_ws/install/trac_ik_examples:/home/w/work/trac_ik_ws/install/trac_ik_lib:/opt/ros/humble LD_LIBRARY_PATH=/home/w/work/moveit2_handeye_calib/install/ros2_socketcan_msgs/lib:${LD_LIBRARY_PATH} PYTHONPATH=/home/w/work/moveit2_handeye_calib/install/ros2_socketcan_msgs/local/lib/python3.10/dist-packages:${PYTHONPATH} /usr/bin/cmake --build /home/w/work/moveit2_handeye_calib/build/ros2_socketcan -- -j28 -l28
[0.788s] DEBUG:colcon.colcon_core.event_handler.log_command:Invoking command in '/home/w/work/moveit2_handeye_calib/build/motor_control_logger': AMENT_PREFIX_PATH=/home/w/work/moveit2_handeye_calib/install/robot_interfaces:${AMENT_PREFIX_PATH} CMAKE_PREFIX_PATH=/home/w/work/moveit2_handeye_calib/install/robot_interfaces:/home/w/work/trac_ik_ws/install/trac_ik:/home/w/work/trac_ik_ws/install/trac_ik_examples:/home/w/work/trac_ik_ws/install/trac_ik_lib:/opt/ros/humble LD_LIBRARY_PATH=/home/w/work/moveit2_handeye_calib/install/robot_interfaces/lib:${LD_LIBRARY_PATH} PYTHONPATH=/home/w/work/moveit2_handeye_calib/install/robot_interfaces/local/lib/python3.10/dist-packages:${PYTHONPATH} /usr/bin/cmake --build /home/w/work/moveit2_handeye_calib/build/motor_control_logger -- -j28 -l28
[0.790s] DEBUG:colcon.colcon_core.event_handler.log_command:Invoking command in '/home/w/work/moveit2_handeye_calib/build/robot_control': AMENT_PREFIX_PATH=/home/w/work/moveit2_handeye_calib/install/robot_interfaces:${AMENT_PREFIX_PATH} CMAKE_PREFIX_PATH=/home/w/work/moveit2_handeye_calib/install/robot_interfaces:/home/w/work/trac_ik_ws/install/trac_ik:/home/w/work/trac_ik_ws/install/trac_ik_examples:/home/w/work/trac_ik_ws/install/trac_ik_lib:/opt/ros/humble LD_LIBRARY_PATH=/home/w/work/moveit2_handeye_calib/install/robot_interfaces/lib:${LD_LIBRARY_PATH} PYTHONPATH=/home/w/work/moveit2_handeye_calib/install/robot_interfaces/local/lib/python3.10/dist-packages:${PYTHONPATH} /usr/bin/cmake --build /home/w/work/moveit2_handeye_calib/build/robot_control -- -j28 -l28
[0.945s] INFO:colcon.colcon_core.task.python.build:Building Python package in '/home/w/work/moveit2_handeye_calib/TG620/robot_input'
[0.945s] INFO:colcon.colcon_core.shell:Skip shell extension 'powershell' for command environment: Not usable outside of PowerShell
[0.945s] DEBUG:colcon.colcon_core.shell:Skip shell extension 'dsv' for command environment
[0.950s] DEBUG:colcon.colcon_core.event_handler.log_command:Invoking command in '/home/w/work/moveit2_handeye_calib/build/robot_sdk': AMENT_PREFIX_PATH=/home/w/work/moveit2_handeye_calib/install/robot_interfaces:${AMENT_PREFIX_PATH} CMAKE_PREFIX_PATH=/home/w/work/moveit2_handeye_calib/install/robot_interfaces:/home/w/work/trac_ik_ws/install/trac_ik:/home/w/work/trac_ik_ws/install/trac_ik_examples:/home/w/work/trac_ik_ws/install/trac_ik_lib:/opt/ros/humble LD_LIBRARY_PATH=/home/w/work/moveit2_handeye_calib/install/robot_interfaces/lib:${LD_LIBRARY_PATH} PYTHONPATH=/home/w/work/moveit2_handeye_calib/install/robot_interfaces/local/lib/python3.10/dist-packages:${PYTHONPATH} /usr/bin/cmake --build /home/w/work/moveit2_handeye_calib/build/robot_sdk -- -j28 -l28
[1.102s] INFO:colcon.colcon_core.task.python.build:Building Python package in '/home/w/work/moveit2_handeye_calib/TG620/robot_test_py'
[1.102s] INFO:colcon.colcon_core.shell:Skip shell extension 'powershell' for command environment: Not usable outside of PowerShell
[1.102s] DEBUG:colcon.colcon_core.shell:Skip shell extension 'dsv' for command environment
[1.109s] DEBUG:colcon.colcon_core.event_handler.log_command:Invoked command in '/home/w/work/moveit2_handeye_calib/build/arm380_config' returned '0': AMENT_PREFIX_PATH=/home/w/work/moveit2_handeye_calib/install/robot_description:${AMENT_PREFIX_PATH} CMAKE_PREFIX_PATH=/home/w/work/moveit2_handeye_calib/install/robot_description:/home/w/work/trac_ik_ws/install/trac_ik:/home/w/work/trac_ik_ws/install/trac_ik_examples:/home/w/work/trac_ik_ws/install/trac_ik_lib:/opt/ros/humble /usr/bin/cmake --build /home/w/work/moveit2_handeye_calib/build/arm380_config -- -j28 -l28
[1.110s] DEBUG:colcon.colcon_core.event_handler.log_command:Invoking command in '/home/w/work/moveit2_handeye_calib/build/arm380_config': AMENT_PREFIX_PATH=/home/w/work/moveit2_handeye_calib/install/robot_description:${AMENT_PREFIX_PATH} CMAKE_PREFIX_PATH=/home/w/work/moveit2_handeye_calib/install/robot_description:/home/w/work/trac_ik_ws/install/trac_ik:/home/w/work/trac_ik_ws/install/trac_ik_examples:/home/w/work/trac_ik_ws/install/trac_ik_lib:/opt/ros/humble /usr/bin/cmake --install /home/w/work/moveit2_handeye_calib/build/arm380_config
[1.111s] DEBUG:colcon.colcon_core.event_handler.log_command:Invoked command in '/home/w/work/moveit2_handeye_calib/build/arm620_dh_config' returned '0': AMENT_PREFIX_PATH=/home/w/work/moveit2_handeye_calib/install/robot_description:${AMENT_PREFIX_PATH} CMAKE_PREFIX_PATH=/home/w/work/moveit2_handeye_calib/install/robot_description:/home/w/work/trac_ik_ws/install/trac_ik:/home/w/work/trac_ik_ws/install/trac_ik_examples:/home/w/work/trac_ik_ws/install/trac_ik_lib:/opt/ros/humble /usr/bin/cmake --build /home/w/work/moveit2_handeye_calib/build/arm620_dh_config -- -j28 -l28
[1.111s] DEBUG:colcon.colcon_core.event_handler.log_command:Invoking command in '/home/w/work/moveit2_handeye_calib/build/arm620_dh_config': AMENT_PREFIX_PATH=/home/w/work/moveit2_handeye_calib/install/robot_description:${AMENT_PREFIX_PATH} CMAKE_PREFIX_PATH=/home/w/work/moveit2_handeye_calib/install/robot_description:/home/w/work/trac_ik_ws/install/trac_ik:/home/w/work/trac_ik_ws/install/trac_ik_examples:/home/w/work/trac_ik_ws/install/trac_ik_lib:/opt/ros/humble /usr/bin/cmake --install /home/w/work/moveit2_handeye_calib/build/arm620_dh_config
[1.112s] DEBUG:colcon.colcon_core.event_handler.log_command:Invoked command in '/home/w/work/moveit2_handeye_calib/build/arm620_config' returned '0': AMENT_PREFIX_PATH=/home/w/work/moveit2_handeye_calib/install/robot_description:${AMENT_PREFIX_PATH} CMAKE_PREFIX_PATH=/home/w/work/moveit2_handeye_calib/install/robot_description:/home/w/work/trac_ik_ws/install/trac_ik:/home/w/work/trac_ik_ws/install/trac_ik_examples:/home/w/work/trac_ik_ws/install/trac_ik_lib:/opt/ros/humble /usr/bin/cmake --build /home/w/work/moveit2_handeye_calib/build/arm620_config -- -j28 -l28
[1.112s] DEBUG:colcon.colcon_core.event_handler.log_command:Invoking command in '/home/w/work/moveit2_handeye_calib/build/arm620_config': AMENT_PREFIX_PATH=/home/w/work/moveit2_handeye_calib/install/robot_description:${AMENT_PREFIX_PATH} CMAKE_PREFIX_PATH=/home/w/work/moveit2_handeye_calib/install/robot_description:/home/w/work/trac_ik_ws/install/trac_ik:/home/w/work/trac_ik_ws/install/trac_ik_examples:/home/w/work/trac_ik_ws/install/trac_ik_lib:/opt/ros/humble /usr/bin/cmake --install /home/w/work/moveit2_handeye_calib/build/arm620_config
[1.113s] DEBUG:colcon.colcon_core.event_handler.log_command:Invoked command in '/home/w/work/moveit2_handeye_calib/build/motor_control_logger' returned '0': AMENT_PREFIX_PATH=/home/w/work/moveit2_handeye_calib/install/robot_interfaces:${AMENT_PREFIX_PATH} CMAKE_PREFIX_PATH=/home/w/work/moveit2_handeye_calib/install/robot_interfaces:/home/w/work/trac_ik_ws/install/trac_ik:/home/w/work/trac_ik_ws/install/trac_ik_examples:/home/w/work/trac_ik_ws/install/trac_ik_lib:/opt/ros/humble LD_LIBRARY_PATH=/home/w/work/moveit2_handeye_calib/install/robot_interfaces/lib:${LD_LIBRARY_PATH} PYTHONPATH=/home/w/work/moveit2_handeye_calib/install/robot_interfaces/local/lib/python3.10/dist-packages:${PYTHONPATH} /usr/bin/cmake --build /home/w/work/moveit2_handeye_calib/build/motor_control_logger -- -j28 -l28
[1.113s] DEBUG:colcon.colcon_core.event_handler.log_command:Invoking command in '/home/w/work/moveit2_handeye_calib/build/motor_control_logger': AMENT_PREFIX_PATH=/home/w/work/moveit2_handeye_calib/install/robot_interfaces:${AMENT_PREFIX_PATH} CMAKE_PREFIX_PATH=/home/w/work/moveit2_handeye_calib/install/robot_interfaces:/home/w/work/trac_ik_ws/install/trac_ik:/home/w/work/trac_ik_ws/install/trac_ik_examples:/home/w/work/trac_ik_ws/install/trac_ik_lib:/opt/ros/humble LD_LIBRARY_PATH=/home/w/work/moveit2_handeye_calib/install/robot_interfaces/lib:${LD_LIBRARY_PATH} PYTHONPATH=/home/w/work/moveit2_handeye_calib/install/robot_interfaces/local/lib/python3.10/dist-packages:${PYTHONPATH} /usr/bin/cmake --install /home/w/work/moveit2_handeye_calib/build/motor_control_logger
[1.114s] DEBUG:colcon.colcon_core.event_handler.log_command:Invoked command in '/home/w/work/moveit2_handeye_calib/build/ros2_socketcan' returned '0': AMENT_PREFIX_PATH=/home/w/work/moveit2_handeye_calib/install/ros2_socketcan_msgs:${AMENT_PREFIX_PATH} CMAKE_PREFIX_PATH=/home/w/work/moveit2_handeye_calib/install/ros2_socketcan_msgs:/home/w/work/trac_ik_ws/install/trac_ik:/home/w/work/trac_ik_ws/install/trac_ik_examples:/home/w/work/trac_ik_ws/install/trac_ik_lib:/opt/ros/humble LD_LIBRARY_PATH=/home/w/work/moveit2_handeye_calib/install/ros2_socketcan_msgs/lib:${LD_LIBRARY_PATH} PYTHONPATH=/home/w/work/moveit2_handeye_calib/install/ros2_socketcan_msgs/local/lib/python3.10/dist-packages:${PYTHONPATH} /usr/bin/cmake --build /home/w/work/moveit2_handeye_calib/build/ros2_socketcan -- -j28 -l28
[1.115s] DEBUG:colcon.colcon_core.event_handler.log_command:Invoking command in '/home/w/work/moveit2_handeye_calib/build/ros2_socketcan': AMENT_PREFIX_PATH=/home/w/work/moveit2_handeye_calib/install/ros2_socketcan_msgs:${AMENT_PREFIX_PATH} CMAKE_PREFIX_PATH=/home/w/work/moveit2_handeye_calib/install/ros2_socketcan_msgs:/home/w/work/trac_ik_ws/install/trac_ik:/home/w/work/trac_ik_ws/install/trac_ik_examples:/home/w/work/trac_ik_ws/install/trac_ik_lib:/opt/ros/humble LD_LIBRARY_PATH=/home/w/work/moveit2_handeye_calib/install/ros2_socketcan_msgs/lib:${LD_LIBRARY_PATH} PYTHONPATH=/home/w/work/moveit2_handeye_calib/install/ros2_socketcan_msgs/local/lib/python3.10/dist-packages:${PYTHONPATH} /usr/bin/cmake --install /home/w/work/moveit2_handeye_calib/build/ros2_socketcan
[1.115s] DEBUG:colcon.colcon_core.event_handler.log_command:Invoked command in '/home/w/work/moveit2_handeye_calib/build/robot_control' returned '0': AMENT_PREFIX_PATH=/home/w/work/moveit2_handeye_calib/install/robot_interfaces:${AMENT_PREFIX_PATH} CMAKE_PREFIX_PATH=/home/w/work/moveit2_handeye_calib/install/robot_interfaces:/home/w/work/trac_ik_ws/install/trac_ik:/home/w/work/trac_ik_ws/install/trac_ik_examples:/home/w/work/trac_ik_ws/install/trac_ik_lib:/opt/ros/humble LD_LIBRARY_PATH=/home/w/work/moveit2_handeye_calib/install/robot_interfaces/lib:${LD_LIBRARY_PATH} PYTHONPATH=/home/w/work/moveit2_handeye_calib/install/robot_interfaces/local/lib/python3.10/dist-packages:${PYTHONPATH} /usr/bin/cmake --build /home/w/work/moveit2_handeye_calib/build/robot_control -- -j28 -l28
[1.116s] DEBUG:colcon.colcon_core.event_handler.log_command:Invoking command in '/home/w/work/moveit2_handeye_calib/build/robot_control': AMENT_PREFIX_PATH=/home/w/work/moveit2_handeye_calib/install/robot_interfaces:${AMENT_PREFIX_PATH} CMAKE_PREFIX_PATH=/home/w/work/moveit2_handeye_calib/install/robot_interfaces:/home/w/work/trac_ik_ws/install/trac_ik:/home/w/work/trac_ik_ws/install/trac_ik_examples:/home/w/work/trac_ik_ws/install/trac_ik_lib:/opt/ros/humble LD_LIBRARY_PATH=/home/w/work/moveit2_handeye_calib/install/robot_interfaces/lib:${LD_LIBRARY_PATH} PYTHONPATH=/home/w/work/moveit2_handeye_calib/install/robot_interfaces/local/lib/python3.10/dist-packages:${PYTHONPATH} /usr/bin/cmake --install /home/w/work/moveit2_handeye_calib/build/robot_control
[1.117s] DEBUG:colcon.colcon_core.event_handler.log_command:Invoked command in '/home/w/work/moveit2_handeye_calib/build/robot_sdk' returned '0': AMENT_PREFIX_PATH=/home/w/work/moveit2_handeye_calib/install/robot_interfaces:${AMENT_PREFIX_PATH} CMAKE_PREFIX_PATH=/home/w/work/moveit2_handeye_calib/install/robot_interfaces:/home/w/work/trac_ik_ws/install/trac_ik:/home/w/work/trac_ik_ws/install/trac_ik_examples:/home/w/work/trac_ik_ws/install/trac_ik_lib:/opt/ros/humble LD_LIBRARY_PATH=/home/w/work/moveit2_handeye_calib/install/robot_interfaces/lib:${LD_LIBRARY_PATH} PYTHONPATH=/home/w/work/moveit2_handeye_calib/install/robot_interfaces/local/lib/python3.10/dist-packages:${PYTHONPATH} /usr/bin/cmake --build /home/w/work/moveit2_handeye_calib/build/robot_sdk -- -j28 -l28
[1.117s] DEBUG:colcon.colcon_core.event_handler.log_command:Invoking command in '/home/w/work/moveit2_handeye_calib/build/robot_sdk': AMENT_PREFIX_PATH=/home/w/work/moveit2_handeye_calib/install/robot_interfaces:${AMENT_PREFIX_PATH} CMAKE_PREFIX_PATH=/home/w/work/moveit2_handeye_calib/install/robot_interfaces:/home/w/work/trac_ik_ws/install/trac_ik:/home/w/work/trac_ik_ws/install/trac_ik_examples:/home/w/work/trac_ik_ws/install/trac_ik_lib:/opt/ros/humble LD_LIBRARY_PATH=/home/w/work/moveit2_handeye_calib/install/robot_interfaces/lib:${LD_LIBRARY_PATH} PYTHONPATH=/home/w/work/moveit2_handeye_calib/install/robot_interfaces/local/lib/python3.10/dist-packages:${PYTHONPATH} /usr/bin/cmake --install /home/w/work/moveit2_handeye_calib/build/robot_sdk
[1.120s] DEBUG:colcon.colcon_core.event_handler.log_command:Invoking command in '/home/w/work/moveit2_handeye_calib/TG620/robot_dynamics': PYTHONPATH=/home/w/work/moveit2_handeye_calib/build/robot_dynamics/prefix_override:/usr/lib/python3/dist-packages/colcon_core/task/python/colcon_distutils_commands:/home/w/work/moveit2_handeye_calib/install/robot_dynamics/lib/python3.10/site-packages:${PYTHONPATH} /usr/bin/python3 -W ignore:setup.py install is deprecated -W ignore:easy_install command is deprecated setup.py egg_info --egg-base ../../build/robot_dynamics build --build-base /home/w/work/moveit2_handeye_calib/build/robot_dynamics/build install --record /home/w/work/moveit2_handeye_calib/build/robot_dynamics/install.log --single-version-externally-managed install_data
[1.122s] DEBUG:colcon.colcon_core.event_handler.log_command:Invoking command in '/home/w/work/moveit2_handeye_calib/TG620/traj_smoother_py': PYTHONPATH=/home/w/work/moveit2_handeye_calib/build/traj_smoother_py/prefix_override:/usr/lib/python3/dist-packages/colcon_core/task/python/colcon_distutils_commands:/home/w/work/moveit2_handeye_calib/install/traj_smoother_py/lib/python3.10/site-packages:${PYTHONPATH} /usr/bin/python3 -W ignore:setup.py install is deprecated -W ignore:easy_install command is deprecated setup.py egg_info --egg-base ../../build/traj_smoother_py build --build-base /home/w/work/moveit2_handeye_calib/build/traj_smoother_py/build install --record /home/w/work/moveit2_handeye_calib/build/traj_smoother_py/install.log --single-version-externally-managed install_data
[1.134s] Level 1:colcon.colcon_core.environment:create_environment_scripts_only(arm380_config)
[1.134s] Level 1:colcon.colcon_core.environment:checking '/home/w/work/moveit2_handeye_calib/install/arm380_config' for CMake module files
[1.135s] DEBUG:colcon.colcon_core.event_handler.log_command:Invoked command in '/home/w/work/moveit2_handeye_calib/build/arm380_config' returned '0': AMENT_PREFIX_PATH=/home/w/work/moveit2_handeye_calib/install/robot_description:${AMENT_PREFIX_PATH} CMAKE_PREFIX_PATH=/home/w/work/moveit2_handeye_calib/install/robot_description:/home/w/work/trac_ik_ws/install/trac_ik:/home/w/work/trac_ik_ws/install/trac_ik_examples:/home/w/work/trac_ik_ws/install/trac_ik_lib:/opt/ros/humble /usr/bin/cmake --install /home/w/work/moveit2_handeye_calib/build/arm380_config
[1.136s] Level 1:colcon.colcon_core.environment:checking '/home/w/work/moveit2_handeye_calib/install/arm380_config' for CMake config files
[1.137s] Level 1:colcon.colcon_core.shell:create_environment_hook('arm380_config', 'cmake_prefix_path')
[1.137s] INFO:colcon.colcon_core.shell:Creating environment hook '/home/w/work/moveit2_handeye_calib/install/arm380_config/share/arm380_config/hook/cmake_prefix_path.ps1'
[1.138s] INFO:colcon.colcon_core.shell:Creating environment descriptor '/home/w/work/moveit2_handeye_calib/install/arm380_config/share/arm380_config/hook/cmake_prefix_path.dsv'
[1.138s] INFO:colcon.colcon_core.shell:Creating environment hook '/home/w/work/moveit2_handeye_calib/install/arm380_config/share/arm380_config/hook/cmake_prefix_path.sh'
[1.138s] Level 1:colcon.colcon_core.environment:checking '/home/w/work/moveit2_handeye_calib/install/arm380_config/bin'
[1.138s] Level 1:colcon.colcon_core.environment:checking '/home/w/work/moveit2_handeye_calib/install/arm380_config/lib/pkgconfig/arm380_config.pc'
[1.138s] Level 1:colcon.colcon_core.environment:checking '/home/w/work/moveit2_handeye_calib/install/arm380_config/lib/python3.10/site-packages'
[1.138s] Level 1:colcon.colcon_core.environment:checking '/home/w/work/moveit2_handeye_calib/install/arm380_config/bin'
[1.139s] INFO:colcon.colcon_core.shell:Creating package script '/home/w/work/moveit2_handeye_calib/install/arm380_config/share/arm380_config/package.ps1'
[1.139s] INFO:colcon.colcon_core.shell:Creating package descriptor '/home/w/work/moveit2_handeye_calib/install/arm380_config/share/arm380_config/package.dsv'
[1.139s] INFO:colcon.colcon_core.shell:Creating package script '/home/w/work/moveit2_handeye_calib/install/arm380_config/share/arm380_config/package.sh'
[1.139s] INFO:colcon.colcon_core.shell:Creating package script '/home/w/work/moveit2_handeye_calib/install/arm380_config/share/arm380_config/package.bash'
[1.140s] INFO:colcon.colcon_core.shell:Creating package script '/home/w/work/moveit2_handeye_calib/install/arm380_config/share/arm380_config/package.zsh'
[1.140s] Level 1:colcon.colcon_core.environment:create_file_with_runtime_dependencies(/home/w/work/moveit2_handeye_calib/install/arm380_config/share/colcon-core/packages/arm380_config)
[1.140s] Level 1:colcon.colcon_core.environment:create_environment_scripts_only(arm380_config)
[1.140s] Level 1:colcon.colcon_core.environment:checking '/home/w/work/moveit2_handeye_calib/install/arm380_config' for CMake module files
[1.140s] Level 1:colcon.colcon_core.environment:checking '/home/w/work/moveit2_handeye_calib/install/arm380_config' for CMake config files
[1.141s] Level 1:colcon.colcon_core.shell:create_environment_hook('arm380_config', 'cmake_prefix_path')
[1.141s] INFO:colcon.colcon_core.shell:Creating environment hook '/home/w/work/moveit2_handeye_calib/install/arm380_config/share/arm380_config/hook/cmake_prefix_path.ps1'
[1.141s] INFO:colcon.colcon_core.shell:Creating environment descriptor '/home/w/work/moveit2_handeye_calib/install/arm380_config/share/arm380_config/hook/cmake_prefix_path.dsv'
[1.141s] INFO:colcon.colcon_core.shell:Creating environment hook '/home/w/work/moveit2_handeye_calib/install/arm380_config/share/arm380_config/hook/cmake_prefix_path.sh'
[1.141s] Level 1:colcon.colcon_core.environment:checking '/home/w/work/moveit2_handeye_calib/install/arm380_config/bin'
[1.141s] Level 1:colcon.colcon_core.environment:checking '/home/w/work/moveit2_handeye_calib/install/arm380_config/lib/pkgconfig/arm380_config.pc'
[1.141s] Level 1:colcon.colcon_core.environment:checking '/home/w/work/moveit2_handeye_calib/install/arm380_config/lib/python3.10/site-packages'
[1.142s] Level 1:colcon.colcon_core.environment:checking '/home/w/work/moveit2_handeye_calib/install/arm380_config/bin'
[1.142s] INFO:colcon.colcon_core.shell:Creating package script '/home/w/work/moveit2_handeye_calib/install/arm380_config/share/arm380_config/package.ps1'
[1.142s] INFO:colcon.colcon_core.shell:Creating package descriptor '/home/w/work/moveit2_handeye_calib/install/arm380_config/share/arm380_config/package.dsv'
[1.142s] INFO:colcon.colcon_core.shell:Creating package script '/home/w/work/moveit2_handeye_calib/install/arm380_config/share/arm380_config/package.sh'
[1.143s] INFO:colcon.colcon_core.shell:Creating package script '/home/w/work/moveit2_handeye_calib/install/arm380_config/share/arm380_config/package.bash'
[1.143s] INFO:colcon.colcon_core.shell:Creating package script '/home/w/work/moveit2_handeye_calib/install/arm380_config/share/arm380_config/package.zsh'
[1.143s] Level 1:colcon.colcon_core.environment:create_file_with_runtime_dependencies(/home/w/work/moveit2_handeye_calib/install/arm380_config/share/colcon-core/packages/arm380_config)
[1.143s] Level 1:colcon.colcon_core.environment:create_environment_scripts_only(arm620_dh_config)
[1.143s] Level 1:colcon.colcon_core.environment:checking '/home/w/work/moveit2_handeye_calib/install/arm620_dh_config' for CMake module files
[1.144s] Level 1:colcon.colcon_core.environment:checking '/home/w/work/moveit2_handeye_calib/install/arm620_dh_config' for CMake config files
[1.144s] Level 1:colcon.colcon_core.shell:create_environment_hook('arm620_dh_config', 'cmake_prefix_path')
[1.144s] INFO:colcon.colcon_core.shell:Creating environment hook '/home/w/work/moveit2_handeye_calib/install/arm620_dh_config/share/arm620_dh_config/hook/cmake_prefix_path.ps1'
[1.145s] DEBUG:colcon.colcon_core.event_handler.log_command:Invoked command in '/home/w/work/moveit2_handeye_calib/build/arm620_dh_config' returned '0': AMENT_PREFIX_PATH=/home/w/work/moveit2_handeye_calib/install/robot_description:${AMENT_PREFIX_PATH} CMAKE_PREFIX_PATH=/home/w/work/moveit2_handeye_calib/install/robot_description:/home/w/work/trac_ik_ws/install/trac_ik:/home/w/work/trac_ik_ws/install/trac_ik_examples:/home/w/work/trac_ik_ws/install/trac_ik_lib:/opt/ros/humble /usr/bin/cmake --install /home/w/work/moveit2_handeye_calib/build/arm620_dh_config
[1.145s] INFO:colcon.colcon_core.shell:Creating environment descriptor '/home/w/work/moveit2_handeye_calib/install/arm620_dh_config/share/arm620_dh_config/hook/cmake_prefix_path.dsv'
[1.145s] INFO:colcon.colcon_core.shell:Creating environment hook '/home/w/work/moveit2_handeye_calib/install/arm620_dh_config/share/arm620_dh_config/hook/cmake_prefix_path.sh'
[1.145s] Level 1:colcon.colcon_core.environment:checking '/home/w/work/moveit2_handeye_calib/install/arm620_dh_config/bin'
[1.145s] Level 1:colcon.colcon_core.environment:checking '/home/w/work/moveit2_handeye_calib/install/arm620_dh_config/lib/pkgconfig/arm620_dh_config.pc'
[1.145s] Level 1:colcon.colcon_core.environment:checking '/home/w/work/moveit2_handeye_calib/install/arm620_dh_config/lib/python3.10/site-packages'
[1.146s] Level 1:colcon.colcon_core.environment:checking '/home/w/work/moveit2_handeye_calib/install/arm620_dh_config/bin'
[1.146s] INFO:colcon.colcon_core.shell:Creating package script '/home/w/work/moveit2_handeye_calib/install/arm620_dh_config/share/arm620_dh_config/package.ps1'
[1.146s] INFO:colcon.colcon_core.shell:Creating package descriptor '/home/w/work/moveit2_handeye_calib/install/arm620_dh_config/share/arm620_dh_config/package.dsv'
[1.146s] INFO:colcon.colcon_core.shell:Creating package script '/home/w/work/moveit2_handeye_calib/install/arm620_dh_config/share/arm620_dh_config/package.sh'
[1.146s] INFO:colcon.colcon_core.shell:Creating package script '/home/w/work/moveit2_handeye_calib/install/arm620_dh_config/share/arm620_dh_config/package.bash'
[1.146s] INFO:colcon.colcon_core.shell:Creating package script '/home/w/work/moveit2_handeye_calib/install/arm620_dh_config/share/arm620_dh_config/package.zsh'
[1.147s] Level 1:colcon.colcon_core.environment:create_file_with_runtime_dependencies(/home/w/work/moveit2_handeye_calib/install/arm620_dh_config/share/colcon-core/packages/arm620_dh_config)
[1.147s] Level 1:colcon.colcon_core.environment:create_environment_scripts_only(arm620_dh_config)
[1.147s] Level 1:colcon.colcon_core.environment:checking '/home/w/work/moveit2_handeye_calib/install/arm620_dh_config' for CMake module files
[1.147s] Level 1:colcon.colcon_core.environment:checking '/home/w/work/moveit2_handeye_calib/install/arm620_dh_config' for CMake config files
[1.147s] Level 1:colcon.colcon_core.shell:create_environment_hook('arm620_dh_config', 'cmake_prefix_path')
[1.148s] INFO:colcon.colcon_core.shell:Creating environment hook '/home/w/work/moveit2_handeye_calib/install/arm620_dh_config/share/arm620_dh_config/hook/cmake_prefix_path.ps1'
[1.148s] INFO:colcon.colcon_core.shell:Creating environment descriptor '/home/w/work/moveit2_handeye_calib/install/arm620_dh_config/share/arm620_dh_config/hook/cmake_prefix_path.dsv'
[1.148s] INFO:colcon.colcon_core.shell:Creating environment hook '/home/w/work/moveit2_handeye_calib/install/arm620_dh_config/share/arm620_dh_config/hook/cmake_prefix_path.sh'
[1.148s] Level 1:colcon.colcon_core.environment:checking '/home/w/work/moveit2_handeye_calib/install/arm620_dh_config/bin'
[1.148s] Level 1:colcon.colcon_core.environment:checking '/home/w/work/moveit2_handeye_calib/install/arm620_dh_config/lib/pkgconfig/arm620_dh_config.pc'
[1.148s] Level 1:colcon.colcon_core.environment:checking '/home/w/work/moveit2_handeye_calib/install/arm620_dh_config/lib/python3.10/site-packages'
[1.148s] Level 1:colcon.colcon_core.environment:checking '/home/w/work/moveit2_handeye_calib/install/arm620_dh_config/bin'
[1.149s] INFO:colcon.colcon_core.shell:Creating package script '/home/w/work/moveit2_handeye_calib/install/arm620_dh_config/share/arm620_dh_config/package.ps1'
[1.149s] INFO:colcon.colcon_core.shell:Creating package descriptor '/home/w/work/moveit2_handeye_calib/install/arm620_dh_config/share/arm620_dh_config/package.dsv'
[1.149s] INFO:colcon.colcon_core.shell:Creating package script '/home/w/work/moveit2_handeye_calib/install/arm620_dh_config/share/arm620_dh_config/package.sh'
[1.149s] INFO:colcon.colcon_core.shell:Creating package script '/home/w/work/moveit2_handeye_calib/install/arm620_dh_config/share/arm620_dh_config/package.bash'
[1.150s] INFO:colcon.colcon_core.shell:Creating package script '/home/w/work/moveit2_handeye_calib/install/arm620_dh_config/share/arm620_dh_config/package.zsh'
[1.150s] Level 1:colcon.colcon_core.environment:create_file_with_runtime_dependencies(/home/w/work/moveit2_handeye_calib/install/arm620_dh_config/share/colcon-core/packages/arm620_dh_config)
[1.150s] Level 1:colcon.colcon_core.environment:create_environment_scripts_only(arm620_config)
[1.150s] Level 1:colcon.colcon_core.environment:checking '/home/w/work/moveit2_handeye_calib/install/arm620_config' for CMake module files
[1.150s] Level 1:colcon.colcon_core.environment:checking '/home/w/work/moveit2_handeye_calib/install/arm620_config' for CMake config files
[1.151s] DEBUG:colcon.colcon_core.event_handler.log_command:Invoked command in '/home/w/work/moveit2_handeye_calib/build/arm620_config' returned '0': AMENT_PREFIX_PATH=/home/w/work/moveit2_handeye_calib/install/robot_description:${AMENT_PREFIX_PATH} CMAKE_PREFIX_PATH=/home/w/work/moveit2_handeye_calib/install/robot_description:/home/w/work/trac_ik_ws/install/trac_ik:/home/w/work/trac_ik_ws/install/trac_ik_examples:/home/w/work/trac_ik_ws/install/trac_ik_lib:/opt/ros/humble /usr/bin/cmake --install /home/w/work/moveit2_handeye_calib/build/arm620_config
[1.151s] Level 1:colcon.colcon_core.shell:create_environment_hook('arm620_config', 'cmake_prefix_path')
[1.151s] INFO:colcon.colcon_core.shell:Creating environment hook '/home/w/work/moveit2_handeye_calib/install/arm620_config/share/arm620_config/hook/cmake_prefix_path.ps1'
[1.151s] INFO:colcon.colcon_core.shell:Creating environment descriptor '/home/w/work/moveit2_handeye_calib/install/arm620_config/share/arm620_config/hook/cmake_prefix_path.dsv'
[1.151s] INFO:colcon.colcon_core.shell:Creating environment hook '/home/w/work/moveit2_handeye_calib/install/arm620_config/share/arm620_config/hook/cmake_prefix_path.sh'
[1.152s] Level 1:colcon.colcon_core.environment:checking '/home/w/work/moveit2_handeye_calib/install/arm620_config/bin'
[1.152s] Level 1:colcon.colcon_core.environment:checking '/home/w/work/moveit2_handeye_calib/install/arm620_config/lib/pkgconfig/arm620_config.pc'
[1.152s] Level 1:colcon.colcon_core.environment:checking '/home/w/work/moveit2_handeye_calib/install/arm620_config/lib/python3.10/site-packages'
[1.152s] Level 1:colcon.colcon_core.environment:checking '/home/w/work/moveit2_handeye_calib/install/arm620_config/bin'
[1.152s] INFO:colcon.colcon_core.shell:Creating package script '/home/w/work/moveit2_handeye_calib/install/arm620_config/share/arm620_config/package.ps1'
[1.152s] INFO:colcon.colcon_core.shell:Creating package descriptor '/home/w/work/moveit2_handeye_calib/install/arm620_config/share/arm620_config/package.dsv'
[1.153s] INFO:colcon.colcon_core.shell:Creating package script '/home/w/work/moveit2_handeye_calib/install/arm620_config/share/arm620_config/package.sh'
[1.153s] INFO:colcon.colcon_core.shell:Creating package script '/home/w/work/moveit2_handeye_calib/install/arm620_config/share/arm620_config/package.bash'
[1.153s] INFO:colcon.colcon_core.shell:Creating package script '/home/w/work/moveit2_handeye_calib/install/arm620_config/share/arm620_config/package.zsh'
[1.153s] Level 1:colcon.colcon_core.environment:create_file_with_runtime_dependencies(/home/w/work/moveit2_handeye_calib/install/arm620_config/share/colcon-core/packages/arm620_config)
[1.153s] Level 1:colcon.colcon_core.environment:create_environment_scripts_only(arm620_config)
[1.153s] Level 1:colcon.colcon_core.environment:checking '/home/w/work/moveit2_handeye_calib/install/arm620_config' for CMake module files
[1.154s] Level 1:colcon.colcon_core.environment:checking '/home/w/work/moveit2_handeye_calib/install/arm620_config' for CMake config files
[1.154s] Level 1:colcon.colcon_core.shell:create_environment_hook('arm620_config', 'cmake_prefix_path')
[1.154s] INFO:colcon.colcon_core.shell:Creating environment hook '/home/w/work/moveit2_handeye_calib/install/arm620_config/share/arm620_config/hook/cmake_prefix_path.ps1'
[1.154s] INFO:colcon.colcon_core.shell:Creating environment descriptor '/home/w/work/moveit2_handeye_calib/install/arm620_config/share/arm620_config/hook/cmake_prefix_path.dsv'
[1.154s] INFO:colcon.colcon_core.shell:Creating environment hook '/home/w/work/moveit2_handeye_calib/install/arm620_config/share/arm620_config/hook/cmake_prefix_path.sh'
[1.155s] Level 1:colcon.colcon_core.environment:checking '/home/w/work/moveit2_handeye_calib/install/arm620_config/bin'
[1.155s] Level 1:colcon.colcon_core.environment:checking '/home/w/work/moveit2_handeye_calib/install/arm620_config/lib/pkgconfig/arm620_config.pc'
[1.155s] Level 1:colcon.colcon_core.environment:checking '/home/w/work/moveit2_handeye_calib/install/arm620_config/lib/python3.10/site-packages'
[1.155s] Level 1:colcon.colcon_core.environment:checking '/home/w/work/moveit2_handeye_calib/install/arm620_config/bin'
[1.155s] INFO:colcon.colcon_core.shell:Creating package script '/home/w/work/moveit2_handeye_calib/install/arm620_config/share/arm620_config/package.ps1'
[1.155s] INFO:colcon.colcon_core.shell:Creating package descriptor '/home/w/work/moveit2_handeye_calib/install/arm620_config/share/arm620_config/package.dsv'
[1.156s] INFO:colcon.colcon_core.shell:Creating package script '/home/w/work/moveit2_handeye_calib/install/arm620_config/share/arm620_config/package.sh'
[1.156s] INFO:colcon.colcon_core.shell:Creating package script '/home/w/work/moveit2_handeye_calib/install/arm620_config/share/arm620_config/package.bash'
[1.156s] INFO:colcon.colcon_core.shell:Creating package script '/home/w/work/moveit2_handeye_calib/install/arm620_config/share/arm620_config/package.zsh'
[1.156s] Level 1:colcon.colcon_core.environment:create_file_with_runtime_dependencies(/home/w/work/moveit2_handeye_calib/install/arm620_config/share/colcon-core/packages/arm620_config)
[1.157s] Level 1:colcon.colcon_core.environment:create_environment_scripts_only(motor_control_logger)
[1.157s] Level 1:colcon.colcon_core.environment:checking '/home/w/work/moveit2_handeye_calib/install/motor_control_logger' for CMake module files
[1.157s] DEBUG:colcon.colcon_core.event_handler.log_command:Invoked command in '/home/w/work/moveit2_handeye_calib/build/motor_control_logger' returned '0': AMENT_PREFIX_PATH=/home/w/work/moveit2_handeye_calib/install/robot_interfaces:${AMENT_PREFIX_PATH} CMAKE_PREFIX_PATH=/home/w/work/moveit2_handeye_calib/install/robot_interfaces:/home/w/work/trac_ik_ws/install/trac_ik:/home/w/work/trac_ik_ws/install/trac_ik_examples:/home/w/work/trac_ik_ws/install/trac_ik_lib:/opt/ros/humble LD_LIBRARY_PATH=/home/w/work/moveit2_handeye_calib/install/robot_interfaces/lib:${LD_LIBRARY_PATH} PYTHONPATH=/home/w/work/moveit2_handeye_calib/install/robot_interfaces/local/lib/python3.10/dist-packages:${PYTHONPATH} /usr/bin/cmake --install /home/w/work/moveit2_handeye_calib/build/motor_control_logger
[1.157s] Level 1:colcon.colcon_core.environment:checking '/home/w/work/moveit2_handeye_calib/install/motor_control_logger' for CMake config files
[1.157s] Level 1:colcon.colcon_core.shell:create_environment_hook('motor_control_logger', 'cmake_prefix_path')
[1.158s] INFO:colcon.colcon_core.shell:Creating environment hook '/home/w/work/moveit2_handeye_calib/install/motor_control_logger/share/motor_control_logger/hook/cmake_prefix_path.ps1'
[1.158s] INFO:colcon.colcon_core.shell:Creating environment descriptor '/home/w/work/moveit2_handeye_calib/install/motor_control_logger/share/motor_control_logger/hook/cmake_prefix_path.dsv'
[1.158s] INFO:colcon.colcon_core.shell:Creating environment hook '/home/w/work/moveit2_handeye_calib/install/motor_control_logger/share/motor_control_logger/hook/cmake_prefix_path.sh'
[1.158s] Level 1:colcon.colcon_core.environment:checking '/home/w/work/moveit2_handeye_calib/install/motor_control_logger/lib'
[1.158s] Level 1:colcon.colcon_core.environment:checking '/home/w/work/moveit2_handeye_calib/install/motor_control_logger/bin'
[1.158s] Level 1:colcon.colcon_core.environment:checking '/home/w/work/moveit2_handeye_calib/install/motor_control_logger/lib/pkgconfig/motor_control_logger.pc'
[1.159s] Level 1:colcon.colcon_core.environment:checking '/home/w/work/moveit2_handeye_calib/install/motor_control_logger/lib/python3.10/site-packages'
[1.159s] Level 1:colcon.colcon_core.environment:checking '/home/w/work/moveit2_handeye_calib/install/motor_control_logger/bin'
[1.159s] INFO:colcon.colcon_core.shell:Creating package script '/home/w/work/moveit2_handeye_calib/install/motor_control_logger/share/motor_control_logger/package.ps1'
[1.159s] INFO:colcon.colcon_core.shell:Creating package descriptor '/home/w/work/moveit2_handeye_calib/install/motor_control_logger/share/motor_control_logger/package.dsv'
[1.159s] INFO:colcon.colcon_core.shell:Creating package script '/home/w/work/moveit2_handeye_calib/install/motor_control_logger/share/motor_control_logger/package.sh'
[1.160s] INFO:colcon.colcon_core.shell:Creating package script '/home/w/work/moveit2_handeye_calib/install/motor_control_logger/share/motor_control_logger/package.bash'
[1.160s] INFO:colcon.colcon_core.shell:Creating package script '/home/w/work/moveit2_handeye_calib/install/motor_control_logger/share/motor_control_logger/package.zsh'
[1.160s] Level 1:colcon.colcon_core.environment:create_file_with_runtime_dependencies(/home/w/work/moveit2_handeye_calib/install/motor_control_logger/share/colcon-core/packages/motor_control_logger)
[1.160s] Level 1:colcon.colcon_core.environment:create_environment_scripts_only(motor_control_logger)
[1.160s] Level 1:colcon.colcon_core.environment:checking '/home/w/work/moveit2_handeye_calib/install/motor_control_logger' for CMake module files
[1.160s] Level 1:colcon.colcon_core.environment:checking '/home/w/work/moveit2_handeye_calib/install/motor_control_logger' for CMake config files
[1.161s] Level 1:colcon.colcon_core.shell:create_environment_hook('motor_control_logger', 'cmake_prefix_path')
[1.161s] INFO:colcon.colcon_core.shell:Creating environment hook '/home/w/work/moveit2_handeye_calib/install/motor_control_logger/share/motor_control_logger/hook/cmake_prefix_path.ps1'
[1.161s] INFO:colcon.colcon_core.shell:Creating environment descriptor '/home/w/work/moveit2_handeye_calib/install/motor_control_logger/share/motor_control_logger/hook/cmake_prefix_path.dsv'
[1.161s] INFO:colcon.colcon_core.shell:Creating environment hook '/home/w/work/moveit2_handeye_calib/install/motor_control_logger/share/motor_control_logger/hook/cmake_prefix_path.sh'
[1.161s] Level 1:colcon.colcon_core.environment:checking '/home/w/work/moveit2_handeye_calib/install/motor_control_logger/lib'
[1.161s] Level 1:colcon.colcon_core.environment:checking '/home/w/work/moveit2_handeye_calib/install/motor_control_logger/bin'
[1.162s] Level 1:colcon.colcon_core.environment:checking '/home/w/work/moveit2_handeye_calib/install/motor_control_logger/lib/pkgconfig/motor_control_logger.pc'
[1.162s] Level 1:colcon.colcon_core.environment:checking '/home/w/work/moveit2_handeye_calib/install/motor_control_logger/lib/python3.10/site-packages'
[1.162s] Level 1:colcon.colcon_core.environment:checking '/home/w/work/moveit2_handeye_calib/install/motor_control_logger/bin'
[1.162s] INFO:colcon.colcon_core.shell:Creating package script '/home/w/work/moveit2_handeye_calib/install/motor_control_logger/share/motor_control_logger/package.ps1'
[1.162s] INFO:colcon.colcon_core.shell:Creating package descriptor '/home/w/work/moveit2_handeye_calib/install/motor_control_logger/share/motor_control_logger/package.dsv'
[1.163s] INFO:colcon.colcon_core.shell:Creating package script '/home/w/work/moveit2_handeye_calib/install/motor_control_logger/share/motor_control_logger/package.sh'
[1.163s] INFO:colcon.colcon_core.shell:Creating package script '/home/w/work/moveit2_handeye_calib/install/motor_control_logger/share/motor_control_logger/package.bash'
[1.163s] INFO:colcon.colcon_core.shell:Creating package script '/home/w/work/moveit2_handeye_calib/install/motor_control_logger/share/motor_control_logger/package.zsh'
[1.163s] Level 1:colcon.colcon_core.environment:create_file_with_runtime_dependencies(/home/w/work/moveit2_handeye_calib/install/motor_control_logger/share/colcon-core/packages/motor_control_logger)
[1.163s] Level 1:colcon.colcon_core.environment:create_environment_scripts_only(robot_control)
[1.164s] Level 1:colcon.colcon_core.environment:checking '/home/w/work/moveit2_handeye_calib/install/robot_control' for CMake module files
[1.164s] DEBUG:colcon.colcon_core.event_handler.log_command:Invoked command in '/home/w/work/moveit2_handeye_calib/build/robot_control' returned '0': AMENT_PREFIX_PATH=/home/w/work/moveit2_handeye_calib/install/robot_interfaces:${AMENT_PREFIX_PATH} CMAKE_PREFIX_PATH=/home/w/work/moveit2_handeye_calib/install/robot_interfaces:/home/w/work/trac_ik_ws/install/trac_ik:/home/w/work/trac_ik_ws/install/trac_ik_examples:/home/w/work/trac_ik_ws/install/trac_ik_lib:/opt/ros/humble LD_LIBRARY_PATH=/home/w/work/moveit2_handeye_calib/install/robot_interfaces/lib:${LD_LIBRARY_PATH} PYTHONPATH=/home/w/work/moveit2_handeye_calib/install/robot_interfaces/local/lib/python3.10/dist-packages:${PYTHONPATH} /usr/bin/cmake --install /home/w/work/moveit2_handeye_calib/build/robot_control
[1.164s] Level 1:colcon.colcon_core.environment:checking '/home/w/work/moveit2_handeye_calib/install/robot_control' for CMake config files
[1.164s] Level 1:colcon.colcon_core.shell:create_environment_hook('robot_control', 'cmake_prefix_path')
[1.164s] INFO:colcon.colcon_core.shell:Creating environment hook '/home/w/work/moveit2_handeye_calib/install/robot_control/share/robot_control/hook/cmake_prefix_path.ps1'
[1.165s] INFO:colcon.colcon_core.shell:Creating environment descriptor '/home/w/work/moveit2_handeye_calib/install/robot_control/share/robot_control/hook/cmake_prefix_path.dsv'
[1.165s] INFO:colcon.colcon_core.shell:Creating environment hook '/home/w/work/moveit2_handeye_calib/install/robot_control/share/robot_control/hook/cmake_prefix_path.sh'
[1.165s] Level 1:colcon.colcon_core.environment:checking '/home/w/work/moveit2_handeye_calib/install/robot_control/lib'
[1.165s] Level 1:colcon.colcon_core.environment:checking '/home/w/work/moveit2_handeye_calib/install/robot_control/bin'
[1.165s] Level 1:colcon.colcon_core.environment:checking '/home/w/work/moveit2_handeye_calib/install/robot_control/lib/pkgconfig/robot_control.pc'
[1.165s] Level 1:colcon.colcon_core.environment:checking '/home/w/work/moveit2_handeye_calib/install/robot_control/lib/python3.10/site-packages'
[1.166s] Level 1:colcon.colcon_core.environment:checking '/home/w/work/moveit2_handeye_calib/install/robot_control/bin'
[1.166s] INFO:colcon.colcon_core.shell:Creating package script '/home/w/work/moveit2_handeye_calib/install/robot_control/share/robot_control/package.ps1'
[1.166s] INFO:colcon.colcon_core.shell:Creating package descriptor '/home/w/work/moveit2_handeye_calib/install/robot_control/share/robot_control/package.dsv'
[1.166s] INFO:colcon.colcon_core.shell:Creating package script '/home/w/work/moveit2_handeye_calib/install/robot_control/share/robot_control/package.sh'
[1.166s] INFO:colcon.colcon_core.shell:Creating package script '/home/w/work/moveit2_handeye_calib/install/robot_control/share/robot_control/package.bash'
[1.166s] INFO:colcon.colcon_core.shell:Creating package script '/home/w/work/moveit2_handeye_calib/install/robot_control/share/robot_control/package.zsh'
[1.167s] Level 1:colcon.colcon_core.environment:create_file_with_runtime_dependencies(/home/w/work/moveit2_handeye_calib/install/robot_control/share/colcon-core/packages/robot_control)
[1.167s] Level 1:colcon.colcon_core.environment:create_environment_scripts_only(robot_control)
[1.167s] Level 1:colcon.colcon_core.environment:checking '/home/w/work/moveit2_handeye_calib/install/robot_control' for CMake module files
[1.167s] Level 1:colcon.colcon_core.environment:checking '/home/w/work/moveit2_handeye_calib/install/robot_control' for CMake config files
[1.167s] Level 1:colcon.colcon_core.shell:create_environment_hook('robot_control', 'cmake_prefix_path')
[1.167s] INFO:colcon.colcon_core.shell:Creating environment hook '/home/w/work/moveit2_handeye_calib/install/robot_control/share/robot_control/hook/cmake_prefix_path.ps1'
[1.168s] INFO:colcon.colcon_core.shell:Creating environment descriptor '/home/w/work/moveit2_handeye_calib/install/robot_control/share/robot_control/hook/cmake_prefix_path.dsv'
[1.168s] INFO:colcon.colcon_core.shell:Creating environment hook '/home/w/work/moveit2_handeye_calib/install/robot_control/share/robot_control/hook/cmake_prefix_path.sh'
[1.168s] Level 1:colcon.colcon_core.environment:checking '/home/w/work/moveit2_handeye_calib/install/robot_control/lib'
[1.168s] Level 1:colcon.colcon_core.environment:checking '/home/w/work/moveit2_handeye_calib/install/robot_control/bin'
[1.168s] Level 1:colcon.colcon_core.environment:checking '/home/w/work/moveit2_handeye_calib/install/robot_control/lib/pkgconfig/robot_control.pc'
[1.168s] Level 1:colcon.colcon_core.environment:checking '/home/w/work/moveit2_handeye_calib/install/robot_control/lib/python3.10/site-packages'
[1.168s] Level 1:colcon.colcon_core.environment:checking '/home/w/work/moveit2_handeye_calib/install/robot_control/bin'
[1.169s] INFO:colcon.colcon_core.shell:Creating package script '/home/w/work/moveit2_handeye_calib/install/robot_control/share/robot_control/package.ps1'
[1.169s] INFO:colcon.colcon_core.shell:Creating package descriptor '/home/w/work/moveit2_handeye_calib/install/robot_control/share/robot_control/package.dsv'
[1.169s] INFO:colcon.colcon_core.shell:Creating package script '/home/w/work/moveit2_handeye_calib/install/robot_control/share/robot_control/package.sh'
[1.169s] INFO:colcon.colcon_core.shell:Creating package script '/home/w/work/moveit2_handeye_calib/install/robot_control/share/robot_control/package.bash'
[1.169s] INFO:colcon.colcon_core.shell:Creating package script '/home/w/work/moveit2_handeye_calib/install/robot_control/share/robot_control/package.zsh'
[1.170s] Level 1:colcon.colcon_core.environment:create_file_with_runtime_dependencies(/home/w/work/moveit2_handeye_calib/install/robot_control/share/colcon-core/packages/robot_control)
[1.170s] Level 1:colcon.colcon_core.environment:create_environment_scripts_only(ros2_socketcan)
[1.170s] Level 1:colcon.colcon_core.environment:checking '/home/w/work/moveit2_handeye_calib/install/ros2_socketcan' for CMake module files
[1.171s] DEBUG:colcon.colcon_core.event_handler.log_command:Invoked command in '/home/w/work/moveit2_handeye_calib/build/ros2_socketcan' returned '0': AMENT_PREFIX_PATH=/home/w/work/moveit2_handeye_calib/install/ros2_socketcan_msgs:${AMENT_PREFIX_PATH} CMAKE_PREFIX_PATH=/home/w/work/moveit2_handeye_calib/install/ros2_socketcan_msgs:/home/w/work/trac_ik_ws/install/trac_ik:/home/w/work/trac_ik_ws/install/trac_ik_examples:/home/w/work/trac_ik_ws/install/trac_ik_lib:/opt/ros/humble LD_LIBRARY_PATH=/home/w/work/moveit2_handeye_calib/install/ros2_socketcan_msgs/lib:${LD_LIBRARY_PATH} PYTHONPATH=/home/w/work/moveit2_handeye_calib/install/ros2_socketcan_msgs/local/lib/python3.10/dist-packages:${PYTHONPATH} /usr/bin/cmake --install /home/w/work/moveit2_handeye_calib/build/ros2_socketcan
[1.171s] Level 1:colcon.colcon_core.environment:checking '/home/w/work/moveit2_handeye_calib/install/ros2_socketcan' for CMake config files
[1.171s] Level 1:colcon.colcon_core.shell:create_environment_hook('ros2_socketcan', 'cmake_prefix_path')
[1.171s] INFO:colcon.colcon_core.shell:Creating environment hook '/home/w/work/moveit2_handeye_calib/install/ros2_socketcan/share/ros2_socketcan/hook/cmake_prefix_path.ps1'
[1.172s] INFO:colcon.colcon_core.shell:Creating environment descriptor '/home/w/work/moveit2_handeye_calib/install/ros2_socketcan/share/ros2_socketcan/hook/cmake_prefix_path.dsv'
[1.172s] INFO:colcon.colcon_core.shell:Creating environment hook '/home/w/work/moveit2_handeye_calib/install/ros2_socketcan/share/ros2_socketcan/hook/cmake_prefix_path.sh'
[1.173s] Level 1:colcon.colcon_core.environment:checking '/home/w/work/moveit2_handeye_calib/install/ros2_socketcan/lib'
[1.173s] Level 1:colcon.colcon_core.shell:create_environment_hook('ros2_socketcan', 'ld_library_path_lib')
[1.173s] INFO:colcon.colcon_core.shell:Creating environment hook '/home/w/work/moveit2_handeye_calib/install/ros2_socketcan/share/ros2_socketcan/hook/ld_library_path_lib.ps1'
[1.173s] INFO:colcon.colcon_core.shell:Creating environment descriptor '/home/w/work/moveit2_handeye_calib/install/ros2_socketcan/share/ros2_socketcan/hook/ld_library_path_lib.dsv'
[1.173s] INFO:colcon.colcon_core.shell:Creating environment hook '/home/w/work/moveit2_handeye_calib/install/ros2_socketcan/share/ros2_socketcan/hook/ld_library_path_lib.sh'
[1.174s] Level 1:colcon.colcon_core.environment:checking '/home/w/work/moveit2_handeye_calib/install/ros2_socketcan/bin'
[1.174s] Level 1:colcon.colcon_core.environment:checking '/home/w/work/moveit2_handeye_calib/install/ros2_socketcan/lib/pkgconfig/ros2_socketcan.pc'
[1.174s] Level 1:colcon.colcon_core.environment:checking '/home/w/work/moveit2_handeye_calib/install/ros2_socketcan/lib/python3.10/site-packages'
[1.174s] Level 1:colcon.colcon_core.environment:checking '/home/w/work/moveit2_handeye_calib/install/ros2_socketcan/bin'
[1.174s] INFO:colcon.colcon_core.shell:Creating package script '/home/w/work/moveit2_handeye_calib/install/ros2_socketcan/share/ros2_socketcan/package.ps1'
[1.175s] INFO:colcon.colcon_core.shell:Creating package descriptor '/home/w/work/moveit2_handeye_calib/install/ros2_socketcan/share/ros2_socketcan/package.dsv'
[1.175s] INFO:colcon.colcon_core.shell:Creating package script '/home/w/work/moveit2_handeye_calib/install/ros2_socketcan/share/ros2_socketcan/package.sh'
[1.175s] INFO:colcon.colcon_core.shell:Creating package script '/home/w/work/moveit2_handeye_calib/install/ros2_socketcan/share/ros2_socketcan/package.bash'
[1.175s] INFO:colcon.colcon_core.shell:Creating package script '/home/w/work/moveit2_handeye_calib/install/ros2_socketcan/share/ros2_socketcan/package.zsh'
[1.176s] Level 1:colcon.colcon_core.environment:create_file_with_runtime_dependencies(/home/w/work/moveit2_handeye_calib/install/ros2_socketcan/share/colcon-core/packages/ros2_socketcan)
[1.176s] Level 1:colcon.colcon_core.environment:create_environment_scripts_only(ros2_socketcan)
[1.176s] Level 1:colcon.colcon_core.environment:checking '/home/w/work/moveit2_handeye_calib/install/ros2_socketcan' for CMake module files
[1.176s] Level 1:colcon.colcon_core.environment:checking '/home/w/work/moveit2_handeye_calib/install/ros2_socketcan' for CMake config files
[1.177s] Level 1:colcon.colcon_core.shell:create_environment_hook('ros2_socketcan', 'cmake_prefix_path')
[1.177s] INFO:colcon.colcon_core.shell:Creating environment hook '/home/w/work/moveit2_handeye_calib/install/ros2_socketcan/share/ros2_socketcan/hook/cmake_prefix_path.ps1'
[1.177s] INFO:colcon.colcon_core.shell:Creating environment descriptor '/home/w/work/moveit2_handeye_calib/install/ros2_socketcan/share/ros2_socketcan/hook/cmake_prefix_path.dsv'
[1.177s] INFO:colcon.colcon_core.shell:Creating environment hook '/home/w/work/moveit2_handeye_calib/install/ros2_socketcan/share/ros2_socketcan/hook/cmake_prefix_path.sh'
[1.177s] Level 1:colcon.colcon_core.environment:checking '/home/w/work/moveit2_handeye_calib/install/ros2_socketcan/lib'
[1.177s] Level 1:colcon.colcon_core.shell:create_environment_hook('ros2_socketcan', 'ld_library_path_lib')
[1.178s] INFO:colcon.colcon_core.shell:Creating environment hook '/home/w/work/moveit2_handeye_calib/install/ros2_socketcan/share/ros2_socketcan/hook/ld_library_path_lib.ps1'
[1.178s] INFO:colcon.colcon_core.shell:Creating environment descriptor '/home/w/work/moveit2_handeye_calib/install/ros2_socketcan/share/ros2_socketcan/hook/ld_library_path_lib.dsv'
[1.178s] INFO:colcon.colcon_core.shell:Creating environment hook '/home/w/work/moveit2_handeye_calib/install/ros2_socketcan/share/ros2_socketcan/hook/ld_library_path_lib.sh'
[1.178s] Level 1:colcon.colcon_core.environment:checking '/home/w/work/moveit2_handeye_calib/install/ros2_socketcan/bin'
[1.178s] Level 1:colcon.colcon_core.environment:checking '/home/w/work/moveit2_handeye_calib/install/ros2_socketcan/lib/pkgconfig/ros2_socketcan.pc'
[1.178s] Level 1:colcon.colcon_core.environment:checking '/home/w/work/moveit2_handeye_calib/install/ros2_socketcan/lib/python3.10/site-packages'
[1.179s] Level 1:colcon.colcon_core.environment:checking '/home/w/work/moveit2_handeye_calib/install/ros2_socketcan/bin'
[1.179s] INFO:colcon.colcon_core.shell:Creating package script '/home/w/work/moveit2_handeye_calib/install/ros2_socketcan/share/ros2_socketcan/package.ps1'
[1.179s] INFO:colcon.colcon_core.shell:Creating package descriptor '/home/w/work/moveit2_handeye_calib/install/ros2_socketcan/share/ros2_socketcan/package.dsv'
[1.179s] INFO:colcon.colcon_core.shell:Creating package script '/home/w/work/moveit2_handeye_calib/install/ros2_socketcan/share/ros2_socketcan/package.sh'
[1.180s] INFO:colcon.colcon_core.shell:Creating package script '/home/w/work/moveit2_handeye_calib/install/ros2_socketcan/share/ros2_socketcan/package.bash'
[1.180s] INFO:colcon.colcon_core.shell:Creating package script '/home/w/work/moveit2_handeye_calib/install/ros2_socketcan/share/ros2_socketcan/package.zsh'
[1.180s] Level 1:colcon.colcon_core.environment:create_file_with_runtime_dependencies(/home/w/work/moveit2_handeye_calib/install/ros2_socketcan/share/colcon-core/packages/ros2_socketcan)
[1.180s] INFO:colcon.colcon_ros.task.ament_cmake.build:Building ROS package in '/home/w/work/moveit2_handeye_calib/TG620/robot_driver' with build type 'ament_cmake'
[1.181s] INFO:colcon.colcon_cmake.task.cmake.build:Building CMake package in '/home/w/work/moveit2_handeye_calib/TG620/robot_driver'
[1.181s] INFO:colcon.colcon_core.shell:Skip shell extension 'powershell' for command environment: Not usable outside of PowerShell
[1.181s] DEBUG:colcon.colcon_core.shell:Skip shell extension 'dsv' for command environment
[1.184s] Level 1:colcon.colcon_core.environment:create_environment_scripts_only(robot_sdk)
[1.184s] Level 1:colcon.colcon_core.environment:checking '/home/w/work/moveit2_handeye_calib/install/robot_sdk' for CMake module files
[1.184s] DEBUG:colcon.colcon_core.event_handler.log_command:Invoked command in '/home/w/work/moveit2_handeye_calib/build/robot_sdk' returned '0': AMENT_PREFIX_PATH=/home/w/work/moveit2_handeye_calib/install/robot_interfaces:${AMENT_PREFIX_PATH} CMAKE_PREFIX_PATH=/home/w/work/moveit2_handeye_calib/install/robot_interfaces:/home/w/work/trac_ik_ws/install/trac_ik:/home/w/work/trac_ik_ws/install/trac_ik_examples:/home/w/work/trac_ik_ws/install/trac_ik_lib:/opt/ros/humble LD_LIBRARY_PATH=/home/w/work/moveit2_handeye_calib/install/robot_interfaces/lib:${LD_LIBRARY_PATH} PYTHONPATH=/home/w/work/moveit2_handeye_calib/install/robot_interfaces/local/lib/python3.10/dist-packages:${PYTHONPATH} /usr/bin/cmake --install /home/w/work/moveit2_handeye_calib/build/robot_sdk
[1.184s] Level 1:colcon.colcon_core.environment:checking '/home/w/work/moveit2_handeye_calib/install/robot_sdk' for CMake config files
[1.184s] Level 1:colcon.colcon_core.shell:create_environment_hook('robot_sdk', 'cmake_prefix_path')
[1.184s] INFO:colcon.colcon_core.shell:Creating environment hook '/home/w/work/moveit2_handeye_calib/install/robot_sdk/share/robot_sdk/hook/cmake_prefix_path.ps1'
[1.185s] INFO:colcon.colcon_core.shell:Creating environment descriptor '/home/w/work/moveit2_handeye_calib/install/robot_sdk/share/robot_sdk/hook/cmake_prefix_path.dsv'
[1.185s] INFO:colcon.colcon_core.shell:Creating environment hook '/home/w/work/moveit2_handeye_calib/install/robot_sdk/share/robot_sdk/hook/cmake_prefix_path.sh'
[1.185s] Level 1:colcon.colcon_core.environment:checking '/home/w/work/moveit2_handeye_calib/install/robot_sdk/lib'
[1.185s] Level 1:colcon.colcon_core.environment:checking '/home/w/work/moveit2_handeye_calib/install/robot_sdk/bin'
[1.185s] Level 1:colcon.colcon_core.environment:checking '/home/w/work/moveit2_handeye_calib/install/robot_sdk/lib/pkgconfig/robot_sdk.pc'
[1.185s] Level 1:colcon.colcon_core.environment:checking '/home/w/work/moveit2_handeye_calib/install/robot_sdk/lib/python3.10/site-packages'
[1.186s] Level 1:colcon.colcon_core.environment:checking '/home/w/work/moveit2_handeye_calib/install/robot_sdk/bin'
[1.186s] INFO:colcon.colcon_core.shell:Creating package script '/home/w/work/moveit2_handeye_calib/install/robot_sdk/share/robot_sdk/package.ps1'
[1.186s] INFO:colcon.colcon_core.shell:Creating package descriptor '/home/w/work/moveit2_handeye_calib/install/robot_sdk/share/robot_sdk/package.dsv'
[1.186s] INFO:colcon.colcon_core.shell:Creating package script '/home/w/work/moveit2_handeye_calib/install/robot_sdk/share/robot_sdk/package.sh'
[1.186s] INFO:colcon.colcon_core.shell:Creating package script '/home/w/work/moveit2_handeye_calib/install/robot_sdk/share/robot_sdk/package.bash'
[1.187s] INFO:colcon.colcon_core.shell:Creating package script '/home/w/work/moveit2_handeye_calib/install/robot_sdk/share/robot_sdk/package.zsh'
[1.187s] Level 1:colcon.colcon_core.environment:create_file_with_runtime_dependencies(/home/w/work/moveit2_handeye_calib/install/robot_sdk/share/colcon-core/packages/robot_sdk)
[1.187s] Level 1:colcon.colcon_core.environment:create_environment_scripts_only(robot_sdk)
[1.187s] Level 1:colcon.colcon_core.environment:checking '/home/w/work/moveit2_handeye_calib/install/robot_sdk' for CMake module files
[1.187s] Level 1:colcon.colcon_core.environment:checking '/home/w/work/moveit2_handeye_calib/install/robot_sdk' for CMake config files
[1.188s] Level 1:colcon.colcon_core.shell:create_environment_hook('robot_sdk', 'cmake_prefix_path')
[1.188s] INFO:colcon.colcon_core.shell:Creating environment hook '/home/w/work/moveit2_handeye_calib/install/robot_sdk/share/robot_sdk/hook/cmake_prefix_path.ps1'
[1.188s] INFO:colcon.colcon_core.shell:Creating environment descriptor '/home/w/work/moveit2_handeye_calib/install/robot_sdk/share/robot_sdk/hook/cmake_prefix_path.dsv'
[1.188s] INFO:colcon.colcon_core.shell:Creating environment hook '/home/w/work/moveit2_handeye_calib/install/robot_sdk/share/robot_sdk/hook/cmake_prefix_path.sh'
[1.188s] Level 1:colcon.colcon_core.environment:checking '/home/w/work/moveit2_handeye_calib/install/robot_sdk/lib'
[1.189s] Level 1:colcon.colcon_core.environment:checking '/home/w/work/moveit2_handeye_calib/install/robot_sdk/bin'
[1.189s] Level 1:colcon.colcon_core.environment:checking '/home/w/work/moveit2_handeye_calib/install/robot_sdk/lib/pkgconfig/robot_sdk.pc'
[1.189s] Level 1:colcon.colcon_core.environment:checking '/home/w/work/moveit2_handeye_calib/install/robot_sdk/lib/python3.10/site-packages'
[1.189s] Level 1:colcon.colcon_core.environment:checking '/home/w/work/moveit2_handeye_calib/install/robot_sdk/bin'
[1.189s] INFO:colcon.colcon_core.shell:Creating package script '/home/w/work/moveit2_handeye_calib/install/robot_sdk/share/robot_sdk/package.ps1'
[1.189s] INFO:colcon.colcon_core.shell:Creating package descriptor '/home/w/work/moveit2_handeye_calib/install/robot_sdk/share/robot_sdk/package.dsv'
[1.190s] INFO:colcon.colcon_core.shell:Creating package script '/home/w/work/moveit2_handeye_calib/install/robot_sdk/share/robot_sdk/package.sh'
[1.190s] INFO:colcon.colcon_core.shell:Creating package script '/home/w/work/moveit2_handeye_calib/install/robot_sdk/share/robot_sdk/package.bash'
[1.190s] INFO:colcon.colcon_core.shell:Creating package script '/home/w/work/moveit2_handeye_calib/install/robot_sdk/share/robot_sdk/package.zsh'
[1.190s] Level 1:colcon.colcon_core.environment:create_file_with_runtime_dependencies(/home/w/work/moveit2_handeye_calib/install/robot_sdk/share/colcon-core/packages/robot_sdk)
[1.193s] DEBUG:colcon.colcon_core.event_handler.log_command:Invoking command in '/home/w/work/moveit2_handeye_calib/build/robot_driver': AMENT_PREFIX_PATH=/home/w/work/moveit2_handeye_calib/install/ros2_socketcan:/home/w/work/moveit2_handeye_calib/install/ros2_socketcan_msgs:/home/w/work/moveit2_handeye_calib/install/robot_interfaces:${AMENT_PREFIX_PATH} CMAKE_PREFIX_PATH=/home/w/work/moveit2_handeye_calib/install/ros2_socketcan:/home/w/work/moveit2_handeye_calib/install/ros2_socketcan_msgs:/home/w/work/moveit2_handeye_calib/install/robot_interfaces:/home/w/work/trac_ik_ws/install/trac_ik:/home/w/work/trac_ik_ws/install/trac_ik_examples:/home/w/work/trac_ik_ws/install/trac_ik_lib:/opt/ros/humble LD_LIBRARY_PATH=/home/w/work/moveit2_handeye_calib/install/ros2_socketcan/lib:/home/w/work/moveit2_handeye_calib/install/ros2_socketcan_msgs/lib:/home/w/work/moveit2_handeye_calib/install/robot_interfaces/lib:${LD_LIBRARY_PATH} PYTHONPATH=/home/w/work/moveit2_handeye_calib/install/ros2_socketcan_msgs/local/lib/python3.10/dist-packages:/home/w/work/moveit2_handeye_calib/install/robot_interfaces/local/lib/python3.10/dist-packages:${PYTHONPATH} /usr/bin/cmake --build /home/w/work/moveit2_handeye_calib/build/robot_driver -- -j28 -l28
[1.269s] DEBUG:colcon.colcon_core.event_handler.log_command:Invoked command in '/home/w/work/moveit2_handeye_calib/build/robot_driver' returned '0': AMENT_PREFIX_PATH=/home/w/work/moveit2_handeye_calib/install/ros2_socketcan:/home/w/work/moveit2_handeye_calib/install/ros2_socketcan_msgs:/home/w/work/moveit2_handeye_calib/install/robot_interfaces:${AMENT_PREFIX_PATH} CMAKE_PREFIX_PATH=/home/w/work/moveit2_handeye_calib/install/ros2_socketcan:/home/w/work/moveit2_handeye_calib/install/ros2_socketcan_msgs:/home/w/work/moveit2_handeye_calib/install/robot_interfaces:/home/w/work/trac_ik_ws/install/trac_ik:/home/w/work/trac_ik_ws/install/trac_ik_examples:/home/w/work/trac_ik_ws/install/trac_ik_lib:/opt/ros/humble LD_LIBRARY_PATH=/home/w/work/moveit2_handeye_calib/install/ros2_socketcan/lib:/home/w/work/moveit2_handeye_calib/install/ros2_socketcan_msgs/lib:/home/w/work/moveit2_handeye_calib/install/robot_interfaces/lib:${LD_LIBRARY_PATH} PYTHONPATH=/home/w/work/moveit2_handeye_calib/install/ros2_socketcan_msgs/local/lib/python3.10/dist-packages:/home/w/work/moveit2_handeye_calib/install/robot_interfaces/local/lib/python3.10/dist-packages:${PYTHONPATH} /usr/bin/cmake --build /home/w/work/moveit2_handeye_calib/build/robot_driver -- -j28 -l28
[1.270s] DEBUG:colcon.colcon_core.event_handler.log_command:Invoking command in '/home/w/work/moveit2_handeye_calib/build/robot_driver': AMENT_PREFIX_PATH=/home/w/work/moveit2_handeye_calib/install/ros2_socketcan:/home/w/work/moveit2_handeye_calib/install/ros2_socketcan_msgs:/home/w/work/moveit2_handeye_calib/install/robot_interfaces:${AMENT_PREFIX_PATH} CMAKE_PREFIX_PATH=/home/w/work/moveit2_handeye_calib/install/ros2_socketcan:/home/w/work/moveit2_handeye_calib/install/ros2_socketcan_msgs:/home/w/work/moveit2_handeye_calib/install/robot_interfaces:/home/w/work/trac_ik_ws/install/trac_ik:/home/w/work/trac_ik_ws/install/trac_ik_examples:/home/w/work/trac_ik_ws/install/trac_ik_lib:/opt/ros/humble LD_LIBRARY_PATH=/home/w/work/moveit2_handeye_calib/install/ros2_socketcan/lib:/home/w/work/moveit2_handeye_calib/install/ros2_socketcan_msgs/lib:/home/w/work/moveit2_handeye_calib/install/robot_interfaces/lib:${LD_LIBRARY_PATH} PYTHONPATH=/home/w/work/moveit2_handeye_calib/install/ros2_socketcan_msgs/local/lib/python3.10/dist-packages:/home/w/work/moveit2_handeye_calib/install/robot_interfaces/local/lib/python3.10/dist-packages:${PYTHONPATH} /usr/bin/cmake --install /home/w/work/moveit2_handeye_calib/build/robot_driver
[1.297s] Level 1:colcon.colcon_core.environment:checking '/home/w/work/moveit2_handeye_calib/install/robot_dynamics' for CMake module files
[1.298s] DEBUG:colcon.colcon_core.event_handler.log_command:Invoked command in '/home/w/work/moveit2_handeye_calib/TG620/robot_dynamics' returned '0': PYTHONPATH=/home/w/work/moveit2_handeye_calib/build/robot_dynamics/prefix_override:/usr/lib/python3/dist-packages/colcon_core/task/python/colcon_distutils_commands:/home/w/work/moveit2_handeye_calib/install/robot_dynamics/lib/python3.10/site-packages:${PYTHONPATH} /usr/bin/python3 -W ignore:setup.py install is deprecated -W ignore:easy_install command is deprecated setup.py egg_info --egg-base ../../build/robot_dynamics build --build-base /home/w/work/moveit2_handeye_calib/build/robot_dynamics/build install --record /home/w/work/moveit2_handeye_calib/build/robot_dynamics/install.log --single-version-externally-managed install_data
[1.298s] Level 1:colcon.colcon_core.environment:checking '/home/w/work/moveit2_handeye_calib/install/robot_dynamics' for CMake config files
[1.298s] Level 1:colcon.colcon_core.environment:checking '/home/w/work/moveit2_handeye_calib/install/robot_dynamics/lib'
[1.298s] Level 1:colcon.colcon_core.environment:checking '/home/w/work/moveit2_handeye_calib/install/robot_dynamics/bin'
[1.299s] Level 1:colcon.colcon_core.environment:checking '/home/w/work/moveit2_handeye_calib/install/robot_dynamics/lib/pkgconfig/robot_dynamics.pc'
[1.299s] Level 1:colcon.colcon_core.environment:checking '/home/w/work/moveit2_handeye_calib/install/robot_dynamics/lib/python3.10/site-packages'
[1.299s] Level 1:colcon.colcon_core.shell:create_environment_hook('robot_dynamics', 'pythonpath')
[1.299s] INFO:colcon.colcon_core.shell:Creating environment hook '/home/w/work/moveit2_handeye_calib/install/robot_dynamics/share/robot_dynamics/hook/pythonpath.ps1'
[1.301s] INFO:colcon.colcon_core.shell:Creating environment descriptor '/home/w/work/moveit2_handeye_calib/install/robot_dynamics/share/robot_dynamics/hook/pythonpath.dsv'
[1.302s] INFO:colcon.colcon_core.shell:Creating environment hook '/home/w/work/moveit2_handeye_calib/install/robot_dynamics/share/robot_dynamics/hook/pythonpath.sh'
[1.303s] Level 1:colcon.colcon_core.environment:checking '/home/w/work/moveit2_handeye_calib/install/robot_dynamics/bin'
[1.303s] Level 1:colcon.colcon_core.environment:create_environment_scripts_only(robot_dynamics)
[1.303s] INFO:colcon.colcon_core.shell:Creating package script '/home/w/work/moveit2_handeye_calib/install/robot_dynamics/share/robot_dynamics/package.ps1'
[1.303s] INFO:colcon.colcon_core.shell:Creating package descriptor '/home/w/work/moveit2_handeye_calib/install/robot_dynamics/share/robot_dynamics/package.dsv'
[1.304s] INFO:colcon.colcon_core.shell:Creating package script '/home/w/work/moveit2_handeye_calib/install/robot_dynamics/share/robot_dynamics/package.sh'
[1.304s] INFO:colcon.colcon_core.shell:Creating package script '/home/w/work/moveit2_handeye_calib/install/robot_dynamics/share/robot_dynamics/package.bash'
[1.304s] INFO:colcon.colcon_core.shell:Creating package script '/home/w/work/moveit2_handeye_calib/install/robot_dynamics/share/robot_dynamics/package.zsh'
[1.305s] Level 1:colcon.colcon_core.environment:create_file_with_runtime_dependencies(/home/w/work/moveit2_handeye_calib/install/robot_dynamics/share/colcon-core/packages/robot_dynamics)
[1.306s] Level 1:colcon.colcon_core.environment:checking '/home/w/work/moveit2_handeye_calib/install/traj_smoother_py' for CMake module files
[1.306s] DEBUG:colcon.colcon_core.event_handler.log_command:Invoked command in '/home/w/work/moveit2_handeye_calib/TG620/traj_smoother_py' returned '0': PYTHONPATH=/home/w/work/moveit2_handeye_calib/build/traj_smoother_py/prefix_override:/usr/lib/python3/dist-packages/colcon_core/task/python/colcon_distutils_commands:/home/w/work/moveit2_handeye_calib/install/traj_smoother_py/lib/python3.10/site-packages:${PYTHONPATH} /usr/bin/python3 -W ignore:setup.py install is deprecated -W ignore:easy_install command is deprecated setup.py egg_info --egg-base ../../build/traj_smoother_py build --build-base /home/w/work/moveit2_handeye_calib/build/traj_smoother_py/build install --record /home/w/work/moveit2_handeye_calib/build/traj_smoother_py/install.log --single-version-externally-managed install_data
[1.306s] Level 1:colcon.colcon_core.environment:checking '/home/w/work/moveit2_handeye_calib/install/traj_smoother_py' for CMake config files
[1.306s] Level 1:colcon.colcon_core.environment:checking '/home/w/work/moveit2_handeye_calib/install/traj_smoother_py/lib'
[1.307s] Level 1:colcon.colcon_core.environment:checking '/home/w/work/moveit2_handeye_calib/install/traj_smoother_py/bin'
[1.307s] Level 1:colcon.colcon_core.environment:checking '/home/w/work/moveit2_handeye_calib/install/traj_smoother_py/lib/pkgconfig/traj_smoother_py.pc'
[1.307s] Level 1:colcon.colcon_core.environment:checking '/home/w/work/moveit2_handeye_calib/install/traj_smoother_py/lib/python3.10/site-packages'
[1.307s] Level 1:colcon.colcon_core.shell:create_environment_hook('traj_smoother_py', 'pythonpath')
[1.307s] INFO:colcon.colcon_core.shell:Creating environment hook '/home/w/work/moveit2_handeye_calib/install/traj_smoother_py/share/traj_smoother_py/hook/pythonpath.ps1'
[1.307s] INFO:colcon.colcon_core.shell:Creating environment descriptor '/home/w/work/moveit2_handeye_calib/install/traj_smoother_py/share/traj_smoother_py/hook/pythonpath.dsv'
[1.307s] INFO:colcon.colcon_core.shell:Creating environment hook '/home/w/work/moveit2_handeye_calib/install/traj_smoother_py/share/traj_smoother_py/hook/pythonpath.sh'
[1.308s] Level 1:colcon.colcon_core.environment:checking '/home/w/work/moveit2_handeye_calib/install/traj_smoother_py/bin'
[1.308s] Level 1:colcon.colcon_core.environment:create_environment_scripts_only(traj_smoother_py)
[1.308s] INFO:colcon.colcon_core.shell:Creating package script '/home/w/work/moveit2_handeye_calib/install/traj_smoother_py/share/traj_smoother_py/package.ps1'
[1.308s] INFO:colcon.colcon_core.shell:Creating package descriptor '/home/w/work/moveit2_handeye_calib/install/traj_smoother_py/share/traj_smoother_py/package.dsv'
[1.308s] INFO:colcon.colcon_core.shell:Creating package script '/home/w/work/moveit2_handeye_calib/install/traj_smoother_py/share/traj_smoother_py/package.sh'
[1.309s] INFO:colcon.colcon_core.shell:Creating package script '/home/w/work/moveit2_handeye_calib/install/traj_smoother_py/share/traj_smoother_py/package.bash'
[1.309s] INFO:colcon.colcon_core.shell:Creating package script '/home/w/work/moveit2_handeye_calib/install/traj_smoother_py/share/traj_smoother_py/package.zsh'
[1.309s] Level 1:colcon.colcon_core.environment:create_file_with_runtime_dependencies(/home/w/work/moveit2_handeye_calib/install/traj_smoother_py/share/colcon-core/packages/traj_smoother_py)
[1.309s] Level 1:colcon.colcon_core.environment:create_environment_scripts_only(robot_driver)
[1.309s] Level 1:colcon.colcon_core.environment:checking '/home/w/work/moveit2_handeye_calib/install/robot_driver' for CMake module files
[1.310s] DEBUG:colcon.colcon_core.event_handler.log_command:Invoked command in '/home/w/work/moveit2_handeye_calib/build/robot_driver' returned '0': AMENT_PREFIX_PATH=/home/w/work/moveit2_handeye_calib/install/ros2_socketcan:/home/w/work/moveit2_handeye_calib/install/ros2_socketcan_msgs:/home/w/work/moveit2_handeye_calib/install/robot_interfaces:${AMENT_PREFIX_PATH} CMAKE_PREFIX_PATH=/home/w/work/moveit2_handeye_calib/install/ros2_socketcan:/home/w/work/moveit2_handeye_calib/install/ros2_socketcan_msgs:/home/w/work/moveit2_handeye_calib/install/robot_interfaces:/home/w/work/trac_ik_ws/install/trac_ik:/home/w/work/trac_ik_ws/install/trac_ik_examples:/home/w/work/trac_ik_ws/install/trac_ik_lib:/opt/ros/humble LD_LIBRARY_PATH=/home/w/work/moveit2_handeye_calib/install/ros2_socketcan/lib:/home/w/work/moveit2_handeye_calib/install/ros2_socketcan_msgs/lib:/home/w/work/moveit2_handeye_calib/install/robot_interfaces/lib:${LD_LIBRARY_PATH} PYTHONPATH=/home/w/work/moveit2_handeye_calib/install/ros2_socketcan_msgs/local/lib/python3.10/dist-packages:/home/w/work/moveit2_handeye_calib/install/robot_interfaces/local/lib/python3.10/dist-packages:${PYTHONPATH} /usr/bin/cmake --install /home/w/work/moveit2_handeye_calib/build/robot_driver
[1.310s] Level 1:colcon.colcon_core.environment:checking '/home/w/work/moveit2_handeye_calib/install/robot_driver' for CMake config files
[1.310s] Level 1:colcon.colcon_core.shell:create_environment_hook('robot_driver', 'cmake_prefix_path')
[1.310s] INFO:colcon.colcon_core.shell:Creating environment hook '/home/w/work/moveit2_handeye_calib/install/robot_driver/share/robot_driver/hook/cmake_prefix_path.ps1'
[1.310s] INFO:colcon.colcon_core.shell:Creating environment descriptor '/home/w/work/moveit2_handeye_calib/install/robot_driver/share/robot_driver/hook/cmake_prefix_path.dsv'
[1.310s] INFO:colcon.colcon_core.shell:Creating environment hook '/home/w/work/moveit2_handeye_calib/install/robot_driver/share/robot_driver/hook/cmake_prefix_path.sh'
[1.311s] Level 1:colcon.colcon_core.environment:checking '/home/w/work/moveit2_handeye_calib/install/robot_driver/lib'
[1.311s] Level 1:colcon.colcon_core.shell:create_environment_hook('robot_driver', 'ld_library_path_lib')
[1.311s] INFO:colcon.colcon_core.shell:Creating environment hook '/home/w/work/moveit2_handeye_calib/install/robot_driver/share/robot_driver/hook/ld_library_path_lib.ps1'
[1.311s] INFO:colcon.colcon_core.shell:Creating environment descriptor '/home/w/work/moveit2_handeye_calib/install/robot_driver/share/robot_driver/hook/ld_library_path_lib.dsv'
[1.311s] INFO:colcon.colcon_core.shell:Creating environment hook '/home/w/work/moveit2_handeye_calib/install/robot_driver/share/robot_driver/hook/ld_library_path_lib.sh'
[1.311s] Level 1:colcon.colcon_core.environment:checking '/home/w/work/moveit2_handeye_calib/install/robot_driver/bin'
[1.311s] Level 1:colcon.colcon_core.shell:create_environment_hook('robot_driver', 'path')
[1.311s] INFO:colcon.colcon_core.shell:Creating environment hook '/home/w/work/moveit2_handeye_calib/install/robot_driver/share/robot_driver/hook/path.ps1'
[1.312s] INFO:colcon.colcon_core.shell:Creating environment descriptor '/home/w/work/moveit2_handeye_calib/install/robot_driver/share/robot_driver/hook/path.dsv'
[1.312s] INFO:colcon.colcon_core.shell:Creating environment hook '/home/w/work/moveit2_handeye_calib/install/robot_driver/share/robot_driver/hook/path.sh'
[1.312s] Level 1:colcon.colcon_core.environment:checking '/home/w/work/moveit2_handeye_calib/install/robot_driver/lib/pkgconfig/robot_driver.pc'
[1.312s] Level 1:colcon.colcon_core.environment:checking '/home/w/work/moveit2_handeye_calib/install/robot_driver/lib/python3.10/site-packages'
[1.312s] Level 1:colcon.colcon_core.environment:checking '/home/w/work/moveit2_handeye_calib/install/robot_driver/bin'
[1.313s] Level 1:colcon.colcon_core.shell:create_environment_hook('robot_driver', 'pythonscriptspath')
[1.313s] INFO:colcon.colcon_core.shell:Creating environment hook '/home/w/work/moveit2_handeye_calib/install/robot_driver/share/robot_driver/hook/pythonscriptspath.ps1'
[1.313s] INFO:colcon.colcon_core.shell:Creating environment descriptor '/home/w/work/moveit2_handeye_calib/install/robot_driver/share/robot_driver/hook/pythonscriptspath.dsv'
[1.313s] INFO:colcon.colcon_core.shell:Creating environment hook '/home/w/work/moveit2_handeye_calib/install/robot_driver/share/robot_driver/hook/pythonscriptspath.sh'
[1.313s] INFO:colcon.colcon_core.shell:Creating package script '/home/w/work/moveit2_handeye_calib/install/robot_driver/share/robot_driver/package.ps1'
[1.314s] INFO:colcon.colcon_core.shell:Creating package descriptor '/home/w/work/moveit2_handeye_calib/install/robot_driver/share/robot_driver/package.dsv'
[1.314s] INFO:colcon.colcon_core.shell:Creating package script '/home/w/work/moveit2_handeye_calib/install/robot_driver/share/robot_driver/package.sh'
[1.314s] INFO:colcon.colcon_core.shell:Creating package script '/home/w/work/moveit2_handeye_calib/install/robot_driver/share/robot_driver/package.bash'
[1.314s] INFO:colcon.colcon_core.shell:Creating package script '/home/w/work/moveit2_handeye_calib/install/robot_driver/share/robot_driver/package.zsh'
[1.314s] Level 1:colcon.colcon_core.environment:create_file_with_runtime_dependencies(/home/w/work/moveit2_handeye_calib/install/robot_driver/share/colcon-core/packages/robot_driver)
[1.315s] Level 1:colcon.colcon_core.environment:create_environment_scripts_only(robot_driver)
[1.315s] Level 1:colcon.colcon_core.environment:checking '/home/w/work/moveit2_handeye_calib/install/robot_driver' for CMake module files
[1.315s] Level 1:colcon.colcon_core.environment:checking '/home/w/work/moveit2_handeye_calib/install/robot_driver' for CMake config files
[1.315s] Level 1:colcon.colcon_core.shell:create_environment_hook('robot_driver', 'cmake_prefix_path')
[1.315s] INFO:colcon.colcon_core.shell:Creating environment hook '/home/w/work/moveit2_handeye_calib/install/robot_driver/share/robot_driver/hook/cmake_prefix_path.ps1'
[1.316s] INFO:colcon.colcon_core.shell:Creating environment descriptor '/home/w/work/moveit2_handeye_calib/install/robot_driver/share/robot_driver/hook/cmake_prefix_path.dsv'
[1.316s] INFO:colcon.colcon_core.shell:Creating environment hook '/home/w/work/moveit2_handeye_calib/install/robot_driver/share/robot_driver/hook/cmake_prefix_path.sh'
[1.316s] Level 1:colcon.colcon_core.environment:checking '/home/w/work/moveit2_handeye_calib/install/robot_driver/lib'
[1.316s] Level 1:colcon.colcon_core.shell:create_environment_hook('robot_driver', 'ld_library_path_lib')
[1.317s] INFO:colcon.colcon_core.shell:Creating environment hook '/home/w/work/moveit2_handeye_calib/install/robot_driver/share/robot_driver/hook/ld_library_path_lib.ps1'
[1.317s] INFO:colcon.colcon_core.shell:Creating environment descriptor '/home/w/work/moveit2_handeye_calib/install/robot_driver/share/robot_driver/hook/ld_library_path_lib.dsv'
[1.317s] INFO:colcon.colcon_core.shell:Creating environment hook '/home/w/work/moveit2_handeye_calib/install/robot_driver/share/robot_driver/hook/ld_library_path_lib.sh'
[1.317s] Level 1:colcon.colcon_core.environment:checking '/home/w/work/moveit2_handeye_calib/install/robot_driver/bin'
[1.317s] Level 1:colcon.colcon_core.shell:create_environment_hook('robot_driver', 'path')
[1.317s] INFO:colcon.colcon_core.shell:Creating environment hook '/home/w/work/moveit2_handeye_calib/install/robot_driver/share/robot_driver/hook/path.ps1'
[1.318s] INFO:colcon.colcon_core.shell:Creating environment descriptor '/home/w/work/moveit2_handeye_calib/install/robot_driver/share/robot_driver/hook/path.dsv'
[1.318s] INFO:colcon.colcon_core.shell:Creating environment hook '/home/w/work/moveit2_handeye_calib/install/robot_driver/share/robot_driver/hook/path.sh'
[1.318s] Level 1:colcon.colcon_core.environment:checking '/home/w/work/moveit2_handeye_calib/install/robot_driver/lib/pkgconfig/robot_driver.pc'
[1.318s] Level 1:colcon.colcon_core.environment:checking '/home/w/work/moveit2_handeye_calib/install/robot_driver/lib/python3.10/site-packages'
[1.318s] Level 1:colcon.colcon_core.environment:checking '/home/w/work/moveit2_handeye_calib/install/robot_driver/bin'
[1.318s] Level 1:colcon.colcon_core.shell:create_environment_hook('robot_driver', 'pythonscriptspath')
[1.318s] INFO:colcon.colcon_core.shell:Creating environment hook '/home/w/work/moveit2_handeye_calib/install/robot_driver/share/robot_driver/hook/pythonscriptspath.ps1'
[1.319s] INFO:colcon.colcon_core.shell:Creating environment descriptor '/home/w/work/moveit2_handeye_calib/install/robot_driver/share/robot_driver/hook/pythonscriptspath.dsv'
[1.319s] INFO:colcon.colcon_core.shell:Creating environment hook '/home/w/work/moveit2_handeye_calib/install/robot_driver/share/robot_driver/hook/pythonscriptspath.sh'
[1.319s] INFO:colcon.colcon_core.shell:Creating package script '/home/w/work/moveit2_handeye_calib/install/robot_driver/share/robot_driver/package.ps1'
[1.319s] INFO:colcon.colcon_core.shell:Creating package descriptor '/home/w/work/moveit2_handeye_calib/install/robot_driver/share/robot_driver/package.dsv'
[1.320s] INFO:colcon.colcon_core.shell:Creating package script '/home/w/work/moveit2_handeye_calib/install/robot_driver/share/robot_driver/package.sh'
[1.320s] INFO:colcon.colcon_core.shell:Creating package script '/home/w/work/moveit2_handeye_calib/install/robot_driver/share/robot_driver/package.bash'
[1.320s] INFO:colcon.colcon_core.shell:Creating package script '/home/w/work/moveit2_handeye_calib/install/robot_driver/share/robot_driver/package.zsh'
[1.320s] Level 1:colcon.colcon_core.environment:create_file_with_runtime_dependencies(/home/w/work/moveit2_handeye_calib/install/robot_driver/share/colcon-core/packages/robot_driver)
[1.321s] INFO:colcon.colcon_ros.task.ament_cmake.build:Building ROS package in '/home/w/work/moveit2_handeye_calib/TG620/robot_state_machine' with build type 'ament_cmake'
[1.321s] INFO:colcon.colcon_cmake.task.cmake.build:Building CMake package in '/home/w/work/moveit2_handeye_calib/TG620/robot_state_machine'
[1.321s] INFO:colcon.colcon_core.shell:Skip shell extension 'powershell' for command environment: Not usable outside of PowerShell
[1.321s] DEBUG:colcon.colcon_core.shell:Skip shell extension 'dsv' for command environment
[1.333s] DEBUG:colcon.colcon_core.event_handler.log_command:Invoking command in '/home/w/work/moveit2_handeye_calib/build/robot_state_machine': AMENT_PREFIX_PATH=/home/w/work/moveit2_handeye_calib/install/robot_driver:/home/w/work/moveit2_handeye_calib/install/ros2_socketcan:/home/w/work/moveit2_handeye_calib/install/ros2_socketcan_msgs:/home/w/work/moveit2_handeye_calib/install/robot_interfaces:${AMENT_PREFIX_PATH} CMAKE_PREFIX_PATH=/home/w/work/moveit2_handeye_calib/install/robot_driver:/home/w/work/moveit2_handeye_calib/install/ros2_socketcan:/home/w/work/moveit2_handeye_calib/install/ros2_socketcan_msgs:/home/w/work/moveit2_handeye_calib/install/robot_interfaces:/home/w/work/trac_ik_ws/install/trac_ik:/home/w/work/trac_ik_ws/install/trac_ik_examples:/home/w/work/trac_ik_ws/install/trac_ik_lib:/opt/ros/humble LD_LIBRARY_PATH=/home/w/work/moveit2_handeye_calib/install/robot_driver/lib:/home/w/work/moveit2_handeye_calib/install/ros2_socketcan/lib:/home/w/work/moveit2_handeye_calib/install/ros2_socketcan_msgs/lib:/home/w/work/moveit2_handeye_calib/install/robot_interfaces/lib:${LD_LIBRARY_PATH} PATH=/home/w/work/moveit2_handeye_calib/install/robot_driver/bin:${PATH} PYTHONPATH=/home/w/work/moveit2_handeye_calib/install/ros2_socketcan_msgs/local/lib/python3.10/dist-packages:/home/w/work/moveit2_handeye_calib/install/robot_interfaces/local/lib/python3.10/dist-packages:${PYTHONPATH} /usr/bin/cmake /home/w/work/moveit2_handeye_calib/TG620/robot_state_machine -DCMAKE_INSTALL_PREFIX=/home/w/work/moveit2_handeye_calib/install/robot_state_machine
[1.339s] DEBUG:colcon.colcon_core.event_handler.log_command:Invoking command in '/home/w/work/moveit2_handeye_calib/TG620/robot_input': AMENT_PREFIX_PATH=/home/w/work/moveit2_handeye_calib/install/robot_interfaces:${AMENT_PREFIX_PATH} CMAKE_PREFIX_PATH=/home/w/work/moveit2_handeye_calib/install/robot_interfaces:${CMAKE_PREFIX_PATH} LD_LIBRARY_PATH=/home/w/work/moveit2_handeye_calib/install/robot_interfaces/lib:${LD_LIBRARY_PATH} PYTHONPATH=/home/w/work/moveit2_handeye_calib/build/robot_input/prefix_override:/usr/lib/python3/dist-packages/colcon_core/task/python/colcon_distutils_commands:/home/w/work/moveit2_handeye_calib/install/robot_input/lib/python3.10/site-packages:/home/w/work/moveit2_handeye_calib/install/robot_interfaces/local/lib/python3.10/dist-packages:${PYTHONPATH} /usr/bin/python3 -W ignore:setup.py install is deprecated -W ignore:easy_install command is deprecated setup.py egg_info --egg-base ../../build/robot_input build --build-base /home/w/work/moveit2_handeye_calib/build/robot_input/build install --record /home/w/work/moveit2_handeye_calib/build/robot_input/install.log --single-version-externally-managed install_data
[1.346s] DEBUG:colcon.colcon_core.event_handler.log_command:Invoking command in '/home/w/work/moveit2_handeye_calib/TG620/robot_test_py': AMENT_PREFIX_PATH=/home/w/work/moveit2_handeye_calib/install/robot_interfaces:${AMENT_PREFIX_PATH} CMAKE_PREFIX_PATH=/home/w/work/moveit2_handeye_calib/install/robot_interfaces:${CMAKE_PREFIX_PATH} LD_LIBRARY_PATH=/home/w/work/moveit2_handeye_calib/install/robot_interfaces/lib:${LD_LIBRARY_PATH} PYTHONPATH=/home/w/work/moveit2_handeye_calib/build/robot_test_py/prefix_override:/usr/lib/python3/dist-packages/colcon_core/task/python/colcon_distutils_commands:/home/w/work/moveit2_handeye_calib/install/robot_test_py/lib/python3.10/site-packages:/home/w/work/moveit2_handeye_calib/install/robot_interfaces/local/lib/python3.10/dist-packages:${PYTHONPATH} /usr/bin/python3 -W ignore:setup.py install is deprecated -W ignore:easy_install command is deprecated setup.py egg_info --egg-base ../../build/robot_test_py build --build-base /home/w/work/moveit2_handeye_calib/build/robot_test_py/build install --record /home/w/work/moveit2_handeye_calib/build/robot_test_py/install.log --single-version-externally-managed install_data
[1.521s] Level 1:colcon.colcon_core.environment:checking '/home/w/work/moveit2_handeye_calib/install/robot_input' for CMake module files
[1.522s] DEBUG:colcon.colcon_core.event_handler.log_command:Invoked command in '/home/w/work/moveit2_handeye_calib/TG620/robot_input' returned '0': AMENT_PREFIX_PATH=/home/w/work/moveit2_handeye_calib/install/robot_interfaces:${AMENT_PREFIX_PATH} CMAKE_PREFIX_PATH=/home/w/work/moveit2_handeye_calib/install/robot_interfaces:${CMAKE_PREFIX_PATH} LD_LIBRARY_PATH=/home/w/work/moveit2_handeye_calib/install/robot_interfaces/lib:${LD_LIBRARY_PATH} PYTHONPATH=/home/w/work/moveit2_handeye_calib/build/robot_input/prefix_override:/usr/lib/python3/dist-packages/colcon_core/task/python/colcon_distutils_commands:/home/w/work/moveit2_handeye_calib/install/robot_input/lib/python3.10/site-packages:/home/w/work/moveit2_handeye_calib/install/robot_interfaces/local/lib/python3.10/dist-packages:${PYTHONPATH} /usr/bin/python3 -W ignore:setup.py install is deprecated -W ignore:easy_install command is deprecated setup.py egg_info --egg-base ../../build/robot_input build --build-base /home/w/work/moveit2_handeye_calib/build/robot_input/build install --record /home/w/work/moveit2_handeye_calib/build/robot_input/install.log --single-version-externally-managed install_data
[1.522s] Level 1:colcon.colcon_core.environment:checking '/home/w/work/moveit2_handeye_calib/install/robot_input' for CMake config files
[1.522s] Level 1:colcon.colcon_core.environment:checking '/home/w/work/moveit2_handeye_calib/install/robot_input/lib'
[1.522s] Level 1:colcon.colcon_core.environment:checking '/home/w/work/moveit2_handeye_calib/install/robot_input/bin'
[1.522s] Level 1:colcon.colcon_core.environment:checking '/home/w/work/moveit2_handeye_calib/install/robot_input/lib/pkgconfig/robot_input.pc'
[1.522s] Level 1:colcon.colcon_core.environment:checking '/home/w/work/moveit2_handeye_calib/install/robot_input/lib/python3.10/site-packages'
[1.522s] Level 1:colcon.colcon_core.shell:create_environment_hook('robot_input', 'pythonpath')
[1.523s] INFO:colcon.colcon_core.shell:Creating environment hook '/home/w/work/moveit2_handeye_calib/install/robot_input/share/robot_input/hook/pythonpath.ps1'
[1.523s] INFO:colcon.colcon_core.shell:Creating environment descriptor '/home/w/work/moveit2_handeye_calib/install/robot_input/share/robot_input/hook/pythonpath.dsv'
[1.523s] INFO:colcon.colcon_core.shell:Creating environment hook '/home/w/work/moveit2_handeye_calib/install/robot_input/share/robot_input/hook/pythonpath.sh'
[1.523s] Level 1:colcon.colcon_core.environment:checking '/home/w/work/moveit2_handeye_calib/install/robot_input/bin'
[1.523s] Level 1:colcon.colcon_core.environment:create_environment_scripts_only(robot_input)
[1.524s] INFO:colcon.colcon_core.shell:Creating package script '/home/w/work/moveit2_handeye_calib/install/robot_input/share/robot_input/package.ps1'
[1.524s] INFO:colcon.colcon_core.shell:Creating package descriptor '/home/w/work/moveit2_handeye_calib/install/robot_input/share/robot_input/package.dsv'
[1.524s] INFO:colcon.colcon_core.shell:Creating package script '/home/w/work/moveit2_handeye_calib/install/robot_input/share/robot_input/package.sh'
[1.524s] INFO:colcon.colcon_core.shell:Creating package script '/home/w/work/moveit2_handeye_calib/install/robot_input/share/robot_input/package.bash'
[1.525s] INFO:colcon.colcon_core.shell:Creating package script '/home/w/work/moveit2_handeye_calib/install/robot_input/share/robot_input/package.zsh'
[1.525s] Level 1:colcon.colcon_core.environment:create_file_with_runtime_dependencies(/home/w/work/moveit2_handeye_calib/install/robot_input/share/colcon-core/packages/robot_input)
[1.526s] Level 1:colcon.colcon_core.environment:checking '/home/w/work/moveit2_handeye_calib/install/robot_test_py' for CMake module files
[1.526s] DEBUG:colcon.colcon_core.event_handler.log_command:Invoked command in '/home/w/work/moveit2_handeye_calib/TG620/robot_test_py' returned '0': AMENT_PREFIX_PATH=/home/w/work/moveit2_handeye_calib/install/robot_interfaces:${AMENT_PREFIX_PATH} CMAKE_PREFIX_PATH=/home/w/work/moveit2_handeye_calib/install/robot_interfaces:${CMAKE_PREFIX_PATH} LD_LIBRARY_PATH=/home/w/work/moveit2_handeye_calib/install/robot_interfaces/lib:${LD_LIBRARY_PATH} PYTHONPATH=/home/w/work/moveit2_handeye_calib/build/robot_test_py/prefix_override:/usr/lib/python3/dist-packages/colcon_core/task/python/colcon_distutils_commands:/home/w/work/moveit2_handeye_calib/install/robot_test_py/lib/python3.10/site-packages:/home/w/work/moveit2_handeye_calib/install/robot_interfaces/local/lib/python3.10/dist-packages:${PYTHONPATH} /usr/bin/python3 -W ignore:setup.py install is deprecated -W ignore:easy_install command is deprecated setup.py egg_info --egg-base ../../build/robot_test_py build --build-base /home/w/work/moveit2_handeye_calib/build/robot_test_py/build install --record /home/w/work/moveit2_handeye_calib/build/robot_test_py/install.log --single-version-externally-managed install_data
[1.527s] Level 1:colcon.colcon_core.environment:checking '/home/w/work/moveit2_handeye_calib/install/robot_test_py' for CMake config files
[1.527s] Level 1:colcon.colcon_core.environment:checking '/home/w/work/moveit2_handeye_calib/install/robot_test_py/lib'
[1.527s] Level 1:colcon.colcon_core.environment:checking '/home/w/work/moveit2_handeye_calib/install/robot_test_py/bin'
[1.527s] Level 1:colcon.colcon_core.environment:checking '/home/w/work/moveit2_handeye_calib/install/robot_test_py/lib/pkgconfig/robot_test_py.pc'
[1.527s] Level 1:colcon.colcon_core.environment:checking '/home/w/work/moveit2_handeye_calib/install/robot_test_py/lib/python3.10/site-packages'
[1.527s] Level 1:colcon.colcon_core.shell:create_environment_hook('robot_test_py', 'pythonpath')
[1.527s] INFO:colcon.colcon_core.shell:Creating environment hook '/home/w/work/moveit2_handeye_calib/install/robot_test_py/share/robot_test_py/hook/pythonpath.ps1'
[1.527s] INFO:colcon.colcon_core.shell:Creating environment descriptor '/home/w/work/moveit2_handeye_calib/install/robot_test_py/share/robot_test_py/hook/pythonpath.dsv'
[1.528s] INFO:colcon.colcon_core.shell:Creating environment hook '/home/w/work/moveit2_handeye_calib/install/robot_test_py/share/robot_test_py/hook/pythonpath.sh'
[1.528s] Level 1:colcon.colcon_core.environment:checking '/home/w/work/moveit2_handeye_calib/install/robot_test_py/bin'
[1.528s] Level 1:colcon.colcon_core.environment:create_environment_scripts_only(robot_test_py)
[1.528s] INFO:colcon.colcon_core.shell:Creating package script '/home/w/work/moveit2_handeye_calib/install/robot_test_py/share/robot_test_py/package.ps1'
[1.529s] INFO:colcon.colcon_core.shell:Creating package descriptor '/home/w/work/moveit2_handeye_calib/install/robot_test_py/share/robot_test_py/package.dsv'
[1.529s] INFO:colcon.colcon_core.shell:Creating package script '/home/w/work/moveit2_handeye_calib/install/robot_test_py/share/robot_test_py/package.sh'
[1.529s] INFO:colcon.colcon_core.shell:Creating package script '/home/w/work/moveit2_handeye_calib/install/robot_test_py/share/robot_test_py/package.bash'
[1.529s] INFO:colcon.colcon_core.shell:Creating package script '/home/w/work/moveit2_handeye_calib/install/robot_test_py/share/robot_test_py/package.zsh'
[1.529s] Level 1:colcon.colcon_core.environment:create_file_with_runtime_dependencies(/home/w/work/moveit2_handeye_calib/install/robot_test_py/share/colcon-core/packages/robot_test_py)
[1.668s] DEBUG:colcon.colcon_core.event_handler.log_command:Invoked command in '/home/w/work/moveit2_handeye_calib/build/moveit_calibration_gui' returned '0': AMENT_PREFIX_PATH=/home/w/work/moveit2_handeye_calib/install/moveit_calibration_plugins:${AMENT_PREFIX_PATH} CMAKE_PREFIX_PATH=/home/w/work/moveit2_handeye_calib/install/moveit_calibration_plugins:/home/w/work/trac_ik_ws/install/trac_ik:/home/w/work/trac_ik_ws/install/trac_ik_examples:/home/w/work/trac_ik_ws/install/trac_ik_lib:/opt/ros/humble LD_LIBRARY_PATH=/home/w/work/moveit2_handeye_calib/install/moveit_calibration_plugins/lib:${LD_LIBRARY_PATH} /usr/bin/cmake /home/w/work/moveit2_handeye_calib/moveit2_calibration/moveit_calibration_gui -DCMAKE_INSTALL_PREFIX=/home/w/work/moveit2_handeye_calib/install/moveit_calibration_gui
[1.669s] DEBUG:colcon.colcon_core.event_handler.log_command:Invoking command in '/home/w/work/moveit2_handeye_calib/build/moveit_calibration_gui': AMENT_PREFIX_PATH=/home/w/work/moveit2_handeye_calib/install/moveit_calibration_plugins:${AMENT_PREFIX_PATH} CMAKE_PREFIX_PATH=/home/w/work/moveit2_handeye_calib/install/moveit_calibration_plugins:/home/w/work/trac_ik_ws/install/trac_ik:/home/w/work/trac_ik_ws/install/trac_ik_examples:/home/w/work/trac_ik_ws/install/trac_ik_lib:/opt/ros/humble LD_LIBRARY_PATH=/home/w/work/moveit2_handeye_calib/install/moveit_calibration_plugins/lib:${LD_LIBRARY_PATH} /usr/bin/cmake --build /home/w/work/moveit2_handeye_calib/build/moveit_calibration_gui -- -j28 -l28
[2.979s] DEBUG:colcon.colcon_core.event_handler.log_command:Invoked command in '/home/w/work/moveit2_handeye_calib/build/robot_state_machine' returned '0': AMENT_PREFIX_PATH=/home/w/work/moveit2_handeye_calib/install/robot_driver:/home/w/work/moveit2_handeye_calib/install/ros2_socketcan:/home/w/work/moveit2_handeye_calib/install/ros2_socketcan_msgs:/home/w/work/moveit2_handeye_calib/install/robot_interfaces:${AMENT_PREFIX_PATH} CMAKE_PREFIX_PATH=/home/w/work/moveit2_handeye_calib/install/robot_driver:/home/w/work/moveit2_handeye_calib/install/ros2_socketcan:/home/w/work/moveit2_handeye_calib/install/ros2_socketcan_msgs:/home/w/work/moveit2_handeye_calib/install/robot_interfaces:/home/w/work/trac_ik_ws/install/trac_ik:/home/w/work/trac_ik_ws/install/trac_ik_examples:/home/w/work/trac_ik_ws/install/trac_ik_lib:/opt/ros/humble LD_LIBRARY_PATH=/home/w/work/moveit2_handeye_calib/install/robot_driver/lib:/home/w/work/moveit2_handeye_calib/install/ros2_socketcan/lib:/home/w/work/moveit2_handeye_calib/install/ros2_socketcan_msgs/lib:/home/w/work/moveit2_handeye_calib/install/robot_interfaces/lib:${LD_LIBRARY_PATH} PATH=/home/w/work/moveit2_handeye_calib/install/robot_driver/bin:${PATH} PYTHONPATH=/home/w/work/moveit2_handeye_calib/install/ros2_socketcan_msgs/local/lib/python3.10/dist-packages:/home/w/work/moveit2_handeye_calib/install/robot_interfaces/local/lib/python3.10/dist-packages:${PYTHONPATH} /usr/bin/cmake /home/w/work/moveit2_handeye_calib/TG620/robot_state_machine -DCMAKE_INSTALL_PREFIX=/home/w/work/moveit2_handeye_calib/install/robot_state_machine
[2.982s] DEBUG:colcon.colcon_core.event_handler.log_command:Invoking command in '/home/w/work/moveit2_handeye_calib/build/robot_state_machine': AMENT_PREFIX_PATH=/home/w/work/moveit2_handeye_calib/install/robot_driver:/home/w/work/moveit2_handeye_calib/install/ros2_socketcan:/home/w/work/moveit2_handeye_calib/install/ros2_socketcan_msgs:/home/w/work/moveit2_handeye_calib/install/robot_interfaces:${AMENT_PREFIX_PATH} CMAKE_PREFIX_PATH=/home/w/work/moveit2_handeye_calib/install/robot_driver:/home/w/work/moveit2_handeye_calib/install/ros2_socketcan:/home/w/work/moveit2_handeye_calib/install/ros2_socketcan_msgs:/home/w/work/moveit2_handeye_calib/install/robot_interfaces:/home/w/work/trac_ik_ws/install/trac_ik:/home/w/work/trac_ik_ws/install/trac_ik_examples:/home/w/work/trac_ik_ws/install/trac_ik_lib:/opt/ros/humble LD_LIBRARY_PATH=/home/w/work/moveit2_handeye_calib/install/robot_driver/lib:/home/w/work/moveit2_handeye_calib/install/ros2_socketcan/lib:/home/w/work/moveit2_handeye_calib/install/ros2_socketcan_msgs/lib:/home/w/work/moveit2_handeye_calib/install/robot_interfaces/lib:${LD_LIBRARY_PATH} PATH=/home/w/work/moveit2_handeye_calib/install/robot_driver/bin:${PATH} PYTHONPATH=/home/w/work/moveit2_handeye_calib/install/ros2_socketcan_msgs/local/lib/python3.10/dist-packages:/home/w/work/moveit2_handeye_calib/install/robot_interfaces/local/lib/python3.10/dist-packages:${PYTHONPATH} /usr/bin/cmake --build /home/w/work/moveit2_handeye_calib/build/robot_state_machine -- -j28 -l28
[46.354s] DEBUG:colcon.colcon_core.event_handler.log_command:Invoked command in '/home/w/work/moveit2_handeye_calib/build/moveit_calibration_gui' returned '0': AMENT_PREFIX_PATH=/home/w/work/moveit2_handeye_calib/install/moveit_calibration_plugins:${AMENT_PREFIX_PATH} CMAKE_PREFIX_PATH=/home/w/work/moveit2_handeye_calib/install/moveit_calibration_plugins:/home/w/work/trac_ik_ws/install/trac_ik:/home/w/work/trac_ik_ws/install/trac_ik_examples:/home/w/work/trac_ik_ws/install/trac_ik_lib:/opt/ros/humble LD_LIBRARY_PATH=/home/w/work/moveit2_handeye_calib/install/moveit_calibration_plugins/lib:${LD_LIBRARY_PATH} /usr/bin/cmake --build /home/w/work/moveit2_handeye_calib/build/moveit_calibration_gui -- -j28 -l28
[46.356s] DEBUG:colcon.colcon_core.event_handler.log_command:Invoking command in '/home/w/work/moveit2_handeye_calib/build/moveit_calibration_gui': AMENT_PREFIX_PATH=/home/w/work/moveit2_handeye_calib/install/moveit_calibration_plugins:${AMENT_PREFIX_PATH} CMAKE_PREFIX_PATH=/home/w/work/moveit2_handeye_calib/install/moveit_calibration_plugins:/home/w/work/trac_ik_ws/install/trac_ik:/home/w/work/trac_ik_ws/install/trac_ik_examples:/home/w/work/trac_ik_ws/install/trac_ik_lib:/opt/ros/humble LD_LIBRARY_PATH=/home/w/work/moveit2_handeye_calib/install/moveit_calibration_plugins/lib:${LD_LIBRARY_PATH} /usr/bin/cmake --install /home/w/work/moveit2_handeye_calib/build/moveit_calibration_gui
[46.370s] Level 1:colcon.colcon_core.environment:create_environment_scripts_only(moveit_calibration_gui)
[46.371s] Level 1:colcon.colcon_core.environment:checking '/home/w/work/moveit2_handeye_calib/install/moveit_calibration_gui' for CMake module files
[46.371s] DEBUG:colcon.colcon_core.event_handler.log_command:Invoked command in '/home/w/work/moveit2_handeye_calib/build/moveit_calibration_gui' returned '0': AMENT_PREFIX_PATH=/home/w/work/moveit2_handeye_calib/install/moveit_calibration_plugins:${AMENT_PREFIX_PATH} CMAKE_PREFIX_PATH=/home/w/work/moveit2_handeye_calib/install/moveit_calibration_plugins:/home/w/work/trac_ik_ws/install/trac_ik:/home/w/work/trac_ik_ws/install/trac_ik_examples:/home/w/work/trac_ik_ws/install/trac_ik_lib:/opt/ros/humble LD_LIBRARY_PATH=/home/w/work/moveit2_handeye_calib/install/moveit_calibration_plugins/lib:${LD_LIBRARY_PATH} /usr/bin/cmake --install /home/w/work/moveit2_handeye_calib/build/moveit_calibration_gui
[46.371s] Level 1:colcon.colcon_core.environment:checking '/home/w/work/moveit2_handeye_calib/install/moveit_calibration_gui' for CMake config files
[46.372s] Level 1:colcon.colcon_core.shell:create_environment_hook('moveit_calibration_gui', 'cmake_prefix_path')
[46.372s] INFO:colcon.colcon_core.shell:Creating environment hook '/home/w/work/moveit2_handeye_calib/install/moveit_calibration_gui/share/moveit_calibration_gui/hook/cmake_prefix_path.ps1'
[46.372s] INFO:colcon.colcon_core.shell:Creating environment descriptor '/home/w/work/moveit2_handeye_calib/install/moveit_calibration_gui/share/moveit_calibration_gui/hook/cmake_prefix_path.dsv'
[46.373s] INFO:colcon.colcon_core.shell:Creating environment hook '/home/w/work/moveit2_handeye_calib/install/moveit_calibration_gui/share/moveit_calibration_gui/hook/cmake_prefix_path.sh'
[46.373s] Level 1:colcon.colcon_core.environment:checking '/home/w/work/moveit2_handeye_calib/install/moveit_calibration_gui/lib'
[46.373s] Level 1:colcon.colcon_core.shell:create_environment_hook('moveit_calibration_gui', 'ld_library_path_lib')
[46.373s] INFO:colcon.colcon_core.shell:Creating environment hook '/home/w/work/moveit2_handeye_calib/install/moveit_calibration_gui/share/moveit_calibration_gui/hook/ld_library_path_lib.ps1'
[46.373s] INFO:colcon.colcon_core.shell:Creating environment descriptor '/home/w/work/moveit2_handeye_calib/install/moveit_calibration_gui/share/moveit_calibration_gui/hook/ld_library_path_lib.dsv'
[46.374s] INFO:colcon.colcon_core.shell:Creating environment hook '/home/w/work/moveit2_handeye_calib/install/moveit_calibration_gui/share/moveit_calibration_gui/hook/ld_library_path_lib.sh'
[46.374s] Level 1:colcon.colcon_core.environment:checking '/home/w/work/moveit2_handeye_calib/install/moveit_calibration_gui/bin'
[46.374s] Level 1:colcon.colcon_core.environment:checking '/home/w/work/moveit2_handeye_calib/install/moveit_calibration_gui/lib/pkgconfig/moveit_calibration_gui.pc'
[46.374s] Level 1:colcon.colcon_core.environment:checking '/home/w/work/moveit2_handeye_calib/install/moveit_calibration_gui/lib/python3.10/site-packages'
[46.374s] Level 1:colcon.colcon_core.environment:checking '/home/w/work/moveit2_handeye_calib/install/moveit_calibration_gui/bin'
[46.374s] INFO:colcon.colcon_core.shell:Creating package script '/home/w/work/moveit2_handeye_calib/install/moveit_calibration_gui/share/moveit_calibration_gui/package.ps1'
[46.375s] INFO:colcon.colcon_core.shell:Creating package descriptor '/home/w/work/moveit2_handeye_calib/install/moveit_calibration_gui/share/moveit_calibration_gui/package.dsv'
[46.375s] INFO:colcon.colcon_core.shell:Creating package script '/home/w/work/moveit2_handeye_calib/install/moveit_calibration_gui/share/moveit_calibration_gui/package.sh'
[46.375s] INFO:colcon.colcon_core.shell:Creating package script '/home/w/work/moveit2_handeye_calib/install/moveit_calibration_gui/share/moveit_calibration_gui/package.bash'
[46.376s] INFO:colcon.colcon_core.shell:Creating package script '/home/w/work/moveit2_handeye_calib/install/moveit_calibration_gui/share/moveit_calibration_gui/package.zsh'
[46.376s] Level 1:colcon.colcon_core.environment:create_file_with_runtime_dependencies(/home/w/work/moveit2_handeye_calib/install/moveit_calibration_gui/share/colcon-core/packages/moveit_calibration_gui)
[46.377s] Level 1:colcon.colcon_core.environment:create_environment_scripts_only(moveit_calibration_gui)
[46.377s] Level 1:colcon.colcon_core.environment:checking '/home/w/work/moveit2_handeye_calib/install/moveit_calibration_gui' for CMake module files
[46.377s] Level 1:colcon.colcon_core.environment:checking '/home/w/work/moveit2_handeye_calib/install/moveit_calibration_gui' for CMake config files
[46.377s] Level 1:colcon.colcon_core.shell:create_environment_hook('moveit_calibration_gui', 'cmake_prefix_path')
[46.377s] INFO:colcon.colcon_core.shell:Creating environment hook '/home/w/work/moveit2_handeye_calib/install/moveit_calibration_gui/share/moveit_calibration_gui/hook/cmake_prefix_path.ps1'
[46.377s] INFO:colcon.colcon_core.shell:Creating environment descriptor '/home/w/work/moveit2_handeye_calib/install/moveit_calibration_gui/share/moveit_calibration_gui/hook/cmake_prefix_path.dsv'
[46.378s] INFO:colcon.colcon_core.shell:Creating environment hook '/home/w/work/moveit2_handeye_calib/install/moveit_calibration_gui/share/moveit_calibration_gui/hook/cmake_prefix_path.sh'
[46.378s] Level 1:colcon.colcon_core.environment:checking '/home/w/work/moveit2_handeye_calib/install/moveit_calibration_gui/lib'
[46.378s] Level 1:colcon.colcon_core.shell:create_environment_hook('moveit_calibration_gui', 'ld_library_path_lib')
[46.378s] INFO:colcon.colcon_core.shell:Creating environment hook '/home/w/work/moveit2_handeye_calib/install/moveit_calibration_gui/share/moveit_calibration_gui/hook/ld_library_path_lib.ps1'
[46.378s] INFO:colcon.colcon_core.shell:Creating environment descriptor '/home/w/work/moveit2_handeye_calib/install/moveit_calibration_gui/share/moveit_calibration_gui/hook/ld_library_path_lib.dsv'
[46.378s] INFO:colcon.colcon_core.shell:Creating environment hook '/home/w/work/moveit2_handeye_calib/install/moveit_calibration_gui/share/moveit_calibration_gui/hook/ld_library_path_lib.sh'
[46.379s] Level 1:colcon.colcon_core.environment:checking '/home/w/work/moveit2_handeye_calib/install/moveit_calibration_gui/bin'
[46.379s] Level 1:colcon.colcon_core.environment:checking '/home/w/work/moveit2_handeye_calib/install/moveit_calibration_gui/lib/pkgconfig/moveit_calibration_gui.pc'
[46.379s] Level 1:colcon.colcon_core.environment:checking '/home/w/work/moveit2_handeye_calib/install/moveit_calibration_gui/lib/python3.10/site-packages'
[46.379s] Level 1:colcon.colcon_core.environment:checking '/home/w/work/moveit2_handeye_calib/install/moveit_calibration_gui/bin'
[46.379s] INFO:colcon.colcon_core.shell:Creating package script '/home/w/work/moveit2_handeye_calib/install/moveit_calibration_gui/share/moveit_calibration_gui/package.ps1'
[46.379s] INFO:colcon.colcon_core.shell:Creating package descriptor '/home/w/work/moveit2_handeye_calib/install/moveit_calibration_gui/share/moveit_calibration_gui/package.dsv'
[46.380s] INFO:colcon.colcon_core.shell:Creating package script '/home/w/work/moveit2_handeye_calib/install/moveit_calibration_gui/share/moveit_calibration_gui/package.sh'
[46.380s] INFO:colcon.colcon_core.shell:Creating package script '/home/w/work/moveit2_handeye_calib/install/moveit_calibration_gui/share/moveit_calibration_gui/package.bash'
[46.380s] INFO:colcon.colcon_core.shell:Creating package script '/home/w/work/moveit2_handeye_calib/install/moveit_calibration_gui/share/moveit_calibration_gui/package.zsh'
[46.380s] Level 1:colcon.colcon_core.environment:create_file_with_runtime_dependencies(/home/w/work/moveit2_handeye_calib/install/moveit_calibration_gui/share/colcon-core/packages/moveit_calibration_gui)
[46.380s] INFO:colcon.colcon_ros.task.ament_cmake.build:Building ROS package in '/home/w/work/moveit2_handeye_calib/moveit2_calibration/moveit_calibration_demos' with build type 'ament_cmake'
[46.381s] INFO:colcon.colcon_cmake.task.cmake.build:Building CMake package in '/home/w/work/moveit2_handeye_calib/moveit2_calibration/moveit_calibration_demos'
[46.381s] INFO:colcon.colcon_core.shell:Skip shell extension 'powershell' for command environment: Not usable outside of PowerShell
[46.381s] DEBUG:colcon.colcon_core.shell:Skip shell extension 'dsv' for command environment
[46.399s] DEBUG:colcon.colcon_core.event_handler.log_command:Invoking command in '/home/w/work/moveit2_handeye_calib/build/moveit_calibration_demos': AMENT_PREFIX_PATH=/home/w/work/moveit2_handeye_calib/install/moveit_calibration_gui:/home/w/work/moveit2_handeye_calib/install/moveit_calibration_plugins:${AMENT_PREFIX_PATH} CMAKE_PREFIX_PATH=/home/w/work/moveit2_handeye_calib/install/moveit_calibration_gui:/home/w/work/moveit2_handeye_calib/install/moveit_calibration_plugins:/home/w/work/trac_ik_ws/install/trac_ik:/home/w/work/trac_ik_ws/install/trac_ik_examples:/home/w/work/trac_ik_ws/install/trac_ik_lib:/opt/ros/humble LD_LIBRARY_PATH=/home/w/work/moveit2_handeye_calib/install/moveit_calibration_gui/lib:/home/w/work/moveit2_handeye_calib/install/moveit_calibration_plugins/lib:${LD_LIBRARY_PATH} /usr/bin/cmake /home/w/work/moveit2_handeye_calib/moveit2_calibration/moveit_calibration_demos -DCMAKE_INSTALL_PREFIX=/home/w/work/moveit2_handeye_calib/install/moveit_calibration_demos
[46.953s] DEBUG:colcon.colcon_core.event_handler.log_command:Invoked command in '/home/w/work/moveit2_handeye_calib/build/moveit_calibration_demos' returned '0': AMENT_PREFIX_PATH=/home/w/work/moveit2_handeye_calib/install/moveit_calibration_gui:/home/w/work/moveit2_handeye_calib/install/moveit_calibration_plugins:${AMENT_PREFIX_PATH} CMAKE_PREFIX_PATH=/home/w/work/moveit2_handeye_calib/install/moveit_calibration_gui:/home/w/work/moveit2_handeye_calib/install/moveit_calibration_plugins:/home/w/work/trac_ik_ws/install/trac_ik:/home/w/work/trac_ik_ws/install/trac_ik_examples:/home/w/work/trac_ik_ws/install/trac_ik_lib:/opt/ros/humble LD_LIBRARY_PATH=/home/w/work/moveit2_handeye_calib/install/moveit_calibration_gui/lib:/home/w/work/moveit2_handeye_calib/install/moveit_calibration_plugins/lib:${LD_LIBRARY_PATH} /usr/bin/cmake /home/w/work/moveit2_handeye_calib/moveit2_calibration/moveit_calibration_demos -DCMAKE_INSTALL_PREFIX=/home/w/work/moveit2_handeye_calib/install/moveit_calibration_demos
[46.954s] DEBUG:colcon.colcon_core.event_handler.log_command:Invoking command in '/home/w/work/moveit2_handeye_calib/build/moveit_calibration_demos': AMENT_PREFIX_PATH=/home/w/work/moveit2_handeye_calib/install/moveit_calibration_gui:/home/w/work/moveit2_handeye_calib/install/moveit_calibration_plugins:${AMENT_PREFIX_PATH} CMAKE_PREFIX_PATH=/home/w/work/moveit2_handeye_calib/install/moveit_calibration_gui:/home/w/work/moveit2_handeye_calib/install/moveit_calibration_plugins:/home/w/work/trac_ik_ws/install/trac_ik:/home/w/work/trac_ik_ws/install/trac_ik_examples:/home/w/work/trac_ik_ws/install/trac_ik_lib:/opt/ros/humble LD_LIBRARY_PATH=/home/w/work/moveit2_handeye_calib/install/moveit_calibration_gui/lib:/home/w/work/moveit2_handeye_calib/install/moveit_calibration_plugins/lib:${LD_LIBRARY_PATH} /usr/bin/cmake --build /home/w/work/moveit2_handeye_calib/build/moveit_calibration_demos -- -j28 -l28
[46.978s] DEBUG:colcon.colcon_core.event_handler.log_command:Invoked command in '/home/w/work/moveit2_handeye_calib/build/moveit_calibration_demos' returned '0': AMENT_PREFIX_PATH=/home/w/work/moveit2_handeye_calib/install/moveit_calibration_gui:/home/w/work/moveit2_handeye_calib/install/moveit_calibration_plugins:${AMENT_PREFIX_PATH} CMAKE_PREFIX_PATH=/home/w/work/moveit2_handeye_calib/install/moveit_calibration_gui:/home/w/work/moveit2_handeye_calib/install/moveit_calibration_plugins:/home/w/work/trac_ik_ws/install/trac_ik:/home/w/work/trac_ik_ws/install/trac_ik_examples:/home/w/work/trac_ik_ws/install/trac_ik_lib:/opt/ros/humble LD_LIBRARY_PATH=/home/w/work/moveit2_handeye_calib/install/moveit_calibration_gui/lib:/home/w/work/moveit2_handeye_calib/install/moveit_calibration_plugins/lib:${LD_LIBRARY_PATH} /usr/bin/cmake --build /home/w/work/moveit2_handeye_calib/build/moveit_calibration_demos -- -j28 -l28
[46.979s] DEBUG:colcon.colcon_core.event_handler.log_command:Invoking command in '/home/w/work/moveit2_handeye_calib/build/moveit_calibration_demos': AMENT_PREFIX_PATH=/home/w/work/moveit2_handeye_calib/install/moveit_calibration_gui:/home/w/work/moveit2_handeye_calib/install/moveit_calibration_plugins:${AMENT_PREFIX_PATH} CMAKE_PREFIX_PATH=/home/w/work/moveit2_handeye_calib/install/moveit_calibration_gui:/home/w/work/moveit2_handeye_calib/install/moveit_calibration_plugins:/home/w/work/trac_ik_ws/install/trac_ik:/home/w/work/trac_ik_ws/install/trac_ik_examples:/home/w/work/trac_ik_ws/install/trac_ik_lib:/opt/ros/humble LD_LIBRARY_PATH=/home/w/work/moveit2_handeye_calib/install/moveit_calibration_gui/lib:/home/w/work/moveit2_handeye_calib/install/moveit_calibration_plugins/lib:${LD_LIBRARY_PATH} /usr/bin/cmake --install /home/w/work/moveit2_handeye_calib/build/moveit_calibration_demos
[46.987s] Level 1:colcon.colcon_core.environment:create_environment_scripts_only(moveit_calibration_demos)
[46.987s] Level 1:colcon.colcon_core.environment:checking '/home/w/work/moveit2_handeye_calib/install/moveit_calibration_demos' for CMake module files
[46.987s] DEBUG:colcon.colcon_core.event_handler.log_command:Invoked command in '/home/w/work/moveit2_handeye_calib/build/moveit_calibration_demos' returned '0': AMENT_PREFIX_PATH=/home/w/work/moveit2_handeye_calib/install/moveit_calibration_gui:/home/w/work/moveit2_handeye_calib/install/moveit_calibration_plugins:${AMENT_PREFIX_PATH} CMAKE_PREFIX_PATH=/home/w/work/moveit2_handeye_calib/install/moveit_calibration_gui:/home/w/work/moveit2_handeye_calib/install/moveit_calibration_plugins:/home/w/work/trac_ik_ws/install/trac_ik:/home/w/work/trac_ik_ws/install/trac_ik_examples:/home/w/work/trac_ik_ws/install/trac_ik_lib:/opt/ros/humble LD_LIBRARY_PATH=/home/w/work/moveit2_handeye_calib/install/moveit_calibration_gui/lib:/home/w/work/moveit2_handeye_calib/install/moveit_calibration_plugins/lib:${LD_LIBRARY_PATH} /usr/bin/cmake --install /home/w/work/moveit2_handeye_calib/build/moveit_calibration_demos
[46.988s] Level 1:colcon.colcon_core.environment:checking '/home/w/work/moveit2_handeye_calib/install/moveit_calibration_demos' for CMake config files
[46.988s] Level 1:colcon.colcon_core.shell:create_environment_hook('moveit_calibration_demos', 'cmake_prefix_path')
[46.988s] INFO:colcon.colcon_core.shell:Creating environment hook '/home/w/work/moveit2_handeye_calib/install/moveit_calibration_demos/share/moveit_calibration_demos/hook/cmake_prefix_path.ps1'
[46.988s] INFO:colcon.colcon_core.shell:Creating environment descriptor '/home/w/work/moveit2_handeye_calib/install/moveit_calibration_demos/share/moveit_calibration_demos/hook/cmake_prefix_path.dsv'
[46.988s] INFO:colcon.colcon_core.shell:Creating environment hook '/home/w/work/moveit2_handeye_calib/install/moveit_calibration_demos/share/moveit_calibration_demos/hook/cmake_prefix_path.sh'
[46.989s] Level 1:colcon.colcon_core.environment:checking '/home/w/work/moveit2_handeye_calib/install/moveit_calibration_demos/bin'
[46.989s] Level 1:colcon.colcon_core.environment:checking '/home/w/work/moveit2_handeye_calib/install/moveit_calibration_demos/lib/pkgconfig/moveit_calibration_demos.pc'
[46.989s] Level 1:colcon.colcon_core.environment:checking '/home/w/work/moveit2_handeye_calib/install/moveit_calibration_demos/lib/python3.10/site-packages'
[46.989s] Level 1:colcon.colcon_core.environment:checking '/home/w/work/moveit2_handeye_calib/install/moveit_calibration_demos/bin'
[46.989s] INFO:colcon.colcon_core.shell:Creating package script '/home/w/work/moveit2_handeye_calib/install/moveit_calibration_demos/share/moveit_calibration_demos/package.ps1'
[46.989s] INFO:colcon.colcon_core.shell:Creating package descriptor '/home/w/work/moveit2_handeye_calib/install/moveit_calibration_demos/share/moveit_calibration_demos/package.dsv'
[46.990s] INFO:colcon.colcon_core.shell:Creating package script '/home/w/work/moveit2_handeye_calib/install/moveit_calibration_demos/share/moveit_calibration_demos/package.sh'
[46.990s] INFO:colcon.colcon_core.shell:Creating package script '/home/w/work/moveit2_handeye_calib/install/moveit_calibration_demos/share/moveit_calibration_demos/package.bash'
[46.990s] INFO:colcon.colcon_core.shell:Creating package script '/home/w/work/moveit2_handeye_calib/install/moveit_calibration_demos/share/moveit_calibration_demos/package.zsh'
[46.990s] Level 1:colcon.colcon_core.environment:create_file_with_runtime_dependencies(/home/w/work/moveit2_handeye_calib/install/moveit_calibration_demos/share/colcon-core/packages/moveit_calibration_demos)
[46.990s] Level 1:colcon.colcon_core.environment:create_environment_scripts_only(moveit_calibration_demos)
[46.990s] Level 1:colcon.colcon_core.environment:checking '/home/w/work/moveit2_handeye_calib/install/moveit_calibration_demos' for CMake module files
[46.991s] Level 1:colcon.colcon_core.environment:checking '/home/w/work/moveit2_handeye_calib/install/moveit_calibration_demos' for CMake config files
[46.991s] Level 1:colcon.colcon_core.shell:create_environment_hook('moveit_calibration_demos', 'cmake_prefix_path')
[46.991s] INFO:colcon.colcon_core.shell:Creating environment hook '/home/w/work/moveit2_handeye_calib/install/moveit_calibration_demos/share/moveit_calibration_demos/hook/cmake_prefix_path.ps1'
[46.991s] INFO:colcon.colcon_core.shell:Creating environment descriptor '/home/w/work/moveit2_handeye_calib/install/moveit_calibration_demos/share/moveit_calibration_demos/hook/cmake_prefix_path.dsv'
[46.991s] INFO:colcon.colcon_core.shell:Creating environment hook '/home/w/work/moveit2_handeye_calib/install/moveit_calibration_demos/share/moveit_calibration_demos/hook/cmake_prefix_path.sh'
[46.992s] Level 1:colcon.colcon_core.environment:checking '/home/w/work/moveit2_handeye_calib/install/moveit_calibration_demos/bin'
[46.992s] Level 1:colcon.colcon_core.environment:checking '/home/w/work/moveit2_handeye_calib/install/moveit_calibration_demos/lib/pkgconfig/moveit_calibration_demos.pc'
[46.992s] Level 1:colcon.colcon_core.environment:checking '/home/w/work/moveit2_handeye_calib/install/moveit_calibration_demos/lib/python3.10/site-packages'
[46.992s] Level 1:colcon.colcon_core.environment:checking '/home/w/work/moveit2_handeye_calib/install/moveit_calibration_demos/bin'
[46.992s] INFO:colcon.colcon_core.shell:Creating package script '/home/w/work/moveit2_handeye_calib/install/moveit_calibration_demos/share/moveit_calibration_demos/package.ps1'
[46.992s] INFO:colcon.colcon_core.shell:Creating package descriptor '/home/w/work/moveit2_handeye_calib/install/moveit_calibration_demos/share/moveit_calibration_demos/package.dsv'
[46.993s] INFO:colcon.colcon_core.shell:Creating package script '/home/w/work/moveit2_handeye_calib/install/moveit_calibration_demos/share/moveit_calibration_demos/package.sh'
[46.993s] INFO:colcon.colcon_core.shell:Creating package script '/home/w/work/moveit2_handeye_calib/install/moveit_calibration_demos/share/moveit_calibration_demos/package.bash'
[46.993s] INFO:colcon.colcon_core.shell:Creating package script '/home/w/work/moveit2_handeye_calib/install/moveit_calibration_demos/share/moveit_calibration_demos/package.zsh'
[46.993s] Level 1:colcon.colcon_core.environment:create_file_with_runtime_dependencies(/home/w/work/moveit2_handeye_calib/install/moveit_calibration_demos/share/colcon-core/packages/moveit_calibration_demos)
[47.789s] DEBUG:colcon.colcon_core.event_handler.log_command:Invoked command in '/home/w/work/moveit2_handeye_calib/build/robot_state_machine' returned '0': AMENT_PREFIX_PATH=/home/w/work/moveit2_handeye_calib/install/robot_driver:/home/w/work/moveit2_handeye_calib/install/ros2_socketcan:/home/w/work/moveit2_handeye_calib/install/ros2_socketcan_msgs:/home/w/work/moveit2_handeye_calib/install/robot_interfaces:${AMENT_PREFIX_PATH} CMAKE_PREFIX_PATH=/home/w/work/moveit2_handeye_calib/install/robot_driver:/home/w/work/moveit2_handeye_calib/install/ros2_socketcan:/home/w/work/moveit2_handeye_calib/install/ros2_socketcan_msgs:/home/w/work/moveit2_handeye_calib/install/robot_interfaces:/home/w/work/trac_ik_ws/install/trac_ik:/home/w/work/trac_ik_ws/install/trac_ik_examples:/home/w/work/trac_ik_ws/install/trac_ik_lib:/opt/ros/humble LD_LIBRARY_PATH=/home/w/work/moveit2_handeye_calib/install/robot_driver/lib:/home/w/work/moveit2_handeye_calib/install/ros2_socketcan/lib:/home/w/work/moveit2_handeye_calib/install/ros2_socketcan_msgs/lib:/home/w/work/moveit2_handeye_calib/install/robot_interfaces/lib:${LD_LIBRARY_PATH} PATH=/home/w/work/moveit2_handeye_calib/install/robot_driver/bin:${PATH} PYTHONPATH=/home/w/work/moveit2_handeye_calib/install/ros2_socketcan_msgs/local/lib/python3.10/dist-packages:/home/w/work/moveit2_handeye_calib/install/robot_interfaces/local/lib/python3.10/dist-packages:${PYTHONPATH} /usr/bin/cmake --build /home/w/work/moveit2_handeye_calib/build/robot_state_machine -- -j28 -l28
[47.790s] DEBUG:colcon.colcon_core.event_handler.log_command:Invoking command in '/home/w/work/moveit2_handeye_calib/build/robot_state_machine': AMENT_PREFIX_PATH=/home/w/work/moveit2_handeye_calib/install/robot_driver:/home/w/work/moveit2_handeye_calib/install/ros2_socketcan:/home/w/work/moveit2_handeye_calib/install/ros2_socketcan_msgs:/home/w/work/moveit2_handeye_calib/install/robot_interfaces:${AMENT_PREFIX_PATH} CMAKE_PREFIX_PATH=/home/w/work/moveit2_handeye_calib/install/robot_driver:/home/w/work/moveit2_handeye_calib/install/ros2_socketcan:/home/w/work/moveit2_handeye_calib/install/ros2_socketcan_msgs:/home/w/work/moveit2_handeye_calib/install/robot_interfaces:/home/w/work/trac_ik_ws/install/trac_ik:/home/w/work/trac_ik_ws/install/trac_ik_examples:/home/w/work/trac_ik_ws/install/trac_ik_lib:/opt/ros/humble LD_LIBRARY_PATH=/home/w/work/moveit2_handeye_calib/install/robot_driver/lib:/home/w/work/moveit2_handeye_calib/install/ros2_socketcan/lib:/home/w/work/moveit2_handeye_calib/install/ros2_socketcan_msgs/lib:/home/w/work/moveit2_handeye_calib/install/robot_interfaces/lib:${LD_LIBRARY_PATH} PATH=/home/w/work/moveit2_handeye_calib/install/robot_driver/bin:${PATH} PYTHONPATH=/home/w/work/moveit2_handeye_calib/install/ros2_socketcan_msgs/local/lib/python3.10/dist-packages:/home/w/work/moveit2_handeye_calib/install/robot_interfaces/local/lib/python3.10/dist-packages:${PYTHONPATH} /usr/bin/cmake --install /home/w/work/moveit2_handeye_calib/build/robot_state_machine
[47.821s] Level 1:colcon.colcon_core.environment:create_environment_scripts_only(robot_state_machine)
[47.821s] Level 1:colcon.colcon_core.environment:checking '/home/w/work/moveit2_handeye_calib/install/robot_state_machine' for CMake module files
[47.822s] DEBUG:colcon.colcon_core.event_handler.log_command:Invoked command in '/home/w/work/moveit2_handeye_calib/build/robot_state_machine' returned '0': AMENT_PREFIX_PATH=/home/w/work/moveit2_handeye_calib/install/robot_driver:/home/w/work/moveit2_handeye_calib/install/ros2_socketcan:/home/w/work/moveit2_handeye_calib/install/ros2_socketcan_msgs:/home/w/work/moveit2_handeye_calib/install/robot_interfaces:${AMENT_PREFIX_PATH} CMAKE_PREFIX_PATH=/home/w/work/moveit2_handeye_calib/install/robot_driver:/home/w/work/moveit2_handeye_calib/install/ros2_socketcan:/home/w/work/moveit2_handeye_calib/install/ros2_socketcan_msgs:/home/w/work/moveit2_handeye_calib/install/robot_interfaces:/home/w/work/trac_ik_ws/install/trac_ik:/home/w/work/trac_ik_ws/install/trac_ik_examples:/home/w/work/trac_ik_ws/install/trac_ik_lib:/opt/ros/humble LD_LIBRARY_PATH=/home/w/work/moveit2_handeye_calib/install/robot_driver/lib:/home/w/work/moveit2_handeye_calib/install/ros2_socketcan/lib:/home/w/work/moveit2_handeye_calib/install/ros2_socketcan_msgs/lib:/home/w/work/moveit2_handeye_calib/install/robot_interfaces/lib:${LD_LIBRARY_PATH} PATH=/home/w/work/moveit2_handeye_calib/install/robot_driver/bin:${PATH} PYTHONPATH=/home/w/work/moveit2_handeye_calib/install/ros2_socketcan_msgs/local/lib/python3.10/dist-packages:/home/w/work/moveit2_handeye_calib/install/robot_interfaces/local/lib/python3.10/dist-packages:${PYTHONPATH} /usr/bin/cmake --install /home/w/work/moveit2_handeye_calib/build/robot_state_machine
[47.822s] Level 1:colcon.colcon_core.environment:checking '/home/w/work/moveit2_handeye_calib/install/robot_state_machine' for CMake config files
[47.822s] Level 1:colcon.colcon_core.shell:create_environment_hook('robot_state_machine', 'cmake_prefix_path')
[47.822s] INFO:colcon.colcon_core.shell:Creating environment hook '/home/w/work/moveit2_handeye_calib/install/robot_state_machine/share/robot_state_machine/hook/cmake_prefix_path.ps1'
[47.822s] INFO:colcon.colcon_core.shell:Creating environment descriptor '/home/w/work/moveit2_handeye_calib/install/robot_state_machine/share/robot_state_machine/hook/cmake_prefix_path.dsv'
[47.823s] INFO:colcon.colcon_core.shell:Creating environment hook '/home/w/work/moveit2_handeye_calib/install/robot_state_machine/share/robot_state_machine/hook/cmake_prefix_path.sh'
[47.823s] Level 1:colcon.colcon_core.environment:checking '/home/w/work/moveit2_handeye_calib/install/robot_state_machine/lib'
[47.823s] Level 1:colcon.colcon_core.environment:checking '/home/w/work/moveit2_handeye_calib/install/robot_state_machine/bin'
[47.823s] Level 1:colcon.colcon_core.environment:checking '/home/w/work/moveit2_handeye_calib/install/robot_state_machine/lib/pkgconfig/robot_state_machine.pc'
[47.823s] Level 1:colcon.colcon_core.environment:checking '/home/w/work/moveit2_handeye_calib/install/robot_state_machine/lib/python3.10/site-packages'
[47.823s] Level 1:colcon.colcon_core.environment:checking '/home/w/work/moveit2_handeye_calib/install/robot_state_machine/bin'
[47.824s] INFO:colcon.colcon_core.shell:Creating package script '/home/w/work/moveit2_handeye_calib/install/robot_state_machine/share/robot_state_machine/package.ps1'
[47.824s] INFO:colcon.colcon_core.shell:Creating package descriptor '/home/w/work/moveit2_handeye_calib/install/robot_state_machine/share/robot_state_machine/package.dsv'
[47.824s] INFO:colcon.colcon_core.shell:Creating package script '/home/w/work/moveit2_handeye_calib/install/robot_state_machine/share/robot_state_machine/package.sh'
[47.824s] INFO:colcon.colcon_core.shell:Creating package script '/home/w/work/moveit2_handeye_calib/install/robot_state_machine/share/robot_state_machine/package.bash'
[47.824s] INFO:colcon.colcon_core.shell:Creating package script '/home/w/work/moveit2_handeye_calib/install/robot_state_machine/share/robot_state_machine/package.zsh'
[47.825s] Level 1:colcon.colcon_core.environment:create_file_with_runtime_dependencies(/home/w/work/moveit2_handeye_calib/install/robot_state_machine/share/colcon-core/packages/robot_state_machine)
[47.825s] Level 1:colcon.colcon_core.environment:create_environment_scripts_only(robot_state_machine)
[47.825s] Level 1:colcon.colcon_core.environment:checking '/home/w/work/moveit2_handeye_calib/install/robot_state_machine' for CMake module files
[47.825s] Level 1:colcon.colcon_core.environment:checking '/home/w/work/moveit2_handeye_calib/install/robot_state_machine' for CMake config files
[47.825s] Level 1:colcon.colcon_core.shell:create_environment_hook('robot_state_machine', 'cmake_prefix_path')
[47.825s] INFO:colcon.colcon_core.shell:Creating environment hook '/home/w/work/moveit2_handeye_calib/install/robot_state_machine/share/robot_state_machine/hook/cmake_prefix_path.ps1'
[47.826s] INFO:colcon.colcon_core.shell:Creating environment descriptor '/home/w/work/moveit2_handeye_calib/install/robot_state_machine/share/robot_state_machine/hook/cmake_prefix_path.dsv'
[47.826s] INFO:colcon.colcon_core.shell:Creating environment hook '/home/w/work/moveit2_handeye_calib/install/robot_state_machine/share/robot_state_machine/hook/cmake_prefix_path.sh'
[47.826s] Level 1:colcon.colcon_core.environment:checking '/home/w/work/moveit2_handeye_calib/install/robot_state_machine/lib'
[47.826s] Level 1:colcon.colcon_core.environment:checking '/home/w/work/moveit2_handeye_calib/install/robot_state_machine/bin'
[47.826s] Level 1:colcon.colcon_core.environment:checking '/home/w/work/moveit2_handeye_calib/install/robot_state_machine/lib/pkgconfig/robot_state_machine.pc'
[47.826s] Level 1:colcon.colcon_core.environment:checking '/home/w/work/moveit2_handeye_calib/install/robot_state_machine/lib/python3.10/site-packages'
[47.826s] Level 1:colcon.colcon_core.environment:checking '/home/w/work/moveit2_handeye_calib/install/robot_state_machine/bin'
[47.827s] INFO:colcon.colcon_core.shell:Creating package script '/home/w/work/moveit2_handeye_calib/install/robot_state_machine/share/robot_state_machine/package.ps1'
[47.827s] INFO:colcon.colcon_core.shell:Creating package descriptor '/home/w/work/moveit2_handeye_calib/install/robot_state_machine/share/robot_state_machine/package.dsv'
[47.827s] INFO:colcon.colcon_core.shell:Creating package script '/home/w/work/moveit2_handeye_calib/install/robot_state_machine/share/robot_state_machine/package.sh'
[47.828s] INFO:colcon.colcon_core.shell:Creating package script '/home/w/work/moveit2_handeye_calib/install/robot_state_machine/share/robot_state_machine/package.bash'
[47.828s] INFO:colcon.colcon_core.shell:Creating package script '/home/w/work/moveit2_handeye_calib/install/robot_state_machine/share/robot_state_machine/package.zsh'
[47.828s] Level 1:colcon.colcon_core.environment:create_file_with_runtime_dependencies(/home/w/work/moveit2_handeye_calib/install/robot_state_machine/share/colcon-core/packages/robot_state_machine)
[47.828s] DEBUG:colcon.colcon_parallel_executor.executor.parallel:closing loop
[47.828s] DEBUG:colcon.colcon_parallel_executor.executor.parallel:loop closed
[47.828s] DEBUG:colcon.colcon_parallel_executor.executor.parallel:run_until_complete finished with '0'
[47.828s] DEBUG:colcon.colcon_core.event_reactor:joining thread
[47.838s] INFO:colcon.colcon_core.plugin_system:Skipping extension 'colcon_notification.desktop_notification.terminal_notifier': Not used on non-Darwin systems
[47.838s] INFO:colcon.colcon_core.plugin_system:Skipping extension 'colcon_notification.desktop_notification.win32': Not used on non-Windows systems
[47.838s] INFO:colcon.colcon_notification.desktop_notification:Sending desktop notification using 'notify2'
[47.856s] DEBUG:colcon.colcon_core.event_reactor:joined thread
[47.856s] INFO:colcon.colcon_core.shell:Creating prefix script '/home/w/work/moveit2_handeye_calib/install/local_setup.ps1'
[47.857s] INFO:colcon.colcon_core.shell:Creating prefix util module '/home/w/work/moveit2_handeye_calib/install/_local_setup_util_ps1.py'
[47.859s] INFO:colcon.colcon_core.shell:Creating prefix chain script '/home/w/work/moveit2_handeye_calib/install/setup.ps1'
[47.862s] INFO:colcon.colcon_core.shell:Creating prefix script '/home/w/work/moveit2_handeye_calib/install/local_setup.sh'
[47.863s] INFO:colcon.colcon_core.shell:Creating prefix util module '/home/w/work/moveit2_handeye_calib/install/_local_setup_util_sh.py'
[47.863s] INFO:colcon.colcon_core.shell:Creating prefix chain script '/home/w/work/moveit2_handeye_calib/install/setup.sh'
[47.865s] INFO:colcon.colcon_core.shell:Creating prefix script '/home/w/work/moveit2_handeye_calib/install/local_setup.bash'
[47.866s] INFO:colcon.colcon_core.shell:Creating prefix chain script '/home/w/work/moveit2_handeye_calib/install/setup.bash'
[47.867s] INFO:colcon.colcon_core.shell:Creating prefix script '/home/w/work/moveit2_handeye_calib/install/local_setup.zsh'
[47.868s] INFO:colcon.colcon_core.shell:Creating prefix chain script '/home/w/work/moveit2_handeye_calib/install/setup.zsh'
