[0.125s] DEBUG:colcon:Command line arguments: ['/usr/bin/colcon', 'build']
[0.125s] DEBUG:colcon:Parsed command line arguments: Namespace(log_base=None, log_level=None, verb_name='build', build_base='build', install_base='install', merge_install=False, symlink_install=False, test_result_base=None, continue_on_error=False, executor='parallel', parallel_workers=28, event_handlers=None, ignore_user_meta=False, metas=['./colcon.meta'], base_paths=['.'], packages_ignore=None, packages_ignore_regex=None, paths=None, packages_up_to=None, packages_up_to_regex=None, packages_above=None, packages_above_and_dependencies=None, packages_above_depth=None, packages_select_by_dep=None, packages_skip_by_dep=None, packages_skip_up_to=None, packages_select_build_failed=False, packages_skip_build_finished=False, packages_select_test_failures=False, packages_skip_test_passed=False, packages_select=None, packages_skip=None, packages_select_regex=None, packages_skip_regex=None, packages_start=None, packages_end=None, allow_overriding=[], cmake_args=None, cmake_target=None, cmake_target_skip_unavailable=False, cmake_clean_cache=False, cmake_clean_first=False, cmake_force_configure=False, ament_cmake_args=None, catkin_cmake_args=None, catkin_skip_building_tests=False, verb_parser=<colcon_defaults.argument_parser.defaults.DefaultArgumentsDecorator object at 0x78a604b6d210>, verb_extension=<colcon_core.verb.build.BuildVerb object at 0x78a604c5e680>, main=<bound method BuildVerb.main of <colcon_core.verb.build.BuildVerb object at 0x78a604c5e680>>)
[0.228s] Level 1:colcon.colcon_core.package_discovery:discover_packages(colcon_meta) check parameters
[0.228s] Level 1:colcon.colcon_core.package_discovery:discover_packages(recursive) check parameters
[0.228s] Level 1:colcon.colcon_core.package_discovery:discover_packages(ignore) check parameters
[0.228s] Level 1:colcon.colcon_core.package_discovery:discover_packages(path) check parameters
[0.228s] Level 1:colcon.colcon_core.package_discovery:discover_packages(colcon_meta) discover
[0.228s] Level 1:colcon.colcon_core.package_discovery:discover_packages(recursive) discover
[0.228s] INFO:colcon.colcon_core.package_discovery:Crawling recursively for packages in '/home/w/work/moveit2_handeye_calib'
[0.229s] Level 1:colcon.colcon_core.package_identification:_identify(.) by extensions ['ignore', 'ignore_ament_install']
[0.229s] Level 1:colcon.colcon_core.package_identification:_identify(.) by extension 'ignore'
[0.229s] Level 1:colcon.colcon_core.package_identification:_identify(.) by extension 'ignore_ament_install'
[0.229s] Level 1:colcon.colcon_core.package_identification:_identify(.) by extensions ['colcon_pkg']
[0.229s] Level 1:colcon.colcon_core.package_identification:_identify(.) by extension 'colcon_pkg'
[0.229s] Level 1:colcon.colcon_core.package_identification:_identify(.) by extensions ['colcon_meta']
[0.229s] Level 1:colcon.colcon_core.package_identification:_identify(.) by extension 'colcon_meta'
[0.229s] Level 1:colcon.colcon_core.package_identification:_identify(.) by extensions ['ros']
[0.229s] Level 1:colcon.colcon_core.package_identification:_identify(.) by extension 'ros'
[0.239s] Level 1:colcon.colcon_core.package_identification:_identify(.) by extensions ['cmake', 'python']
[0.239s] Level 1:colcon.colcon_core.package_identification:_identify(.) by extension 'cmake'
[0.239s] Level 1:colcon.colcon_core.package_identification:_identify(.) by extension 'python'
[0.239s] Level 1:colcon.colcon_core.package_identification:_identify(.) by extensions ['python_setup_py']
[0.239s] Level 1:colcon.colcon_core.package_identification:_identify(.) by extension 'python_setup_py'
[0.239s] Level 1:colcon.colcon_core.package_identification:_identify(TG620) by extensions ['ignore', 'ignore_ament_install']
[0.239s] Level 1:colcon.colcon_core.package_identification:_identify(TG620) by extension 'ignore'
[0.239s] Level 1:colcon.colcon_core.package_identification:_identify(TG620) by extension 'ignore_ament_install'
[0.239s] Level 1:colcon.colcon_core.package_identification:_identify(TG620) by extensions ['colcon_pkg']
[0.239s] Level 1:colcon.colcon_core.package_identification:_identify(TG620) by extension 'colcon_pkg'
[0.239s] Level 1:colcon.colcon_core.package_identification:_identify(TG620) by extensions ['colcon_meta']
[0.239s] Level 1:colcon.colcon_core.package_identification:_identify(TG620) by extension 'colcon_meta'
[0.239s] Level 1:colcon.colcon_core.package_identification:_identify(TG620) by extensions ['ros']
[0.239s] Level 1:colcon.colcon_core.package_identification:_identify(TG620) by extension 'ros'
[0.239s] Level 1:colcon.colcon_core.package_identification:_identify(TG620) by extensions ['cmake', 'python']
[0.239s] Level 1:colcon.colcon_core.package_identification:_identify(TG620) by extension 'cmake'
[0.239s] Level 1:colcon.colcon_core.package_identification:_identify(TG620) by extension 'python'
[0.239s] Level 1:colcon.colcon_core.package_identification:_identify(TG620) by extensions ['python_setup_py']
[0.239s] Level 1:colcon.colcon_core.package_identification:_identify(TG620) by extension 'python_setup_py'
[0.239s] Level 1:colcon.colcon_core.package_identification:_identify(TG620/motor_control_logger) by extensions ['ignore', 'ignore_ament_install']
[0.239s] Level 1:colcon.colcon_core.package_identification:_identify(TG620/motor_control_logger) by extension 'ignore'
[0.239s] Level 1:colcon.colcon_core.package_identification:_identify(TG620/motor_control_logger) by extension 'ignore_ament_install'
[0.239s] Level 1:colcon.colcon_core.package_identification:_identify(TG620/motor_control_logger) by extensions ['colcon_pkg']
[0.239s] Level 1:colcon.colcon_core.package_identification:_identify(TG620/motor_control_logger) by extension 'colcon_pkg'
[0.239s] Level 1:colcon.colcon_core.package_identification:_identify(TG620/motor_control_logger) by extensions ['colcon_meta']
[0.239s] Level 1:colcon.colcon_core.package_identification:_identify(TG620/motor_control_logger) by extension 'colcon_meta'
[0.239s] Level 1:colcon.colcon_core.package_identification:_identify(TG620/motor_control_logger) by extensions ['ros']
[0.239s] Level 1:colcon.colcon_core.package_identification:_identify(TG620/motor_control_logger) by extension 'ros'
[0.241s] DEBUG:colcon.colcon_core.package_identification:Package 'TG620/motor_control_logger' with type 'ros.ament_cmake' and name 'motor_control_logger'
[0.242s] Level 1:colcon.colcon_core.package_identification:_identify(TG620/robot_bringup) by extensions ['ignore', 'ignore_ament_install']
[0.242s] Level 1:colcon.colcon_core.package_identification:_identify(TG620/robot_bringup) by extension 'ignore'
[0.242s] Level 1:colcon.colcon_core.package_identification:_identify(TG620/robot_bringup) by extension 'ignore_ament_install'
[0.242s] Level 1:colcon.colcon_core.package_identification:_identify(TG620/robot_bringup) by extensions ['colcon_pkg']
[0.242s] Level 1:colcon.colcon_core.package_identification:_identify(TG620/robot_bringup) by extension 'colcon_pkg'
[0.242s] Level 1:colcon.colcon_core.package_identification:_identify(TG620/robot_bringup) by extensions ['colcon_meta']
[0.242s] Level 1:colcon.colcon_core.package_identification:_identify(TG620/robot_bringup) by extension 'colcon_meta'
[0.242s] Level 1:colcon.colcon_core.package_identification:_identify(TG620/robot_bringup) by extensions ['ros']
[0.242s] Level 1:colcon.colcon_core.package_identification:_identify(TG620/robot_bringup) by extension 'ros'
[0.242s] DEBUG:colcon.colcon_core.package_identification:Package 'TG620/robot_bringup' with type 'ros.ament_cmake' and name 'robot_bringup'
[0.242s] Level 1:colcon.colcon_core.package_identification:_identify(TG620/robot_config) by extensions ['ignore', 'ignore_ament_install']
[0.242s] Level 1:colcon.colcon_core.package_identification:_identify(TG620/robot_config) by extension 'ignore'
[0.242s] Level 1:colcon.colcon_core.package_identification:_identify(TG620/robot_config) by extension 'ignore_ament_install'
[0.242s] Level 1:colcon.colcon_core.package_identification:_identify(TG620/robot_config) by extensions ['colcon_pkg']
[0.242s] Level 1:colcon.colcon_core.package_identification:_identify(TG620/robot_config) by extension 'colcon_pkg'
[0.242s] Level 1:colcon.colcon_core.package_identification:_identify(TG620/robot_config) by extensions ['colcon_meta']
[0.242s] Level 1:colcon.colcon_core.package_identification:_identify(TG620/robot_config) by extension 'colcon_meta'
[0.242s] Level 1:colcon.colcon_core.package_identification:_identify(TG620/robot_config) by extensions ['ros']
[0.242s] Level 1:colcon.colcon_core.package_identification:_identify(TG620/robot_config) by extension 'ros'
[0.242s] Level 1:colcon.colcon_core.package_identification:_identify(TG620/robot_config) by extensions ['cmake', 'python']
[0.242s] Level 1:colcon.colcon_core.package_identification:_identify(TG620/robot_config) by extension 'cmake'
[0.242s] Level 1:colcon.colcon_core.package_identification:_identify(TG620/robot_config) by extension 'python'
[0.242s] Level 1:colcon.colcon_core.package_identification:_identify(TG620/robot_config) by extensions ['python_setup_py']
[0.242s] Level 1:colcon.colcon_core.package_identification:_identify(TG620/robot_config) by extension 'python_setup_py'
[0.242s] Level 1:colcon.colcon_core.package_identification:_identify(TG620/robot_config/arm380_config) by extensions ['ignore', 'ignore_ament_install']
[0.243s] Level 1:colcon.colcon_core.package_identification:_identify(TG620/robot_config/arm380_config) by extension 'ignore'
[0.243s] Level 1:colcon.colcon_core.package_identification:_identify(TG620/robot_config/arm380_config) by extension 'ignore_ament_install'
[0.243s] Level 1:colcon.colcon_core.package_identification:_identify(TG620/robot_config/arm380_config) by extensions ['colcon_pkg']
[0.243s] Level 1:colcon.colcon_core.package_identification:_identify(TG620/robot_config/arm380_config) by extension 'colcon_pkg'
[0.243s] Level 1:colcon.colcon_core.package_identification:_identify(TG620/robot_config/arm380_config) by extensions ['colcon_meta']
[0.243s] Level 1:colcon.colcon_core.package_identification:_identify(TG620/robot_config/arm380_config) by extension 'colcon_meta'
[0.243s] Level 1:colcon.colcon_core.package_identification:_identify(TG620/robot_config/arm380_config) by extensions ['ros']
[0.243s] Level 1:colcon.colcon_core.package_identification:_identify(TG620/robot_config/arm380_config) by extension 'ros'
[0.243s] DEBUG:colcon.colcon_core.package_identification:Package 'TG620/robot_config/arm380_config' with type 'ros.ament_cmake' and name 'arm380_config'
[0.243s] Level 1:colcon.colcon_core.package_identification:_identify(TG620/robot_config/arm620_config) by extensions ['ignore', 'ignore_ament_install']
[0.243s] Level 1:colcon.colcon_core.package_identification:_identify(TG620/robot_config/arm620_config) by extension 'ignore'
[0.243s] Level 1:colcon.colcon_core.package_identification:_identify(TG620/robot_config/arm620_config) by extension 'ignore_ament_install'
[0.243s] Level 1:colcon.colcon_core.package_identification:_identify(TG620/robot_config/arm620_config) by extensions ['colcon_pkg']
[0.243s] Level 1:colcon.colcon_core.package_identification:_identify(TG620/robot_config/arm620_config) by extension 'colcon_pkg'
[0.243s] Level 1:colcon.colcon_core.package_identification:_identify(TG620/robot_config/arm620_config) by extensions ['colcon_meta']
[0.243s] Level 1:colcon.colcon_core.package_identification:_identify(TG620/robot_config/arm620_config) by extension 'colcon_meta'
[0.243s] Level 1:colcon.colcon_core.package_identification:_identify(TG620/robot_config/arm620_config) by extensions ['ros']
[0.243s] Level 1:colcon.colcon_core.package_identification:_identify(TG620/robot_config/arm620_config) by extension 'ros'
[0.245s] DEBUG:colcon.colcon_core.package_identification:Package 'TG620/robot_config/arm620_config' with type 'ros.ament_cmake' and name 'arm620_config'
[0.245s] Level 1:colcon.colcon_core.package_identification:_identify(TG620/robot_config/arm620_dh_config) by extensions ['ignore', 'ignore_ament_install']
[0.245s] Level 1:colcon.colcon_core.package_identification:_identify(TG620/robot_config/arm620_dh_config) by extension 'ignore'
[0.245s] Level 1:colcon.colcon_core.package_identification:_identify(TG620/robot_config/arm620_dh_config) by extension 'ignore_ament_install'
[0.245s] Level 1:colcon.colcon_core.package_identification:_identify(TG620/robot_config/arm620_dh_config) by extensions ['colcon_pkg']
[0.245s] Level 1:colcon.colcon_core.package_identification:_identify(TG620/robot_config/arm620_dh_config) by extension 'colcon_pkg'
[0.245s] Level 1:colcon.colcon_core.package_identification:_identify(TG620/robot_config/arm620_dh_config) by extensions ['colcon_meta']
[0.245s] Level 1:colcon.colcon_core.package_identification:_identify(TG620/robot_config/arm620_dh_config) by extension 'colcon_meta'
[0.245s] Level 1:colcon.colcon_core.package_identification:_identify(TG620/robot_config/arm620_dh_config) by extensions ['ros']
[0.245s] Level 1:colcon.colcon_core.package_identification:_identify(TG620/robot_config/arm620_dh_config) by extension 'ros'
[0.245s] DEBUG:colcon.colcon_core.package_identification:Package 'TG620/robot_config/arm620_dh_config' with type 'ros.ament_cmake' and name 'arm620_dh_config'
[0.245s] Level 1:colcon.colcon_core.package_identification:_identify(TG620/robot_control) by extensions ['ignore', 'ignore_ament_install']
[0.245s] Level 1:colcon.colcon_core.package_identification:_identify(TG620/robot_control) by extension 'ignore'
[0.245s] Level 1:colcon.colcon_core.package_identification:_identify(TG620/robot_control) by extension 'ignore_ament_install'
[0.246s] Level 1:colcon.colcon_core.package_identification:_identify(TG620/robot_control) by extensions ['colcon_pkg']
[0.246s] Level 1:colcon.colcon_core.package_identification:_identify(TG620/robot_control) by extension 'colcon_pkg'
[0.246s] Level 1:colcon.colcon_core.package_identification:_identify(TG620/robot_control) by extensions ['colcon_meta']
[0.246s] Level 1:colcon.colcon_core.package_identification:_identify(TG620/robot_control) by extension 'colcon_meta'
[0.246s] Level 1:colcon.colcon_core.package_identification:_identify(TG620/robot_control) by extensions ['ros']
[0.246s] Level 1:colcon.colcon_core.package_identification:_identify(TG620/robot_control) by extension 'ros'
[0.246s] DEBUG:colcon.colcon_core.package_identification:Package 'TG620/robot_control' with type 'ros.ament_cmake' and name 'robot_control'
[0.246s] Level 1:colcon.colcon_core.package_identification:_identify(TG620/robot_description) by extensions ['ignore', 'ignore_ament_install']
[0.246s] Level 1:colcon.colcon_core.package_identification:_identify(TG620/robot_description) by extension 'ignore'
[0.246s] Level 1:colcon.colcon_core.package_identification:_identify(TG620/robot_description) by extension 'ignore_ament_install'
[0.246s] Level 1:colcon.colcon_core.package_identification:_identify(TG620/robot_description) by extensions ['colcon_pkg']
[0.246s] Level 1:colcon.colcon_core.package_identification:_identify(TG620/robot_description) by extension 'colcon_pkg'
[0.246s] Level 1:colcon.colcon_core.package_identification:_identify(TG620/robot_description) by extensions ['colcon_meta']
[0.246s] Level 1:colcon.colcon_core.package_identification:_identify(TG620/robot_description) by extension 'colcon_meta'
[0.246s] Level 1:colcon.colcon_core.package_identification:_identify(TG620/robot_description) by extensions ['ros']
[0.246s] Level 1:colcon.colcon_core.package_identification:_identify(TG620/robot_description) by extension 'ros'
[0.246s] DEBUG:colcon.colcon_core.package_identification:Package 'TG620/robot_description' with type 'ros.ament_cmake' and name 'robot_description'
[0.247s] Level 1:colcon.colcon_core.package_identification:_identify(TG620/robot_driver) by extensions ['ignore', 'ignore_ament_install']
[0.247s] Level 1:colcon.colcon_core.package_identification:_identify(TG620/robot_driver) by extension 'ignore'
[0.247s] Level 1:colcon.colcon_core.package_identification:_identify(TG620/robot_driver) by extension 'ignore_ament_install'
[0.247s] Level 1:colcon.colcon_core.package_identification:_identify(TG620/robot_driver) by extensions ['colcon_pkg']
[0.247s] Level 1:colcon.colcon_core.package_identification:_identify(TG620/robot_driver) by extension 'colcon_pkg'
[0.247s] Level 1:colcon.colcon_core.package_identification:_identify(TG620/robot_driver) by extensions ['colcon_meta']
[0.247s] Level 1:colcon.colcon_core.package_identification:_identify(TG620/robot_driver) by extension 'colcon_meta'
[0.247s] Level 1:colcon.colcon_core.package_identification:_identify(TG620/robot_driver) by extensions ['ros']
[0.247s] Level 1:colcon.colcon_core.package_identification:_identify(TG620/robot_driver) by extension 'ros'
[0.255s] DEBUG:colcon.colcon_core.package_identification:Package 'TG620/robot_driver' with type 'ros.ament_cmake' and name 'robot_driver'
[0.255s] Level 1:colcon.colcon_core.package_identification:_identify(TG620/robot_dynamics) by extensions ['ignore', 'ignore_ament_install']
[0.255s] Level 1:colcon.colcon_core.package_identification:_identify(TG620/robot_dynamics) by extension 'ignore'
[0.256s] Level 1:colcon.colcon_core.package_identification:_identify(TG620/robot_dynamics) by extension 'ignore_ament_install'
[0.256s] Level 1:colcon.colcon_core.package_identification:_identify(TG620/robot_dynamics) by extensions ['colcon_pkg']
[0.256s] Level 1:colcon.colcon_core.package_identification:_identify(TG620/robot_dynamics) by extension 'colcon_pkg'
[0.256s] Level 1:colcon.colcon_core.package_identification:_identify(TG620/robot_dynamics) by extensions ['colcon_meta']
[0.256s] Level 1:colcon.colcon_core.package_identification:_identify(TG620/robot_dynamics) by extension 'colcon_meta'
[0.256s] Level 1:colcon.colcon_core.package_identification:_identify(TG620/robot_dynamics) by extensions ['ros']
[0.256s] Level 1:colcon.colcon_core.package_identification:_identify(TG620/robot_dynamics) by extension 'ros'
[0.256s] DEBUG:colcon.colcon_core.package_identification:Package 'TG620/robot_dynamics' with type 'ros.ament_python' and name 'robot_dynamics'
[0.256s] Level 1:colcon.colcon_core.package_identification:_identify(TG620/robot_input) by extensions ['ignore', 'ignore_ament_install']
[0.256s] Level 1:colcon.colcon_core.package_identification:_identify(TG620/robot_input) by extension 'ignore'
[0.256s] Level 1:colcon.colcon_core.package_identification:_identify(TG620/robot_input) by extension 'ignore_ament_install'
[0.256s] Level 1:colcon.colcon_core.package_identification:_identify(TG620/robot_input) by extensions ['colcon_pkg']
[0.256s] Level 1:colcon.colcon_core.package_identification:_identify(TG620/robot_input) by extension 'colcon_pkg'
[0.256s] Level 1:colcon.colcon_core.package_identification:_identify(TG620/robot_input) by extensions ['colcon_meta']
[0.256s] Level 1:colcon.colcon_core.package_identification:_identify(TG620/robot_input) by extension 'colcon_meta'
[0.256s] Level 1:colcon.colcon_core.package_identification:_identify(TG620/robot_input) by extensions ['ros']
[0.256s] Level 1:colcon.colcon_core.package_identification:_identify(TG620/robot_input) by extension 'ros'
[0.257s] DEBUG:colcon.colcon_core.package_identification:Package 'TG620/robot_input' with type 'ros.ament_python' and name 'robot_input'
[0.257s] Level 1:colcon.colcon_core.package_identification:_identify(TG620/robot_interfaces) by extensions ['ignore', 'ignore_ament_install']
[0.257s] Level 1:colcon.colcon_core.package_identification:_identify(TG620/robot_interfaces) by extension 'ignore'
[0.257s] Level 1:colcon.colcon_core.package_identification:_identify(TG620/robot_interfaces) by extension 'ignore_ament_install'
[0.257s] Level 1:colcon.colcon_core.package_identification:_identify(TG620/robot_interfaces) by extensions ['colcon_pkg']
[0.257s] Level 1:colcon.colcon_core.package_identification:_identify(TG620/robot_interfaces) by extension 'colcon_pkg'
[0.257s] Level 1:colcon.colcon_core.package_identification:_identify(TG620/robot_interfaces) by extensions ['colcon_meta']
[0.257s] Level 1:colcon.colcon_core.package_identification:_identify(TG620/robot_interfaces) by extension 'colcon_meta'
[0.257s] Level 1:colcon.colcon_core.package_identification:_identify(TG620/robot_interfaces) by extensions ['ros']
[0.257s] Level 1:colcon.colcon_core.package_identification:_identify(TG620/robot_interfaces) by extension 'ros'
[0.258s] DEBUG:colcon.colcon_core.package_identification:Package 'TG620/robot_interfaces' with type 'ros.ament_cmake' and name 'robot_interfaces'
[0.258s] Level 1:colcon.colcon_core.package_identification:_identify(TG620/robot_sdk) by extensions ['ignore', 'ignore_ament_install']
[0.258s] Level 1:colcon.colcon_core.package_identification:_identify(TG620/robot_sdk) by extension 'ignore'
[0.258s] Level 1:colcon.colcon_core.package_identification:_identify(TG620/robot_sdk) by extension 'ignore_ament_install'
[0.258s] Level 1:colcon.colcon_core.package_identification:_identify(TG620/robot_sdk) by extensions ['colcon_pkg']
[0.258s] Level 1:colcon.colcon_core.package_identification:_identify(TG620/robot_sdk) by extension 'colcon_pkg'
[0.258s] Level 1:colcon.colcon_core.package_identification:_identify(TG620/robot_sdk) by extensions ['colcon_meta']
[0.258s] Level 1:colcon.colcon_core.package_identification:_identify(TG620/robot_sdk) by extension 'colcon_meta'
[0.258s] Level 1:colcon.colcon_core.package_identification:_identify(TG620/robot_sdk) by extensions ['ros']
[0.258s] Level 1:colcon.colcon_core.package_identification:_identify(TG620/robot_sdk) by extension 'ros'
[0.259s] DEBUG:colcon.colcon_core.package_identification:Package 'TG620/robot_sdk' with type 'ros.ament_cmake' and name 'robot_sdk'
[0.259s] Level 1:colcon.colcon_core.package_identification:_identify(TG620/robot_state_machine) by extensions ['ignore', 'ignore_ament_install']
[0.259s] Level 1:colcon.colcon_core.package_identification:_identify(TG620/robot_state_machine) by extension 'ignore'
[0.259s] Level 1:colcon.colcon_core.package_identification:_identify(TG620/robot_state_machine) by extension 'ignore_ament_install'
[0.259s] Level 1:colcon.colcon_core.package_identification:_identify(TG620/robot_state_machine) by extensions ['colcon_pkg']
[0.259s] Level 1:colcon.colcon_core.package_identification:_identify(TG620/robot_state_machine) by extension 'colcon_pkg'
[0.259s] Level 1:colcon.colcon_core.package_identification:_identify(TG620/robot_state_machine) by extensions ['colcon_meta']
[0.259s] Level 1:colcon.colcon_core.package_identification:_identify(TG620/robot_state_machine) by extension 'colcon_meta'
[0.259s] Level 1:colcon.colcon_core.package_identification:_identify(TG620/robot_state_machine) by extensions ['ros']
[0.259s] Level 1:colcon.colcon_core.package_identification:_identify(TG620/robot_state_machine) by extension 'ros'
[0.259s] DEBUG:colcon.colcon_core.package_identification:Package 'TG620/robot_state_machine' with type 'ros.ament_cmake' and name 'robot_state_machine'
[0.260s] Level 1:colcon.colcon_core.package_identification:_identify(TG620/robot_test_py) by extensions ['ignore', 'ignore_ament_install']
[0.260s] Level 1:colcon.colcon_core.package_identification:_identify(TG620/robot_test_py) by extension 'ignore'
[0.260s] Level 1:colcon.colcon_core.package_identification:_identify(TG620/robot_test_py) by extension 'ignore_ament_install'
[0.260s] Level 1:colcon.colcon_core.package_identification:_identify(TG620/robot_test_py) by extensions ['colcon_pkg']
[0.260s] Level 1:colcon.colcon_core.package_identification:_identify(TG620/robot_test_py) by extension 'colcon_pkg'
[0.260s] Level 1:colcon.colcon_core.package_identification:_identify(TG620/robot_test_py) by extensions ['colcon_meta']
[0.260s] Level 1:colcon.colcon_core.package_identification:_identify(TG620/robot_test_py) by extension 'colcon_meta'
[0.260s] Level 1:colcon.colcon_core.package_identification:_identify(TG620/robot_test_py) by extensions ['ros']
[0.260s] Level 1:colcon.colcon_core.package_identification:_identify(TG620/robot_test_py) by extension 'ros'
[0.260s] DEBUG:colcon.colcon_core.package_identification:Package 'TG620/robot_test_py' with type 'ros.ament_python' and name 'robot_test_py'
[0.260s] Level 1:colcon.colcon_core.package_identification:_identify(TG620/robot_virtual_fence) by extensions ['ignore', 'ignore_ament_install']
[0.260s] Level 1:colcon.colcon_core.package_identification:_identify(TG620/robot_virtual_fence) by extension 'ignore'
[0.260s] Level 1:colcon.colcon_core.package_identification:_identify(TG620/robot_virtual_fence) by extension 'ignore_ament_install'
[0.260s] Level 1:colcon.colcon_core.package_identification:_identify(TG620/robot_virtual_fence) by extensions ['colcon_pkg']
[0.260s] Level 1:colcon.colcon_core.package_identification:_identify(TG620/robot_virtual_fence) by extension 'colcon_pkg'
[0.260s] Level 1:colcon.colcon_core.package_identification:_identify(TG620/robot_virtual_fence) by extensions ['colcon_meta']
[0.260s] Level 1:colcon.colcon_core.package_identification:_identify(TG620/robot_virtual_fence) by extension 'colcon_meta'
[0.260s] Level 1:colcon.colcon_core.package_identification:_identify(TG620/robot_virtual_fence) by extensions ['ros']
[0.260s] Level 1:colcon.colcon_core.package_identification:_identify(TG620/robot_virtual_fence) by extension 'ros'
[0.261s] DEBUG:colcon.colcon_core.package_identification:Package 'TG620/robot_virtual_fence' with type 'ros.ament_cmake' and name 'robot_virtual_fence'
[0.261s] Level 1:colcon.colcon_core.package_identification:_identify(TG620/ros2_socketcan) by extensions ['ignore', 'ignore_ament_install']
[0.261s] Level 1:colcon.colcon_core.package_identification:_identify(TG620/ros2_socketcan) by extension 'ignore'
[0.261s] Level 1:colcon.colcon_core.package_identification:_identify(TG620/ros2_socketcan) by extension 'ignore_ament_install'
[0.261s] Level 1:colcon.colcon_core.package_identification:_identify(TG620/ros2_socketcan) by extensions ['colcon_pkg']
[0.261s] Level 1:colcon.colcon_core.package_identification:_identify(TG620/ros2_socketcan) by extension 'colcon_pkg'
[0.261s] Level 1:colcon.colcon_core.package_identification:_identify(TG620/ros2_socketcan) by extensions ['colcon_meta']
[0.261s] Level 1:colcon.colcon_core.package_identification:_identify(TG620/ros2_socketcan) by extension 'colcon_meta'
[0.261s] Level 1:colcon.colcon_core.package_identification:_identify(TG620/ros2_socketcan) by extensions ['ros']
[0.261s] Level 1:colcon.colcon_core.package_identification:_identify(TG620/ros2_socketcan) by extension 'ros'
[0.261s] Level 1:colcon.colcon_core.package_identification:_identify(TG620/ros2_socketcan) by extensions ['cmake', 'python']
[0.261s] Level 1:colcon.colcon_core.package_identification:_identify(TG620/ros2_socketcan) by extension 'cmake'
[0.261s] Level 1:colcon.colcon_core.package_identification:_identify(TG620/ros2_socketcan) by extension 'python'
[0.261s] Level 1:colcon.colcon_core.package_identification:_identify(TG620/ros2_socketcan) by extensions ['python_setup_py']
[0.261s] Level 1:colcon.colcon_core.package_identification:_identify(TG620/ros2_socketcan) by extension 'python_setup_py'
[0.261s] Level 1:colcon.colcon_core.package_identification:_identify(TG620/ros2_socketcan/ros2_socketcan) by extensions ['ignore', 'ignore_ament_install']
[0.261s] Level 1:colcon.colcon_core.package_identification:_identify(TG620/ros2_socketcan/ros2_socketcan) by extension 'ignore'
[0.261s] Level 1:colcon.colcon_core.package_identification:_identify(TG620/ros2_socketcan/ros2_socketcan) by extension 'ignore_ament_install'
[0.261s] Level 1:colcon.colcon_core.package_identification:_identify(TG620/ros2_socketcan/ros2_socketcan) by extensions ['colcon_pkg']
[0.261s] Level 1:colcon.colcon_core.package_identification:_identify(TG620/ros2_socketcan/ros2_socketcan) by extension 'colcon_pkg'
[0.261s] Level 1:colcon.colcon_core.package_identification:_identify(TG620/ros2_socketcan/ros2_socketcan) by extensions ['colcon_meta']
[0.261s] Level 1:colcon.colcon_core.package_identification:_identify(TG620/ros2_socketcan/ros2_socketcan) by extension 'colcon_meta'
[0.261s] Level 1:colcon.colcon_core.package_identification:_identify(TG620/ros2_socketcan/ros2_socketcan) by extensions ['ros']
[0.261s] Level 1:colcon.colcon_core.package_identification:_identify(TG620/ros2_socketcan/ros2_socketcan) by extension 'ros'
[0.262s] DEBUG:colcon.colcon_core.package_identification:Package 'TG620/ros2_socketcan/ros2_socketcan' with type 'ros.ament_cmake' and name 'ros2_socketcan'
[0.262s] Level 1:colcon.colcon_core.package_identification:_identify(TG620/ros2_socketcan/ros2_socketcan_msgs) by extensions ['ignore', 'ignore_ament_install']
[0.262s] Level 1:colcon.colcon_core.package_identification:_identify(TG620/ros2_socketcan/ros2_socketcan_msgs) by extension 'ignore'
[0.262s] Level 1:colcon.colcon_core.package_identification:_identify(TG620/ros2_socketcan/ros2_socketcan_msgs) by extension 'ignore_ament_install'
[0.262s] Level 1:colcon.colcon_core.package_identification:_identify(TG620/ros2_socketcan/ros2_socketcan_msgs) by extensions ['colcon_pkg']
[0.262s] Level 1:colcon.colcon_core.package_identification:_identify(TG620/ros2_socketcan/ros2_socketcan_msgs) by extension 'colcon_pkg'
[0.262s] Level 1:colcon.colcon_core.package_identification:_identify(TG620/ros2_socketcan/ros2_socketcan_msgs) by extensions ['colcon_meta']
[0.262s] Level 1:colcon.colcon_core.package_identification:_identify(TG620/ros2_socketcan/ros2_socketcan_msgs) by extension 'colcon_meta'
[0.262s] Level 1:colcon.colcon_core.package_identification:_identify(TG620/ros2_socketcan/ros2_socketcan_msgs) by extensions ['ros']
[0.262s] Level 1:colcon.colcon_core.package_identification:_identify(TG620/ros2_socketcan/ros2_socketcan_msgs) by extension 'ros'
[0.263s] DEBUG:colcon.colcon_core.package_identification:Package 'TG620/ros2_socketcan/ros2_socketcan_msgs' with type 'ros.ament_cmake' and name 'ros2_socketcan_msgs'
[0.263s] Level 1:colcon.colcon_core.package_identification:_identify(TG620/traj_smoother_py) by extensions ['ignore', 'ignore_ament_install']
[0.263s] Level 1:colcon.colcon_core.package_identification:_identify(TG620/traj_smoother_py) by extension 'ignore'
[0.263s] Level 1:colcon.colcon_core.package_identification:_identify(TG620/traj_smoother_py) by extension 'ignore_ament_install'
[0.263s] Level 1:colcon.colcon_core.package_identification:_identify(TG620/traj_smoother_py) by extensions ['colcon_pkg']
[0.263s] Level 1:colcon.colcon_core.package_identification:_identify(TG620/traj_smoother_py) by extension 'colcon_pkg'
[0.263s] Level 1:colcon.colcon_core.package_identification:_identify(TG620/traj_smoother_py) by extensions ['colcon_meta']
[0.263s] Level 1:colcon.colcon_core.package_identification:_identify(TG620/traj_smoother_py) by extension 'colcon_meta'
[0.263s] Level 1:colcon.colcon_core.package_identification:_identify(TG620/traj_smoother_py) by extensions ['ros']
[0.263s] Level 1:colcon.colcon_core.package_identification:_identify(TG620/traj_smoother_py) by extension 'ros'
[0.263s] DEBUG:colcon.colcon_core.package_identification:Package 'TG620/traj_smoother_py' with type 'ros.ament_python' and name 'traj_smoother_py'
[0.263s] Level 1:colcon.colcon_core.package_identification:_identify(build) by extensions ['ignore', 'ignore_ament_install']
[0.263s] Level 1:colcon.colcon_core.package_identification:_identify(build) by extension 'ignore'
[0.263s] Level 1:colcon.colcon_core.package_identification:_identify(build) ignored
[0.263s] Level 1:colcon.colcon_core.package_identification:_identify(install) by extensions ['ignore', 'ignore_ament_install']
[0.263s] Level 1:colcon.colcon_core.package_identification:_identify(install) by extension 'ignore'
[0.263s] Level 1:colcon.colcon_core.package_identification:_identify(install) ignored
[0.263s] Level 1:colcon.colcon_core.package_identification:_identify(log) by extensions ['ignore', 'ignore_ament_install']
[0.263s] Level 1:colcon.colcon_core.package_identification:_identify(log) by extension 'ignore'
[0.263s] Level 1:colcon.colcon_core.package_identification:_identify(log) ignored
[0.264s] Level 1:colcon.colcon_core.package_identification:_identify(moveit2_calibration) by extensions ['ignore', 'ignore_ament_install']
[0.264s] Level 1:colcon.colcon_core.package_identification:_identify(moveit2_calibration) by extension 'ignore'
[0.264s] Level 1:colcon.colcon_core.package_identification:_identify(moveit2_calibration) by extension 'ignore_ament_install'
[0.264s] Level 1:colcon.colcon_core.package_identification:_identify(moveit2_calibration) by extensions ['colcon_pkg']
[0.264s] Level 1:colcon.colcon_core.package_identification:_identify(moveit2_calibration) by extension 'colcon_pkg'
[0.264s] Level 1:colcon.colcon_core.package_identification:_identify(moveit2_calibration) by extensions ['colcon_meta']
[0.264s] Level 1:colcon.colcon_core.package_identification:_identify(moveit2_calibration) by extension 'colcon_meta'
[0.264s] Level 1:colcon.colcon_core.package_identification:_identify(moveit2_calibration) by extensions ['ros']
[0.264s] Level 1:colcon.colcon_core.package_identification:_identify(moveit2_calibration) by extension 'ros'
[0.264s] Level 1:colcon.colcon_core.package_identification:_identify(moveit2_calibration) by extensions ['cmake', 'python']
[0.264s] Level 1:colcon.colcon_core.package_identification:_identify(moveit2_calibration) by extension 'cmake'
[0.264s] Level 1:colcon.colcon_core.package_identification:_identify(moveit2_calibration) by extension 'python'
[0.264s] Level 1:colcon.colcon_core.package_identification:_identify(moveit2_calibration) by extensions ['python_setup_py']
[0.264s] Level 1:colcon.colcon_core.package_identification:_identify(moveit2_calibration) by extension 'python_setup_py'
[0.264s] Level 1:colcon.colcon_core.package_identification:_identify(moveit2_calibration/moveit_calibration_demos) by extensions ['ignore', 'ignore_ament_install']
[0.264s] Level 1:colcon.colcon_core.package_identification:_identify(moveit2_calibration/moveit_calibration_demos) by extension 'ignore'
[0.264s] Level 1:colcon.colcon_core.package_identification:_identify(moveit2_calibration/moveit_calibration_demos) by extension 'ignore_ament_install'
[0.264s] Level 1:colcon.colcon_core.package_identification:_identify(moveit2_calibration/moveit_calibration_demos) by extensions ['colcon_pkg']
[0.264s] Level 1:colcon.colcon_core.package_identification:_identify(moveit2_calibration/moveit_calibration_demos) by extension 'colcon_pkg'
[0.264s] Level 1:colcon.colcon_core.package_identification:_identify(moveit2_calibration/moveit_calibration_demos) by extensions ['colcon_meta']
[0.264s] Level 1:colcon.colcon_core.package_identification:_identify(moveit2_calibration/moveit_calibration_demos) by extension 'colcon_meta'
[0.264s] Level 1:colcon.colcon_core.package_identification:_identify(moveit2_calibration/moveit_calibration_demos) by extensions ['ros']
[0.264s] Level 1:colcon.colcon_core.package_identification:_identify(moveit2_calibration/moveit_calibration_demos) by extension 'ros'
[0.264s] DEBUG:colcon.colcon_core.package_identification:Package 'moveit2_calibration/moveit_calibration_demos' with type 'ros.ament_cmake' and name 'moveit_calibration_demos'
[0.265s] Level 1:colcon.colcon_core.package_identification:_identify(moveit2_calibration/moveit_calibration_gui) by extensions ['ignore', 'ignore_ament_install']
[0.265s] Level 1:colcon.colcon_core.package_identification:_identify(moveit2_calibration/moveit_calibration_gui) by extension 'ignore'
[0.265s] Level 1:colcon.colcon_core.package_identification:_identify(moveit2_calibration/moveit_calibration_gui) by extension 'ignore_ament_install'
[0.265s] Level 1:colcon.colcon_core.package_identification:_identify(moveit2_calibration/moveit_calibration_gui) by extensions ['colcon_pkg']
[0.265s] Level 1:colcon.colcon_core.package_identification:_identify(moveit2_calibration/moveit_calibration_gui) by extension 'colcon_pkg'
[0.265s] Level 1:colcon.colcon_core.package_identification:_identify(moveit2_calibration/moveit_calibration_gui) by extensions ['colcon_meta']
[0.265s] Level 1:colcon.colcon_core.package_identification:_identify(moveit2_calibration/moveit_calibration_gui) by extension 'colcon_meta'
[0.265s] Level 1:colcon.colcon_core.package_identification:_identify(moveit2_calibration/moveit_calibration_gui) by extensions ['ros']
[0.265s] Level 1:colcon.colcon_core.package_identification:_identify(moveit2_calibration/moveit_calibration_gui) by extension 'ros'
[0.266s] DEBUG:colcon.colcon_core.package_identification:Package 'moveit2_calibration/moveit_calibration_gui' with type 'ros.ament_cmake' and name 'moveit_calibration_gui'
[0.266s] Level 1:colcon.colcon_core.package_identification:_identify(moveit2_calibration/moveit_calibration_plugins) by extensions ['ignore', 'ignore_ament_install']
[0.266s] Level 1:colcon.colcon_core.package_identification:_identify(moveit2_calibration/moveit_calibration_plugins) by extension 'ignore'
[0.266s] Level 1:colcon.colcon_core.package_identification:_identify(moveit2_calibration/moveit_calibration_plugins) by extension 'ignore_ament_install'
[0.266s] Level 1:colcon.colcon_core.package_identification:_identify(moveit2_calibration/moveit_calibration_plugins) by extensions ['colcon_pkg']
[0.266s] Level 1:colcon.colcon_core.package_identification:_identify(moveit2_calibration/moveit_calibration_plugins) by extension 'colcon_pkg'
[0.266s] Level 1:colcon.colcon_core.package_identification:_identify(moveit2_calibration/moveit_calibration_plugins) by extensions ['colcon_meta']
[0.266s] Level 1:colcon.colcon_core.package_identification:_identify(moveit2_calibration/moveit_calibration_plugins) by extension 'colcon_meta'
[0.266s] Level 1:colcon.colcon_core.package_identification:_identify(moveit2_calibration/moveit_calibration_plugins) by extensions ['ros']
[0.266s] Level 1:colcon.colcon_core.package_identification:_identify(moveit2_calibration/moveit_calibration_plugins) by extension 'ros'
[0.267s] DEBUG:colcon.colcon_core.package_identification:Package 'moveit2_calibration/moveit_calibration_plugins' with type 'ros.ament_cmake' and name 'moveit_calibration_plugins'
[0.267s] Level 1:colcon.colcon_core.package_discovery:discover_packages(recursive) using defaults
[0.267s] Level 1:colcon.colcon_core.package_discovery:discover_packages(ignore) discover
[0.267s] Level 1:colcon.colcon_core.package_discovery:discover_packages(ignore) using defaults
[0.267s] Level 1:colcon.colcon_core.package_discovery:discover_packages(path) discover
[0.267s] Level 1:colcon.colcon_core.package_discovery:discover_packages(path) using defaults
[0.284s] Level 1:colcon.colcon_core.package_discovery:discover_packages(prefix_path) check parameters
[0.284s] Level 1:colcon.colcon_core.package_discovery:discover_packages(prefix_path) discover
[0.286s] DEBUG:colcon.colcon_installed_package_information.package_discovery:Found 3 installed packages in /home/w/work/trac_ik_ws/install
[0.286s] DEBUG:colcon.colcon_installed_package_information.package_discovery:Found 361 installed packages in /opt/ros/humble
[0.287s] Level 1:colcon.colcon_core.package_discovery:discover_packages(prefix_path) using defaults
[0.311s] Level 5:colcon.colcon_core.verb:set package 'moveit_calibration_plugins' build argument 'cmake_args' from command line to 'None'
[0.312s] Level 5:colcon.colcon_core.verb:set package 'moveit_calibration_plugins' build argument 'cmake_target' from command line to 'None'
[0.312s] Level 5:colcon.colcon_core.verb:set package 'moveit_calibration_plugins' build argument 'cmake_target_skip_unavailable' from command line to 'False'
[0.312s] Level 5:colcon.colcon_core.verb:set package 'moveit_calibration_plugins' build argument 'cmake_clean_cache' from command line to 'False'
[0.312s] Level 5:colcon.colcon_core.verb:set package 'moveit_calibration_plugins' build argument 'cmake_clean_first' from command line to 'False'
[0.312s] Level 5:colcon.colcon_core.verb:set package 'moveit_calibration_plugins' build argument 'cmake_force_configure' from command line to 'False'
[0.312s] Level 5:colcon.colcon_core.verb:set package 'moveit_calibration_plugins' build argument 'ament_cmake_args' from command line to 'None'
[0.312s] Level 5:colcon.colcon_core.verb:set package 'moveit_calibration_plugins' build argument 'catkin_cmake_args' from command line to 'None'
[0.312s] Level 5:colcon.colcon_core.verb:set package 'moveit_calibration_plugins' build argument 'catkin_skip_building_tests' from command line to 'False'
[0.312s] DEBUG:colcon.colcon_core.verb:Building package 'moveit_calibration_plugins' with the following arguments: {'ament_cmake_args': None, 'build_base': '/home/w/work/moveit2_handeye_calib/build/moveit_calibration_plugins', 'catkin_cmake_args': None, 'catkin_skip_building_tests': False, 'cmake_args': None, 'cmake_clean_cache': False, 'cmake_clean_first': False, 'cmake_force_configure': False, 'cmake_target': None, 'cmake_target_skip_unavailable': False, 'install_base': '/home/w/work/moveit2_handeye_calib/install/moveit_calibration_plugins', 'merge_install': False, 'path': '/home/w/work/moveit2_handeye_calib/moveit2_calibration/moveit_calibration_plugins', 'symlink_install': False, 'test_result_base': None}
[0.312s] Level 5:colcon.colcon_core.verb:set package 'robot_bringup' build argument 'cmake_args' from command line to 'None'
[0.312s] Level 5:colcon.colcon_core.verb:set package 'robot_bringup' build argument 'cmake_target' from command line to 'None'
[0.312s] Level 5:colcon.colcon_core.verb:set package 'robot_bringup' build argument 'cmake_target_skip_unavailable' from command line to 'False'
[0.312s] Level 5:colcon.colcon_core.verb:set package 'robot_bringup' build argument 'cmake_clean_cache' from command line to 'False'
[0.312s] Level 5:colcon.colcon_core.verb:set package 'robot_bringup' build argument 'cmake_clean_first' from command line to 'False'
[0.312s] Level 5:colcon.colcon_core.verb:set package 'robot_bringup' build argument 'cmake_force_configure' from command line to 'False'
[0.312s] Level 5:colcon.colcon_core.verb:set package 'robot_bringup' build argument 'ament_cmake_args' from command line to 'None'
[0.312s] Level 5:colcon.colcon_core.verb:set package 'robot_bringup' build argument 'catkin_cmake_args' from command line to 'None'
[0.312s] Level 5:colcon.colcon_core.verb:set package 'robot_bringup' build argument 'catkin_skip_building_tests' from command line to 'False'
[0.312s] DEBUG:colcon.colcon_core.verb:Building package 'robot_bringup' with the following arguments: {'ament_cmake_args': None, 'build_base': '/home/w/work/moveit2_handeye_calib/build/robot_bringup', 'catkin_cmake_args': None, 'catkin_skip_building_tests': False, 'cmake_args': None, 'cmake_clean_cache': False, 'cmake_clean_first': False, 'cmake_force_configure': False, 'cmake_target': None, 'cmake_target_skip_unavailable': False, 'install_base': '/home/w/work/moveit2_handeye_calib/install/robot_bringup', 'merge_install': False, 'path': '/home/w/work/moveit2_handeye_calib/TG620/robot_bringup', 'symlink_install': False, 'test_result_base': None}
[0.312s] Level 5:colcon.colcon_core.verb:set package 'robot_description' build argument 'cmake_args' from command line to 'None'
[0.312s] Level 5:colcon.colcon_core.verb:set package 'robot_description' build argument 'cmake_target' from command line to 'None'
[0.312s] Level 5:colcon.colcon_core.verb:set package 'robot_description' build argument 'cmake_target_skip_unavailable' from command line to 'False'
[0.312s] Level 5:colcon.colcon_core.verb:set package 'robot_description' build argument 'cmake_clean_cache' from command line to 'False'
[0.312s] Level 5:colcon.colcon_core.verb:set package 'robot_description' build argument 'cmake_clean_first' from command line to 'False'
[0.312s] Level 5:colcon.colcon_core.verb:set package 'robot_description' build argument 'cmake_force_configure' from command line to 'False'
[0.312s] Level 5:colcon.colcon_core.verb:set package 'robot_description' build argument 'ament_cmake_args' from command line to 'None'
[0.312s] Level 5:colcon.colcon_core.verb:set package 'robot_description' build argument 'catkin_cmake_args' from command line to 'None'
[0.312s] Level 5:colcon.colcon_core.verb:set package 'robot_description' build argument 'catkin_skip_building_tests' from command line to 'False'
[0.312s] DEBUG:colcon.colcon_core.verb:Building package 'robot_description' with the following arguments: {'ament_cmake_args': None, 'build_base': '/home/w/work/moveit2_handeye_calib/build/robot_description', 'catkin_cmake_args': None, 'catkin_skip_building_tests': False, 'cmake_args': None, 'cmake_clean_cache': False, 'cmake_clean_first': False, 'cmake_force_configure': False, 'cmake_target': None, 'cmake_target_skip_unavailable': False, 'install_base': '/home/w/work/moveit2_handeye_calib/install/robot_description', 'merge_install': False, 'path': '/home/w/work/moveit2_handeye_calib/TG620/robot_description', 'symlink_install': False, 'test_result_base': None}
[0.312s] Level 5:colcon.colcon_core.verb:set package 'robot_dynamics' build argument 'cmake_args' from command line to 'None'
[0.312s] Level 5:colcon.colcon_core.verb:set package 'robot_dynamics' build argument 'cmake_target' from command line to 'None'
[0.312s] Level 5:colcon.colcon_core.verb:set package 'robot_dynamics' build argument 'cmake_target_skip_unavailable' from command line to 'False'
[0.312s] Level 5:colcon.colcon_core.verb:set package 'robot_dynamics' build argument 'cmake_clean_cache' from command line to 'False'
[0.312s] Level 5:colcon.colcon_core.verb:set package 'robot_dynamics' build argument 'cmake_clean_first' from command line to 'False'
[0.312s] Level 5:colcon.colcon_core.verb:set package 'robot_dynamics' build argument 'cmake_force_configure' from command line to 'False'
[0.312s] Level 5:colcon.colcon_core.verb:set package 'robot_dynamics' build argument 'ament_cmake_args' from command line to 'None'
[0.313s] Level 5:colcon.colcon_core.verb:set package 'robot_dynamics' build argument 'catkin_cmake_args' from command line to 'None'
[0.313s] Level 5:colcon.colcon_core.verb:set package 'robot_dynamics' build argument 'catkin_skip_building_tests' from command line to 'False'
[0.313s] DEBUG:colcon.colcon_core.verb:Building package 'robot_dynamics' with the following arguments: {'ament_cmake_args': None, 'build_base': '/home/w/work/moveit2_handeye_calib/build/robot_dynamics', 'catkin_cmake_args': None, 'catkin_skip_building_tests': False, 'cmake_args': None, 'cmake_clean_cache': False, 'cmake_clean_first': False, 'cmake_force_configure': False, 'cmake_target': None, 'cmake_target_skip_unavailable': False, 'install_base': '/home/w/work/moveit2_handeye_calib/install/robot_dynamics', 'merge_install': False, 'path': '/home/w/work/moveit2_handeye_calib/TG620/robot_dynamics', 'symlink_install': False, 'test_result_base': None}
[0.313s] Level 5:colcon.colcon_core.verb:set package 'robot_interfaces' build argument 'cmake_args' from command line to 'None'
[0.313s] Level 5:colcon.colcon_core.verb:set package 'robot_interfaces' build argument 'cmake_target' from command line to 'None'
[0.313s] Level 5:colcon.colcon_core.verb:set package 'robot_interfaces' build argument 'cmake_target_skip_unavailable' from command line to 'False'
[0.313s] Level 5:colcon.colcon_core.verb:set package 'robot_interfaces' build argument 'cmake_clean_cache' from command line to 'False'
[0.313s] Level 5:colcon.colcon_core.verb:set package 'robot_interfaces' build argument 'cmake_clean_first' from command line to 'False'
[0.313s] Level 5:colcon.colcon_core.verb:set package 'robot_interfaces' build argument 'cmake_force_configure' from command line to 'False'
[0.313s] Level 5:colcon.colcon_core.verb:set package 'robot_interfaces' build argument 'ament_cmake_args' from command line to 'None'
[0.313s] Level 5:colcon.colcon_core.verb:set package 'robot_interfaces' build argument 'catkin_cmake_args' from command line to 'None'
[0.313s] Level 5:colcon.colcon_core.verb:set package 'robot_interfaces' build argument 'catkin_skip_building_tests' from command line to 'False'
[0.313s] DEBUG:colcon.colcon_core.verb:Building package 'robot_interfaces' with the following arguments: {'ament_cmake_args': None, 'build_base': '/home/w/work/moveit2_handeye_calib/build/robot_interfaces', 'catkin_cmake_args': None, 'catkin_skip_building_tests': False, 'cmake_args': None, 'cmake_clean_cache': False, 'cmake_clean_first': False, 'cmake_force_configure': False, 'cmake_target': None, 'cmake_target_skip_unavailable': False, 'install_base': '/home/w/work/moveit2_handeye_calib/install/robot_interfaces', 'merge_install': False, 'path': '/home/w/work/moveit2_handeye_calib/TG620/robot_interfaces', 'symlink_install': False, 'test_result_base': None}
[0.313s] Level 5:colcon.colcon_core.verb:set package 'robot_virtual_fence' build argument 'cmake_args' from command line to 'None'
[0.313s] Level 5:colcon.colcon_core.verb:set package 'robot_virtual_fence' build argument 'cmake_target' from command line to 'None'
[0.313s] Level 5:colcon.colcon_core.verb:set package 'robot_virtual_fence' build argument 'cmake_target_skip_unavailable' from command line to 'False'
[0.313s] Level 5:colcon.colcon_core.verb:set package 'robot_virtual_fence' build argument 'cmake_clean_cache' from command line to 'False'
[0.313s] Level 5:colcon.colcon_core.verb:set package 'robot_virtual_fence' build argument 'cmake_clean_first' from command line to 'False'
[0.313s] Level 5:colcon.colcon_core.verb:set package 'robot_virtual_fence' build argument 'cmake_force_configure' from command line to 'False'
[0.313s] Level 5:colcon.colcon_core.verb:set package 'robot_virtual_fence' build argument 'ament_cmake_args' from command line to 'None'
[0.313s] Level 5:colcon.colcon_core.verb:set package 'robot_virtual_fence' build argument 'catkin_cmake_args' from command line to 'None'
[0.313s] Level 5:colcon.colcon_core.verb:set package 'robot_virtual_fence' build argument 'catkin_skip_building_tests' from command line to 'False'
[0.313s] DEBUG:colcon.colcon_core.verb:Building package 'robot_virtual_fence' with the following arguments: {'ament_cmake_args': None, 'build_base': '/home/w/work/moveit2_handeye_calib/build/robot_virtual_fence', 'catkin_cmake_args': None, 'catkin_skip_building_tests': False, 'cmake_args': None, 'cmake_clean_cache': False, 'cmake_clean_first': False, 'cmake_force_configure': False, 'cmake_target': None, 'cmake_target_skip_unavailable': False, 'install_base': '/home/w/work/moveit2_handeye_calib/install/robot_virtual_fence', 'merge_install': False, 'path': '/home/w/work/moveit2_handeye_calib/TG620/robot_virtual_fence', 'symlink_install': False, 'test_result_base': None}
[0.313s] Level 5:colcon.colcon_core.verb:set package 'ros2_socketcan_msgs' build argument 'cmake_args' from command line to 'None'
[0.313s] Level 5:colcon.colcon_core.verb:set package 'ros2_socketcan_msgs' build argument 'cmake_target' from command line to 'None'
[0.313s] Level 5:colcon.colcon_core.verb:set package 'ros2_socketcan_msgs' build argument 'cmake_target_skip_unavailable' from command line to 'False'
[0.313s] Level 5:colcon.colcon_core.verb:set package 'ros2_socketcan_msgs' build argument 'cmake_clean_cache' from command line to 'False'
[0.313s] Level 5:colcon.colcon_core.verb:set package 'ros2_socketcan_msgs' build argument 'cmake_clean_first' from command line to 'False'
[0.313s] Level 5:colcon.colcon_core.verb:set package 'ros2_socketcan_msgs' build argument 'cmake_force_configure' from command line to 'False'
[0.313s] Level 5:colcon.colcon_core.verb:set package 'ros2_socketcan_msgs' build argument 'ament_cmake_args' from command line to 'None'
[0.313s] Level 5:colcon.colcon_core.verb:set package 'ros2_socketcan_msgs' build argument 'catkin_cmake_args' from command line to 'None'
[0.313s] Level 5:colcon.colcon_core.verb:set package 'ros2_socketcan_msgs' build argument 'catkin_skip_building_tests' from command line to 'False'
[0.313s] DEBUG:colcon.colcon_core.verb:Building package 'ros2_socketcan_msgs' with the following arguments: {'ament_cmake_args': None, 'build_base': '/home/w/work/moveit2_handeye_calib/build/ros2_socketcan_msgs', 'catkin_cmake_args': None, 'catkin_skip_building_tests': False, 'cmake_args': None, 'cmake_clean_cache': False, 'cmake_clean_first': False, 'cmake_force_configure': False, 'cmake_target': None, 'cmake_target_skip_unavailable': False, 'install_base': '/home/w/work/moveit2_handeye_calib/install/ros2_socketcan_msgs', 'merge_install': False, 'path': '/home/w/work/moveit2_handeye_calib/TG620/ros2_socketcan/ros2_socketcan_msgs', 'symlink_install': False, 'test_result_base': None}
[0.314s] Level 5:colcon.colcon_core.verb:set package 'traj_smoother_py' build argument 'cmake_args' from command line to 'None'
[0.314s] Level 5:colcon.colcon_core.verb:set package 'traj_smoother_py' build argument 'cmake_target' from command line to 'None'
[0.314s] Level 5:colcon.colcon_core.verb:set package 'traj_smoother_py' build argument 'cmake_target_skip_unavailable' from command line to 'False'
[0.314s] Level 5:colcon.colcon_core.verb:set package 'traj_smoother_py' build argument 'cmake_clean_cache' from command line to 'False'
[0.314s] Level 5:colcon.colcon_core.verb:set package 'traj_smoother_py' build argument 'cmake_clean_first' from command line to 'False'
[0.314s] Level 5:colcon.colcon_core.verb:set package 'traj_smoother_py' build argument 'cmake_force_configure' from command line to 'False'
[0.314s] Level 5:colcon.colcon_core.verb:set package 'traj_smoother_py' build argument 'ament_cmake_args' from command line to 'None'
[0.314s] Level 5:colcon.colcon_core.verb:set package 'traj_smoother_py' build argument 'catkin_cmake_args' from command line to 'None'
[0.314s] Level 5:colcon.colcon_core.verb:set package 'traj_smoother_py' build argument 'catkin_skip_building_tests' from command line to 'False'
[0.314s] DEBUG:colcon.colcon_core.verb:Building package 'traj_smoother_py' with the following arguments: {'ament_cmake_args': None, 'build_base': '/home/w/work/moveit2_handeye_calib/build/traj_smoother_py', 'catkin_cmake_args': None, 'catkin_skip_building_tests': False, 'cmake_args': None, 'cmake_clean_cache': False, 'cmake_clean_first': False, 'cmake_force_configure': False, 'cmake_target': None, 'cmake_target_skip_unavailable': False, 'install_base': '/home/w/work/moveit2_handeye_calib/install/traj_smoother_py', 'merge_install': False, 'path': '/home/w/work/moveit2_handeye_calib/TG620/traj_smoother_py', 'symlink_install': False, 'test_result_base': None}
[0.314s] Level 5:colcon.colcon_core.verb:set package 'arm380_config' build argument 'cmake_args' from command line to 'None'
[0.314s] Level 5:colcon.colcon_core.verb:set package 'arm380_config' build argument 'cmake_target' from command line to 'None'
[0.314s] Level 5:colcon.colcon_core.verb:set package 'arm380_config' build argument 'cmake_target_skip_unavailable' from command line to 'False'
[0.314s] Level 5:colcon.colcon_core.verb:set package 'arm380_config' build argument 'cmake_clean_cache' from command line to 'False'
[0.314s] Level 5:colcon.colcon_core.verb:set package 'arm380_config' build argument 'cmake_clean_first' from command line to 'False'
[0.314s] Level 5:colcon.colcon_core.verb:set package 'arm380_config' build argument 'cmake_force_configure' from command line to 'False'
[0.314s] Level 5:colcon.colcon_core.verb:set package 'arm380_config' build argument 'ament_cmake_args' from command line to 'None'
[0.314s] Level 5:colcon.colcon_core.verb:set package 'arm380_config' build argument 'catkin_cmake_args' from command line to 'None'
[0.314s] Level 5:colcon.colcon_core.verb:set package 'arm380_config' build argument 'catkin_skip_building_tests' from command line to 'False'
[0.314s] DEBUG:colcon.colcon_core.verb:Building package 'arm380_config' with the following arguments: {'ament_cmake_args': None, 'build_base': '/home/w/work/moveit2_handeye_calib/build/arm380_config', 'catkin_cmake_args': None, 'catkin_skip_building_tests': False, 'cmake_args': None, 'cmake_clean_cache': False, 'cmake_clean_first': False, 'cmake_force_configure': False, 'cmake_target': None, 'cmake_target_skip_unavailable': False, 'install_base': '/home/w/work/moveit2_handeye_calib/install/arm380_config', 'merge_install': False, 'path': '/home/w/work/moveit2_handeye_calib/TG620/robot_config/arm380_config', 'symlink_install': False, 'test_result_base': None}
[0.314s] Level 5:colcon.colcon_core.verb:set package 'arm620_config' build argument 'cmake_args' from command line to 'None'
[0.314s] Level 5:colcon.colcon_core.verb:set package 'arm620_config' build argument 'cmake_target' from command line to 'None'
[0.314s] Level 5:colcon.colcon_core.verb:set package 'arm620_config' build argument 'cmake_target_skip_unavailable' from command line to 'False'
[0.314s] Level 5:colcon.colcon_core.verb:set package 'arm620_config' build argument 'cmake_clean_cache' from command line to 'False'
[0.314s] Level 5:colcon.colcon_core.verb:set package 'arm620_config' build argument 'cmake_clean_first' from command line to 'False'
[0.314s] Level 5:colcon.colcon_core.verb:set package 'arm620_config' build argument 'cmake_force_configure' from command line to 'False'
[0.314s] Level 5:colcon.colcon_core.verb:set package 'arm620_config' build argument 'ament_cmake_args' from command line to 'None'
[0.314s] Level 5:colcon.colcon_core.verb:set package 'arm620_config' build argument 'catkin_cmake_args' from command line to 'None'
[0.314s] Level 5:colcon.colcon_core.verb:set package 'arm620_config' build argument 'catkin_skip_building_tests' from command line to 'False'
[0.314s] DEBUG:colcon.colcon_core.verb:Building package 'arm620_config' with the following arguments: {'ament_cmake_args': None, 'build_base': '/home/w/work/moveit2_handeye_calib/build/arm620_config', 'catkin_cmake_args': None, 'catkin_skip_building_tests': False, 'cmake_args': None, 'cmake_clean_cache': False, 'cmake_clean_first': False, 'cmake_force_configure': False, 'cmake_target': None, 'cmake_target_skip_unavailable': False, 'install_base': '/home/w/work/moveit2_handeye_calib/install/arm620_config', 'merge_install': False, 'path': '/home/w/work/moveit2_handeye_calib/TG620/robot_config/arm620_config', 'symlink_install': False, 'test_result_base': None}
[0.314s] Level 5:colcon.colcon_core.verb:set package 'arm620_dh_config' build argument 'cmake_args' from command line to 'None'
[0.314s] Level 5:colcon.colcon_core.verb:set package 'arm620_dh_config' build argument 'cmake_target' from command line to 'None'
[0.314s] Level 5:colcon.colcon_core.verb:set package 'arm620_dh_config' build argument 'cmake_target_skip_unavailable' from command line to 'False'
[0.314s] Level 5:colcon.colcon_core.verb:set package 'arm620_dh_config' build argument 'cmake_clean_cache' from command line to 'False'
[0.314s] Level 5:colcon.colcon_core.verb:set package 'arm620_dh_config' build argument 'cmake_clean_first' from command line to 'False'
[0.314s] Level 5:colcon.colcon_core.verb:set package 'arm620_dh_config' build argument 'cmake_force_configure' from command line to 'False'
[0.314s] Level 5:colcon.colcon_core.verb:set package 'arm620_dh_config' build argument 'ament_cmake_args' from command line to 'None'
[0.314s] Level 5:colcon.colcon_core.verb:set package 'arm620_dh_config' build argument 'catkin_cmake_args' from command line to 'None'
[0.314s] Level 5:colcon.colcon_core.verb:set package 'arm620_dh_config' build argument 'catkin_skip_building_tests' from command line to 'False'
[0.315s] DEBUG:colcon.colcon_core.verb:Building package 'arm620_dh_config' with the following arguments: {'ament_cmake_args': None, 'build_base': '/home/w/work/moveit2_handeye_calib/build/arm620_dh_config', 'catkin_cmake_args': None, 'catkin_skip_building_tests': False, 'cmake_args': None, 'cmake_clean_cache': False, 'cmake_clean_first': False, 'cmake_force_configure': False, 'cmake_target': None, 'cmake_target_skip_unavailable': False, 'install_base': '/home/w/work/moveit2_handeye_calib/install/arm620_dh_config', 'merge_install': False, 'path': '/home/w/work/moveit2_handeye_calib/TG620/robot_config/arm620_dh_config', 'symlink_install': False, 'test_result_base': None}
[0.315s] Level 5:colcon.colcon_core.verb:set package 'motor_control_logger' build argument 'cmake_args' from command line to 'None'
[0.315s] Level 5:colcon.colcon_core.verb:set package 'motor_control_logger' build argument 'cmake_target' from command line to 'None'
[0.315s] Level 5:colcon.colcon_core.verb:set package 'motor_control_logger' build argument 'cmake_target_skip_unavailable' from command line to 'False'
[0.315s] Level 5:colcon.colcon_core.verb:set package 'motor_control_logger' build argument 'cmake_clean_cache' from command line to 'False'
[0.315s] Level 5:colcon.colcon_core.verb:set package 'motor_control_logger' build argument 'cmake_clean_first' from command line to 'False'
[0.315s] Level 5:colcon.colcon_core.verb:set package 'motor_control_logger' build argument 'cmake_force_configure' from command line to 'False'
[0.315s] Level 5:colcon.colcon_core.verb:set package 'motor_control_logger' build argument 'ament_cmake_args' from command line to 'None'
[0.315s] Level 5:colcon.colcon_core.verb:set package 'motor_control_logger' build argument 'catkin_cmake_args' from command line to 'None'
[0.315s] Level 5:colcon.colcon_core.verb:set package 'motor_control_logger' build argument 'catkin_skip_building_tests' from command line to 'False'
[0.315s] DEBUG:colcon.colcon_core.verb:Building package 'motor_control_logger' with the following arguments: {'ament_cmake_args': None, 'build_base': '/home/w/work/moveit2_handeye_calib/build/motor_control_logger', 'catkin_cmake_args': None, 'catkin_skip_building_tests': False, 'cmake_args': None, 'cmake_clean_cache': False, 'cmake_clean_first': False, 'cmake_force_configure': False, 'cmake_target': None, 'cmake_target_skip_unavailable': False, 'install_base': '/home/w/work/moveit2_handeye_calib/install/motor_control_logger', 'merge_install': False, 'path': '/home/w/work/moveit2_handeye_calib/TG620/motor_control_logger', 'symlink_install': False, 'test_result_base': None}
[0.315s] Level 5:colcon.colcon_core.verb:set package 'moveit_calibration_gui' build argument 'cmake_args' from command line to 'None'
[0.315s] Level 5:colcon.colcon_core.verb:set package 'moveit_calibration_gui' build argument 'cmake_target' from command line to 'None'
[0.315s] Level 5:colcon.colcon_core.verb:set package 'moveit_calibration_gui' build argument 'cmake_target_skip_unavailable' from command line to 'False'
[0.315s] Level 5:colcon.colcon_core.verb:set package 'moveit_calibration_gui' build argument 'cmake_clean_cache' from command line to 'False'
[0.315s] Level 5:colcon.colcon_core.verb:set package 'moveit_calibration_gui' build argument 'cmake_clean_first' from command line to 'False'
[0.315s] Level 5:colcon.colcon_core.verb:set package 'moveit_calibration_gui' build argument 'cmake_force_configure' from command line to 'False'
[0.315s] Level 5:colcon.colcon_core.verb:set package 'moveit_calibration_gui' build argument 'ament_cmake_args' from command line to 'None'
[0.315s] Level 5:colcon.colcon_core.verb:set package 'moveit_calibration_gui' build argument 'catkin_cmake_args' from command line to 'None'
[0.315s] Level 5:colcon.colcon_core.verb:set package 'moveit_calibration_gui' build argument 'catkin_skip_building_tests' from command line to 'False'
[0.315s] DEBUG:colcon.colcon_core.verb:Building package 'moveit_calibration_gui' with the following arguments: {'ament_cmake_args': None, 'build_base': '/home/w/work/moveit2_handeye_calib/build/moveit_calibration_gui', 'catkin_cmake_args': None, 'catkin_skip_building_tests': False, 'cmake_args': None, 'cmake_clean_cache': False, 'cmake_clean_first': False, 'cmake_force_configure': False, 'cmake_target': None, 'cmake_target_skip_unavailable': False, 'install_base': '/home/w/work/moveit2_handeye_calib/install/moveit_calibration_gui', 'merge_install': False, 'path': '/home/w/work/moveit2_handeye_calib/moveit2_calibration/moveit_calibration_gui', 'symlink_install': False, 'test_result_base': None}
[0.315s] Level 5:colcon.colcon_core.verb:set package 'robot_control' build argument 'cmake_args' from command line to 'None'
[0.315s] Level 5:colcon.colcon_core.verb:set package 'robot_control' build argument 'cmake_target' from command line to 'None'
[0.315s] Level 5:colcon.colcon_core.verb:set package 'robot_control' build argument 'cmake_target_skip_unavailable' from command line to 'False'
[0.315s] Level 5:colcon.colcon_core.verb:set package 'robot_control' build argument 'cmake_clean_cache' from command line to 'False'
[0.315s] Level 5:colcon.colcon_core.verb:set package 'robot_control' build argument 'cmake_clean_first' from command line to 'False'
[0.315s] Level 5:colcon.colcon_core.verb:set package 'robot_control' build argument 'cmake_force_configure' from command line to 'False'
[0.315s] Level 5:colcon.colcon_core.verb:set package 'robot_control' build argument 'ament_cmake_args' from command line to 'None'
[0.315s] Level 5:colcon.colcon_core.verb:set package 'robot_control' build argument 'catkin_cmake_args' from command line to 'None'
[0.315s] Level 5:colcon.colcon_core.verb:set package 'robot_control' build argument 'catkin_skip_building_tests' from command line to 'False'
[0.315s] DEBUG:colcon.colcon_core.verb:Building package 'robot_control' with the following arguments: {'ament_cmake_args': None, 'build_base': '/home/w/work/moveit2_handeye_calib/build/robot_control', 'catkin_cmake_args': None, 'catkin_skip_building_tests': False, 'cmake_args': None, 'cmake_clean_cache': False, 'cmake_clean_first': False, 'cmake_force_configure': False, 'cmake_target': None, 'cmake_target_skip_unavailable': False, 'install_base': '/home/w/work/moveit2_handeye_calib/install/robot_control', 'merge_install': False, 'path': '/home/w/work/moveit2_handeye_calib/TG620/robot_control', 'symlink_install': False, 'test_result_base': None}
[0.316s] Level 5:colcon.colcon_core.verb:set package 'robot_input' build argument 'cmake_args' from command line to 'None'
[0.316s] Level 5:colcon.colcon_core.verb:set package 'robot_input' build argument 'cmake_target' from command line to 'None'
[0.316s] Level 5:colcon.colcon_core.verb:set package 'robot_input' build argument 'cmake_target_skip_unavailable' from command line to 'False'
[0.316s] Level 5:colcon.colcon_core.verb:set package 'robot_input' build argument 'cmake_clean_cache' from command line to 'False'
[0.316s] Level 5:colcon.colcon_core.verb:set package 'robot_input' build argument 'cmake_clean_first' from command line to 'False'
[0.316s] Level 5:colcon.colcon_core.verb:set package 'robot_input' build argument 'cmake_force_configure' from command line to 'False'
[0.316s] Level 5:colcon.colcon_core.verb:set package 'robot_input' build argument 'ament_cmake_args' from command line to 'None'
[0.316s] Level 5:colcon.colcon_core.verb:set package 'robot_input' build argument 'catkin_cmake_args' from command line to 'None'
[0.316s] Level 5:colcon.colcon_core.verb:set package 'robot_input' build argument 'catkin_skip_building_tests' from command line to 'False'
[0.316s] DEBUG:colcon.colcon_core.verb:Building package 'robot_input' with the following arguments: {'ament_cmake_args': None, 'build_base': '/home/w/work/moveit2_handeye_calib/build/robot_input', 'catkin_cmake_args': None, 'catkin_skip_building_tests': False, 'cmake_args': None, 'cmake_clean_cache': False, 'cmake_clean_first': False, 'cmake_force_configure': False, 'cmake_target': None, 'cmake_target_skip_unavailable': False, 'install_base': '/home/w/work/moveit2_handeye_calib/install/robot_input', 'merge_install': False, 'path': '/home/w/work/moveit2_handeye_calib/TG620/robot_input', 'symlink_install': False, 'test_result_base': None}
[0.316s] Level 5:colcon.colcon_core.verb:set package 'robot_sdk' build argument 'cmake_args' from command line to 'None'
[0.316s] Level 5:colcon.colcon_core.verb:set package 'robot_sdk' build argument 'cmake_target' from command line to 'None'
[0.316s] Level 5:colcon.colcon_core.verb:set package 'robot_sdk' build argument 'cmake_target_skip_unavailable' from command line to 'False'
[0.316s] Level 5:colcon.colcon_core.verb:set package 'robot_sdk' build argument 'cmake_clean_cache' from command line to 'False'
[0.316s] Level 5:colcon.colcon_core.verb:set package 'robot_sdk' build argument 'cmake_clean_first' from command line to 'False'
[0.316s] Level 5:colcon.colcon_core.verb:set package 'robot_sdk' build argument 'cmake_force_configure' from command line to 'False'
[0.316s] Level 5:colcon.colcon_core.verb:set package 'robot_sdk' build argument 'ament_cmake_args' from command line to 'None'
[0.316s] Level 5:colcon.colcon_core.verb:set package 'robot_sdk' build argument 'catkin_cmake_args' from command line to 'None'
[0.316s] Level 5:colcon.colcon_core.verb:set package 'robot_sdk' build argument 'catkin_skip_building_tests' from command line to 'False'
[0.316s] DEBUG:colcon.colcon_core.verb:Building package 'robot_sdk' with the following arguments: {'ament_cmake_args': None, 'build_base': '/home/w/work/moveit2_handeye_calib/build/robot_sdk', 'catkin_cmake_args': None, 'catkin_skip_building_tests': False, 'cmake_args': None, 'cmake_clean_cache': False, 'cmake_clean_first': False, 'cmake_force_configure': False, 'cmake_target': None, 'cmake_target_skip_unavailable': False, 'install_base': '/home/w/work/moveit2_handeye_calib/install/robot_sdk', 'merge_install': False, 'path': '/home/w/work/moveit2_handeye_calib/TG620/robot_sdk', 'symlink_install': False, 'test_result_base': None}
[0.316s] Level 5:colcon.colcon_core.verb:set package 'robot_test_py' build argument 'cmake_args' from command line to 'None'
[0.316s] Level 5:colcon.colcon_core.verb:set package 'robot_test_py' build argument 'cmake_target' from command line to 'None'
[0.316s] Level 5:colcon.colcon_core.verb:set package 'robot_test_py' build argument 'cmake_target_skip_unavailable' from command line to 'False'
[0.316s] Level 5:colcon.colcon_core.verb:set package 'robot_test_py' build argument 'cmake_clean_cache' from command line to 'False'
[0.316s] Level 5:colcon.colcon_core.verb:set package 'robot_test_py' build argument 'cmake_clean_first' from command line to 'False'
[0.316s] Level 5:colcon.colcon_core.verb:set package 'robot_test_py' build argument 'cmake_force_configure' from command line to 'False'
[0.316s] Level 5:colcon.colcon_core.verb:set package 'robot_test_py' build argument 'ament_cmake_args' from command line to 'None'
[0.316s] Level 5:colcon.colcon_core.verb:set package 'robot_test_py' build argument 'catkin_cmake_args' from command line to 'None'
[0.316s] Level 5:colcon.colcon_core.verb:set package 'robot_test_py' build argument 'catkin_skip_building_tests' from command line to 'False'
[0.316s] DEBUG:colcon.colcon_core.verb:Building package 'robot_test_py' with the following arguments: {'ament_cmake_args': None, 'build_base': '/home/w/work/moveit2_handeye_calib/build/robot_test_py', 'catkin_cmake_args': None, 'catkin_skip_building_tests': False, 'cmake_args': None, 'cmake_clean_cache': False, 'cmake_clean_first': False, 'cmake_force_configure': False, 'cmake_target': None, 'cmake_target_skip_unavailable': False, 'install_base': '/home/w/work/moveit2_handeye_calib/install/robot_test_py', 'merge_install': False, 'path': '/home/w/work/moveit2_handeye_calib/TG620/robot_test_py', 'symlink_install': False, 'test_result_base': None}
[0.316s] Level 5:colcon.colcon_core.verb:set package 'ros2_socketcan' build argument 'cmake_args' from command line to 'None'
[0.316s] Level 5:colcon.colcon_core.verb:set package 'ros2_socketcan' build argument 'cmake_target' from command line to 'None'
[0.316s] Level 5:colcon.colcon_core.verb:set package 'ros2_socketcan' build argument 'cmake_target_skip_unavailable' from command line to 'False'
[0.316s] Level 5:colcon.colcon_core.verb:set package 'ros2_socketcan' build argument 'cmake_clean_cache' from command line to 'False'
[0.316s] Level 5:colcon.colcon_core.verb:set package 'ros2_socketcan' build argument 'cmake_clean_first' from command line to 'False'
[0.316s] Level 5:colcon.colcon_core.verb:set package 'ros2_socketcan' build argument 'cmake_force_configure' from command line to 'False'
[0.316s] Level 5:colcon.colcon_core.verb:set package 'ros2_socketcan' build argument 'ament_cmake_args' from command line to 'None'
[0.316s] Level 5:colcon.colcon_core.verb:set package 'ros2_socketcan' build argument 'catkin_cmake_args' from command line to 'None'
[0.316s] Level 5:colcon.colcon_core.verb:set package 'ros2_socketcan' build argument 'catkin_skip_building_tests' from command line to 'False'
[0.316s] DEBUG:colcon.colcon_core.verb:Building package 'ros2_socketcan' with the following arguments: {'ament_cmake_args': None, 'build_base': '/home/w/work/moveit2_handeye_calib/build/ros2_socketcan', 'catkin_cmake_args': None, 'catkin_skip_building_tests': False, 'cmake_args': None, 'cmake_clean_cache': False, 'cmake_clean_first': False, 'cmake_force_configure': False, 'cmake_target': None, 'cmake_target_skip_unavailable': False, 'install_base': '/home/w/work/moveit2_handeye_calib/install/ros2_socketcan', 'merge_install': False, 'path': '/home/w/work/moveit2_handeye_calib/TG620/ros2_socketcan/ros2_socketcan', 'symlink_install': False, 'test_result_base': None}
[0.317s] Level 5:colcon.colcon_core.verb:set package 'moveit_calibration_demos' build argument 'cmake_args' from command line to 'None'
[0.317s] Level 5:colcon.colcon_core.verb:set package 'moveit_calibration_demos' build argument 'cmake_target' from command line to 'None'
[0.317s] Level 5:colcon.colcon_core.verb:set package 'moveit_calibration_demos' build argument 'cmake_target_skip_unavailable' from command line to 'False'
[0.317s] Level 5:colcon.colcon_core.verb:set package 'moveit_calibration_demos' build argument 'cmake_clean_cache' from command line to 'False'
[0.317s] Level 5:colcon.colcon_core.verb:set package 'moveit_calibration_demos' build argument 'cmake_clean_first' from command line to 'False'
[0.317s] Level 5:colcon.colcon_core.verb:set package 'moveit_calibration_demos' build argument 'cmake_force_configure' from command line to 'False'
[0.317s] Level 5:colcon.colcon_core.verb:set package 'moveit_calibration_demos' build argument 'ament_cmake_args' from command line to 'None'
[0.317s] Level 5:colcon.colcon_core.verb:set package 'moveit_calibration_demos' build argument 'catkin_cmake_args' from command line to 'None'
[0.317s] Level 5:colcon.colcon_core.verb:set package 'moveit_calibration_demos' build argument 'catkin_skip_building_tests' from command line to 'False'
[0.317s] DEBUG:colcon.colcon_core.verb:Building package 'moveit_calibration_demos' with the following arguments: {'ament_cmake_args': None, 'build_base': '/home/w/work/moveit2_handeye_calib/build/moveit_calibration_demos', 'catkin_cmake_args': None, 'catkin_skip_building_tests': False, 'cmake_args': None, 'cmake_clean_cache': False, 'cmake_clean_first': False, 'cmake_force_configure': False, 'cmake_target': None, 'cmake_target_skip_unavailable': False, 'install_base': '/home/w/work/moveit2_handeye_calib/install/moveit_calibration_demos', 'merge_install': False, 'path': '/home/w/work/moveit2_handeye_calib/moveit2_calibration/moveit_calibration_demos', 'symlink_install': False, 'test_result_base': None}
[0.317s] Level 5:colcon.colcon_core.verb:set package 'robot_driver' build argument 'cmake_args' from command line to 'None'
[0.317s] Level 5:colcon.colcon_core.verb:set package 'robot_driver' build argument 'cmake_target' from command line to 'None'
[0.317s] Level 5:colcon.colcon_core.verb:set package 'robot_driver' build argument 'cmake_target_skip_unavailable' from command line to 'False'
[0.317s] Level 5:colcon.colcon_core.verb:set package 'robot_driver' build argument 'cmake_clean_cache' from command line to 'False'
[0.317s] Level 5:colcon.colcon_core.verb:set package 'robot_driver' build argument 'cmake_clean_first' from command line to 'False'
[0.317s] Level 5:colcon.colcon_core.verb:set package 'robot_driver' build argument 'cmake_force_configure' from command line to 'False'
[0.317s] Level 5:colcon.colcon_core.verb:set package 'robot_driver' build argument 'ament_cmake_args' from command line to 'None'
[0.317s] Level 5:colcon.colcon_core.verb:set package 'robot_driver' build argument 'catkin_cmake_args' from command line to 'None'
[0.317s] Level 5:colcon.colcon_core.verb:set package 'robot_driver' build argument 'catkin_skip_building_tests' from command line to 'False'
[0.317s] DEBUG:colcon.colcon_core.verb:Building package 'robot_driver' with the following arguments: {'ament_cmake_args': None, 'build_base': '/home/w/work/moveit2_handeye_calib/build/robot_driver', 'catkin_cmake_args': None, 'catkin_skip_building_tests': False, 'cmake_args': None, 'cmake_clean_cache': False, 'cmake_clean_first': False, 'cmake_force_configure': False, 'cmake_target': None, 'cmake_target_skip_unavailable': False, 'install_base': '/home/w/work/moveit2_handeye_calib/install/robot_driver', 'merge_install': False, 'path': '/home/w/work/moveit2_handeye_calib/TG620/robot_driver', 'symlink_install': False, 'test_result_base': None}
[0.317s] Level 5:colcon.colcon_core.verb:set package 'robot_state_machine' build argument 'cmake_args' from command line to 'None'
[0.317s] Level 5:colcon.colcon_core.verb:set package 'robot_state_machine' build argument 'cmake_target' from command line to 'None'
[0.317s] Level 5:colcon.colcon_core.verb:set package 'robot_state_machine' build argument 'cmake_target_skip_unavailable' from command line to 'False'
[0.317s] Level 5:colcon.colcon_core.verb:set package 'robot_state_machine' build argument 'cmake_clean_cache' from command line to 'False'
[0.317s] Level 5:colcon.colcon_core.verb:set package 'robot_state_machine' build argument 'cmake_clean_first' from command line to 'False'
[0.317s] Level 5:colcon.colcon_core.verb:set package 'robot_state_machine' build argument 'cmake_force_configure' from command line to 'False'
[0.317s] Level 5:colcon.colcon_core.verb:set package 'robot_state_machine' build argument 'ament_cmake_args' from command line to 'None'
[0.317s] Level 5:colcon.colcon_core.verb:set package 'robot_state_machine' build argument 'catkin_cmake_args' from command line to 'None'
[0.317s] Level 5:colcon.colcon_core.verb:set package 'robot_state_machine' build argument 'catkin_skip_building_tests' from command line to 'False'
[0.317s] DEBUG:colcon.colcon_core.verb:Building package 'robot_state_machine' with the following arguments: {'ament_cmake_args': None, 'build_base': '/home/w/work/moveit2_handeye_calib/build/robot_state_machine', 'catkin_cmake_args': None, 'catkin_skip_building_tests': False, 'cmake_args': None, 'cmake_clean_cache': False, 'cmake_clean_first': False, 'cmake_force_configure': False, 'cmake_target': None, 'cmake_target_skip_unavailable': False, 'install_base': '/home/w/work/moveit2_handeye_calib/install/robot_state_machine', 'merge_install': False, 'path': '/home/w/work/moveit2_handeye_calib/TG620/robot_state_machine', 'symlink_install': False, 'test_result_base': None}
[0.317s] INFO:colcon.colcon_core.executor:Executing jobs using 'parallel' executor
[0.318s] DEBUG:colcon.colcon_parallel_executor.executor.parallel:run_until_complete
[0.318s] INFO:colcon.colcon_ros.task.ament_cmake.build:Building ROS package in '/home/w/work/moveit2_handeye_calib/TG620/robot_interfaces' with build type 'ament_cmake'
[0.318s] INFO:colcon.colcon_cmake.task.cmake.build:Building CMake package in '/home/w/work/moveit2_handeye_calib/TG620/robot_interfaces'
[0.320s] INFO:colcon.colcon_core.plugin_system:Skipping extension 'colcon_core.shell.bat': Not used on non-Windows systems
[0.320s] INFO:colcon.colcon_core.shell:Skip shell extension 'powershell' for command environment: Not usable outside of PowerShell
[0.320s] DEBUG:colcon.colcon_core.shell:Skip shell extension 'dsv' for command environment
[0.322s] INFO:colcon.colcon_ros.task.ament_cmake.build:Building ROS package in '/home/w/work/moveit2_handeye_calib/TG620/robot_description' with build type 'ament_cmake'
[0.322s] INFO:colcon.colcon_cmake.task.cmake.build:Building CMake package in '/home/w/work/moveit2_handeye_calib/TG620/robot_description'
[0.322s] INFO:colcon.colcon_core.shell:Skip shell extension 'powershell' for command environment: Not usable outside of PowerShell
[0.322s] DEBUG:colcon.colcon_core.shell:Skip shell extension 'dsv' for command environment
[0.324s] INFO:colcon.colcon_ros.task.ament_cmake.build:Building ROS package in '/home/w/work/moveit2_handeye_calib/TG620/ros2_socketcan/ros2_socketcan_msgs' with build type 'ament_cmake'
[0.325s] INFO:colcon.colcon_cmake.task.cmake.build:Building CMake package in '/home/w/work/moveit2_handeye_calib/TG620/ros2_socketcan/ros2_socketcan_msgs'
[0.325s] INFO:colcon.colcon_core.shell:Skip shell extension 'powershell' for command environment: Not usable outside of PowerShell
[0.325s] DEBUG:colcon.colcon_core.shell:Skip shell extension 'dsv' for command environment
[0.326s] INFO:colcon.colcon_ros.task.ament_cmake.build:Building ROS package in '/home/w/work/moveit2_handeye_calib/moveit2_calibration/moveit_calibration_plugins' with build type 'ament_cmake'
[0.327s] INFO:colcon.colcon_cmake.task.cmake.build:Building CMake package in '/home/w/work/moveit2_handeye_calib/moveit2_calibration/moveit_calibration_plugins'
[0.327s] INFO:colcon.colcon_core.shell:Skip shell extension 'powershell' for command environment: Not usable outside of PowerShell
[0.327s] DEBUG:colcon.colcon_core.shell:Skip shell extension 'dsv' for command environment
[0.328s] INFO:colcon.colcon_ros.task.ament_cmake.build:Building ROS package in '/home/w/work/moveit2_handeye_calib/TG620/robot_bringup' with build type 'ament_cmake'
[0.328s] INFO:colcon.colcon_cmake.task.cmake.build:Building CMake package in '/home/w/work/moveit2_handeye_calib/TG620/robot_bringup'
[0.329s] INFO:colcon.colcon_core.shell:Skip shell extension 'powershell' for command environment: Not usable outside of PowerShell
[0.329s] DEBUG:colcon.colcon_core.shell:Skip shell extension 'dsv' for command environment
[0.330s] INFO:colcon.colcon_ros.task.ament_python.build:Building ROS package in '/home/w/work/moveit2_handeye_calib/TG620/robot_dynamics' with build type 'ament_python'
[0.330s] Level 1:colcon.colcon_core.shell:create_environment_hook('robot_dynamics', 'ament_prefix_path')
[0.330s] INFO:colcon.colcon_core.shell:Creating environment hook '/home/w/work/moveit2_handeye_calib/install/robot_dynamics/share/robot_dynamics/hook/ament_prefix_path.ps1'
[0.331s] INFO:colcon.colcon_core.shell:Creating environment descriptor '/home/w/work/moveit2_handeye_calib/install/robot_dynamics/share/robot_dynamics/hook/ament_prefix_path.dsv'
[0.331s] INFO:colcon.colcon_core.shell:Creating environment hook '/home/w/work/moveit2_handeye_calib/install/robot_dynamics/share/robot_dynamics/hook/ament_prefix_path.sh'
[0.331s] INFO:colcon.colcon_core.shell:Skip shell extension 'powershell' for command environment: Not usable outside of PowerShell
[0.331s] DEBUG:colcon.colcon_core.shell:Skip shell extension 'dsv' for command environment
[0.333s] INFO:colcon.colcon_ros.task.ament_cmake.build:Building ROS package in '/home/w/work/moveit2_handeye_calib/TG620/robot_virtual_fence' with build type 'ament_cmake'
[0.333s] INFO:colcon.colcon_cmake.task.cmake.build:Building CMake package in '/home/w/work/moveit2_handeye_calib/TG620/robot_virtual_fence'
[0.333s] INFO:colcon.colcon_core.shell:Skip shell extension 'powershell' for command environment: Not usable outside of PowerShell
[0.333s] DEBUG:colcon.colcon_core.shell:Skip shell extension 'dsv' for command environment
[0.335s] INFO:colcon.colcon_ros.task.ament_python.build:Building ROS package in '/home/w/work/moveit2_handeye_calib/TG620/traj_smoother_py' with build type 'ament_python'
[0.335s] Level 1:colcon.colcon_core.shell:create_environment_hook('traj_smoother_py', 'ament_prefix_path')
[0.335s] INFO:colcon.colcon_core.shell:Creating environment hook '/home/w/work/moveit2_handeye_calib/install/traj_smoother_py/share/traj_smoother_py/hook/ament_prefix_path.ps1'
[0.335s] INFO:colcon.colcon_core.shell:Creating environment descriptor '/home/w/work/moveit2_handeye_calib/install/traj_smoother_py/share/traj_smoother_py/hook/ament_prefix_path.dsv'
[0.336s] INFO:colcon.colcon_core.shell:Creating environment hook '/home/w/work/moveit2_handeye_calib/install/traj_smoother_py/share/traj_smoother_py/hook/ament_prefix_path.sh'
[0.336s] INFO:colcon.colcon_core.shell:Skip shell extension 'powershell' for command environment: Not usable outside of PowerShell
[0.336s] DEBUG:colcon.colcon_core.shell:Skip shell extension 'dsv' for command environment
[0.340s] DEBUG:colcon.colcon_core.event_handler.log_command:Invoking command in '/home/w/work/moveit2_handeye_calib/build/robot_interfaces': CMAKE_PREFIX_PATH=${CMAKE_PREFIX_PATH}:/opt/ros/humble /usr/bin/cmake /home/w/work/moveit2_handeye_calib/TG620/robot_interfaces -DCMAKE_INSTALL_PREFIX=/home/w/work/moveit2_handeye_calib/install/robot_interfaces
[0.341s] DEBUG:colcon.colcon_core.event_handler.log_command:Invoking command in '/home/w/work/moveit2_handeye_calib/build/robot_description': CMAKE_PREFIX_PATH=${CMAKE_PREFIX_PATH}:/opt/ros/humble /usr/bin/cmake /home/w/work/moveit2_handeye_calib/TG620/robot_description -DCMAKE_INSTALL_PREFIX=/home/w/work/moveit2_handeye_calib/install/robot_description
[0.342s] DEBUG:colcon.colcon_core.event_handler.log_command:Invoking command in '/home/w/work/moveit2_handeye_calib/build/ros2_socketcan_msgs': CMAKE_PREFIX_PATH=${CMAKE_PREFIX_PATH}:/opt/ros/humble /usr/bin/cmake /home/w/work/moveit2_handeye_calib/TG620/ros2_socketcan/ros2_socketcan_msgs -DCMAKE_INSTALL_PREFIX=/home/w/work/moveit2_handeye_calib/install/ros2_socketcan_msgs
[0.343s] DEBUG:colcon.colcon_core.event_handler.log_command:Invoking command in '/home/w/work/moveit2_handeye_calib/build/moveit_calibration_plugins': CMAKE_PREFIX_PATH=${CMAKE_PREFIX_PATH}:/opt/ros/humble /usr/bin/cmake /home/w/work/moveit2_handeye_calib/moveit2_calibration/moveit_calibration_plugins -DCMAKE_INSTALL_PREFIX=/home/w/work/moveit2_handeye_calib/install/moveit_calibration_plugins
[0.345s] DEBUG:colcon.colcon_core.event_handler.log_command:Invoking command in '/home/w/work/moveit2_handeye_calib/build/robot_bringup': CMAKE_PREFIX_PATH=${CMAKE_PREFIX_PATH}:/opt/ros/humble /usr/bin/cmake /home/w/work/moveit2_handeye_calib/TG620/robot_bringup -DCMAKE_INSTALL_PREFIX=/home/w/work/moveit2_handeye_calib/install/robot_bringup
[0.500s] INFO:colcon.colcon_core.task.python.build:Building Python package in '/home/w/work/moveit2_handeye_calib/TG620/robot_dynamics'
[0.501s] INFO:colcon.colcon_core.shell:Skip shell extension 'powershell' for command environment: Not usable outside of PowerShell
[0.501s] DEBUG:colcon.colcon_core.shell:Skip shell extension 'dsv' for command environment
[0.505s] DEBUG:colcon.colcon_core.event_handler.log_command:Invoking command in '/home/w/work/moveit2_handeye_calib/build/robot_virtual_fence': CMAKE_PREFIX_PATH=${CMAKE_PREFIX_PATH}:/opt/ros/humble /usr/bin/cmake /home/w/work/moveit2_handeye_calib/TG620/robot_virtual_fence -DCMAKE_INSTALL_PREFIX=/home/w/work/moveit2_handeye_calib/install/robot_virtual_fence
[0.678s] INFO:colcon.colcon_core.task.python.build:Building Python package in '/home/w/work/moveit2_handeye_calib/TG620/traj_smoother_py'
[0.678s] INFO:colcon.colcon_core.shell:Skip shell extension 'powershell' for command environment: Not usable outside of PowerShell
[0.678s] DEBUG:colcon.colcon_core.shell:Skip shell extension 'dsv' for command environment
[0.811s] DEBUG:colcon.colcon_core.event_handler.log_command:Invoked command in '/home/w/work/moveit2_handeye_calib/build/robot_description' returned '0': CMAKE_PREFIX_PATH=${CMAKE_PREFIX_PATH}:/opt/ros/humble /usr/bin/cmake /home/w/work/moveit2_handeye_calib/TG620/robot_description -DCMAKE_INSTALL_PREFIX=/home/w/work/moveit2_handeye_calib/install/robot_description
[0.813s] DEBUG:colcon.colcon_core.event_handler.log_command:Invoking command in '/home/w/work/moveit2_handeye_calib/build/robot_description': CMAKE_PREFIX_PATH=${CMAKE_PREFIX_PATH}:/opt/ros/humble /usr/bin/cmake --build /home/w/work/moveit2_handeye_calib/build/robot_description -- -j28 -l28
[0.818s] DEBUG:colcon.colcon_core.event_handler.log_command:Invoked command in '/home/w/work/moveit2_handeye_calib/build/robot_bringup' returned '0': CMAKE_PREFIX_PATH=${CMAKE_PREFIX_PATH}:/opt/ros/humble /usr/bin/cmake /home/w/work/moveit2_handeye_calib/TG620/robot_bringup -DCMAKE_INSTALL_PREFIX=/home/w/work/moveit2_handeye_calib/install/robot_bringup
[0.820s] DEBUG:colcon.colcon_core.event_handler.log_command:Invoking command in '/home/w/work/moveit2_handeye_calib/build/robot_bringup': CMAKE_PREFIX_PATH=${CMAKE_PREFIX_PATH}:/opt/ros/humble /usr/bin/cmake --build /home/w/work/moveit2_handeye_calib/build/robot_bringup -- -j28 -l28
[0.840s] DEBUG:colcon.colcon_core.event_handler.log_command:Invoked command in '/home/w/work/moveit2_handeye_calib/build/robot_description' returned '0': CMAKE_PREFIX_PATH=${CMAKE_PREFIX_PATH}:/opt/ros/humble /usr/bin/cmake --build /home/w/work/moveit2_handeye_calib/build/robot_description -- -j28 -l28
[0.847s] DEBUG:colcon.colcon_core.event_handler.log_command:Invoking command in '/home/w/work/moveit2_handeye_calib/build/robot_description': CMAKE_PREFIX_PATH=${CMAKE_PREFIX_PATH}:/opt/ros/humble /usr/bin/cmake --install /home/w/work/moveit2_handeye_calib/build/robot_description
[0.848s] DEBUG:colcon.colcon_core.event_handler.log_command:Invoked command in '/home/w/work/moveit2_handeye_calib/build/robot_bringup' returned '0': CMAKE_PREFIX_PATH=${CMAKE_PREFIX_PATH}:/opt/ros/humble /usr/bin/cmake --build /home/w/work/moveit2_handeye_calib/build/robot_bringup -- -j28 -l28
[0.850s] DEBUG:colcon.colcon_core.event_handler.log_command:Invoking command in '/home/w/work/moveit2_handeye_calib/build/robot_bringup': CMAKE_PREFIX_PATH=${CMAKE_PREFIX_PATH}:/opt/ros/humble /usr/bin/cmake --install /home/w/work/moveit2_handeye_calib/build/robot_bringup
[0.857s] Level 1:colcon.colcon_core.environment:create_environment_scripts_only(robot_bringup)
[0.858s] DEBUG:colcon.colcon_core.event_handler.log_command:Invoked command in '/home/w/work/moveit2_handeye_calib/build/robot_bringup' returned '0': CMAKE_PREFIX_PATH=${CMAKE_PREFIX_PATH}:/opt/ros/humble /usr/bin/cmake --install /home/w/work/moveit2_handeye_calib/build/robot_bringup
[0.860s] Level 1:colcon.colcon_core.environment:checking '/home/w/work/moveit2_handeye_calib/install/robot_bringup' for CMake module files
[0.861s] Level 1:colcon.colcon_core.environment:checking '/home/w/work/moveit2_handeye_calib/install/robot_bringup' for CMake config files
[0.861s] Level 1:colcon.colcon_core.shell:create_environment_hook('robot_bringup', 'cmake_prefix_path')
[0.861s] INFO:colcon.colcon_core.shell:Creating environment hook '/home/w/work/moveit2_handeye_calib/install/robot_bringup/share/robot_bringup/hook/cmake_prefix_path.ps1'
[0.861s] INFO:colcon.colcon_core.shell:Creating environment descriptor '/home/w/work/moveit2_handeye_calib/install/robot_bringup/share/robot_bringup/hook/cmake_prefix_path.dsv'
[0.862s] INFO:colcon.colcon_core.shell:Creating environment hook '/home/w/work/moveit2_handeye_calib/install/robot_bringup/share/robot_bringup/hook/cmake_prefix_path.sh'
[0.863s] Level 1:colcon.colcon_core.environment:checking '/home/w/work/moveit2_handeye_calib/install/robot_bringup/bin'
[0.863s] Level 1:colcon.colcon_core.environment:checking '/home/w/work/moveit2_handeye_calib/install/robot_bringup/lib/pkgconfig/robot_bringup.pc'
[0.863s] Level 1:colcon.colcon_core.environment:checking '/home/w/work/moveit2_handeye_calib/install/robot_bringup/lib/python3.10/site-packages'
[0.863s] Level 1:colcon.colcon_core.environment:checking '/home/w/work/moveit2_handeye_calib/install/robot_bringup/bin'
[0.864s] INFO:colcon.colcon_core.shell:Creating package script '/home/w/work/moveit2_handeye_calib/install/robot_bringup/share/robot_bringup/package.ps1'
[0.865s] INFO:colcon.colcon_core.shell:Creating package descriptor '/home/w/work/moveit2_handeye_calib/install/robot_bringup/share/robot_bringup/package.dsv'
[0.865s] INFO:colcon.colcon_core.shell:Creating package script '/home/w/work/moveit2_handeye_calib/install/robot_bringup/share/robot_bringup/package.sh'
[0.866s] INFO:colcon.colcon_core.shell:Creating package script '/home/w/work/moveit2_handeye_calib/install/robot_bringup/share/robot_bringup/package.bash'
[0.866s] INFO:colcon.colcon_core.shell:Creating package script '/home/w/work/moveit2_handeye_calib/install/robot_bringup/share/robot_bringup/package.zsh'
[0.867s] Level 1:colcon.colcon_core.environment:create_file_with_runtime_dependencies(/home/w/work/moveit2_handeye_calib/install/robot_bringup/share/colcon-core/packages/robot_bringup)
[0.867s] Level 1:colcon.colcon_core.environment:create_environment_scripts_only(robot_bringup)
[0.868s] Level 1:colcon.colcon_core.environment:checking '/home/w/work/moveit2_handeye_calib/install/robot_bringup' for CMake module files
[0.869s] Level 1:colcon.colcon_core.environment:checking '/home/w/work/moveit2_handeye_calib/install/robot_bringup' for CMake config files
[0.869s] Level 1:colcon.colcon_core.shell:create_environment_hook('robot_bringup', 'cmake_prefix_path')
[0.869s] INFO:colcon.colcon_core.shell:Creating environment hook '/home/w/work/moveit2_handeye_calib/install/robot_bringup/share/robot_bringup/hook/cmake_prefix_path.ps1'
[0.869s] INFO:colcon.colcon_core.shell:Creating environment descriptor '/home/w/work/moveit2_handeye_calib/install/robot_bringup/share/robot_bringup/hook/cmake_prefix_path.dsv'
[0.869s] INFO:colcon.colcon_core.shell:Creating environment hook '/home/w/work/moveit2_handeye_calib/install/robot_bringup/share/robot_bringup/hook/cmake_prefix_path.sh'
[0.870s] Level 1:colcon.colcon_core.environment:checking '/home/w/work/moveit2_handeye_calib/install/robot_bringup/bin'
[0.870s] Level 1:colcon.colcon_core.environment:checking '/home/w/work/moveit2_handeye_calib/install/robot_bringup/lib/pkgconfig/robot_bringup.pc'
[0.870s] Level 1:colcon.colcon_core.environment:checking '/home/w/work/moveit2_handeye_calib/install/robot_bringup/lib/python3.10/site-packages'
[0.870s] Level 1:colcon.colcon_core.environment:checking '/home/w/work/moveit2_handeye_calib/install/robot_bringup/bin'
[0.870s] INFO:colcon.colcon_core.shell:Creating package script '/home/w/work/moveit2_handeye_calib/install/robot_bringup/share/robot_bringup/package.ps1'
[0.871s] INFO:colcon.colcon_core.shell:Creating package descriptor '/home/w/work/moveit2_handeye_calib/install/robot_bringup/share/robot_bringup/package.dsv'
[0.871s] INFO:colcon.colcon_core.shell:Creating package script '/home/w/work/moveit2_handeye_calib/install/robot_bringup/share/robot_bringup/package.sh'
[0.872s] INFO:colcon.colcon_core.shell:Creating package script '/home/w/work/moveit2_handeye_calib/install/robot_bringup/share/robot_bringup/package.bash'
[0.872s] INFO:colcon.colcon_core.shell:Creating package script '/home/w/work/moveit2_handeye_calib/install/robot_bringup/share/robot_bringup/package.zsh'
[0.872s] Level 1:colcon.colcon_core.environment:create_file_with_runtime_dependencies(/home/w/work/moveit2_handeye_calib/install/robot_bringup/share/colcon-core/packages/robot_bringup)
[0.873s] Level 1:colcon.colcon_core.environment:create_environment_scripts_only(robot_description)
[0.873s] Level 1:colcon.colcon_core.environment:checking '/home/w/work/moveit2_handeye_calib/install/robot_description' for CMake module files
[0.873s] DEBUG:colcon.colcon_core.event_handler.log_command:Invoked command in '/home/w/work/moveit2_handeye_calib/build/robot_description' returned '0': CMAKE_PREFIX_PATH=${CMAKE_PREFIX_PATH}:/opt/ros/humble /usr/bin/cmake --install /home/w/work/moveit2_handeye_calib/build/robot_description
[0.874s] Level 1:colcon.colcon_core.environment:checking '/home/w/work/moveit2_handeye_calib/install/robot_description' for CMake config files
[0.874s] Level 1:colcon.colcon_core.shell:create_environment_hook('robot_description', 'cmake_prefix_path')
[0.874s] INFO:colcon.colcon_core.shell:Creating environment hook '/home/w/work/moveit2_handeye_calib/install/robot_description/share/robot_description/hook/cmake_prefix_path.ps1'
[0.874s] INFO:colcon.colcon_core.shell:Creating environment descriptor '/home/w/work/moveit2_handeye_calib/install/robot_description/share/robot_description/hook/cmake_prefix_path.dsv'
[0.875s] INFO:colcon.colcon_core.shell:Creating environment hook '/home/w/work/moveit2_handeye_calib/install/robot_description/share/robot_description/hook/cmake_prefix_path.sh'
[0.875s] Level 1:colcon.colcon_core.environment:checking '/home/w/work/moveit2_handeye_calib/install/robot_description/bin'
[0.875s] Level 1:colcon.colcon_core.environment:checking '/home/w/work/moveit2_handeye_calib/install/robot_description/lib/pkgconfig/robot_description.pc'
[0.875s] Level 1:colcon.colcon_core.environment:checking '/home/w/work/moveit2_handeye_calib/install/robot_description/lib/python3.10/site-packages'
[0.876s] Level 1:colcon.colcon_core.environment:checking '/home/w/work/moveit2_handeye_calib/install/robot_description/bin'
[0.876s] INFO:colcon.colcon_core.shell:Creating package script '/home/w/work/moveit2_handeye_calib/install/robot_description/share/robot_description/package.ps1'
[0.876s] INFO:colcon.colcon_core.shell:Creating package descriptor '/home/w/work/moveit2_handeye_calib/install/robot_description/share/robot_description/package.dsv'
[0.877s] INFO:colcon.colcon_core.shell:Creating package script '/home/w/work/moveit2_handeye_calib/install/robot_description/share/robot_description/package.sh'
[0.877s] INFO:colcon.colcon_core.shell:Creating package script '/home/w/work/moveit2_handeye_calib/install/robot_description/share/robot_description/package.bash'
[0.877s] INFO:colcon.colcon_core.shell:Creating package script '/home/w/work/moveit2_handeye_calib/install/robot_description/share/robot_description/package.zsh'
[0.877s] Level 1:colcon.colcon_core.environment:create_file_with_runtime_dependencies(/home/w/work/moveit2_handeye_calib/install/robot_description/share/colcon-core/packages/robot_description)
[0.878s] Level 1:colcon.colcon_core.environment:create_environment_scripts_only(robot_description)
[0.878s] Level 1:colcon.colcon_core.environment:checking '/home/w/work/moveit2_handeye_calib/install/robot_description' for CMake module files
[0.878s] Level 1:colcon.colcon_core.environment:checking '/home/w/work/moveit2_handeye_calib/install/robot_description' for CMake config files
[0.878s] Level 1:colcon.colcon_core.shell:create_environment_hook('robot_description', 'cmake_prefix_path')
[0.878s] INFO:colcon.colcon_core.shell:Creating environment hook '/home/w/work/moveit2_handeye_calib/install/robot_description/share/robot_description/hook/cmake_prefix_path.ps1'
[0.879s] INFO:colcon.colcon_core.shell:Creating environment descriptor '/home/w/work/moveit2_handeye_calib/install/robot_description/share/robot_description/hook/cmake_prefix_path.dsv'
[0.879s] INFO:colcon.colcon_core.shell:Creating environment hook '/home/w/work/moveit2_handeye_calib/install/robot_description/share/robot_description/hook/cmake_prefix_path.sh'
[0.879s] Level 1:colcon.colcon_core.environment:checking '/home/w/work/moveit2_handeye_calib/install/robot_description/bin'
[0.879s] Level 1:colcon.colcon_core.environment:checking '/home/w/work/moveit2_handeye_calib/install/robot_description/lib/pkgconfig/robot_description.pc'
[0.879s] Level 1:colcon.colcon_core.environment:checking '/home/w/work/moveit2_handeye_calib/install/robot_description/lib/python3.10/site-packages'
[0.880s] Level 1:colcon.colcon_core.environment:checking '/home/w/work/moveit2_handeye_calib/install/robot_description/bin'
[0.880s] INFO:colcon.colcon_core.shell:Creating package script '/home/w/work/moveit2_handeye_calib/install/robot_description/share/robot_description/package.ps1'
[0.880s] INFO:colcon.colcon_core.shell:Creating package descriptor '/home/w/work/moveit2_handeye_calib/install/robot_description/share/robot_description/package.dsv'
[0.880s] INFO:colcon.colcon_core.shell:Creating package script '/home/w/work/moveit2_handeye_calib/install/robot_description/share/robot_description/package.sh'
[0.880s] INFO:colcon.colcon_core.shell:Creating package script '/home/w/work/moveit2_handeye_calib/install/robot_description/share/robot_description/package.bash'
[0.881s] INFO:colcon.colcon_core.shell:Creating package script '/home/w/work/moveit2_handeye_calib/install/robot_description/share/robot_description/package.zsh'
[0.881s] Level 1:colcon.colcon_core.environment:create_file_with_runtime_dependencies(/home/w/work/moveit2_handeye_calib/install/robot_description/share/colcon-core/packages/robot_description)
[0.881s] INFO:colcon.colcon_ros.task.ament_cmake.build:Building ROS package in '/home/w/work/moveit2_handeye_calib/TG620/robot_config/arm380_config' with build type 'ament_cmake'
[0.881s] INFO:colcon.colcon_cmake.task.cmake.build:Building CMake package in '/home/w/work/moveit2_handeye_calib/TG620/robot_config/arm380_config'
[0.881s] INFO:colcon.colcon_core.shell:Skip shell extension 'powershell' for command environment: Not usable outside of PowerShell
[0.881s] DEBUG:colcon.colcon_core.shell:Skip shell extension 'dsv' for command environment
[0.885s] INFO:colcon.colcon_ros.task.ament_cmake.build:Building ROS package in '/home/w/work/moveit2_handeye_calib/TG620/robot_config/arm620_config' with build type 'ament_cmake'
[0.885s] INFO:colcon.colcon_cmake.task.cmake.build:Building CMake package in '/home/w/work/moveit2_handeye_calib/TG620/robot_config/arm620_config'
[0.885s] INFO:colcon.colcon_core.shell:Skip shell extension 'powershell' for command environment: Not usable outside of PowerShell
[0.885s] DEBUG:colcon.colcon_core.shell:Skip shell extension 'dsv' for command environment
[0.887s] INFO:colcon.colcon_ros.task.ament_cmake.build:Building ROS package in '/home/w/work/moveit2_handeye_calib/TG620/robot_config/arm620_dh_config' with build type 'ament_cmake'
[0.887s] INFO:colcon.colcon_cmake.task.cmake.build:Building CMake package in '/home/w/work/moveit2_handeye_calib/TG620/robot_config/arm620_dh_config'
[0.888s] INFO:colcon.colcon_core.shell:Skip shell extension 'powershell' for command environment: Not usable outside of PowerShell
[0.888s] DEBUG:colcon.colcon_core.shell:Skip shell extension 'dsv' for command environment
[0.892s] DEBUG:colcon.colcon_core.event_handler.log_command:Invoking command in '/home/w/work/moveit2_handeye_calib/build/arm380_config': AMENT_PREFIX_PATH=/home/w/work/moveit2_handeye_calib/install/robot_description:${AMENT_PREFIX_PATH} CMAKE_PREFIX_PATH=/home/w/work/moveit2_handeye_calib/install/robot_description:/home/w/work/trac_ik_ws/install/trac_ik:/home/w/work/trac_ik_ws/install/trac_ik_examples:/home/w/work/trac_ik_ws/install/trac_ik_lib:/opt/ros/humble /usr/bin/cmake /home/w/work/moveit2_handeye_calib/TG620/robot_config/arm380_config -DCMAKE_INSTALL_PREFIX=/home/w/work/moveit2_handeye_calib/install/arm380_config
[0.894s] DEBUG:colcon.colcon_core.event_handler.log_command:Invoking command in '/home/w/work/moveit2_handeye_calib/build/arm620_config': AMENT_PREFIX_PATH=/home/w/work/moveit2_handeye_calib/install/robot_description:${AMENT_PREFIX_PATH} CMAKE_PREFIX_PATH=/home/w/work/moveit2_handeye_calib/install/robot_description:/home/w/work/trac_ik_ws/install/trac_ik:/home/w/work/trac_ik_ws/install/trac_ik_examples:/home/w/work/trac_ik_ws/install/trac_ik_lib:/opt/ros/humble /usr/bin/cmake /home/w/work/moveit2_handeye_calib/TG620/robot_config/arm620_config -DCMAKE_INSTALL_PREFIX=/home/w/work/moveit2_handeye_calib/install/arm620_config
[0.896s] DEBUG:colcon.colcon_core.event_handler.log_command:Invoking command in '/home/w/work/moveit2_handeye_calib/build/arm620_dh_config': AMENT_PREFIX_PATH=/home/w/work/moveit2_handeye_calib/install/robot_description:${AMENT_PREFIX_PATH} CMAKE_PREFIX_PATH=/home/w/work/moveit2_handeye_calib/install/robot_description:/home/w/work/trac_ik_ws/install/trac_ik:/home/w/work/trac_ik_ws/install/trac_ik_examples:/home/w/work/trac_ik_ws/install/trac_ik_lib:/opt/ros/humble /usr/bin/cmake /home/w/work/moveit2_handeye_calib/TG620/robot_config/arm620_dh_config -DCMAKE_INSTALL_PREFIX=/home/w/work/moveit2_handeye_calib/install/arm620_dh_config
[0.908s] DEBUG:colcon.colcon_core.event_handler.log_command:Invoking command in '/home/w/work/moveit2_handeye_calib/TG620/robot_dynamics': PYTHONPATH=/home/w/work/moveit2_handeye_calib/build/robot_dynamics/prefix_override:/usr/lib/python3/dist-packages/colcon_core/task/python/colcon_distutils_commands:/home/w/work/moveit2_handeye_calib/install/robot_dynamics/lib/python3.10/site-packages:${PYTHONPATH} /usr/bin/python3 -W ignore:setup.py install is deprecated -W ignore:easy_install command is deprecated setup.py egg_info --egg-base ../../build/robot_dynamics build --build-base /home/w/work/moveit2_handeye_calib/build/robot_dynamics/build install --record /home/w/work/moveit2_handeye_calib/build/robot_dynamics/install.log --single-version-externally-managed install_data
[0.971s] DEBUG:colcon.colcon_core.event_handler.log_command:Invoking command in '/home/w/work/moveit2_handeye_calib/TG620/traj_smoother_py': PYTHONPATH=/home/w/work/moveit2_handeye_calib/build/traj_smoother_py/prefix_override:/usr/lib/python3/dist-packages/colcon_core/task/python/colcon_distutils_commands:/home/w/work/moveit2_handeye_calib/install/traj_smoother_py/lib/python3.10/site-packages:${PYTHONPATH} /usr/bin/python3 -W ignore:setup.py install is deprecated -W ignore:easy_install command is deprecated setup.py egg_info --egg-base ../../build/traj_smoother_py build --build-base /home/w/work/moveit2_handeye_calib/build/traj_smoother_py/build install --record /home/w/work/moveit2_handeye_calib/build/traj_smoother_py/install.log --single-version-externally-managed install_data
[1.094s] Level 1:colcon.colcon_core.environment:checking '/home/w/work/moveit2_handeye_calib/install/robot_dynamics' for CMake module files
[1.095s] DEBUG:colcon.colcon_core.event_handler.log_command:Invoked command in '/home/w/work/moveit2_handeye_calib/TG620/robot_dynamics' returned '0': PYTHONPATH=/home/w/work/moveit2_handeye_calib/build/robot_dynamics/prefix_override:/usr/lib/python3/dist-packages/colcon_core/task/python/colcon_distutils_commands:/home/w/work/moveit2_handeye_calib/install/robot_dynamics/lib/python3.10/site-packages:${PYTHONPATH} /usr/bin/python3 -W ignore:setup.py install is deprecated -W ignore:easy_install command is deprecated setup.py egg_info --egg-base ../../build/robot_dynamics build --build-base /home/w/work/moveit2_handeye_calib/build/robot_dynamics/build install --record /home/w/work/moveit2_handeye_calib/build/robot_dynamics/install.log --single-version-externally-managed install_data
[1.095s] Level 1:colcon.colcon_core.environment:checking '/home/w/work/moveit2_handeye_calib/install/robot_dynamics' for CMake config files
[1.095s] Level 1:colcon.colcon_core.environment:checking '/home/w/work/moveit2_handeye_calib/install/robot_dynamics/lib'
[1.096s] Level 1:colcon.colcon_core.environment:checking '/home/w/work/moveit2_handeye_calib/install/robot_dynamics/bin'
[1.096s] Level 1:colcon.colcon_core.environment:checking '/home/w/work/moveit2_handeye_calib/install/robot_dynamics/lib/pkgconfig/robot_dynamics.pc'
[1.096s] Level 1:colcon.colcon_core.environment:checking '/home/w/work/moveit2_handeye_calib/install/robot_dynamics/lib/python3.10/site-packages'
[1.096s] Level 1:colcon.colcon_core.shell:create_environment_hook('robot_dynamics', 'pythonpath')
[1.096s] INFO:colcon.colcon_core.shell:Creating environment hook '/home/w/work/moveit2_handeye_calib/install/robot_dynamics/share/robot_dynamics/hook/pythonpath.ps1'
[1.096s] INFO:colcon.colcon_core.shell:Creating environment descriptor '/home/w/work/moveit2_handeye_calib/install/robot_dynamics/share/robot_dynamics/hook/pythonpath.dsv'
[1.096s] INFO:colcon.colcon_core.shell:Creating environment hook '/home/w/work/moveit2_handeye_calib/install/robot_dynamics/share/robot_dynamics/hook/pythonpath.sh'
[1.097s] Level 1:colcon.colcon_core.environment:checking '/home/w/work/moveit2_handeye_calib/install/robot_dynamics/bin'
[1.097s] Level 1:colcon.colcon_core.environment:create_environment_scripts_only(robot_dynamics)
[1.097s] INFO:colcon.colcon_core.shell:Creating package script '/home/w/work/moveit2_handeye_calib/install/robot_dynamics/share/robot_dynamics/package.ps1'
[1.097s] INFO:colcon.colcon_core.shell:Creating package descriptor '/home/w/work/moveit2_handeye_calib/install/robot_dynamics/share/robot_dynamics/package.dsv'
[1.098s] INFO:colcon.colcon_core.shell:Creating package script '/home/w/work/moveit2_handeye_calib/install/robot_dynamics/share/robot_dynamics/package.sh'
[1.098s] INFO:colcon.colcon_core.shell:Creating package script '/home/w/work/moveit2_handeye_calib/install/robot_dynamics/share/robot_dynamics/package.bash'
[1.098s] INFO:colcon.colcon_core.shell:Creating package script '/home/w/work/moveit2_handeye_calib/install/robot_dynamics/share/robot_dynamics/package.zsh'
[1.099s] Level 1:colcon.colcon_core.environment:create_file_with_runtime_dependencies(/home/w/work/moveit2_handeye_calib/install/robot_dynamics/share/colcon-core/packages/robot_dynamics)
[1.184s] Level 1:colcon.colcon_core.environment:checking '/home/w/work/moveit2_handeye_calib/install/traj_smoother_py' for CMake module files
[1.185s] DEBUG:colcon.colcon_core.event_handler.log_command:Invoked command in '/home/w/work/moveit2_handeye_calib/TG620/traj_smoother_py' returned '0': PYTHONPATH=/home/w/work/moveit2_handeye_calib/build/traj_smoother_py/prefix_override:/usr/lib/python3/dist-packages/colcon_core/task/python/colcon_distutils_commands:/home/w/work/moveit2_handeye_calib/install/traj_smoother_py/lib/python3.10/site-packages:${PYTHONPATH} /usr/bin/python3 -W ignore:setup.py install is deprecated -W ignore:easy_install command is deprecated setup.py egg_info --egg-base ../../build/traj_smoother_py build --build-base /home/w/work/moveit2_handeye_calib/build/traj_smoother_py/build install --record /home/w/work/moveit2_handeye_calib/build/traj_smoother_py/install.log --single-version-externally-managed install_data
[1.185s] Level 1:colcon.colcon_core.environment:checking '/home/w/work/moveit2_handeye_calib/install/traj_smoother_py' for CMake config files
[1.185s] Level 1:colcon.colcon_core.environment:checking '/home/w/work/moveit2_handeye_calib/install/traj_smoother_py/lib'
[1.185s] Level 1:colcon.colcon_core.environment:checking '/home/w/work/moveit2_handeye_calib/install/traj_smoother_py/bin'
[1.186s] Level 1:colcon.colcon_core.environment:checking '/home/w/work/moveit2_handeye_calib/install/traj_smoother_py/lib/pkgconfig/traj_smoother_py.pc'
[1.186s] Level 1:colcon.colcon_core.environment:checking '/home/w/work/moveit2_handeye_calib/install/traj_smoother_py/lib/python3.10/site-packages'
[1.186s] Level 1:colcon.colcon_core.shell:create_environment_hook('traj_smoother_py', 'pythonpath')
[1.186s] INFO:colcon.colcon_core.shell:Creating environment hook '/home/w/work/moveit2_handeye_calib/install/traj_smoother_py/share/traj_smoother_py/hook/pythonpath.ps1'
[1.186s] INFO:colcon.colcon_core.shell:Creating environment descriptor '/home/w/work/moveit2_handeye_calib/install/traj_smoother_py/share/traj_smoother_py/hook/pythonpath.dsv'
[1.187s] INFO:colcon.colcon_core.shell:Creating environment hook '/home/w/work/moveit2_handeye_calib/install/traj_smoother_py/share/traj_smoother_py/hook/pythonpath.sh'
[1.187s] Level 1:colcon.colcon_core.environment:checking '/home/w/work/moveit2_handeye_calib/install/traj_smoother_py/bin'
[1.187s] Level 1:colcon.colcon_core.environment:create_environment_scripts_only(traj_smoother_py)
[1.187s] INFO:colcon.colcon_core.shell:Creating package script '/home/w/work/moveit2_handeye_calib/install/traj_smoother_py/share/traj_smoother_py/package.ps1'
[1.188s] INFO:colcon.colcon_core.shell:Creating package descriptor '/home/w/work/moveit2_handeye_calib/install/traj_smoother_py/share/traj_smoother_py/package.dsv'
[1.188s] INFO:colcon.colcon_core.shell:Creating package script '/home/w/work/moveit2_handeye_calib/install/traj_smoother_py/share/traj_smoother_py/package.sh'
[1.189s] INFO:colcon.colcon_core.shell:Creating package script '/home/w/work/moveit2_handeye_calib/install/traj_smoother_py/share/traj_smoother_py/package.bash'
[1.189s] INFO:colcon.colcon_core.shell:Creating package script '/home/w/work/moveit2_handeye_calib/install/traj_smoother_py/share/traj_smoother_py/package.zsh'
[1.189s] Level 1:colcon.colcon_core.environment:create_file_with_runtime_dependencies(/home/w/work/moveit2_handeye_calib/install/traj_smoother_py/share/colcon-core/packages/traj_smoother_py)
[1.345s] DEBUG:colcon.colcon_core.event_handler.log_command:Invoked command in '/home/w/work/moveit2_handeye_calib/build/arm380_config' returned '0': AMENT_PREFIX_PATH=/home/w/work/moveit2_handeye_calib/install/robot_description:${AMENT_PREFIX_PATH} CMAKE_PREFIX_PATH=/home/w/work/moveit2_handeye_calib/install/robot_description:/home/w/work/trac_ik_ws/install/trac_ik:/home/w/work/trac_ik_ws/install/trac_ik_examples:/home/w/work/trac_ik_ws/install/trac_ik_lib:/opt/ros/humble /usr/bin/cmake /home/w/work/moveit2_handeye_calib/TG620/robot_config/arm380_config -DCMAKE_INSTALL_PREFIX=/home/w/work/moveit2_handeye_calib/install/arm380_config
[1.346s] DEBUG:colcon.colcon_core.event_handler.log_command:Invoking command in '/home/w/work/moveit2_handeye_calib/build/arm380_config': AMENT_PREFIX_PATH=/home/w/work/moveit2_handeye_calib/install/robot_description:${AMENT_PREFIX_PATH} CMAKE_PREFIX_PATH=/home/w/work/moveit2_handeye_calib/install/robot_description:/home/w/work/trac_ik_ws/install/trac_ik:/home/w/work/trac_ik_ws/install/trac_ik_examples:/home/w/work/trac_ik_ws/install/trac_ik_lib:/opt/ros/humble /usr/bin/cmake --build /home/w/work/moveit2_handeye_calib/build/arm380_config -- -j28 -l28
[1.353s] DEBUG:colcon.colcon_core.event_handler.log_command:Invoked command in '/home/w/work/moveit2_handeye_calib/build/arm620_config' returned '0': AMENT_PREFIX_PATH=/home/w/work/moveit2_handeye_calib/install/robot_description:${AMENT_PREFIX_PATH} CMAKE_PREFIX_PATH=/home/w/work/moveit2_handeye_calib/install/robot_description:/home/w/work/trac_ik_ws/install/trac_ik:/home/w/work/trac_ik_ws/install/trac_ik_examples:/home/w/work/trac_ik_ws/install/trac_ik_lib:/opt/ros/humble /usr/bin/cmake /home/w/work/moveit2_handeye_calib/TG620/robot_config/arm620_config -DCMAKE_INSTALL_PREFIX=/home/w/work/moveit2_handeye_calib/install/arm620_config
[1.354s] DEBUG:colcon.colcon_core.event_handler.log_command:Invoking command in '/home/w/work/moveit2_handeye_calib/build/arm620_config': AMENT_PREFIX_PATH=/home/w/work/moveit2_handeye_calib/install/robot_description:${AMENT_PREFIX_PATH} CMAKE_PREFIX_PATH=/home/w/work/moveit2_handeye_calib/install/robot_description:/home/w/work/trac_ik_ws/install/trac_ik:/home/w/work/trac_ik_ws/install/trac_ik_examples:/home/w/work/trac_ik_ws/install/trac_ik_lib:/opt/ros/humble /usr/bin/cmake --build /home/w/work/moveit2_handeye_calib/build/arm620_config -- -j28 -l28
[1.359s] DEBUG:colcon.colcon_core.event_handler.log_command:Invoked command in '/home/w/work/moveit2_handeye_calib/build/arm620_dh_config' returned '0': AMENT_PREFIX_PATH=/home/w/work/moveit2_handeye_calib/install/robot_description:${AMENT_PREFIX_PATH} CMAKE_PREFIX_PATH=/home/w/work/moveit2_handeye_calib/install/robot_description:/home/w/work/trac_ik_ws/install/trac_ik:/home/w/work/trac_ik_ws/install/trac_ik_examples:/home/w/work/trac_ik_ws/install/trac_ik_lib:/opt/ros/humble /usr/bin/cmake /home/w/work/moveit2_handeye_calib/TG620/robot_config/arm620_dh_config -DCMAKE_INSTALL_PREFIX=/home/w/work/moveit2_handeye_calib/install/arm620_dh_config
[1.360s] DEBUG:colcon.colcon_core.event_handler.log_command:Invoking command in '/home/w/work/moveit2_handeye_calib/build/arm620_dh_config': AMENT_PREFIX_PATH=/home/w/work/moveit2_handeye_calib/install/robot_description:${AMENT_PREFIX_PATH} CMAKE_PREFIX_PATH=/home/w/work/moveit2_handeye_calib/install/robot_description:/home/w/work/trac_ik_ws/install/trac_ik:/home/w/work/trac_ik_ws/install/trac_ik_examples:/home/w/work/trac_ik_ws/install/trac_ik_lib:/opt/ros/humble /usr/bin/cmake --build /home/w/work/moveit2_handeye_calib/build/arm620_dh_config -- -j28 -l28
[1.372s] DEBUG:colcon.colcon_core.event_handler.log_command:Invoked command in '/home/w/work/moveit2_handeye_calib/build/arm380_config' returned '0': AMENT_PREFIX_PATH=/home/w/work/moveit2_handeye_calib/install/robot_description:${AMENT_PREFIX_PATH} CMAKE_PREFIX_PATH=/home/w/work/moveit2_handeye_calib/install/robot_description:/home/w/work/trac_ik_ws/install/trac_ik:/home/w/work/trac_ik_ws/install/trac_ik_examples:/home/w/work/trac_ik_ws/install/trac_ik_lib:/opt/ros/humble /usr/bin/cmake --build /home/w/work/moveit2_handeye_calib/build/arm380_config -- -j28 -l28
[1.374s] DEBUG:colcon.colcon_core.event_handler.log_command:Invoking command in '/home/w/work/moveit2_handeye_calib/build/arm380_config': AMENT_PREFIX_PATH=/home/w/work/moveit2_handeye_calib/install/robot_description:${AMENT_PREFIX_PATH} CMAKE_PREFIX_PATH=/home/w/work/moveit2_handeye_calib/install/robot_description:/home/w/work/trac_ik_ws/install/trac_ik:/home/w/work/trac_ik_ws/install/trac_ik_examples:/home/w/work/trac_ik_ws/install/trac_ik_lib:/opt/ros/humble /usr/bin/cmake --install /home/w/work/moveit2_handeye_calib/build/arm380_config
[1.378s] DEBUG:colcon.colcon_core.event_handler.log_command:Invoked command in '/home/w/work/moveit2_handeye_calib/build/arm620_config' returned '0': AMENT_PREFIX_PATH=/home/w/work/moveit2_handeye_calib/install/robot_description:${AMENT_PREFIX_PATH} CMAKE_PREFIX_PATH=/home/w/work/moveit2_handeye_calib/install/robot_description:/home/w/work/trac_ik_ws/install/trac_ik:/home/w/work/trac_ik_ws/install/trac_ik_examples:/home/w/work/trac_ik_ws/install/trac_ik_lib:/opt/ros/humble /usr/bin/cmake --build /home/w/work/moveit2_handeye_calib/build/arm620_config -- -j28 -l28
[1.380s] DEBUG:colcon.colcon_core.event_handler.log_command:Invoking command in '/home/w/work/moveit2_handeye_calib/build/arm620_config': AMENT_PREFIX_PATH=/home/w/work/moveit2_handeye_calib/install/robot_description:${AMENT_PREFIX_PATH} CMAKE_PREFIX_PATH=/home/w/work/moveit2_handeye_calib/install/robot_description:/home/w/work/trac_ik_ws/install/trac_ik:/home/w/work/trac_ik_ws/install/trac_ik_examples:/home/w/work/trac_ik_ws/install/trac_ik_lib:/opt/ros/humble /usr/bin/cmake --install /home/w/work/moveit2_handeye_calib/build/arm620_config
[1.383s] Level 1:colcon.colcon_core.environment:create_environment_scripts_only(arm380_config)
[1.383s] Level 1:colcon.colcon_core.environment:checking '/home/w/work/moveit2_handeye_calib/install/arm380_config' for CMake module files
[1.383s] DEBUG:colcon.colcon_core.event_handler.log_command:Invoked command in '/home/w/work/moveit2_handeye_calib/build/arm380_config' returned '0': AMENT_PREFIX_PATH=/home/w/work/moveit2_handeye_calib/install/robot_description:${AMENT_PREFIX_PATH} CMAKE_PREFIX_PATH=/home/w/work/moveit2_handeye_calib/install/robot_description:/home/w/work/trac_ik_ws/install/trac_ik:/home/w/work/trac_ik_ws/install/trac_ik_examples:/home/w/work/trac_ik_ws/install/trac_ik_lib:/opt/ros/humble /usr/bin/cmake --install /home/w/work/moveit2_handeye_calib/build/arm380_config
[1.384s] Level 1:colcon.colcon_core.environment:checking '/home/w/work/moveit2_handeye_calib/install/arm380_config' for CMake config files
[1.384s] Level 1:colcon.colcon_core.shell:create_environment_hook('arm380_config', 'cmake_prefix_path')
[1.384s] INFO:colcon.colcon_core.shell:Creating environment hook '/home/w/work/moveit2_handeye_calib/install/arm380_config/share/arm380_config/hook/cmake_prefix_path.ps1'
[1.385s] INFO:colcon.colcon_core.shell:Creating environment descriptor '/home/w/work/moveit2_handeye_calib/install/arm380_config/share/arm380_config/hook/cmake_prefix_path.dsv'
[1.387s] INFO:colcon.colcon_core.shell:Creating environment hook '/home/w/work/moveit2_handeye_calib/install/arm380_config/share/arm380_config/hook/cmake_prefix_path.sh'
[1.388s] Level 1:colcon.colcon_core.environment:checking '/home/w/work/moveit2_handeye_calib/install/arm380_config/bin'
[1.388s] Level 1:colcon.colcon_core.environment:checking '/home/w/work/moveit2_handeye_calib/install/arm380_config/lib/pkgconfig/arm380_config.pc'
[1.388s] Level 1:colcon.colcon_core.environment:checking '/home/w/work/moveit2_handeye_calib/install/arm380_config/lib/python3.10/site-packages'
[1.388s] Level 1:colcon.colcon_core.environment:checking '/home/w/work/moveit2_handeye_calib/install/arm380_config/bin'
[1.389s] INFO:colcon.colcon_core.shell:Creating package script '/home/w/work/moveit2_handeye_calib/install/arm380_config/share/arm380_config/package.ps1'
[1.389s] INFO:colcon.colcon_core.shell:Creating package descriptor '/home/w/work/moveit2_handeye_calib/install/arm380_config/share/arm380_config/package.dsv'
[1.389s] INFO:colcon.colcon_core.shell:Creating package script '/home/w/work/moveit2_handeye_calib/install/arm380_config/share/arm380_config/package.sh'
[1.389s] INFO:colcon.colcon_core.shell:Creating package script '/home/w/work/moveit2_handeye_calib/install/arm380_config/share/arm380_config/package.bash'
[1.390s] INFO:colcon.colcon_core.shell:Creating package script '/home/w/work/moveit2_handeye_calib/install/arm380_config/share/arm380_config/package.zsh'
[1.390s] Level 1:colcon.colcon_core.environment:create_file_with_runtime_dependencies(/home/w/work/moveit2_handeye_calib/install/arm380_config/share/colcon-core/packages/arm380_config)
[1.390s] Level 1:colcon.colcon_core.environment:create_environment_scripts_only(arm380_config)
[1.390s] Level 1:colcon.colcon_core.environment:checking '/home/w/work/moveit2_handeye_calib/install/arm380_config' for CMake module files
[1.390s] Level 1:colcon.colcon_core.environment:checking '/home/w/work/moveit2_handeye_calib/install/arm380_config' for CMake config files
[1.391s] Level 1:colcon.colcon_core.shell:create_environment_hook('arm380_config', 'cmake_prefix_path')
[1.391s] INFO:colcon.colcon_core.shell:Creating environment hook '/home/w/work/moveit2_handeye_calib/install/arm380_config/share/arm380_config/hook/cmake_prefix_path.ps1'
[1.391s] INFO:colcon.colcon_core.shell:Creating environment descriptor '/home/w/work/moveit2_handeye_calib/install/arm380_config/share/arm380_config/hook/cmake_prefix_path.dsv'
[1.391s] INFO:colcon.colcon_core.shell:Creating environment hook '/home/w/work/moveit2_handeye_calib/install/arm380_config/share/arm380_config/hook/cmake_prefix_path.sh'
[1.391s] Level 1:colcon.colcon_core.environment:checking '/home/w/work/moveit2_handeye_calib/install/arm380_config/bin'
[1.391s] Level 1:colcon.colcon_core.environment:checking '/home/w/work/moveit2_handeye_calib/install/arm380_config/lib/pkgconfig/arm380_config.pc'
[1.391s] Level 1:colcon.colcon_core.environment:checking '/home/w/work/moveit2_handeye_calib/install/arm380_config/lib/python3.10/site-packages'
[1.392s] Level 1:colcon.colcon_core.environment:checking '/home/w/work/moveit2_handeye_calib/install/arm380_config/bin'
[1.392s] INFO:colcon.colcon_core.shell:Creating package script '/home/w/work/moveit2_handeye_calib/install/arm380_config/share/arm380_config/package.ps1'
[1.392s] INFO:colcon.colcon_core.shell:Creating package descriptor '/home/w/work/moveit2_handeye_calib/install/arm380_config/share/arm380_config/package.dsv'
[1.392s] INFO:colcon.colcon_core.shell:Creating package script '/home/w/work/moveit2_handeye_calib/install/arm380_config/share/arm380_config/package.sh'
[1.393s] INFO:colcon.colcon_core.shell:Creating package script '/home/w/work/moveit2_handeye_calib/install/arm380_config/share/arm380_config/package.bash'
[1.393s] INFO:colcon.colcon_core.shell:Creating package script '/home/w/work/moveit2_handeye_calib/install/arm380_config/share/arm380_config/package.zsh'
[1.393s] Level 1:colcon.colcon_core.environment:create_file_with_runtime_dependencies(/home/w/work/moveit2_handeye_calib/install/arm380_config/share/colcon-core/packages/arm380_config)
[1.395s] DEBUG:colcon.colcon_core.event_handler.log_command:Invoked command in '/home/w/work/moveit2_handeye_calib/build/arm620_dh_config' returned '0': AMENT_PREFIX_PATH=/home/w/work/moveit2_handeye_calib/install/robot_description:${AMENT_PREFIX_PATH} CMAKE_PREFIX_PATH=/home/w/work/moveit2_handeye_calib/install/robot_description:/home/w/work/trac_ik_ws/install/trac_ik:/home/w/work/trac_ik_ws/install/trac_ik_examples:/home/w/work/trac_ik_ws/install/trac_ik_lib:/opt/ros/humble /usr/bin/cmake --build /home/w/work/moveit2_handeye_calib/build/arm620_dh_config -- -j28 -l28
[1.396s] DEBUG:colcon.colcon_core.event_handler.log_command:Invoking command in '/home/w/work/moveit2_handeye_calib/build/arm620_dh_config': AMENT_PREFIX_PATH=/home/w/work/moveit2_handeye_calib/install/robot_description:${AMENT_PREFIX_PATH} CMAKE_PREFIX_PATH=/home/w/work/moveit2_handeye_calib/install/robot_description:/home/w/work/trac_ik_ws/install/trac_ik:/home/w/work/trac_ik_ws/install/trac_ik_examples:/home/w/work/trac_ik_ws/install/trac_ik_lib:/opt/ros/humble /usr/bin/cmake --install /home/w/work/moveit2_handeye_calib/build/arm620_dh_config
[1.396s] DEBUG:colcon.colcon_core.event_handler.log_command:Invoked command in '/home/w/work/moveit2_handeye_calib/build/moveit_calibration_plugins' returned '0': CMAKE_PREFIX_PATH=${CMAKE_PREFIX_PATH}:/opt/ros/humble /usr/bin/cmake /home/w/work/moveit2_handeye_calib/moveit2_calibration/moveit_calibration_plugins -DCMAKE_INSTALL_PREFIX=/home/w/work/moveit2_handeye_calib/install/moveit_calibration_plugins
[1.397s] DEBUG:colcon.colcon_core.event_handler.log_command:Invoking command in '/home/w/work/moveit2_handeye_calib/build/moveit_calibration_plugins': CMAKE_PREFIX_PATH=${CMAKE_PREFIX_PATH}:/opt/ros/humble /usr/bin/cmake --build /home/w/work/moveit2_handeye_calib/build/moveit_calibration_plugins -- -j28 -l28
[1.397s] Level 1:colcon.colcon_core.environment:create_environment_scripts_only(arm620_config)
[1.397s] DEBUG:colcon.colcon_core.event_handler.log_command:Invoked command in '/home/w/work/moveit2_handeye_calib/build/arm620_config' returned '0': AMENT_PREFIX_PATH=/home/w/work/moveit2_handeye_calib/install/robot_description:${AMENT_PREFIX_PATH} CMAKE_PREFIX_PATH=/home/w/work/moveit2_handeye_calib/install/robot_description:/home/w/work/trac_ik_ws/install/trac_ik:/home/w/work/trac_ik_ws/install/trac_ik_examples:/home/w/work/trac_ik_ws/install/trac_ik_lib:/opt/ros/humble /usr/bin/cmake --install /home/w/work/moveit2_handeye_calib/build/arm620_config
[1.397s] Level 1:colcon.colcon_core.environment:checking '/home/w/work/moveit2_handeye_calib/install/arm620_config' for CMake module files
[1.397s] Level 1:colcon.colcon_core.environment:checking '/home/w/work/moveit2_handeye_calib/install/arm620_config' for CMake config files
[1.397s] Level 1:colcon.colcon_core.shell:create_environment_hook('arm620_config', 'cmake_prefix_path')
[1.398s] INFO:colcon.colcon_core.shell:Creating environment hook '/home/w/work/moveit2_handeye_calib/install/arm620_config/share/arm620_config/hook/cmake_prefix_path.ps1'
[1.398s] INFO:colcon.colcon_core.shell:Creating environment descriptor '/home/w/work/moveit2_handeye_calib/install/arm620_config/share/arm620_config/hook/cmake_prefix_path.dsv'
[1.398s] INFO:colcon.colcon_core.shell:Creating environment hook '/home/w/work/moveit2_handeye_calib/install/arm620_config/share/arm620_config/hook/cmake_prefix_path.sh'
[1.398s] Level 1:colcon.colcon_core.environment:checking '/home/w/work/moveit2_handeye_calib/install/arm620_config/bin'
[1.398s] Level 1:colcon.colcon_core.environment:checking '/home/w/work/moveit2_handeye_calib/install/arm620_config/lib/pkgconfig/arm620_config.pc'
[1.398s] Level 1:colcon.colcon_core.environment:checking '/home/w/work/moveit2_handeye_calib/install/arm620_config/lib/python3.10/site-packages'
[1.399s] Level 1:colcon.colcon_core.environment:checking '/home/w/work/moveit2_handeye_calib/install/arm620_config/bin'
[1.399s] INFO:colcon.colcon_core.shell:Creating package script '/home/w/work/moveit2_handeye_calib/install/arm620_config/share/arm620_config/package.ps1'
[1.399s] INFO:colcon.colcon_core.shell:Creating package descriptor '/home/w/work/moveit2_handeye_calib/install/arm620_config/share/arm620_config/package.dsv'
[1.399s] INFO:colcon.colcon_core.shell:Creating package script '/home/w/work/moveit2_handeye_calib/install/arm620_config/share/arm620_config/package.sh'
[1.400s] INFO:colcon.colcon_core.shell:Creating package script '/home/w/work/moveit2_handeye_calib/install/arm620_config/share/arm620_config/package.bash'
[1.400s] INFO:colcon.colcon_core.shell:Creating package script '/home/w/work/moveit2_handeye_calib/install/arm620_config/share/arm620_config/package.zsh'
[1.400s] Level 1:colcon.colcon_core.environment:create_file_with_runtime_dependencies(/home/w/work/moveit2_handeye_calib/install/arm620_config/share/colcon-core/packages/arm620_config)
[1.401s] Level 1:colcon.colcon_core.environment:create_environment_scripts_only(arm620_config)
[1.401s] Level 1:colcon.colcon_core.environment:checking '/home/w/work/moveit2_handeye_calib/install/arm620_config' for CMake module files
[1.402s] Level 1:colcon.colcon_core.environment:checking '/home/w/work/moveit2_handeye_calib/install/arm620_config' for CMake config files
[1.402s] Level 1:colcon.colcon_core.shell:create_environment_hook('arm620_config', 'cmake_prefix_path')
[1.403s] INFO:colcon.colcon_core.shell:Creating environment hook '/home/w/work/moveit2_handeye_calib/install/arm620_config/share/arm620_config/hook/cmake_prefix_path.ps1'
[1.403s] INFO:colcon.colcon_core.shell:Creating environment descriptor '/home/w/work/moveit2_handeye_calib/install/arm620_config/share/arm620_config/hook/cmake_prefix_path.dsv'
[1.403s] INFO:colcon.colcon_core.shell:Creating environment hook '/home/w/work/moveit2_handeye_calib/install/arm620_config/share/arm620_config/hook/cmake_prefix_path.sh'
[1.403s] Level 1:colcon.colcon_core.environment:checking '/home/w/work/moveit2_handeye_calib/install/arm620_config/bin'
[1.403s] Level 1:colcon.colcon_core.environment:checking '/home/w/work/moveit2_handeye_calib/install/arm620_config/lib/pkgconfig/arm620_config.pc'
[1.403s] Level 1:colcon.colcon_core.environment:checking '/home/w/work/moveit2_handeye_calib/install/arm620_config/lib/python3.10/site-packages'
[1.404s] Level 1:colcon.colcon_core.environment:checking '/home/w/work/moveit2_handeye_calib/install/arm620_config/bin'
[1.404s] INFO:colcon.colcon_core.shell:Creating package script '/home/w/work/moveit2_handeye_calib/install/arm620_config/share/arm620_config/package.ps1'
[1.404s] INFO:colcon.colcon_core.shell:Creating package descriptor '/home/w/work/moveit2_handeye_calib/install/arm620_config/share/arm620_config/package.dsv'
[1.404s] INFO:colcon.colcon_core.shell:Creating package script '/home/w/work/moveit2_handeye_calib/install/arm620_config/share/arm620_config/package.sh'
[1.404s] INFO:colcon.colcon_core.shell:Creating package script '/home/w/work/moveit2_handeye_calib/install/arm620_config/share/arm620_config/package.bash'
[1.405s] INFO:colcon.colcon_core.shell:Creating package script '/home/w/work/moveit2_handeye_calib/install/arm620_config/share/arm620_config/package.zsh'
[1.405s] Level 1:colcon.colcon_core.environment:create_file_with_runtime_dependencies(/home/w/work/moveit2_handeye_calib/install/arm620_config/share/colcon-core/packages/arm620_config)
[1.405s] Level 1:colcon.colcon_core.environment:create_environment_scripts_only(arm620_dh_config)
[1.406s] Level 1:colcon.colcon_core.environment:checking '/home/w/work/moveit2_handeye_calib/install/arm620_dh_config' for CMake module files
[1.406s] DEBUG:colcon.colcon_core.event_handler.log_command:Invoked command in '/home/w/work/moveit2_handeye_calib/build/arm620_dh_config' returned '0': AMENT_PREFIX_PATH=/home/w/work/moveit2_handeye_calib/install/robot_description:${AMENT_PREFIX_PATH} CMAKE_PREFIX_PATH=/home/w/work/moveit2_handeye_calib/install/robot_description:/home/w/work/trac_ik_ws/install/trac_ik:/home/w/work/trac_ik_ws/install/trac_ik_examples:/home/w/work/trac_ik_ws/install/trac_ik_lib:/opt/ros/humble /usr/bin/cmake --install /home/w/work/moveit2_handeye_calib/build/arm620_dh_config
[1.406s] Level 1:colcon.colcon_core.environment:checking '/home/w/work/moveit2_handeye_calib/install/arm620_dh_config' for CMake config files
[1.406s] Level 1:colcon.colcon_core.shell:create_environment_hook('arm620_dh_config', 'cmake_prefix_path')
[1.406s] INFO:colcon.colcon_core.shell:Creating environment hook '/home/w/work/moveit2_handeye_calib/install/arm620_dh_config/share/arm620_dh_config/hook/cmake_prefix_path.ps1'
[1.407s] INFO:colcon.colcon_core.shell:Creating environment descriptor '/home/w/work/moveit2_handeye_calib/install/arm620_dh_config/share/arm620_dh_config/hook/cmake_prefix_path.dsv'
[1.407s] INFO:colcon.colcon_core.shell:Creating environment hook '/home/w/work/moveit2_handeye_calib/install/arm620_dh_config/share/arm620_dh_config/hook/cmake_prefix_path.sh'
[1.407s] Level 1:colcon.colcon_core.environment:checking '/home/w/work/moveit2_handeye_calib/install/arm620_dh_config/bin'
[1.407s] Level 1:colcon.colcon_core.environment:checking '/home/w/work/moveit2_handeye_calib/install/arm620_dh_config/lib/pkgconfig/arm620_dh_config.pc'
[1.407s] Level 1:colcon.colcon_core.environment:checking '/home/w/work/moveit2_handeye_calib/install/arm620_dh_config/lib/python3.10/site-packages'
[1.407s] Level 1:colcon.colcon_core.environment:checking '/home/w/work/moveit2_handeye_calib/install/arm620_dh_config/bin'
[1.407s] INFO:colcon.colcon_core.shell:Creating package script '/home/w/work/moveit2_handeye_calib/install/arm620_dh_config/share/arm620_dh_config/package.ps1'
[1.408s] INFO:colcon.colcon_core.shell:Creating package descriptor '/home/w/work/moveit2_handeye_calib/install/arm620_dh_config/share/arm620_dh_config/package.dsv'
[1.408s] INFO:colcon.colcon_core.shell:Creating package script '/home/w/work/moveit2_handeye_calib/install/arm620_dh_config/share/arm620_dh_config/package.sh'
[1.408s] INFO:colcon.colcon_core.shell:Creating package script '/home/w/work/moveit2_handeye_calib/install/arm620_dh_config/share/arm620_dh_config/package.bash'
[1.408s] INFO:colcon.colcon_core.shell:Creating package script '/home/w/work/moveit2_handeye_calib/install/arm620_dh_config/share/arm620_dh_config/package.zsh'
[1.409s] Level 1:colcon.colcon_core.environment:create_file_with_runtime_dependencies(/home/w/work/moveit2_handeye_calib/install/arm620_dh_config/share/colcon-core/packages/arm620_dh_config)
[1.409s] Level 1:colcon.colcon_core.environment:create_environment_scripts_only(arm620_dh_config)
[1.409s] Level 1:colcon.colcon_core.environment:checking '/home/w/work/moveit2_handeye_calib/install/arm620_dh_config' for CMake module files
[1.409s] Level 1:colcon.colcon_core.environment:checking '/home/w/work/moveit2_handeye_calib/install/arm620_dh_config' for CMake config files
[1.410s] Level 1:colcon.colcon_core.shell:create_environment_hook('arm620_dh_config', 'cmake_prefix_path')
[1.410s] INFO:colcon.colcon_core.shell:Creating environment hook '/home/w/work/moveit2_handeye_calib/install/arm620_dh_config/share/arm620_dh_config/hook/cmake_prefix_path.ps1'
[1.410s] INFO:colcon.colcon_core.shell:Creating environment descriptor '/home/w/work/moveit2_handeye_calib/install/arm620_dh_config/share/arm620_dh_config/hook/cmake_prefix_path.dsv'
[1.410s] INFO:colcon.colcon_core.shell:Creating environment hook '/home/w/work/moveit2_handeye_calib/install/arm620_dh_config/share/arm620_dh_config/hook/cmake_prefix_path.sh'
[1.410s] Level 1:colcon.colcon_core.environment:checking '/home/w/work/moveit2_handeye_calib/install/arm620_dh_config/bin'
[1.410s] Level 1:colcon.colcon_core.environment:checking '/home/w/work/moveit2_handeye_calib/install/arm620_dh_config/lib/pkgconfig/arm620_dh_config.pc'
[1.411s] Level 1:colcon.colcon_core.environment:checking '/home/w/work/moveit2_handeye_calib/install/arm620_dh_config/lib/python3.10/site-packages'
[1.411s] Level 1:colcon.colcon_core.environment:checking '/home/w/work/moveit2_handeye_calib/install/arm620_dh_config/bin'
[1.411s] INFO:colcon.colcon_core.shell:Creating package script '/home/w/work/moveit2_handeye_calib/install/arm620_dh_config/share/arm620_dh_config/package.ps1'
[1.411s] INFO:colcon.colcon_core.shell:Creating package descriptor '/home/w/work/moveit2_handeye_calib/install/arm620_dh_config/share/arm620_dh_config/package.dsv'
[1.411s] INFO:colcon.colcon_core.shell:Creating package script '/home/w/work/moveit2_handeye_calib/install/arm620_dh_config/share/arm620_dh_config/package.sh'
[1.412s] INFO:colcon.colcon_core.shell:Creating package script '/home/w/work/moveit2_handeye_calib/install/arm620_dh_config/share/arm620_dh_config/package.bash'
[1.412s] INFO:colcon.colcon_core.shell:Creating package script '/home/w/work/moveit2_handeye_calib/install/arm620_dh_config/share/arm620_dh_config/package.zsh'
[1.412s] Level 1:colcon.colcon_core.environment:create_file_with_runtime_dependencies(/home/w/work/moveit2_handeye_calib/install/arm620_dh_config/share/colcon-core/packages/arm620_dh_config)
[1.674s] DEBUG:colcon.colcon_core.event_handler.log_command:Invoked command in '/home/w/work/moveit2_handeye_calib/build/ros2_socketcan_msgs' returned '0': CMAKE_PREFIX_PATH=${CMAKE_PREFIX_PATH}:/opt/ros/humble /usr/bin/cmake /home/w/work/moveit2_handeye_calib/TG620/ros2_socketcan/ros2_socketcan_msgs -DCMAKE_INSTALL_PREFIX=/home/w/work/moveit2_handeye_calib/install/ros2_socketcan_msgs
[1.676s] DEBUG:colcon.colcon_core.event_handler.log_command:Invoking command in '/home/w/work/moveit2_handeye_calib/build/ros2_socketcan_msgs': CMAKE_PREFIX_PATH=${CMAKE_PREFIX_PATH}:/opt/ros/humble /usr/bin/cmake --build /home/w/work/moveit2_handeye_calib/build/ros2_socketcan_msgs -- -j28 -l28
[1.767s] DEBUG:colcon.colcon_core.event_handler.log_command:Invoked command in '/home/w/work/moveit2_handeye_calib/build/robot_virtual_fence' returned '0': CMAKE_PREFIX_PATH=${CMAKE_PREFIX_PATH}:/opt/ros/humble /usr/bin/cmake /home/w/work/moveit2_handeye_calib/TG620/robot_virtual_fence -DCMAKE_INSTALL_PREFIX=/home/w/work/moveit2_handeye_calib/install/robot_virtual_fence
[1.769s] DEBUG:colcon.colcon_core.event_handler.log_command:Invoking command in '/home/w/work/moveit2_handeye_calib/build/robot_virtual_fence': CMAKE_PREFIX_PATH=${CMAKE_PREFIX_PATH}:/opt/ros/humble /usr/bin/cmake --build /home/w/work/moveit2_handeye_calib/build/robot_virtual_fence -- -j28 -l28
[2.570s] DEBUG:colcon.colcon_core.event_handler.log_command:Invoked command in '/home/w/work/moveit2_handeye_calib/build/robot_interfaces' returned '0': CMAKE_PREFIX_PATH=${CMAKE_PREFIX_PATH}:/opt/ros/humble /usr/bin/cmake /home/w/work/moveit2_handeye_calib/TG620/robot_interfaces -DCMAKE_INSTALL_PREFIX=/home/w/work/moveit2_handeye_calib/install/robot_interfaces
[2.571s] DEBUG:colcon.colcon_core.event_handler.log_command:Invoking command in '/home/w/work/moveit2_handeye_calib/build/robot_interfaces': CMAKE_PREFIX_PATH=${CMAKE_PREFIX_PATH}:/opt/ros/humble /usr/bin/cmake --build /home/w/work/moveit2_handeye_calib/build/robot_interfaces -- -j28 -l28
[3.088s] DEBUG:colcon.colcon_core.event_handler.log_command:Invoked command in '/home/w/work/moveit2_handeye_calib/build/ros2_socketcan_msgs' returned '0': CMAKE_PREFIX_PATH=${CMAKE_PREFIX_PATH}:/opt/ros/humble /usr/bin/cmake --build /home/w/work/moveit2_handeye_calib/build/ros2_socketcan_msgs -- -j28 -l28
[3.090s] DEBUG:colcon.colcon_core.event_handler.log_command:Invoking command in '/home/w/work/moveit2_handeye_calib/build/ros2_socketcan_msgs': CMAKE_PREFIX_PATH=${CMAKE_PREFIX_PATH}:/opt/ros/humble /usr/bin/cmake --install /home/w/work/moveit2_handeye_calib/build/ros2_socketcan_msgs
[3.142s] Level 1:colcon.colcon_core.environment:create_environment_scripts_only(ros2_socketcan_msgs)
[3.142s] DEBUG:colcon.colcon_core.event_handler.log_command:Invoked command in '/home/w/work/moveit2_handeye_calib/build/ros2_socketcan_msgs' returned '0': CMAKE_PREFIX_PATH=${CMAKE_PREFIX_PATH}:/opt/ros/humble /usr/bin/cmake --install /home/w/work/moveit2_handeye_calib/build/ros2_socketcan_msgs
[3.142s] Level 1:colcon.colcon_core.environment:checking '/home/w/work/moveit2_handeye_calib/install/ros2_socketcan_msgs' for CMake module files
[3.143s] Level 1:colcon.colcon_core.environment:checking '/home/w/work/moveit2_handeye_calib/install/ros2_socketcan_msgs' for CMake config files
[3.143s] Level 1:colcon.colcon_core.shell:create_environment_hook('ros2_socketcan_msgs', 'cmake_prefix_path')
[3.143s] INFO:colcon.colcon_core.shell:Creating environment hook '/home/w/work/moveit2_handeye_calib/install/ros2_socketcan_msgs/share/ros2_socketcan_msgs/hook/cmake_prefix_path.ps1'
[3.144s] INFO:colcon.colcon_core.shell:Creating environment descriptor '/home/w/work/moveit2_handeye_calib/install/ros2_socketcan_msgs/share/ros2_socketcan_msgs/hook/cmake_prefix_path.dsv'
[3.144s] INFO:colcon.colcon_core.shell:Creating environment hook '/home/w/work/moveit2_handeye_calib/install/ros2_socketcan_msgs/share/ros2_socketcan_msgs/hook/cmake_prefix_path.sh'
[3.144s] Level 1:colcon.colcon_core.environment:checking '/home/w/work/moveit2_handeye_calib/install/ros2_socketcan_msgs/lib'
[3.144s] Level 1:colcon.colcon_core.shell:create_environment_hook('ros2_socketcan_msgs', 'ld_library_path_lib')
[3.145s] INFO:colcon.colcon_core.shell:Creating environment hook '/home/w/work/moveit2_handeye_calib/install/ros2_socketcan_msgs/share/ros2_socketcan_msgs/hook/ld_library_path_lib.ps1'
[3.145s] INFO:colcon.colcon_core.shell:Creating environment descriptor '/home/w/work/moveit2_handeye_calib/install/ros2_socketcan_msgs/share/ros2_socketcan_msgs/hook/ld_library_path_lib.dsv'
[3.145s] INFO:colcon.colcon_core.shell:Creating environment hook '/home/w/work/moveit2_handeye_calib/install/ros2_socketcan_msgs/share/ros2_socketcan_msgs/hook/ld_library_path_lib.sh'
[3.145s] Level 1:colcon.colcon_core.environment:checking '/home/w/work/moveit2_handeye_calib/install/ros2_socketcan_msgs/bin'
[3.145s] Level 1:colcon.colcon_core.environment:checking '/home/w/work/moveit2_handeye_calib/install/ros2_socketcan_msgs/lib/pkgconfig/ros2_socketcan_msgs.pc'
[3.146s] Level 1:colcon.colcon_core.environment:checking '/home/w/work/moveit2_handeye_calib/install/ros2_socketcan_msgs/lib/python3.10/site-packages'
[3.146s] Level 1:colcon.colcon_core.environment:checking '/home/w/work/moveit2_handeye_calib/install/ros2_socketcan_msgs/bin'
[3.146s] INFO:colcon.colcon_core.shell:Creating package script '/home/w/work/moveit2_handeye_calib/install/ros2_socketcan_msgs/share/ros2_socketcan_msgs/package.ps1'
[3.147s] INFO:colcon.colcon_core.shell:Creating package descriptor '/home/w/work/moveit2_handeye_calib/install/ros2_socketcan_msgs/share/ros2_socketcan_msgs/package.dsv'
[3.147s] INFO:colcon.colcon_core.shell:Creating package script '/home/w/work/moveit2_handeye_calib/install/ros2_socketcan_msgs/share/ros2_socketcan_msgs/package.sh'
[3.147s] INFO:colcon.colcon_core.shell:Creating package script '/home/w/work/moveit2_handeye_calib/install/ros2_socketcan_msgs/share/ros2_socketcan_msgs/package.bash'
[3.148s] INFO:colcon.colcon_core.shell:Creating package script '/home/w/work/moveit2_handeye_calib/install/ros2_socketcan_msgs/share/ros2_socketcan_msgs/package.zsh'
[3.148s] Level 1:colcon.colcon_core.environment:create_file_with_runtime_dependencies(/home/w/work/moveit2_handeye_calib/install/ros2_socketcan_msgs/share/colcon-core/packages/ros2_socketcan_msgs)
[3.149s] Level 1:colcon.colcon_core.environment:create_environment_scripts_only(ros2_socketcan_msgs)
[3.149s] Level 1:colcon.colcon_core.environment:checking '/home/w/work/moveit2_handeye_calib/install/ros2_socketcan_msgs' for CMake module files
[3.149s] Level 1:colcon.colcon_core.environment:checking '/home/w/work/moveit2_handeye_calib/install/ros2_socketcan_msgs' for CMake config files
[3.149s] Level 1:colcon.colcon_core.shell:create_environment_hook('ros2_socketcan_msgs', 'cmake_prefix_path')
[3.150s] INFO:colcon.colcon_core.shell:Creating environment hook '/home/w/work/moveit2_handeye_calib/install/ros2_socketcan_msgs/share/ros2_socketcan_msgs/hook/cmake_prefix_path.ps1'
[3.150s] INFO:colcon.colcon_core.shell:Creating environment descriptor '/home/w/work/moveit2_handeye_calib/install/ros2_socketcan_msgs/share/ros2_socketcan_msgs/hook/cmake_prefix_path.dsv'
[3.150s] INFO:colcon.colcon_core.shell:Creating environment hook '/home/w/work/moveit2_handeye_calib/install/ros2_socketcan_msgs/share/ros2_socketcan_msgs/hook/cmake_prefix_path.sh'
[3.151s] Level 1:colcon.colcon_core.environment:checking '/home/w/work/moveit2_handeye_calib/install/ros2_socketcan_msgs/lib'
[3.151s] Level 1:colcon.colcon_core.shell:create_environment_hook('ros2_socketcan_msgs', 'ld_library_path_lib')
[3.151s] INFO:colcon.colcon_core.shell:Creating environment hook '/home/w/work/moveit2_handeye_calib/install/ros2_socketcan_msgs/share/ros2_socketcan_msgs/hook/ld_library_path_lib.ps1'
[3.151s] INFO:colcon.colcon_core.shell:Creating environment descriptor '/home/w/work/moveit2_handeye_calib/install/ros2_socketcan_msgs/share/ros2_socketcan_msgs/hook/ld_library_path_lib.dsv'
[3.151s] INFO:colcon.colcon_core.shell:Creating environment hook '/home/w/work/moveit2_handeye_calib/install/ros2_socketcan_msgs/share/ros2_socketcan_msgs/hook/ld_library_path_lib.sh'
[3.152s] Level 1:colcon.colcon_core.environment:checking '/home/w/work/moveit2_handeye_calib/install/ros2_socketcan_msgs/bin'
[3.152s] Level 1:colcon.colcon_core.environment:checking '/home/w/work/moveit2_handeye_calib/install/ros2_socketcan_msgs/lib/pkgconfig/ros2_socketcan_msgs.pc'
[3.152s] Level 1:colcon.colcon_core.environment:checking '/home/w/work/moveit2_handeye_calib/install/ros2_socketcan_msgs/lib/python3.10/site-packages'
[3.152s] Level 1:colcon.colcon_core.environment:checking '/home/w/work/moveit2_handeye_calib/install/ros2_socketcan_msgs/bin'
[3.152s] INFO:colcon.colcon_core.shell:Creating package script '/home/w/work/moveit2_handeye_calib/install/ros2_socketcan_msgs/share/ros2_socketcan_msgs/package.ps1'
[3.153s] INFO:colcon.colcon_core.shell:Creating package descriptor '/home/w/work/moveit2_handeye_calib/install/ros2_socketcan_msgs/share/ros2_socketcan_msgs/package.dsv'
[3.153s] INFO:colcon.colcon_core.shell:Creating package script '/home/w/work/moveit2_handeye_calib/install/ros2_socketcan_msgs/share/ros2_socketcan_msgs/package.sh'
[3.153s] INFO:colcon.colcon_core.shell:Creating package script '/home/w/work/moveit2_handeye_calib/install/ros2_socketcan_msgs/share/ros2_socketcan_msgs/package.bash'
[3.154s] INFO:colcon.colcon_core.shell:Creating package script '/home/w/work/moveit2_handeye_calib/install/ros2_socketcan_msgs/share/ros2_socketcan_msgs/package.zsh'
[3.154s] Level 1:colcon.colcon_core.environment:create_file_with_runtime_dependencies(/home/w/work/moveit2_handeye_calib/install/ros2_socketcan_msgs/share/colcon-core/packages/ros2_socketcan_msgs)
[3.154s] INFO:colcon.colcon_ros.task.ament_cmake.build:Building ROS package in '/home/w/work/moveit2_handeye_calib/TG620/ros2_socketcan/ros2_socketcan' with build type 'ament_cmake'
[3.155s] INFO:colcon.colcon_cmake.task.cmake.build:Building CMake package in '/home/w/work/moveit2_handeye_calib/TG620/ros2_socketcan/ros2_socketcan'
[3.155s] INFO:colcon.colcon_core.shell:Skip shell extension 'powershell' for command environment: Not usable outside of PowerShell
[3.155s] DEBUG:colcon.colcon_core.shell:Skip shell extension 'dsv' for command environment
[3.163s] DEBUG:colcon.colcon_core.event_handler.log_command:Invoking command in '/home/w/work/moveit2_handeye_calib/build/ros2_socketcan': AMENT_PREFIX_PATH=/home/w/work/moveit2_handeye_calib/install/ros2_socketcan_msgs:${AMENT_PREFIX_PATH} CMAKE_PREFIX_PATH=/home/w/work/moveit2_handeye_calib/install/ros2_socketcan_msgs:/home/w/work/trac_ik_ws/install/trac_ik:/home/w/work/trac_ik_ws/install/trac_ik_examples:/home/w/work/trac_ik_ws/install/trac_ik_lib:/opt/ros/humble LD_LIBRARY_PATH=/home/w/work/moveit2_handeye_calib/install/ros2_socketcan_msgs/lib:${LD_LIBRARY_PATH} PYTHONPATH=/home/w/work/moveit2_handeye_calib/install/ros2_socketcan_msgs/local/lib/python3.10/dist-packages:${PYTHONPATH} /usr/bin/cmake /home/w/work/moveit2_handeye_calib/TG620/ros2_socketcan/ros2_socketcan -DCMAKE_INSTALL_PREFIX=/home/w/work/moveit2_handeye_calib/install/ros2_socketcan
[4.327s] DEBUG:colcon.colcon_core.event_handler.log_command:Invoked command in '/home/w/work/moveit2_handeye_calib/build/ros2_socketcan' returned '0': AMENT_PREFIX_PATH=/home/w/work/moveit2_handeye_calib/install/ros2_socketcan_msgs:${AMENT_PREFIX_PATH} CMAKE_PREFIX_PATH=/home/w/work/moveit2_handeye_calib/install/ros2_socketcan_msgs:/home/w/work/trac_ik_ws/install/trac_ik:/home/w/work/trac_ik_ws/install/trac_ik_examples:/home/w/work/trac_ik_ws/install/trac_ik_lib:/opt/ros/humble LD_LIBRARY_PATH=/home/w/work/moveit2_handeye_calib/install/ros2_socketcan_msgs/lib:${LD_LIBRARY_PATH} PYTHONPATH=/home/w/work/moveit2_handeye_calib/install/ros2_socketcan_msgs/local/lib/python3.10/dist-packages:${PYTHONPATH} /usr/bin/cmake /home/w/work/moveit2_handeye_calib/TG620/ros2_socketcan/ros2_socketcan -DCMAKE_INSTALL_PREFIX=/home/w/work/moveit2_handeye_calib/install/ros2_socketcan
[4.329s] DEBUG:colcon.colcon_core.event_handler.log_command:Invoking command in '/home/w/work/moveit2_handeye_calib/build/ros2_socketcan': AMENT_PREFIX_PATH=/home/w/work/moveit2_handeye_calib/install/ros2_socketcan_msgs:${AMENT_PREFIX_PATH} CMAKE_PREFIX_PATH=/home/w/work/moveit2_handeye_calib/install/ros2_socketcan_msgs:/home/w/work/trac_ik_ws/install/trac_ik:/home/w/work/trac_ik_ws/install/trac_ik_examples:/home/w/work/trac_ik_ws/install/trac_ik_lib:/opt/ros/humble LD_LIBRARY_PATH=/home/w/work/moveit2_handeye_calib/install/ros2_socketcan_msgs/lib:${LD_LIBRARY_PATH} PYTHONPATH=/home/w/work/moveit2_handeye_calib/install/ros2_socketcan_msgs/local/lib/python3.10/dist-packages:${PYTHONPATH} /usr/bin/cmake --build /home/w/work/moveit2_handeye_calib/build/ros2_socketcan -- -j28 -l28
[8.619s] DEBUG:colcon.colcon_core.event_handler.log_command:Invoked command in '/home/w/work/moveit2_handeye_calib/build/robot_interfaces' returned '0': CMAKE_PREFIX_PATH=${CMAKE_PREFIX_PATH}:/opt/ros/humble /usr/bin/cmake --build /home/w/work/moveit2_handeye_calib/build/robot_interfaces -- -j28 -l28
[8.621s] DEBUG:colcon.colcon_core.event_handler.log_command:Invoking command in '/home/w/work/moveit2_handeye_calib/build/robot_interfaces': CMAKE_PREFIX_PATH=${CMAKE_PREFIX_PATH}:/opt/ros/humble /usr/bin/cmake --install /home/w/work/moveit2_handeye_calib/build/robot_interfaces
[8.707s] Level 1:colcon.colcon_core.environment:create_environment_scripts_only(robot_interfaces)
[8.707s] DEBUG:colcon.colcon_core.event_handler.log_command:Invoked command in '/home/w/work/moveit2_handeye_calib/build/robot_interfaces' returned '0': CMAKE_PREFIX_PATH=${CMAKE_PREFIX_PATH}:/opt/ros/humble /usr/bin/cmake --install /home/w/work/moveit2_handeye_calib/build/robot_interfaces
[8.708s] Level 1:colcon.colcon_core.environment:checking '/home/w/work/moveit2_handeye_calib/install/robot_interfaces' for CMake module files
[8.708s] Level 1:colcon.colcon_core.environment:checking '/home/w/work/moveit2_handeye_calib/install/robot_interfaces' for CMake config files
[8.709s] Level 1:colcon.colcon_core.shell:create_environment_hook('robot_interfaces', 'cmake_prefix_path')
[8.709s] INFO:colcon.colcon_core.shell:Creating environment hook '/home/w/work/moveit2_handeye_calib/install/robot_interfaces/share/robot_interfaces/hook/cmake_prefix_path.ps1'
[8.709s] INFO:colcon.colcon_core.shell:Creating environment descriptor '/home/w/work/moveit2_handeye_calib/install/robot_interfaces/share/robot_interfaces/hook/cmake_prefix_path.dsv'
[8.710s] INFO:colcon.colcon_core.shell:Creating environment hook '/home/w/work/moveit2_handeye_calib/install/robot_interfaces/share/robot_interfaces/hook/cmake_prefix_path.sh'
[8.710s] Level 1:colcon.colcon_core.environment:checking '/home/w/work/moveit2_handeye_calib/install/robot_interfaces/lib'
[8.711s] Level 1:colcon.colcon_core.shell:create_environment_hook('robot_interfaces', 'ld_library_path_lib')
[8.711s] INFO:colcon.colcon_core.shell:Creating environment hook '/home/w/work/moveit2_handeye_calib/install/robot_interfaces/share/robot_interfaces/hook/ld_library_path_lib.ps1'
[8.711s] INFO:colcon.colcon_core.shell:Creating environment descriptor '/home/w/work/moveit2_handeye_calib/install/robot_interfaces/share/robot_interfaces/hook/ld_library_path_lib.dsv'
[8.711s] INFO:colcon.colcon_core.shell:Creating environment hook '/home/w/work/moveit2_handeye_calib/install/robot_interfaces/share/robot_interfaces/hook/ld_library_path_lib.sh'
[8.712s] Level 1:colcon.colcon_core.environment:checking '/home/w/work/moveit2_handeye_calib/install/robot_interfaces/bin'
[8.712s] Level 1:colcon.colcon_core.environment:checking '/home/w/work/moveit2_handeye_calib/install/robot_interfaces/lib/pkgconfig/robot_interfaces.pc'
[8.712s] Level 1:colcon.colcon_core.environment:checking '/home/w/work/moveit2_handeye_calib/install/robot_interfaces/lib/python3.10/site-packages'
[8.712s] Level 1:colcon.colcon_core.environment:checking '/home/w/work/moveit2_handeye_calib/install/robot_interfaces/bin'
[8.712s] INFO:colcon.colcon_core.shell:Creating package script '/home/w/work/moveit2_handeye_calib/install/robot_interfaces/share/robot_interfaces/package.ps1'
[8.713s] INFO:colcon.colcon_core.shell:Creating package descriptor '/home/w/work/moveit2_handeye_calib/install/robot_interfaces/share/robot_interfaces/package.dsv'
[8.714s] INFO:colcon.colcon_core.shell:Creating package script '/home/w/work/moveit2_handeye_calib/install/robot_interfaces/share/robot_interfaces/package.sh'
[8.714s] INFO:colcon.colcon_core.shell:Creating package script '/home/w/work/moveit2_handeye_calib/install/robot_interfaces/share/robot_interfaces/package.bash'
[8.714s] INFO:colcon.colcon_core.shell:Creating package script '/home/w/work/moveit2_handeye_calib/install/robot_interfaces/share/robot_interfaces/package.zsh'
[8.715s] Level 1:colcon.colcon_core.environment:create_file_with_runtime_dependencies(/home/w/work/moveit2_handeye_calib/install/robot_interfaces/share/colcon-core/packages/robot_interfaces)
[8.715s] Level 1:colcon.colcon_core.environment:create_environment_scripts_only(robot_interfaces)
[8.716s] Level 1:colcon.colcon_core.environment:checking '/home/w/work/moveit2_handeye_calib/install/robot_interfaces' for CMake module files
[8.716s] Level 1:colcon.colcon_core.environment:checking '/home/w/work/moveit2_handeye_calib/install/robot_interfaces' for CMake config files
[8.717s] Level 1:colcon.colcon_core.shell:create_environment_hook('robot_interfaces', 'cmake_prefix_path')
[8.717s] INFO:colcon.colcon_core.shell:Creating environment hook '/home/w/work/moveit2_handeye_calib/install/robot_interfaces/share/robot_interfaces/hook/cmake_prefix_path.ps1'
[8.717s] INFO:colcon.colcon_core.shell:Creating environment descriptor '/home/w/work/moveit2_handeye_calib/install/robot_interfaces/share/robot_interfaces/hook/cmake_prefix_path.dsv'
[8.717s] INFO:colcon.colcon_core.shell:Creating environment hook '/home/w/work/moveit2_handeye_calib/install/robot_interfaces/share/robot_interfaces/hook/cmake_prefix_path.sh'
[8.718s] Level 1:colcon.colcon_core.environment:checking '/home/w/work/moveit2_handeye_calib/install/robot_interfaces/lib'
[8.718s] Level 1:colcon.colcon_core.shell:create_environment_hook('robot_interfaces', 'ld_library_path_lib')
[8.718s] INFO:colcon.colcon_core.shell:Creating environment hook '/home/w/work/moveit2_handeye_calib/install/robot_interfaces/share/robot_interfaces/hook/ld_library_path_lib.ps1'
[8.718s] INFO:colcon.colcon_core.shell:Creating environment descriptor '/home/w/work/moveit2_handeye_calib/install/robot_interfaces/share/robot_interfaces/hook/ld_library_path_lib.dsv'
[8.719s] INFO:colcon.colcon_core.shell:Creating environment hook '/home/w/work/moveit2_handeye_calib/install/robot_interfaces/share/robot_interfaces/hook/ld_library_path_lib.sh'
[8.719s] Level 1:colcon.colcon_core.environment:checking '/home/w/work/moveit2_handeye_calib/install/robot_interfaces/bin'
[8.719s] Level 1:colcon.colcon_core.environment:checking '/home/w/work/moveit2_handeye_calib/install/robot_interfaces/lib/pkgconfig/robot_interfaces.pc'
[8.719s] Level 1:colcon.colcon_core.environment:checking '/home/w/work/moveit2_handeye_calib/install/robot_interfaces/lib/python3.10/site-packages'
[8.719s] Level 1:colcon.colcon_core.environment:checking '/home/w/work/moveit2_handeye_calib/install/robot_interfaces/bin'
[8.720s] INFO:colcon.colcon_core.shell:Creating package script '/home/w/work/moveit2_handeye_calib/install/robot_interfaces/share/robot_interfaces/package.ps1'
[8.720s] INFO:colcon.colcon_core.shell:Creating package descriptor '/home/w/work/moveit2_handeye_calib/install/robot_interfaces/share/robot_interfaces/package.dsv'
[8.721s] INFO:colcon.colcon_core.shell:Creating package script '/home/w/work/moveit2_handeye_calib/install/robot_interfaces/share/robot_interfaces/package.sh'
[8.721s] INFO:colcon.colcon_core.shell:Creating package script '/home/w/work/moveit2_handeye_calib/install/robot_interfaces/share/robot_interfaces/package.bash'
[8.722s] INFO:colcon.colcon_core.shell:Creating package script '/home/w/work/moveit2_handeye_calib/install/robot_interfaces/share/robot_interfaces/package.zsh'
[8.722s] Level 1:colcon.colcon_core.environment:create_file_with_runtime_dependencies(/home/w/work/moveit2_handeye_calib/install/robot_interfaces/share/colcon-core/packages/robot_interfaces)
[8.722s] INFO:colcon.colcon_ros.task.ament_cmake.build:Building ROS package in '/home/w/work/moveit2_handeye_calib/TG620/motor_control_logger' with build type 'ament_cmake'
[8.723s] INFO:colcon.colcon_cmake.task.cmake.build:Building CMake package in '/home/w/work/moveit2_handeye_calib/TG620/motor_control_logger'
[8.723s] INFO:colcon.colcon_core.shell:Skip shell extension 'powershell' for command environment: Not usable outside of PowerShell
[8.723s] DEBUG:colcon.colcon_core.shell:Skip shell extension 'dsv' for command environment
[8.727s] INFO:colcon.colcon_ros.task.ament_cmake.build:Building ROS package in '/home/w/work/moveit2_handeye_calib/TG620/robot_control' with build type 'ament_cmake'
[8.727s] INFO:colcon.colcon_cmake.task.cmake.build:Building CMake package in '/home/w/work/moveit2_handeye_calib/TG620/robot_control'
[8.727s] INFO:colcon.colcon_core.shell:Skip shell extension 'powershell' for command environment: Not usable outside of PowerShell
[8.727s] DEBUG:colcon.colcon_core.shell:Skip shell extension 'dsv' for command environment
[8.730s] INFO:colcon.colcon_ros.task.ament_python.build:Building ROS package in '/home/w/work/moveit2_handeye_calib/TG620/robot_input' with build type 'ament_python'
[8.730s] Level 1:colcon.colcon_core.shell:create_environment_hook('robot_input', 'ament_prefix_path')
[8.730s] INFO:colcon.colcon_core.shell:Creating environment hook '/home/w/work/moveit2_handeye_calib/install/robot_input/share/robot_input/hook/ament_prefix_path.ps1'
[8.731s] INFO:colcon.colcon_core.shell:Creating environment descriptor '/home/w/work/moveit2_handeye_calib/install/robot_input/share/robot_input/hook/ament_prefix_path.dsv'
[8.731s] INFO:colcon.colcon_core.shell:Creating environment hook '/home/w/work/moveit2_handeye_calib/install/robot_input/share/robot_input/hook/ament_prefix_path.sh'
[8.731s] INFO:colcon.colcon_core.shell:Skip shell extension 'powershell' for command environment: Not usable outside of PowerShell
[8.731s] DEBUG:colcon.colcon_core.shell:Skip shell extension 'dsv' for command environment
[8.734s] INFO:colcon.colcon_ros.task.ament_cmake.build:Building ROS package in '/home/w/work/moveit2_handeye_calib/TG620/robot_sdk' with build type 'ament_cmake'
[8.734s] INFO:colcon.colcon_cmake.task.cmake.build:Building CMake package in '/home/w/work/moveit2_handeye_calib/TG620/robot_sdk'
[8.734s] INFO:colcon.colcon_core.shell:Skip shell extension 'powershell' for command environment: Not usable outside of PowerShell
[8.735s] DEBUG:colcon.colcon_core.shell:Skip shell extension 'dsv' for command environment
[8.738s] INFO:colcon.colcon_ros.task.ament_python.build:Building ROS package in '/home/w/work/moveit2_handeye_calib/TG620/robot_test_py' with build type 'ament_python'
[8.738s] Level 1:colcon.colcon_core.shell:create_environment_hook('robot_test_py', 'ament_prefix_path')
[8.738s] INFO:colcon.colcon_core.shell:Creating environment hook '/home/w/work/moveit2_handeye_calib/install/robot_test_py/share/robot_test_py/hook/ament_prefix_path.ps1'
[8.739s] INFO:colcon.colcon_core.shell:Creating environment descriptor '/home/w/work/moveit2_handeye_calib/install/robot_test_py/share/robot_test_py/hook/ament_prefix_path.dsv'
[8.739s] INFO:colcon.colcon_core.shell:Creating environment hook '/home/w/work/moveit2_handeye_calib/install/robot_test_py/share/robot_test_py/hook/ament_prefix_path.sh'
[8.740s] INFO:colcon.colcon_core.shell:Skip shell extension 'powershell' for command environment: Not usable outside of PowerShell
[8.740s] DEBUG:colcon.colcon_core.shell:Skip shell extension 'dsv' for command environment
[8.746s] DEBUG:colcon.colcon_core.event_handler.log_command:Invoking command in '/home/w/work/moveit2_handeye_calib/build/motor_control_logger': AMENT_PREFIX_PATH=/home/w/work/moveit2_handeye_calib/install/robot_interfaces:${AMENT_PREFIX_PATH} CMAKE_PREFIX_PATH=/home/w/work/moveit2_handeye_calib/install/robot_interfaces:/home/w/work/trac_ik_ws/install/trac_ik:/home/w/work/trac_ik_ws/install/trac_ik_examples:/home/w/work/trac_ik_ws/install/trac_ik_lib:/opt/ros/humble LD_LIBRARY_PATH=/home/w/work/moveit2_handeye_calib/install/robot_interfaces/lib:${LD_LIBRARY_PATH} PYTHONPATH=/home/w/work/moveit2_handeye_calib/install/robot_interfaces/local/lib/python3.10/dist-packages:${PYTHONPATH} /usr/bin/cmake /home/w/work/moveit2_handeye_calib/TG620/motor_control_logger -DCMAKE_INSTALL_PREFIX=/home/w/work/moveit2_handeye_calib/install/motor_control_logger
[8.748s] DEBUG:colcon.colcon_core.event_handler.log_command:Invoking command in '/home/w/work/moveit2_handeye_calib/build/robot_control': AMENT_PREFIX_PATH=/home/w/work/moveit2_handeye_calib/install/robot_interfaces:${AMENT_PREFIX_PATH} CMAKE_PREFIX_PATH=/home/w/work/moveit2_handeye_calib/install/robot_interfaces:/home/w/work/trac_ik_ws/install/trac_ik:/home/w/work/trac_ik_ws/install/trac_ik_examples:/home/w/work/trac_ik_ws/install/trac_ik_lib:/opt/ros/humble LD_LIBRARY_PATH=/home/w/work/moveit2_handeye_calib/install/robot_interfaces/lib:${LD_LIBRARY_PATH} PYTHONPATH=/home/w/work/moveit2_handeye_calib/install/robot_interfaces/local/lib/python3.10/dist-packages:${PYTHONPATH} /usr/bin/cmake /home/w/work/moveit2_handeye_calib/TG620/robot_control -DCMAKE_INSTALL_PREFIX=/home/w/work/moveit2_handeye_calib/install/robot_control
[8.927s] INFO:colcon.colcon_core.task.python.build:Building Python package in '/home/w/work/moveit2_handeye_calib/TG620/robot_input'
[8.928s] INFO:colcon.colcon_core.shell:Skip shell extension 'powershell' for command environment: Not usable outside of PowerShell
[8.928s] DEBUG:colcon.colcon_core.shell:Skip shell extension 'dsv' for command environment
[8.934s] DEBUG:colcon.colcon_core.event_handler.log_command:Invoking command in '/home/w/work/moveit2_handeye_calib/build/robot_sdk': AMENT_PREFIX_PATH=/home/w/work/moveit2_handeye_calib/install/robot_interfaces:${AMENT_PREFIX_PATH} CMAKE_PREFIX_PATH=/home/w/work/moveit2_handeye_calib/install/robot_interfaces:/home/w/work/trac_ik_ws/install/trac_ik:/home/w/work/trac_ik_ws/install/trac_ik_examples:/home/w/work/trac_ik_ws/install/trac_ik_lib:/opt/ros/humble LD_LIBRARY_PATH=/home/w/work/moveit2_handeye_calib/install/robot_interfaces/lib:${LD_LIBRARY_PATH} PYTHONPATH=/home/w/work/moveit2_handeye_calib/install/robot_interfaces/local/lib/python3.10/dist-packages:${PYTHONPATH} /usr/bin/cmake /home/w/work/moveit2_handeye_calib/TG620/robot_sdk -DCMAKE_INSTALL_PREFIX=/home/w/work/moveit2_handeye_calib/install/robot_sdk
[9.130s] INFO:colcon.colcon_core.task.python.build:Building Python package in '/home/w/work/moveit2_handeye_calib/TG620/robot_test_py'
[9.130s] INFO:colcon.colcon_core.shell:Skip shell extension 'powershell' for command environment: Not usable outside of PowerShell
[9.130s] DEBUG:colcon.colcon_core.shell:Skip shell extension 'dsv' for command environment
[9.396s] DEBUG:colcon.colcon_core.event_handler.log_command:Invoking command in '/home/w/work/moveit2_handeye_calib/TG620/robot_test_py': AMENT_PREFIX_PATH=/home/w/work/moveit2_handeye_calib/install/robot_interfaces:${AMENT_PREFIX_PATH} CMAKE_PREFIX_PATH=/home/w/work/moveit2_handeye_calib/install/robot_interfaces:${CMAKE_PREFIX_PATH} LD_LIBRARY_PATH=/home/w/work/moveit2_handeye_calib/install/robot_interfaces/lib:${LD_LIBRARY_PATH} PYTHONPATH=/home/w/work/moveit2_handeye_calib/build/robot_test_py/prefix_override:/usr/lib/python3/dist-packages/colcon_core/task/python/colcon_distutils_commands:/home/w/work/moveit2_handeye_calib/install/robot_test_py/lib/python3.10/site-packages:/home/w/work/moveit2_handeye_calib/install/robot_interfaces/local/lib/python3.10/dist-packages:${PYTHONPATH} /usr/bin/python3 -W ignore:setup.py install is deprecated -W ignore:easy_install command is deprecated setup.py egg_info --egg-base ../../build/robot_test_py build --build-base /home/w/work/moveit2_handeye_calib/build/robot_test_py/build install --record /home/w/work/moveit2_handeye_calib/build/robot_test_py/install.log --single-version-externally-managed install_data
[9.405s] DEBUG:colcon.colcon_core.event_handler.log_command:Invoking command in '/home/w/work/moveit2_handeye_calib/TG620/robot_input': AMENT_PREFIX_PATH=/home/w/work/moveit2_handeye_calib/install/robot_interfaces:${AMENT_PREFIX_PATH} CMAKE_PREFIX_PATH=/home/w/work/moveit2_handeye_calib/install/robot_interfaces:${CMAKE_PREFIX_PATH} LD_LIBRARY_PATH=/home/w/work/moveit2_handeye_calib/install/robot_interfaces/lib:${LD_LIBRARY_PATH} PYTHONPATH=/home/w/work/moveit2_handeye_calib/build/robot_input/prefix_override:/usr/lib/python3/dist-packages/colcon_core/task/python/colcon_distutils_commands:/home/w/work/moveit2_handeye_calib/install/robot_input/lib/python3.10/site-packages:/home/w/work/moveit2_handeye_calib/install/robot_interfaces/local/lib/python3.10/dist-packages:${PYTHONPATH} /usr/bin/python3 -W ignore:setup.py install is deprecated -W ignore:easy_install command is deprecated setup.py egg_info --egg-base ../../build/robot_input build --build-base /home/w/work/moveit2_handeye_calib/build/robot_input/build install --record /home/w/work/moveit2_handeye_calib/build/robot_input/install.log --single-version-externally-managed install_data
[9.585s] Level 1:colcon.colcon_core.environment:checking '/home/w/work/moveit2_handeye_calib/install/robot_test_py' for CMake module files
[9.586s] DEBUG:colcon.colcon_core.event_handler.log_command:Invoked command in '/home/w/work/moveit2_handeye_calib/TG620/robot_test_py' returned '0': AMENT_PREFIX_PATH=/home/w/work/moveit2_handeye_calib/install/robot_interfaces:${AMENT_PREFIX_PATH} CMAKE_PREFIX_PATH=/home/w/work/moveit2_handeye_calib/install/robot_interfaces:${CMAKE_PREFIX_PATH} LD_LIBRARY_PATH=/home/w/work/moveit2_handeye_calib/install/robot_interfaces/lib:${LD_LIBRARY_PATH} PYTHONPATH=/home/w/work/moveit2_handeye_calib/build/robot_test_py/prefix_override:/usr/lib/python3/dist-packages/colcon_core/task/python/colcon_distutils_commands:/home/w/work/moveit2_handeye_calib/install/robot_test_py/lib/python3.10/site-packages:/home/w/work/moveit2_handeye_calib/install/robot_interfaces/local/lib/python3.10/dist-packages:${PYTHONPATH} /usr/bin/python3 -W ignore:setup.py install is deprecated -W ignore:easy_install command is deprecated setup.py egg_info --egg-base ../../build/robot_test_py build --build-base /home/w/work/moveit2_handeye_calib/build/robot_test_py/build install --record /home/w/work/moveit2_handeye_calib/build/robot_test_py/install.log --single-version-externally-managed install_data
[9.587s] Level 1:colcon.colcon_core.environment:checking '/home/w/work/moveit2_handeye_calib/install/robot_test_py' for CMake config files
[9.587s] Level 1:colcon.colcon_core.environment:checking '/home/w/work/moveit2_handeye_calib/install/robot_test_py/lib'
[9.587s] Level 1:colcon.colcon_core.environment:checking '/home/w/work/moveit2_handeye_calib/install/robot_test_py/bin'
[9.587s] Level 1:colcon.colcon_core.environment:checking '/home/w/work/moveit2_handeye_calib/install/robot_test_py/lib/pkgconfig/robot_test_py.pc'
[9.587s] Level 1:colcon.colcon_core.environment:checking '/home/w/work/moveit2_handeye_calib/install/robot_test_py/lib/python3.10/site-packages'
[9.587s] Level 1:colcon.colcon_core.shell:create_environment_hook('robot_test_py', 'pythonpath')
[9.588s] INFO:colcon.colcon_core.shell:Creating environment hook '/home/w/work/moveit2_handeye_calib/install/robot_test_py/share/robot_test_py/hook/pythonpath.ps1'
[9.588s] INFO:colcon.colcon_core.shell:Creating environment descriptor '/home/w/work/moveit2_handeye_calib/install/robot_test_py/share/robot_test_py/hook/pythonpath.dsv'
[9.588s] INFO:colcon.colcon_core.shell:Creating environment hook '/home/w/work/moveit2_handeye_calib/install/robot_test_py/share/robot_test_py/hook/pythonpath.sh'
[9.589s] Level 1:colcon.colcon_core.environment:checking '/home/w/work/moveit2_handeye_calib/install/robot_test_py/bin'
[9.589s] Level 1:colcon.colcon_core.environment:create_environment_scripts_only(robot_test_py)
[9.589s] INFO:colcon.colcon_core.shell:Creating package script '/home/w/work/moveit2_handeye_calib/install/robot_test_py/share/robot_test_py/package.ps1'
[9.590s] INFO:colcon.colcon_core.shell:Creating package descriptor '/home/w/work/moveit2_handeye_calib/install/robot_test_py/share/robot_test_py/package.dsv'
[9.590s] INFO:colcon.colcon_core.shell:Creating package script '/home/w/work/moveit2_handeye_calib/install/robot_test_py/share/robot_test_py/package.sh'
[9.590s] INFO:colcon.colcon_core.shell:Creating package script '/home/w/work/moveit2_handeye_calib/install/robot_test_py/share/robot_test_py/package.bash'
[9.591s] INFO:colcon.colcon_core.shell:Creating package script '/home/w/work/moveit2_handeye_calib/install/robot_test_py/share/robot_test_py/package.zsh'
[9.591s] Level 1:colcon.colcon_core.environment:create_file_with_runtime_dependencies(/home/w/work/moveit2_handeye_calib/install/robot_test_py/share/colcon-core/packages/robot_test_py)
[9.602s] Level 1:colcon.colcon_core.environment:checking '/home/w/work/moveit2_handeye_calib/install/robot_input' for CMake module files
[9.602s] DEBUG:colcon.colcon_core.event_handler.log_command:Invoked command in '/home/w/work/moveit2_handeye_calib/TG620/robot_input' returned '0': AMENT_PREFIX_PATH=/home/w/work/moveit2_handeye_calib/install/robot_interfaces:${AMENT_PREFIX_PATH} CMAKE_PREFIX_PATH=/home/w/work/moveit2_handeye_calib/install/robot_interfaces:${CMAKE_PREFIX_PATH} LD_LIBRARY_PATH=/home/w/work/moveit2_handeye_calib/install/robot_interfaces/lib:${LD_LIBRARY_PATH} PYTHONPATH=/home/w/work/moveit2_handeye_calib/build/robot_input/prefix_override:/usr/lib/python3/dist-packages/colcon_core/task/python/colcon_distutils_commands:/home/w/work/moveit2_handeye_calib/install/robot_input/lib/python3.10/site-packages:/home/w/work/moveit2_handeye_calib/install/robot_interfaces/local/lib/python3.10/dist-packages:${PYTHONPATH} /usr/bin/python3 -W ignore:setup.py install is deprecated -W ignore:easy_install command is deprecated setup.py egg_info --egg-base ../../build/robot_input build --build-base /home/w/work/moveit2_handeye_calib/build/robot_input/build install --record /home/w/work/moveit2_handeye_calib/build/robot_input/install.log --single-version-externally-managed install_data
[9.602s] Level 1:colcon.colcon_core.environment:checking '/home/w/work/moveit2_handeye_calib/install/robot_input' for CMake config files
[9.603s] Level 1:colcon.colcon_core.environment:checking '/home/w/work/moveit2_handeye_calib/install/robot_input/lib'
[9.603s] Level 1:colcon.colcon_core.environment:checking '/home/w/work/moveit2_handeye_calib/install/robot_input/bin'
[9.603s] Level 1:colcon.colcon_core.environment:checking '/home/w/work/moveit2_handeye_calib/install/robot_input/lib/pkgconfig/robot_input.pc'
[9.603s] Level 1:colcon.colcon_core.environment:checking '/home/w/work/moveit2_handeye_calib/install/robot_input/lib/python3.10/site-packages'
[9.603s] Level 1:colcon.colcon_core.shell:create_environment_hook('robot_input', 'pythonpath')
[9.603s] INFO:colcon.colcon_core.shell:Creating environment hook '/home/w/work/moveit2_handeye_calib/install/robot_input/share/robot_input/hook/pythonpath.ps1'
[9.604s] INFO:colcon.colcon_core.shell:Creating environment descriptor '/home/w/work/moveit2_handeye_calib/install/robot_input/share/robot_input/hook/pythonpath.dsv'
[9.604s] INFO:colcon.colcon_core.shell:Creating environment hook '/home/w/work/moveit2_handeye_calib/install/robot_input/share/robot_input/hook/pythonpath.sh'
[9.605s] Level 1:colcon.colcon_core.environment:checking '/home/w/work/moveit2_handeye_calib/install/robot_input/bin'
[9.605s] Level 1:colcon.colcon_core.environment:create_environment_scripts_only(robot_input)
[9.605s] INFO:colcon.colcon_core.shell:Creating package script '/home/w/work/moveit2_handeye_calib/install/robot_input/share/robot_input/package.ps1'
[9.605s] INFO:colcon.colcon_core.shell:Creating package descriptor '/home/w/work/moveit2_handeye_calib/install/robot_input/share/robot_input/package.dsv'
[9.606s] INFO:colcon.colcon_core.shell:Creating package script '/home/w/work/moveit2_handeye_calib/install/robot_input/share/robot_input/package.sh'
[9.606s] INFO:colcon.colcon_core.shell:Creating package script '/home/w/work/moveit2_handeye_calib/install/robot_input/share/robot_input/package.bash'
[9.606s] INFO:colcon.colcon_core.shell:Creating package script '/home/w/work/moveit2_handeye_calib/install/robot_input/share/robot_input/package.zsh'
[9.606s] Level 1:colcon.colcon_core.environment:create_file_with_runtime_dependencies(/home/w/work/moveit2_handeye_calib/install/robot_input/share/colcon-core/packages/robot_input)
[9.788s] DEBUG:colcon.colcon_core.event_handler.log_command:Invoked command in '/home/w/work/moveit2_handeye_calib/build/motor_control_logger' returned '0': AMENT_PREFIX_PATH=/home/w/work/moveit2_handeye_calib/install/robot_interfaces:${AMENT_PREFIX_PATH} CMAKE_PREFIX_PATH=/home/w/work/moveit2_handeye_calib/install/robot_interfaces:/home/w/work/trac_ik_ws/install/trac_ik:/home/w/work/trac_ik_ws/install/trac_ik_examples:/home/w/work/trac_ik_ws/install/trac_ik_lib:/opt/ros/humble LD_LIBRARY_PATH=/home/w/work/moveit2_handeye_calib/install/robot_interfaces/lib:${LD_LIBRARY_PATH} PYTHONPATH=/home/w/work/moveit2_handeye_calib/install/robot_interfaces/local/lib/python3.10/dist-packages:${PYTHONPATH} /usr/bin/cmake /home/w/work/moveit2_handeye_calib/TG620/motor_control_logger -DCMAKE_INSTALL_PREFIX=/home/w/work/moveit2_handeye_calib/install/motor_control_logger
[9.790s] DEBUG:colcon.colcon_core.event_handler.log_command:Invoking command in '/home/w/work/moveit2_handeye_calib/build/motor_control_logger': AMENT_PREFIX_PATH=/home/w/work/moveit2_handeye_calib/install/robot_interfaces:${AMENT_PREFIX_PATH} CMAKE_PREFIX_PATH=/home/w/work/moveit2_handeye_calib/install/robot_interfaces:/home/w/work/trac_ik_ws/install/trac_ik:/home/w/work/trac_ik_ws/install/trac_ik_examples:/home/w/work/trac_ik_ws/install/trac_ik_lib:/opt/ros/humble LD_LIBRARY_PATH=/home/w/work/moveit2_handeye_calib/install/robot_interfaces/lib:${LD_LIBRARY_PATH} PYTHONPATH=/home/w/work/moveit2_handeye_calib/install/robot_interfaces/local/lib/python3.10/dist-packages:${PYTHONPATH} /usr/bin/cmake --build /home/w/work/moveit2_handeye_calib/build/motor_control_logger -- -j28 -l28
[9.864s] DEBUG:colcon.colcon_core.event_handler.log_command:Invoked command in '/home/w/work/moveit2_handeye_calib/build/robot_control' returned '0': AMENT_PREFIX_PATH=/home/w/work/moveit2_handeye_calib/install/robot_interfaces:${AMENT_PREFIX_PATH} CMAKE_PREFIX_PATH=/home/w/work/moveit2_handeye_calib/install/robot_interfaces:/home/w/work/trac_ik_ws/install/trac_ik:/home/w/work/trac_ik_ws/install/trac_ik_examples:/home/w/work/trac_ik_ws/install/trac_ik_lib:/opt/ros/humble LD_LIBRARY_PATH=/home/w/work/moveit2_handeye_calib/install/robot_interfaces/lib:${LD_LIBRARY_PATH} PYTHONPATH=/home/w/work/moveit2_handeye_calib/install/robot_interfaces/local/lib/python3.10/dist-packages:${PYTHONPATH} /usr/bin/cmake /home/w/work/moveit2_handeye_calib/TG620/robot_control -DCMAKE_INSTALL_PREFIX=/home/w/work/moveit2_handeye_calib/install/robot_control
[9.866s] DEBUG:colcon.colcon_core.event_handler.log_command:Invoking command in '/home/w/work/moveit2_handeye_calib/build/robot_control': AMENT_PREFIX_PATH=/home/w/work/moveit2_handeye_calib/install/robot_interfaces:${AMENT_PREFIX_PATH} CMAKE_PREFIX_PATH=/home/w/work/moveit2_handeye_calib/install/robot_interfaces:/home/w/work/trac_ik_ws/install/trac_ik:/home/w/work/trac_ik_ws/install/trac_ik_examples:/home/w/work/trac_ik_ws/install/trac_ik_lib:/opt/ros/humble LD_LIBRARY_PATH=/home/w/work/moveit2_handeye_calib/install/robot_interfaces/lib:${LD_LIBRARY_PATH} PYTHONPATH=/home/w/work/moveit2_handeye_calib/install/robot_interfaces/local/lib/python3.10/dist-packages:${PYTHONPATH} /usr/bin/cmake --build /home/w/work/moveit2_handeye_calib/build/robot_control -- -j28 -l28
[10.391s] DEBUG:colcon.colcon_core.event_handler.log_command:Invoked command in '/home/w/work/moveit2_handeye_calib/build/robot_virtual_fence' returned '0': CMAKE_PREFIX_PATH=${CMAKE_PREFIX_PATH}:/opt/ros/humble /usr/bin/cmake --build /home/w/work/moveit2_handeye_calib/build/robot_virtual_fence -- -j28 -l28
[10.392s] DEBUG:colcon.colcon_core.event_handler.log_command:Invoking command in '/home/w/work/moveit2_handeye_calib/build/robot_virtual_fence': CMAKE_PREFIX_PATH=${CMAKE_PREFIX_PATH}:/opt/ros/humble /usr/bin/cmake --install /home/w/work/moveit2_handeye_calib/build/robot_virtual_fence
[10.401s] Level 1:colcon.colcon_core.environment:create_environment_scripts_only(robot_virtual_fence)
[10.401s] Level 1:colcon.colcon_core.environment:checking '/home/w/work/moveit2_handeye_calib/install/robot_virtual_fence' for CMake module files
[10.402s] DEBUG:colcon.colcon_core.event_handler.log_command:Invoked command in '/home/w/work/moveit2_handeye_calib/build/robot_virtual_fence' returned '0': CMAKE_PREFIX_PATH=${CMAKE_PREFIX_PATH}:/opt/ros/humble /usr/bin/cmake --install /home/w/work/moveit2_handeye_calib/build/robot_virtual_fence
[10.402s] Level 1:colcon.colcon_core.environment:checking '/home/w/work/moveit2_handeye_calib/install/robot_virtual_fence' for CMake config files
[10.402s] Level 1:colcon.colcon_core.shell:create_environment_hook('robot_virtual_fence', 'cmake_prefix_path')
[10.402s] INFO:colcon.colcon_core.shell:Creating environment hook '/home/w/work/moveit2_handeye_calib/install/robot_virtual_fence/share/robot_virtual_fence/hook/cmake_prefix_path.ps1'
[10.403s] INFO:colcon.colcon_core.shell:Creating environment descriptor '/home/w/work/moveit2_handeye_calib/install/robot_virtual_fence/share/robot_virtual_fence/hook/cmake_prefix_path.dsv'
[10.403s] INFO:colcon.colcon_core.shell:Creating environment hook '/home/w/work/moveit2_handeye_calib/install/robot_virtual_fence/share/robot_virtual_fence/hook/cmake_prefix_path.sh'
[10.403s] Level 1:colcon.colcon_core.environment:checking '/home/w/work/moveit2_handeye_calib/install/robot_virtual_fence/lib'
[10.403s] Level 1:colcon.colcon_core.environment:checking '/home/w/work/moveit2_handeye_calib/install/robot_virtual_fence/bin'
[10.404s] Level 1:colcon.colcon_core.environment:checking '/home/w/work/moveit2_handeye_calib/install/robot_virtual_fence/lib/pkgconfig/robot_virtual_fence.pc'
[10.404s] Level 1:colcon.colcon_core.environment:checking '/home/w/work/moveit2_handeye_calib/install/robot_virtual_fence/lib/python3.10/site-packages'
[10.404s] Level 1:colcon.colcon_core.environment:checking '/home/w/work/moveit2_handeye_calib/install/robot_virtual_fence/bin'
[10.404s] INFO:colcon.colcon_core.shell:Creating package script '/home/w/work/moveit2_handeye_calib/install/robot_virtual_fence/share/robot_virtual_fence/package.ps1'
[10.405s] INFO:colcon.colcon_core.shell:Creating package descriptor '/home/w/work/moveit2_handeye_calib/install/robot_virtual_fence/share/robot_virtual_fence/package.dsv'
[10.405s] INFO:colcon.colcon_core.shell:Creating package script '/home/w/work/moveit2_handeye_calib/install/robot_virtual_fence/share/robot_virtual_fence/package.sh'
[10.405s] INFO:colcon.colcon_core.shell:Creating package script '/home/w/work/moveit2_handeye_calib/install/robot_virtual_fence/share/robot_virtual_fence/package.bash'
[10.405s] INFO:colcon.colcon_core.shell:Creating package script '/home/w/work/moveit2_handeye_calib/install/robot_virtual_fence/share/robot_virtual_fence/package.zsh'
[10.406s] Level 1:colcon.colcon_core.environment:create_file_with_runtime_dependencies(/home/w/work/moveit2_handeye_calib/install/robot_virtual_fence/share/colcon-core/packages/robot_virtual_fence)
[10.406s] Level 1:colcon.colcon_core.environment:create_environment_scripts_only(robot_virtual_fence)
[10.406s] Level 1:colcon.colcon_core.environment:checking '/home/w/work/moveit2_handeye_calib/install/robot_virtual_fence' for CMake module files
[10.406s] Level 1:colcon.colcon_core.environment:checking '/home/w/work/moveit2_handeye_calib/install/robot_virtual_fence' for CMake config files
[10.406s] Level 1:colcon.colcon_core.shell:create_environment_hook('robot_virtual_fence', 'cmake_prefix_path')
[10.406s] INFO:colcon.colcon_core.shell:Creating environment hook '/home/w/work/moveit2_handeye_calib/install/robot_virtual_fence/share/robot_virtual_fence/hook/cmake_prefix_path.ps1'
[10.407s] INFO:colcon.colcon_core.shell:Creating environment descriptor '/home/w/work/moveit2_handeye_calib/install/robot_virtual_fence/share/robot_virtual_fence/hook/cmake_prefix_path.dsv'
[10.407s] INFO:colcon.colcon_core.shell:Creating environment hook '/home/w/work/moveit2_handeye_calib/install/robot_virtual_fence/share/robot_virtual_fence/hook/cmake_prefix_path.sh'
[10.407s] Level 1:colcon.colcon_core.environment:checking '/home/w/work/moveit2_handeye_calib/install/robot_virtual_fence/lib'
[10.407s] Level 1:colcon.colcon_core.environment:checking '/home/w/work/moveit2_handeye_calib/install/robot_virtual_fence/bin'
[10.407s] Level 1:colcon.colcon_core.environment:checking '/home/w/work/moveit2_handeye_calib/install/robot_virtual_fence/lib/pkgconfig/robot_virtual_fence.pc'
[10.407s] Level 1:colcon.colcon_core.environment:checking '/home/w/work/moveit2_handeye_calib/install/robot_virtual_fence/lib/python3.10/site-packages'
[10.408s] Level 1:colcon.colcon_core.environment:checking '/home/w/work/moveit2_handeye_calib/install/robot_virtual_fence/bin'
[10.408s] INFO:colcon.colcon_core.shell:Creating package script '/home/w/work/moveit2_handeye_calib/install/robot_virtual_fence/share/robot_virtual_fence/package.ps1'
[10.408s] INFO:colcon.colcon_core.shell:Creating package descriptor '/home/w/work/moveit2_handeye_calib/install/robot_virtual_fence/share/robot_virtual_fence/package.dsv'
[10.408s] INFO:colcon.colcon_core.shell:Creating package script '/home/w/work/moveit2_handeye_calib/install/robot_virtual_fence/share/robot_virtual_fence/package.sh'
[10.409s] INFO:colcon.colcon_core.shell:Creating package script '/home/w/work/moveit2_handeye_calib/install/robot_virtual_fence/share/robot_virtual_fence/package.bash'
[10.409s] INFO:colcon.colcon_core.shell:Creating package script '/home/w/work/moveit2_handeye_calib/install/robot_virtual_fence/share/robot_virtual_fence/package.zsh'
[10.409s] Level 1:colcon.colcon_core.environment:create_file_with_runtime_dependencies(/home/w/work/moveit2_handeye_calib/install/robot_virtual_fence/share/colcon-core/packages/robot_virtual_fence)
[10.478s] DEBUG:colcon.colcon_core.event_handler.log_command:Invoked command in '/home/w/work/moveit2_handeye_calib/build/robot_sdk' returned '0': AMENT_PREFIX_PATH=/home/w/work/moveit2_handeye_calib/install/robot_interfaces:${AMENT_PREFIX_PATH} CMAKE_PREFIX_PATH=/home/w/work/moveit2_handeye_calib/install/robot_interfaces:/home/w/work/trac_ik_ws/install/trac_ik:/home/w/work/trac_ik_ws/install/trac_ik_examples:/home/w/work/trac_ik_ws/install/trac_ik_lib:/opt/ros/humble LD_LIBRARY_PATH=/home/w/work/moveit2_handeye_calib/install/robot_interfaces/lib:${LD_LIBRARY_PATH} PYTHONPATH=/home/w/work/moveit2_handeye_calib/install/robot_interfaces/local/lib/python3.10/dist-packages:${PYTHONPATH} /usr/bin/cmake /home/w/work/moveit2_handeye_calib/TG620/robot_sdk -DCMAKE_INSTALL_PREFIX=/home/w/work/moveit2_handeye_calib/install/robot_sdk
[10.479s] DEBUG:colcon.colcon_core.event_handler.log_command:Invoking command in '/home/w/work/moveit2_handeye_calib/build/robot_sdk': AMENT_PREFIX_PATH=/home/w/work/moveit2_handeye_calib/install/robot_interfaces:${AMENT_PREFIX_PATH} CMAKE_PREFIX_PATH=/home/w/work/moveit2_handeye_calib/install/robot_interfaces:/home/w/work/trac_ik_ws/install/trac_ik:/home/w/work/trac_ik_ws/install/trac_ik_examples:/home/w/work/trac_ik_ws/install/trac_ik_lib:/opt/ros/humble LD_LIBRARY_PATH=/home/w/work/moveit2_handeye_calib/install/robot_interfaces/lib:${LD_LIBRARY_PATH} PYTHONPATH=/home/w/work/moveit2_handeye_calib/install/robot_interfaces/local/lib/python3.10/dist-packages:${PYTHONPATH} /usr/bin/cmake --build /home/w/work/moveit2_handeye_calib/build/robot_sdk -- -j28 -l28
[14.767s] DEBUG:colcon.colcon_core.event_handler.log_command:Invoked command in '/home/w/work/moveit2_handeye_calib/build/robot_control' returned '0': AMENT_PREFIX_PATH=/home/w/work/moveit2_handeye_calib/install/robot_interfaces:${AMENT_PREFIX_PATH} CMAKE_PREFIX_PATH=/home/w/work/moveit2_handeye_calib/install/robot_interfaces:/home/w/work/trac_ik_ws/install/trac_ik:/home/w/work/trac_ik_ws/install/trac_ik_examples:/home/w/work/trac_ik_ws/install/trac_ik_lib:/opt/ros/humble LD_LIBRARY_PATH=/home/w/work/moveit2_handeye_calib/install/robot_interfaces/lib:${LD_LIBRARY_PATH} PYTHONPATH=/home/w/work/moveit2_handeye_calib/install/robot_interfaces/local/lib/python3.10/dist-packages:${PYTHONPATH} /usr/bin/cmake --build /home/w/work/moveit2_handeye_calib/build/robot_control -- -j28 -l28
[14.768s] DEBUG:colcon.colcon_core.event_handler.log_command:Invoking command in '/home/w/work/moveit2_handeye_calib/build/robot_control': AMENT_PREFIX_PATH=/home/w/work/moveit2_handeye_calib/install/robot_interfaces:${AMENT_PREFIX_PATH} CMAKE_PREFIX_PATH=/home/w/work/moveit2_handeye_calib/install/robot_interfaces:/home/w/work/trac_ik_ws/install/trac_ik:/home/w/work/trac_ik_ws/install/trac_ik_examples:/home/w/work/trac_ik_ws/install/trac_ik_lib:/opt/ros/humble LD_LIBRARY_PATH=/home/w/work/moveit2_handeye_calib/install/robot_interfaces/lib:${LD_LIBRARY_PATH} PYTHONPATH=/home/w/work/moveit2_handeye_calib/install/robot_interfaces/local/lib/python3.10/dist-packages:${PYTHONPATH} /usr/bin/cmake --install /home/w/work/moveit2_handeye_calib/build/robot_control
[14.782s] Level 1:colcon.colcon_core.environment:create_environment_scripts_only(robot_control)
[14.783s] Level 1:colcon.colcon_core.environment:checking '/home/w/work/moveit2_handeye_calib/install/robot_control' for CMake module files
[14.783s] DEBUG:colcon.colcon_core.event_handler.log_command:Invoked command in '/home/w/work/moveit2_handeye_calib/build/robot_control' returned '0': AMENT_PREFIX_PATH=/home/w/work/moveit2_handeye_calib/install/robot_interfaces:${AMENT_PREFIX_PATH} CMAKE_PREFIX_PATH=/home/w/work/moveit2_handeye_calib/install/robot_interfaces:/home/w/work/trac_ik_ws/install/trac_ik:/home/w/work/trac_ik_ws/install/trac_ik_examples:/home/w/work/trac_ik_ws/install/trac_ik_lib:/opt/ros/humble LD_LIBRARY_PATH=/home/w/work/moveit2_handeye_calib/install/robot_interfaces/lib:${LD_LIBRARY_PATH} PYTHONPATH=/home/w/work/moveit2_handeye_calib/install/robot_interfaces/local/lib/python3.10/dist-packages:${PYTHONPATH} /usr/bin/cmake --install /home/w/work/moveit2_handeye_calib/build/robot_control
[14.783s] Level 1:colcon.colcon_core.environment:checking '/home/w/work/moveit2_handeye_calib/install/robot_control' for CMake config files
[14.784s] Level 1:colcon.colcon_core.shell:create_environment_hook('robot_control', 'cmake_prefix_path')
[14.784s] INFO:colcon.colcon_core.shell:Creating environment hook '/home/w/work/moveit2_handeye_calib/install/robot_control/share/robot_control/hook/cmake_prefix_path.ps1'
[14.784s] INFO:colcon.colcon_core.shell:Creating environment descriptor '/home/w/work/moveit2_handeye_calib/install/robot_control/share/robot_control/hook/cmake_prefix_path.dsv'
[14.785s] INFO:colcon.colcon_core.shell:Creating environment hook '/home/w/work/moveit2_handeye_calib/install/robot_control/share/robot_control/hook/cmake_prefix_path.sh'
[14.785s] Level 1:colcon.colcon_core.environment:checking '/home/w/work/moveit2_handeye_calib/install/robot_control/lib'
[14.785s] Level 1:colcon.colcon_core.environment:checking '/home/w/work/moveit2_handeye_calib/install/robot_control/bin'
[14.785s] Level 1:colcon.colcon_core.environment:checking '/home/w/work/moveit2_handeye_calib/install/robot_control/lib/pkgconfig/robot_control.pc'
[14.785s] Level 1:colcon.colcon_core.environment:checking '/home/w/work/moveit2_handeye_calib/install/robot_control/lib/python3.10/site-packages'
[14.786s] Level 1:colcon.colcon_core.environment:checking '/home/w/work/moveit2_handeye_calib/install/robot_control/bin'
[14.786s] INFO:colcon.colcon_core.shell:Creating package script '/home/w/work/moveit2_handeye_calib/install/robot_control/share/robot_control/package.ps1'
[14.786s] INFO:colcon.colcon_core.shell:Creating package descriptor '/home/w/work/moveit2_handeye_calib/install/robot_control/share/robot_control/package.dsv'
[14.787s] INFO:colcon.colcon_core.shell:Creating package script '/home/w/work/moveit2_handeye_calib/install/robot_control/share/robot_control/package.sh'
[14.787s] INFO:colcon.colcon_core.shell:Creating package script '/home/w/work/moveit2_handeye_calib/install/robot_control/share/robot_control/package.bash'
[14.787s] INFO:colcon.colcon_core.shell:Creating package script '/home/w/work/moveit2_handeye_calib/install/robot_control/share/robot_control/package.zsh'
[14.788s] Level 1:colcon.colcon_core.environment:create_file_with_runtime_dependencies(/home/w/work/moveit2_handeye_calib/install/robot_control/share/colcon-core/packages/robot_control)
[14.788s] Level 1:colcon.colcon_core.environment:create_environment_scripts_only(robot_control)
[14.788s] Level 1:colcon.colcon_core.environment:checking '/home/w/work/moveit2_handeye_calib/install/robot_control' for CMake module files
[14.789s] Level 1:colcon.colcon_core.environment:checking '/home/w/work/moveit2_handeye_calib/install/robot_control' for CMake config files
[14.789s] Level 1:colcon.colcon_core.shell:create_environment_hook('robot_control', 'cmake_prefix_path')
[14.789s] INFO:colcon.colcon_core.shell:Creating environment hook '/home/w/work/moveit2_handeye_calib/install/robot_control/share/robot_control/hook/cmake_prefix_path.ps1'
[14.789s] INFO:colcon.colcon_core.shell:Creating environment descriptor '/home/w/work/moveit2_handeye_calib/install/robot_control/share/robot_control/hook/cmake_prefix_path.dsv'
[14.790s] INFO:colcon.colcon_core.shell:Creating environment hook '/home/w/work/moveit2_handeye_calib/install/robot_control/share/robot_control/hook/cmake_prefix_path.sh'
[14.790s] Level 1:colcon.colcon_core.environment:checking '/home/w/work/moveit2_handeye_calib/install/robot_control/lib'
[14.790s] Level 1:colcon.colcon_core.environment:checking '/home/w/work/moveit2_handeye_calib/install/robot_control/bin'
[14.790s] Level 1:colcon.colcon_core.environment:checking '/home/w/work/moveit2_handeye_calib/install/robot_control/lib/pkgconfig/robot_control.pc'
[14.790s] Level 1:colcon.colcon_core.environment:checking '/home/w/work/moveit2_handeye_calib/install/robot_control/lib/python3.10/site-packages'
[14.790s] Level 1:colcon.colcon_core.environment:checking '/home/w/work/moveit2_handeye_calib/install/robot_control/bin'
[14.791s] INFO:colcon.colcon_core.shell:Creating package script '/home/w/work/moveit2_handeye_calib/install/robot_control/share/robot_control/package.ps1'
[14.791s] INFO:colcon.colcon_core.shell:Creating package descriptor '/home/w/work/moveit2_handeye_calib/install/robot_control/share/robot_control/package.dsv'
[14.791s] INFO:colcon.colcon_core.shell:Creating package script '/home/w/work/moveit2_handeye_calib/install/robot_control/share/robot_control/package.sh'
[14.791s] INFO:colcon.colcon_core.shell:Creating package script '/home/w/work/moveit2_handeye_calib/install/robot_control/share/robot_control/package.bash'
[14.792s] INFO:colcon.colcon_core.shell:Creating package script '/home/w/work/moveit2_handeye_calib/install/robot_control/share/robot_control/package.zsh'
[14.792s] Level 1:colcon.colcon_core.environment:create_file_with_runtime_dependencies(/home/w/work/moveit2_handeye_calib/install/robot_control/share/colcon-core/packages/robot_control)
[15.723s] DEBUG:colcon.colcon_core.event_handler.log_command:Invoked command in '/home/w/work/moveit2_handeye_calib/build/motor_control_logger' returned '0': AMENT_PREFIX_PATH=/home/w/work/moveit2_handeye_calib/install/robot_interfaces:${AMENT_PREFIX_PATH} CMAKE_PREFIX_PATH=/home/w/work/moveit2_handeye_calib/install/robot_interfaces:/home/w/work/trac_ik_ws/install/trac_ik:/home/w/work/trac_ik_ws/install/trac_ik_examples:/home/w/work/trac_ik_ws/install/trac_ik_lib:/opt/ros/humble LD_LIBRARY_PATH=/home/w/work/moveit2_handeye_calib/install/robot_interfaces/lib:${LD_LIBRARY_PATH} PYTHONPATH=/home/w/work/moveit2_handeye_calib/install/robot_interfaces/local/lib/python3.10/dist-packages:${PYTHONPATH} /usr/bin/cmake --build /home/w/work/moveit2_handeye_calib/build/motor_control_logger -- -j28 -l28
[15.725s] DEBUG:colcon.colcon_core.event_handler.log_command:Invoking command in '/home/w/work/moveit2_handeye_calib/build/motor_control_logger': AMENT_PREFIX_PATH=/home/w/work/moveit2_handeye_calib/install/robot_interfaces:${AMENT_PREFIX_PATH} CMAKE_PREFIX_PATH=/home/w/work/moveit2_handeye_calib/install/robot_interfaces:/home/w/work/trac_ik_ws/install/trac_ik:/home/w/work/trac_ik_ws/install/trac_ik_examples:/home/w/work/trac_ik_ws/install/trac_ik_lib:/opt/ros/humble LD_LIBRARY_PATH=/home/w/work/moveit2_handeye_calib/install/robot_interfaces/lib:${LD_LIBRARY_PATH} PYTHONPATH=/home/w/work/moveit2_handeye_calib/install/robot_interfaces/local/lib/python3.10/dist-packages:${PYTHONPATH} /usr/bin/cmake --install /home/w/work/moveit2_handeye_calib/build/motor_control_logger
[15.737s] Level 1:colcon.colcon_core.environment:create_environment_scripts_only(motor_control_logger)
[15.738s] DEBUG:colcon.colcon_core.event_handler.log_command:Invoked command in '/home/w/work/moveit2_handeye_calib/build/motor_control_logger' returned '0': AMENT_PREFIX_PATH=/home/w/work/moveit2_handeye_calib/install/robot_interfaces:${AMENT_PREFIX_PATH} CMAKE_PREFIX_PATH=/home/w/work/moveit2_handeye_calib/install/robot_interfaces:/home/w/work/trac_ik_ws/install/trac_ik:/home/w/work/trac_ik_ws/install/trac_ik_examples:/home/w/work/trac_ik_ws/install/trac_ik_lib:/opt/ros/humble LD_LIBRARY_PATH=/home/w/work/moveit2_handeye_calib/install/robot_interfaces/lib:${LD_LIBRARY_PATH} PYTHONPATH=/home/w/work/moveit2_handeye_calib/install/robot_interfaces/local/lib/python3.10/dist-packages:${PYTHONPATH} /usr/bin/cmake --install /home/w/work/moveit2_handeye_calib/build/motor_control_logger
[15.738s] Level 1:colcon.colcon_core.environment:checking '/home/w/work/moveit2_handeye_calib/install/motor_control_logger' for CMake module files
[15.738s] Level 1:colcon.colcon_core.environment:checking '/home/w/work/moveit2_handeye_calib/install/motor_control_logger' for CMake config files
[15.738s] Level 1:colcon.colcon_core.shell:create_environment_hook('motor_control_logger', 'cmake_prefix_path')
[15.738s] INFO:colcon.colcon_core.shell:Creating environment hook '/home/w/work/moveit2_handeye_calib/install/motor_control_logger/share/motor_control_logger/hook/cmake_prefix_path.ps1'
[15.739s] INFO:colcon.colcon_core.shell:Creating environment descriptor '/home/w/work/moveit2_handeye_calib/install/motor_control_logger/share/motor_control_logger/hook/cmake_prefix_path.dsv'
[15.739s] INFO:colcon.colcon_core.shell:Creating environment hook '/home/w/work/moveit2_handeye_calib/install/motor_control_logger/share/motor_control_logger/hook/cmake_prefix_path.sh'
[15.739s] Level 1:colcon.colcon_core.environment:checking '/home/w/work/moveit2_handeye_calib/install/motor_control_logger/lib'
[15.739s] Level 1:colcon.colcon_core.environment:checking '/home/w/work/moveit2_handeye_calib/install/motor_control_logger/bin'
[15.739s] Level 1:colcon.colcon_core.environment:checking '/home/w/work/moveit2_handeye_calib/install/motor_control_logger/lib/pkgconfig/motor_control_logger.pc'
[15.739s] Level 1:colcon.colcon_core.environment:checking '/home/w/work/moveit2_handeye_calib/install/motor_control_logger/lib/python3.10/site-packages'
[15.740s] Level 1:colcon.colcon_core.environment:checking '/home/w/work/moveit2_handeye_calib/install/motor_control_logger/bin'
[15.740s] INFO:colcon.colcon_core.shell:Creating package script '/home/w/work/moveit2_handeye_calib/install/motor_control_logger/share/motor_control_logger/package.ps1'
[15.740s] INFO:colcon.colcon_core.shell:Creating package descriptor '/home/w/work/moveit2_handeye_calib/install/motor_control_logger/share/motor_control_logger/package.dsv'
[15.740s] INFO:colcon.colcon_core.shell:Creating package script '/home/w/work/moveit2_handeye_calib/install/motor_control_logger/share/motor_control_logger/package.sh'
[15.741s] INFO:colcon.colcon_core.shell:Creating package script '/home/w/work/moveit2_handeye_calib/install/motor_control_logger/share/motor_control_logger/package.bash'
[15.741s] INFO:colcon.colcon_core.shell:Creating package script '/home/w/work/moveit2_handeye_calib/install/motor_control_logger/share/motor_control_logger/package.zsh'
[15.741s] Level 1:colcon.colcon_core.environment:create_file_with_runtime_dependencies(/home/w/work/moveit2_handeye_calib/install/motor_control_logger/share/colcon-core/packages/motor_control_logger)
[15.741s] Level 1:colcon.colcon_core.environment:create_environment_scripts_only(motor_control_logger)
[15.741s] Level 1:colcon.colcon_core.environment:checking '/home/w/work/moveit2_handeye_calib/install/motor_control_logger' for CMake module files
[15.742s] Level 1:colcon.colcon_core.environment:checking '/home/w/work/moveit2_handeye_calib/install/motor_control_logger' for CMake config files
[15.742s] Level 1:colcon.colcon_core.shell:create_environment_hook('motor_control_logger', 'cmake_prefix_path')
[15.742s] INFO:colcon.colcon_core.shell:Creating environment hook '/home/w/work/moveit2_handeye_calib/install/motor_control_logger/share/motor_control_logger/hook/cmake_prefix_path.ps1'
[15.742s] INFO:colcon.colcon_core.shell:Creating environment descriptor '/home/w/work/moveit2_handeye_calib/install/motor_control_logger/share/motor_control_logger/hook/cmake_prefix_path.dsv'
[15.742s] INFO:colcon.colcon_core.shell:Creating environment hook '/home/w/work/moveit2_handeye_calib/install/motor_control_logger/share/motor_control_logger/hook/cmake_prefix_path.sh'
[15.743s] Level 1:colcon.colcon_core.environment:checking '/home/w/work/moveit2_handeye_calib/install/motor_control_logger/lib'
[15.743s] Level 1:colcon.colcon_core.environment:checking '/home/w/work/moveit2_handeye_calib/install/motor_control_logger/bin'
[15.743s] Level 1:colcon.colcon_core.environment:checking '/home/w/work/moveit2_handeye_calib/install/motor_control_logger/lib/pkgconfig/motor_control_logger.pc'
[15.743s] Level 1:colcon.colcon_core.environment:checking '/home/w/work/moveit2_handeye_calib/install/motor_control_logger/lib/python3.10/site-packages'
[15.743s] Level 1:colcon.colcon_core.environment:checking '/home/w/work/moveit2_handeye_calib/install/motor_control_logger/bin'
[15.743s] INFO:colcon.colcon_core.shell:Creating package script '/home/w/work/moveit2_handeye_calib/install/motor_control_logger/share/motor_control_logger/package.ps1'
[15.743s] INFO:colcon.colcon_core.shell:Creating package descriptor '/home/w/work/moveit2_handeye_calib/install/motor_control_logger/share/motor_control_logger/package.dsv'
[15.744s] INFO:colcon.colcon_core.shell:Creating package script '/home/w/work/moveit2_handeye_calib/install/motor_control_logger/share/motor_control_logger/package.sh'
[15.744s] INFO:colcon.colcon_core.shell:Creating package script '/home/w/work/moveit2_handeye_calib/install/motor_control_logger/share/motor_control_logger/package.bash'
[15.744s] INFO:colcon.colcon_core.shell:Creating package script '/home/w/work/moveit2_handeye_calib/install/motor_control_logger/share/motor_control_logger/package.zsh'
[15.744s] Level 1:colcon.colcon_core.environment:create_file_with_runtime_dependencies(/home/w/work/moveit2_handeye_calib/install/motor_control_logger/share/colcon-core/packages/motor_control_logger)
[17.605s] DEBUG:colcon.colcon_core.event_handler.log_command:Invoked command in '/home/w/work/moveit2_handeye_calib/build/ros2_socketcan' returned '0': AMENT_PREFIX_PATH=/home/w/work/moveit2_handeye_calib/install/ros2_socketcan_msgs:${AMENT_PREFIX_PATH} CMAKE_PREFIX_PATH=/home/w/work/moveit2_handeye_calib/install/ros2_socketcan_msgs:/home/w/work/trac_ik_ws/install/trac_ik:/home/w/work/trac_ik_ws/install/trac_ik_examples:/home/w/work/trac_ik_ws/install/trac_ik_lib:/opt/ros/humble LD_LIBRARY_PATH=/home/w/work/moveit2_handeye_calib/install/ros2_socketcan_msgs/lib:${LD_LIBRARY_PATH} PYTHONPATH=/home/w/work/moveit2_handeye_calib/install/ros2_socketcan_msgs/local/lib/python3.10/dist-packages:${PYTHONPATH} /usr/bin/cmake --build /home/w/work/moveit2_handeye_calib/build/ros2_socketcan -- -j28 -l28
[17.606s] DEBUG:colcon.colcon_core.event_handler.log_command:Invoking command in '/home/w/work/moveit2_handeye_calib/build/ros2_socketcan': AMENT_PREFIX_PATH=/home/w/work/moveit2_handeye_calib/install/ros2_socketcan_msgs:${AMENT_PREFIX_PATH} CMAKE_PREFIX_PATH=/home/w/work/moveit2_handeye_calib/install/ros2_socketcan_msgs:/home/w/work/trac_ik_ws/install/trac_ik:/home/w/work/trac_ik_ws/install/trac_ik_examples:/home/w/work/trac_ik_ws/install/trac_ik_lib:/opt/ros/humble LD_LIBRARY_PATH=/home/w/work/moveit2_handeye_calib/install/ros2_socketcan_msgs/lib:${LD_LIBRARY_PATH} PYTHONPATH=/home/w/work/moveit2_handeye_calib/install/ros2_socketcan_msgs/local/lib/python3.10/dist-packages:${PYTHONPATH} /usr/bin/cmake --install /home/w/work/moveit2_handeye_calib/build/ros2_socketcan
[17.622s] Level 1:colcon.colcon_core.environment:create_environment_scripts_only(ros2_socketcan)
[17.623s] Level 1:colcon.colcon_core.environment:checking '/home/w/work/moveit2_handeye_calib/install/ros2_socketcan' for CMake module files
[17.623s] DEBUG:colcon.colcon_core.event_handler.log_command:Invoked command in '/home/w/work/moveit2_handeye_calib/build/ros2_socketcan' returned '0': AMENT_PREFIX_PATH=/home/w/work/moveit2_handeye_calib/install/ros2_socketcan_msgs:${AMENT_PREFIX_PATH} CMAKE_PREFIX_PATH=/home/w/work/moveit2_handeye_calib/install/ros2_socketcan_msgs:/home/w/work/trac_ik_ws/install/trac_ik:/home/w/work/trac_ik_ws/install/trac_ik_examples:/home/w/work/trac_ik_ws/install/trac_ik_lib:/opt/ros/humble LD_LIBRARY_PATH=/home/w/work/moveit2_handeye_calib/install/ros2_socketcan_msgs/lib:${LD_LIBRARY_PATH} PYTHONPATH=/home/w/work/moveit2_handeye_calib/install/ros2_socketcan_msgs/local/lib/python3.10/dist-packages:${PYTHONPATH} /usr/bin/cmake --install /home/w/work/moveit2_handeye_calib/build/ros2_socketcan
[17.623s] Level 1:colcon.colcon_core.environment:checking '/home/w/work/moveit2_handeye_calib/install/ros2_socketcan' for CMake config files
[17.623s] Level 1:colcon.colcon_core.shell:create_environment_hook('ros2_socketcan', 'cmake_prefix_path')
[17.624s] INFO:colcon.colcon_core.shell:Creating environment hook '/home/w/work/moveit2_handeye_calib/install/ros2_socketcan/share/ros2_socketcan/hook/cmake_prefix_path.ps1'
[17.624s] INFO:colcon.colcon_core.shell:Creating environment descriptor '/home/w/work/moveit2_handeye_calib/install/ros2_socketcan/share/ros2_socketcan/hook/cmake_prefix_path.dsv'
[17.624s] INFO:colcon.colcon_core.shell:Creating environment hook '/home/w/work/moveit2_handeye_calib/install/ros2_socketcan/share/ros2_socketcan/hook/cmake_prefix_path.sh'
[17.624s] Level 1:colcon.colcon_core.environment:checking '/home/w/work/moveit2_handeye_calib/install/ros2_socketcan/lib'
[17.624s] Level 1:colcon.colcon_core.shell:create_environment_hook('ros2_socketcan', 'ld_library_path_lib')
[17.625s] INFO:colcon.colcon_core.shell:Creating environment hook '/home/w/work/moveit2_handeye_calib/install/ros2_socketcan/share/ros2_socketcan/hook/ld_library_path_lib.ps1'
[17.625s] INFO:colcon.colcon_core.shell:Creating environment descriptor '/home/w/work/moveit2_handeye_calib/install/ros2_socketcan/share/ros2_socketcan/hook/ld_library_path_lib.dsv'
[17.625s] INFO:colcon.colcon_core.shell:Creating environment hook '/home/w/work/moveit2_handeye_calib/install/ros2_socketcan/share/ros2_socketcan/hook/ld_library_path_lib.sh'
[17.625s] Level 1:colcon.colcon_core.environment:checking '/home/w/work/moveit2_handeye_calib/install/ros2_socketcan/bin'
[17.625s] Level 1:colcon.colcon_core.environment:checking '/home/w/work/moveit2_handeye_calib/install/ros2_socketcan/lib/pkgconfig/ros2_socketcan.pc'
[17.625s] Level 1:colcon.colcon_core.environment:checking '/home/w/work/moveit2_handeye_calib/install/ros2_socketcan/lib/python3.10/site-packages'
[17.626s] Level 1:colcon.colcon_core.environment:checking '/home/w/work/moveit2_handeye_calib/install/ros2_socketcan/bin'
[17.626s] INFO:colcon.colcon_core.shell:Creating package script '/home/w/work/moveit2_handeye_calib/install/ros2_socketcan/share/ros2_socketcan/package.ps1'
[17.626s] INFO:colcon.colcon_core.shell:Creating package descriptor '/home/w/work/moveit2_handeye_calib/install/ros2_socketcan/share/ros2_socketcan/package.dsv'
[17.626s] INFO:colcon.colcon_core.shell:Creating package script '/home/w/work/moveit2_handeye_calib/install/ros2_socketcan/share/ros2_socketcan/package.sh'
[17.627s] INFO:colcon.colcon_core.shell:Creating package script '/home/w/work/moveit2_handeye_calib/install/ros2_socketcan/share/ros2_socketcan/package.bash'
[17.627s] INFO:colcon.colcon_core.shell:Creating package script '/home/w/work/moveit2_handeye_calib/install/ros2_socketcan/share/ros2_socketcan/package.zsh'
[17.627s] Level 1:colcon.colcon_core.environment:create_file_with_runtime_dependencies(/home/w/work/moveit2_handeye_calib/install/ros2_socketcan/share/colcon-core/packages/ros2_socketcan)
[17.627s] Level 1:colcon.colcon_core.environment:create_environment_scripts_only(ros2_socketcan)
[17.627s] Level 1:colcon.colcon_core.environment:checking '/home/w/work/moveit2_handeye_calib/install/ros2_socketcan' for CMake module files
[17.628s] Level 1:colcon.colcon_core.environment:checking '/home/w/work/moveit2_handeye_calib/install/ros2_socketcan' for CMake config files
[17.628s] Level 1:colcon.colcon_core.shell:create_environment_hook('ros2_socketcan', 'cmake_prefix_path')
[17.628s] INFO:colcon.colcon_core.shell:Creating environment hook '/home/w/work/moveit2_handeye_calib/install/ros2_socketcan/share/ros2_socketcan/hook/cmake_prefix_path.ps1'
[17.628s] INFO:colcon.colcon_core.shell:Creating environment descriptor '/home/w/work/moveit2_handeye_calib/install/ros2_socketcan/share/ros2_socketcan/hook/cmake_prefix_path.dsv'
[17.629s] INFO:colcon.colcon_core.shell:Creating environment hook '/home/w/work/moveit2_handeye_calib/install/ros2_socketcan/share/ros2_socketcan/hook/cmake_prefix_path.sh'
[17.629s] Level 1:colcon.colcon_core.environment:checking '/home/w/work/moveit2_handeye_calib/install/ros2_socketcan/lib'
[17.629s] Level 1:colcon.colcon_core.shell:create_environment_hook('ros2_socketcan', 'ld_library_path_lib')
[17.629s] INFO:colcon.colcon_core.shell:Creating environment hook '/home/w/work/moveit2_handeye_calib/install/ros2_socketcan/share/ros2_socketcan/hook/ld_library_path_lib.ps1'
[17.629s] INFO:colcon.colcon_core.shell:Creating environment descriptor '/home/w/work/moveit2_handeye_calib/install/ros2_socketcan/share/ros2_socketcan/hook/ld_library_path_lib.dsv'
[17.629s] INFO:colcon.colcon_core.shell:Creating environment hook '/home/w/work/moveit2_handeye_calib/install/ros2_socketcan/share/ros2_socketcan/hook/ld_library_path_lib.sh'
[17.630s] Level 1:colcon.colcon_core.environment:checking '/home/w/work/moveit2_handeye_calib/install/ros2_socketcan/bin'
[17.630s] Level 1:colcon.colcon_core.environment:checking '/home/w/work/moveit2_handeye_calib/install/ros2_socketcan/lib/pkgconfig/ros2_socketcan.pc'
[17.630s] Level 1:colcon.colcon_core.environment:checking '/home/w/work/moveit2_handeye_calib/install/ros2_socketcan/lib/python3.10/site-packages'
[17.630s] Level 1:colcon.colcon_core.environment:checking '/home/w/work/moveit2_handeye_calib/install/ros2_socketcan/bin'
[17.630s] INFO:colcon.colcon_core.shell:Creating package script '/home/w/work/moveit2_handeye_calib/install/ros2_socketcan/share/ros2_socketcan/package.ps1'
[17.631s] INFO:colcon.colcon_core.shell:Creating package descriptor '/home/w/work/moveit2_handeye_calib/install/ros2_socketcan/share/ros2_socketcan/package.dsv'
[17.631s] INFO:colcon.colcon_core.shell:Creating package script '/home/w/work/moveit2_handeye_calib/install/ros2_socketcan/share/ros2_socketcan/package.sh'
[17.631s] INFO:colcon.colcon_core.shell:Creating package script '/home/w/work/moveit2_handeye_calib/install/ros2_socketcan/share/ros2_socketcan/package.bash'
[17.631s] INFO:colcon.colcon_core.shell:Creating package script '/home/w/work/moveit2_handeye_calib/install/ros2_socketcan/share/ros2_socketcan/package.zsh'
[17.631s] Level 1:colcon.colcon_core.environment:create_file_with_runtime_dependencies(/home/w/work/moveit2_handeye_calib/install/ros2_socketcan/share/colcon-core/packages/ros2_socketcan)
[17.632s] INFO:colcon.colcon_ros.task.ament_cmake.build:Building ROS package in '/home/w/work/moveit2_handeye_calib/TG620/robot_driver' with build type 'ament_cmake'
[17.632s] INFO:colcon.colcon_cmake.task.cmake.build:Building CMake package in '/home/w/work/moveit2_handeye_calib/TG620/robot_driver'
[17.632s] INFO:colcon.colcon_core.shell:Skip shell extension 'powershell' for command environment: Not usable outside of PowerShell
[17.632s] DEBUG:colcon.colcon_core.shell:Skip shell extension 'dsv' for command environment
[17.645s] DEBUG:colcon.colcon_core.event_handler.log_command:Invoking command in '/home/w/work/moveit2_handeye_calib/build/robot_driver': AMENT_PREFIX_PATH=/home/w/work/moveit2_handeye_calib/install/ros2_socketcan:/home/w/work/moveit2_handeye_calib/install/ros2_socketcan_msgs:/home/w/work/moveit2_handeye_calib/install/robot_interfaces:${AMENT_PREFIX_PATH} CMAKE_PREFIX_PATH=/home/w/work/moveit2_handeye_calib/install/ros2_socketcan:/home/w/work/moveit2_handeye_calib/install/ros2_socketcan_msgs:/home/w/work/moveit2_handeye_calib/install/robot_interfaces:/home/w/work/trac_ik_ws/install/trac_ik:/home/w/work/trac_ik_ws/install/trac_ik_examples:/home/w/work/trac_ik_ws/install/trac_ik_lib:/opt/ros/humble LD_LIBRARY_PATH=/home/w/work/moveit2_handeye_calib/install/ros2_socketcan/lib:/home/w/work/moveit2_handeye_calib/install/ros2_socketcan_msgs/lib:/home/w/work/moveit2_handeye_calib/install/robot_interfaces/lib:${LD_LIBRARY_PATH} PYTHONPATH=/home/w/work/moveit2_handeye_calib/install/ros2_socketcan_msgs/local/lib/python3.10/dist-packages:/home/w/work/moveit2_handeye_calib/install/robot_interfaces/local/lib/python3.10/dist-packages:${PYTHONPATH} /usr/bin/cmake /home/w/work/moveit2_handeye_calib/TG620/robot_driver -DCMAKE_INSTALL_PREFIX=/home/w/work/moveit2_handeye_calib/install/robot_driver
[18.715s] DEBUG:colcon.colcon_core.event_handler.log_command:Invoked command in '/home/w/work/moveit2_handeye_calib/build/robot_driver' returned '0': AMENT_PREFIX_PATH=/home/w/work/moveit2_handeye_calib/install/ros2_socketcan:/home/w/work/moveit2_handeye_calib/install/ros2_socketcan_msgs:/home/w/work/moveit2_handeye_calib/install/robot_interfaces:${AMENT_PREFIX_PATH} CMAKE_PREFIX_PATH=/home/w/work/moveit2_handeye_calib/install/ros2_socketcan:/home/w/work/moveit2_handeye_calib/install/ros2_socketcan_msgs:/home/w/work/moveit2_handeye_calib/install/robot_interfaces:/home/w/work/trac_ik_ws/install/trac_ik:/home/w/work/trac_ik_ws/install/trac_ik_examples:/home/w/work/trac_ik_ws/install/trac_ik_lib:/opt/ros/humble LD_LIBRARY_PATH=/home/w/work/moveit2_handeye_calib/install/ros2_socketcan/lib:/home/w/work/moveit2_handeye_calib/install/ros2_socketcan_msgs/lib:/home/w/work/moveit2_handeye_calib/install/robot_interfaces/lib:${LD_LIBRARY_PATH} PYTHONPATH=/home/w/work/moveit2_handeye_calib/install/ros2_socketcan_msgs/local/lib/python3.10/dist-packages:/home/w/work/moveit2_handeye_calib/install/robot_interfaces/local/lib/python3.10/dist-packages:${PYTHONPATH} /usr/bin/cmake /home/w/work/moveit2_handeye_calib/TG620/robot_driver -DCMAKE_INSTALL_PREFIX=/home/w/work/moveit2_handeye_calib/install/robot_driver
[18.717s] DEBUG:colcon.colcon_core.event_handler.log_command:Invoking command in '/home/w/work/moveit2_handeye_calib/build/robot_driver': AMENT_PREFIX_PATH=/home/w/work/moveit2_handeye_calib/install/ros2_socketcan:/home/w/work/moveit2_handeye_calib/install/ros2_socketcan_msgs:/home/w/work/moveit2_handeye_calib/install/robot_interfaces:${AMENT_PREFIX_PATH} CMAKE_PREFIX_PATH=/home/w/work/moveit2_handeye_calib/install/ros2_socketcan:/home/w/work/moveit2_handeye_calib/install/ros2_socketcan_msgs:/home/w/work/moveit2_handeye_calib/install/robot_interfaces:/home/w/work/trac_ik_ws/install/trac_ik:/home/w/work/trac_ik_ws/install/trac_ik_examples:/home/w/work/trac_ik_ws/install/trac_ik_lib:/opt/ros/humble LD_LIBRARY_PATH=/home/w/work/moveit2_handeye_calib/install/ros2_socketcan/lib:/home/w/work/moveit2_handeye_calib/install/ros2_socketcan_msgs/lib:/home/w/work/moveit2_handeye_calib/install/robot_interfaces/lib:${LD_LIBRARY_PATH} PYTHONPATH=/home/w/work/moveit2_handeye_calib/install/ros2_socketcan_msgs/local/lib/python3.10/dist-packages:/home/w/work/moveit2_handeye_calib/install/robot_interfaces/local/lib/python3.10/dist-packages:${PYTHONPATH} /usr/bin/cmake --build /home/w/work/moveit2_handeye_calib/build/robot_driver -- -j28 -l28
[25.140s] DEBUG:colcon.colcon_core.event_handler.log_command:Invoked command in '/home/w/work/moveit2_handeye_calib/build/moveit_calibration_plugins' returned '0': CMAKE_PREFIX_PATH=${CMAKE_PREFIX_PATH}:/opt/ros/humble /usr/bin/cmake --build /home/w/work/moveit2_handeye_calib/build/moveit_calibration_plugins -- -j28 -l28
[25.142s] DEBUG:colcon.colcon_core.event_handler.log_command:Invoking command in '/home/w/work/moveit2_handeye_calib/build/moveit_calibration_plugins': CMAKE_PREFIX_PATH=${CMAKE_PREFIX_PATH}:/opt/ros/humble /usr/bin/cmake --install /home/w/work/moveit2_handeye_calib/build/moveit_calibration_plugins
[25.155s] Level 1:colcon.colcon_core.environment:create_environment_scripts_only(moveit_calibration_plugins)
[25.156s] DEBUG:colcon.colcon_core.event_handler.log_command:Invoked command in '/home/w/work/moveit2_handeye_calib/build/moveit_calibration_plugins' returned '0': CMAKE_PREFIX_PATH=${CMAKE_PREFIX_PATH}:/opt/ros/humble /usr/bin/cmake --install /home/w/work/moveit2_handeye_calib/build/moveit_calibration_plugins
[25.156s] Level 1:colcon.colcon_core.environment:checking '/home/w/work/moveit2_handeye_calib/install/moveit_calibration_plugins' for CMake module files
[25.156s] Level 1:colcon.colcon_core.environment:checking '/home/w/work/moveit2_handeye_calib/install/moveit_calibration_plugins' for CMake config files
[25.156s] Level 1:colcon.colcon_core.shell:create_environment_hook('moveit_calibration_plugins', 'cmake_prefix_path')
[25.156s] INFO:colcon.colcon_core.shell:Creating environment hook '/home/w/work/moveit2_handeye_calib/install/moveit_calibration_plugins/share/moveit_calibration_plugins/hook/cmake_prefix_path.ps1'
[25.157s] INFO:colcon.colcon_core.shell:Creating environment descriptor '/home/w/work/moveit2_handeye_calib/install/moveit_calibration_plugins/share/moveit_calibration_plugins/hook/cmake_prefix_path.dsv'
[25.157s] INFO:colcon.colcon_core.shell:Creating environment hook '/home/w/work/moveit2_handeye_calib/install/moveit_calibration_plugins/share/moveit_calibration_plugins/hook/cmake_prefix_path.sh'
[25.157s] Level 1:colcon.colcon_core.environment:checking '/home/w/work/moveit2_handeye_calib/install/moveit_calibration_plugins/lib'
[25.157s] Level 1:colcon.colcon_core.shell:create_environment_hook('moveit_calibration_plugins', 'ld_library_path_lib')
[25.157s] INFO:colcon.colcon_core.shell:Creating environment hook '/home/w/work/moveit2_handeye_calib/install/moveit_calibration_plugins/share/moveit_calibration_plugins/hook/ld_library_path_lib.ps1'
[25.158s] INFO:colcon.colcon_core.shell:Creating environment descriptor '/home/w/work/moveit2_handeye_calib/install/moveit_calibration_plugins/share/moveit_calibration_plugins/hook/ld_library_path_lib.dsv'
[25.158s] INFO:colcon.colcon_core.shell:Creating environment hook '/home/w/work/moveit2_handeye_calib/install/moveit_calibration_plugins/share/moveit_calibration_plugins/hook/ld_library_path_lib.sh'
[25.158s] Level 1:colcon.colcon_core.environment:checking '/home/w/work/moveit2_handeye_calib/install/moveit_calibration_plugins/bin'
[25.158s] Level 1:colcon.colcon_core.environment:checking '/home/w/work/moveit2_handeye_calib/install/moveit_calibration_plugins/lib/pkgconfig/moveit_calibration_plugins.pc'
[25.158s] Level 1:colcon.colcon_core.environment:checking '/home/w/work/moveit2_handeye_calib/install/moveit_calibration_plugins/lib/python3.10/site-packages'
[25.158s] Level 1:colcon.colcon_core.environment:checking '/home/w/work/moveit2_handeye_calib/install/moveit_calibration_plugins/bin'
[25.158s] INFO:colcon.colcon_core.shell:Creating package script '/home/w/work/moveit2_handeye_calib/install/moveit_calibration_plugins/share/moveit_calibration_plugins/package.ps1'
[25.159s] INFO:colcon.colcon_core.shell:Creating package descriptor '/home/w/work/moveit2_handeye_calib/install/moveit_calibration_plugins/share/moveit_calibration_plugins/package.dsv'
[25.159s] INFO:colcon.colcon_core.shell:Creating package script '/home/w/work/moveit2_handeye_calib/install/moveit_calibration_plugins/share/moveit_calibration_plugins/package.sh'
[25.159s] INFO:colcon.colcon_core.shell:Creating package script '/home/w/work/moveit2_handeye_calib/install/moveit_calibration_plugins/share/moveit_calibration_plugins/package.bash'
[25.159s] INFO:colcon.colcon_core.shell:Creating package script '/home/w/work/moveit2_handeye_calib/install/moveit_calibration_plugins/share/moveit_calibration_plugins/package.zsh'
[25.159s] Level 1:colcon.colcon_core.environment:create_file_with_runtime_dependencies(/home/w/work/moveit2_handeye_calib/install/moveit_calibration_plugins/share/colcon-core/packages/moveit_calibration_plugins)
[25.160s] Level 1:colcon.colcon_core.environment:create_environment_scripts_only(moveit_calibration_plugins)
[25.160s] Level 1:colcon.colcon_core.environment:checking '/home/w/work/moveit2_handeye_calib/install/moveit_calibration_plugins' for CMake module files
[25.160s] Level 1:colcon.colcon_core.environment:checking '/home/w/work/moveit2_handeye_calib/install/moveit_calibration_plugins' for CMake config files
[25.160s] Level 1:colcon.colcon_core.shell:create_environment_hook('moveit_calibration_plugins', 'cmake_prefix_path')
[25.160s] INFO:colcon.colcon_core.shell:Creating environment hook '/home/w/work/moveit2_handeye_calib/install/moveit_calibration_plugins/share/moveit_calibration_plugins/hook/cmake_prefix_path.ps1'
[25.161s] INFO:colcon.colcon_core.shell:Creating environment descriptor '/home/w/work/moveit2_handeye_calib/install/moveit_calibration_plugins/share/moveit_calibration_plugins/hook/cmake_prefix_path.dsv'
[25.161s] INFO:colcon.colcon_core.shell:Creating environment hook '/home/w/work/moveit2_handeye_calib/install/moveit_calibration_plugins/share/moveit_calibration_plugins/hook/cmake_prefix_path.sh'
[25.161s] Level 1:colcon.colcon_core.environment:checking '/home/w/work/moveit2_handeye_calib/install/moveit_calibration_plugins/lib'
[25.161s] Level 1:colcon.colcon_core.shell:create_environment_hook('moveit_calibration_plugins', 'ld_library_path_lib')
[25.161s] INFO:colcon.colcon_core.shell:Creating environment hook '/home/w/work/moveit2_handeye_calib/install/moveit_calibration_plugins/share/moveit_calibration_plugins/hook/ld_library_path_lib.ps1'
[25.161s] INFO:colcon.colcon_core.shell:Creating environment descriptor '/home/w/work/moveit2_handeye_calib/install/moveit_calibration_plugins/share/moveit_calibration_plugins/hook/ld_library_path_lib.dsv'
[25.161s] INFO:colcon.colcon_core.shell:Creating environment hook '/home/w/work/moveit2_handeye_calib/install/moveit_calibration_plugins/share/moveit_calibration_plugins/hook/ld_library_path_lib.sh'
[25.162s] Level 1:colcon.colcon_core.environment:checking '/home/w/work/moveit2_handeye_calib/install/moveit_calibration_plugins/bin'
[25.162s] Level 1:colcon.colcon_core.environment:checking '/home/w/work/moveit2_handeye_calib/install/moveit_calibration_plugins/lib/pkgconfig/moveit_calibration_plugins.pc'
[25.162s] Level 1:colcon.colcon_core.environment:checking '/home/w/work/moveit2_handeye_calib/install/moveit_calibration_plugins/lib/python3.10/site-packages'
[25.162s] Level 1:colcon.colcon_core.environment:checking '/home/w/work/moveit2_handeye_calib/install/moveit_calibration_plugins/bin'
[25.162s] INFO:colcon.colcon_core.shell:Creating package script '/home/w/work/moveit2_handeye_calib/install/moveit_calibration_plugins/share/moveit_calibration_plugins/package.ps1'
[25.163s] INFO:colcon.colcon_core.shell:Creating package descriptor '/home/w/work/moveit2_handeye_calib/install/moveit_calibration_plugins/share/moveit_calibration_plugins/package.dsv'
[25.163s] INFO:colcon.colcon_core.shell:Creating package script '/home/w/work/moveit2_handeye_calib/install/moveit_calibration_plugins/share/moveit_calibration_plugins/package.sh'
[25.163s] INFO:colcon.colcon_core.shell:Creating package script '/home/w/work/moveit2_handeye_calib/install/moveit_calibration_plugins/share/moveit_calibration_plugins/package.bash'
[25.163s] INFO:colcon.colcon_core.shell:Creating package script '/home/w/work/moveit2_handeye_calib/install/moveit_calibration_plugins/share/moveit_calibration_plugins/package.zsh'
[25.163s] Level 1:colcon.colcon_core.environment:create_file_with_runtime_dependencies(/home/w/work/moveit2_handeye_calib/install/moveit_calibration_plugins/share/colcon-core/packages/moveit_calibration_plugins)
[25.164s] INFO:colcon.colcon_ros.task.ament_cmake.build:Building ROS package in '/home/w/work/moveit2_handeye_calib/moveit2_calibration/moveit_calibration_gui' with build type 'ament_cmake'
[25.164s] INFO:colcon.colcon_cmake.task.cmake.build:Building CMake package in '/home/w/work/moveit2_handeye_calib/moveit2_calibration/moveit_calibration_gui'
[25.164s] INFO:colcon.colcon_core.shell:Skip shell extension 'powershell' for command environment: Not usable outside of PowerShell
[25.164s] DEBUG:colcon.colcon_core.shell:Skip shell extension 'dsv' for command environment
[25.170s] DEBUG:colcon.colcon_core.event_handler.log_command:Invoking command in '/home/w/work/moveit2_handeye_calib/build/moveit_calibration_gui': AMENT_PREFIX_PATH=/home/w/work/moveit2_handeye_calib/install/moveit_calibration_plugins:${AMENT_PREFIX_PATH} CMAKE_PREFIX_PATH=/home/w/work/moveit2_handeye_calib/install/moveit_calibration_plugins:/home/w/work/trac_ik_ws/install/trac_ik:/home/w/work/trac_ik_ws/install/trac_ik_examples:/home/w/work/trac_ik_ws/install/trac_ik_lib:/opt/ros/humble LD_LIBRARY_PATH=/home/w/work/moveit2_handeye_calib/install/moveit_calibration_plugins/lib:${LD_LIBRARY_PATH} /usr/bin/cmake /home/w/work/moveit2_handeye_calib/moveit2_calibration/moveit_calibration_gui -DCMAKE_INSTALL_PREFIX=/home/w/work/moveit2_handeye_calib/install/moveit_calibration_gui
[27.056s] DEBUG:colcon.colcon_core.event_handler.log_command:Invoked command in '/home/w/work/moveit2_handeye_calib/build/moveit_calibration_gui' returned '1': AMENT_PREFIX_PATH=/home/w/work/moveit2_handeye_calib/install/moveit_calibration_plugins:${AMENT_PREFIX_PATH} CMAKE_PREFIX_PATH=/home/w/work/moveit2_handeye_calib/install/moveit_calibration_plugins:/home/w/work/trac_ik_ws/install/trac_ik:/home/w/work/trac_ik_ws/install/trac_ik_examples:/home/w/work/trac_ik_ws/install/trac_ik_lib:/opt/ros/humble LD_LIBRARY_PATH=/home/w/work/moveit2_handeye_calib/install/moveit_calibration_plugins/lib:${LD_LIBRARY_PATH} /usr/bin/cmake /home/w/work/moveit2_handeye_calib/moveit2_calibration/moveit_calibration_gui -DCMAKE_INSTALL_PREFIX=/home/w/work/moveit2_handeye_calib/install/moveit_calibration_gui
[27.067s] Level 1:colcon.colcon_core.environment:create_environment_scripts_only(moveit_calibration_gui)
[27.067s] Level 1:colcon.colcon_core.environment:checking '/home/w/work/moveit2_handeye_calib/install/moveit_calibration_gui' for CMake module files
[27.067s] Level 1:colcon.colcon_core.environment:checking '/home/w/work/moveit2_handeye_calib/install/moveit_calibration_gui' for CMake config files
[27.067s] Level 1:colcon.colcon_core.environment:checking '/home/w/work/moveit2_handeye_calib/install/moveit_calibration_gui/bin'
[27.067s] Level 1:colcon.colcon_core.environment:checking '/home/w/work/moveit2_handeye_calib/install/moveit_calibration_gui/lib/pkgconfig/moveit_calibration_gui.pc'
[27.067s] Level 1:colcon.colcon_core.environment:checking '/home/w/work/moveit2_handeye_calib/install/moveit_calibration_gui/lib/python3.10/site-packages'
[27.068s] Level 1:colcon.colcon_core.environment:checking '/home/w/work/moveit2_handeye_calib/install/moveit_calibration_gui/bin'
[27.068s] INFO:colcon.colcon_core.shell:Creating package script '/home/w/work/moveit2_handeye_calib/install/moveit_calibration_gui/share/moveit_calibration_gui/package.ps1'
[27.068s] INFO:colcon.colcon_core.shell:Creating package descriptor '/home/w/work/moveit2_handeye_calib/install/moveit_calibration_gui/share/moveit_calibration_gui/package.dsv'
[27.068s] INFO:colcon.colcon_core.shell:Creating package script '/home/w/work/moveit2_handeye_calib/install/moveit_calibration_gui/share/moveit_calibration_gui/package.sh'
[27.069s] INFO:colcon.colcon_core.shell:Creating package script '/home/w/work/moveit2_handeye_calib/install/moveit_calibration_gui/share/moveit_calibration_gui/package.bash'
[27.069s] INFO:colcon.colcon_core.shell:Creating package script '/home/w/work/moveit2_handeye_calib/install/moveit_calibration_gui/share/moveit_calibration_gui/package.zsh'
[27.069s] Level 1:colcon.colcon_core.environment:create_file_with_runtime_dependencies(/home/w/work/moveit2_handeye_calib/install/moveit_calibration_gui/share/colcon-core/packages/moveit_calibration_gui)
[39.968s] DEBUG:colcon.colcon_parallel_executor.executor.parallel:closing loop
[39.969s] DEBUG:colcon.colcon_parallel_executor.executor.parallel:loop closed
[39.969s] DEBUG:colcon.colcon_parallel_executor.executor.parallel:run_until_complete finished with '1'
[39.969s] DEBUG:colcon.colcon_core.event_reactor:joining thread
[39.982s] INFO:colcon.colcon_core.plugin_system:Skipping extension 'colcon_notification.desktop_notification.terminal_notifier': Not used on non-Darwin systems
[39.982s] INFO:colcon.colcon_core.plugin_system:Skipping extension 'colcon_notification.desktop_notification.win32': Not used on non-Windows systems
[39.982s] INFO:colcon.colcon_notification.desktop_notification:Sending desktop notification using 'notify2'
[40.009s] DEBUG:colcon.colcon_core.event_reactor:joined thread
[40.009s] INFO:colcon.colcon_core.shell:Creating prefix script '/home/w/work/moveit2_handeye_calib/install/local_setup.ps1'
[40.010s] INFO:colcon.colcon_core.shell:Creating prefix util module '/home/w/work/moveit2_handeye_calib/install/_local_setup_util_ps1.py'
[40.012s] INFO:colcon.colcon_core.shell:Creating prefix chain script '/home/w/work/moveit2_handeye_calib/install/setup.ps1'
[40.013s] INFO:colcon.colcon_core.shell:Creating prefix script '/home/w/work/moveit2_handeye_calib/install/local_setup.sh'
[40.014s] INFO:colcon.colcon_core.shell:Creating prefix util module '/home/w/work/moveit2_handeye_calib/install/_local_setup_util_sh.py'
[40.014s] INFO:colcon.colcon_core.shell:Creating prefix chain script '/home/w/work/moveit2_handeye_calib/install/setup.sh'
[40.016s] INFO:colcon.colcon_core.shell:Creating prefix script '/home/w/work/moveit2_handeye_calib/install/local_setup.bash'
[40.017s] INFO:colcon.colcon_core.shell:Creating prefix chain script '/home/w/work/moveit2_handeye_calib/install/setup.bash'
[40.018s] INFO:colcon.colcon_core.shell:Creating prefix script '/home/w/work/moveit2_handeye_calib/install/local_setup.zsh'
[40.019s] INFO:colcon.colcon_core.shell:Creating prefix chain script '/home/w/work/moveit2_handeye_calib/install/setup.zsh'
