[0.074s] DEBUG:colcon:Command line arguments: ['/usr/bin/colcon', 'build']
[0.075s] DEBUG:colcon:Parsed command line arguments: Namespace(log_base=None, log_level=None, verb_name='build', build_base='build', install_base='install', merge_install=False, symlink_install=False, test_result_base=None, continue_on_error=False, executor='parallel', parallel_workers=28, event_handlers=None, ignore_user_meta=False, metas=['./colcon.meta'], base_paths=['.'], packages_ignore=None, packages_ignore_regex=None, paths=None, packages_up_to=None, packages_up_to_regex=None, packages_above=None, packages_above_and_dependencies=None, packages_above_depth=None, packages_select_by_dep=None, packages_skip_by_dep=None, packages_skip_up_to=None, packages_select_build_failed=False, packages_skip_build_finished=False, packages_select_test_failures=False, packages_skip_test_passed=False, packages_select=None, packages_skip=None, packages_select_regex=None, packages_skip_regex=None, packages_start=None, packages_end=None, allow_overriding=[], cmake_args=None, cmake_target=None, cmake_target_skip_unavailable=False, cmake_clean_cache=False, cmake_clean_first=False, cmake_force_configure=False, ament_cmake_args=None, catkin_cmake_args=None, catkin_skip_building_tests=False, verb_parser=<colcon_defaults.argument_parser.defaults.DefaultArgumentsDecorator object at 0x7dd5c1e32350>, verb_extension=<colcon_core.verb.build.BuildVerb object at 0x7dd5c1f5b6a0>, main=<bound method BuildVerb.main of <colcon_core.verb.build.BuildVerb object at 0x7dd5c1f5b6a0>>)
[0.238s] Level 1:colcon.colcon_core.package_discovery:discover_packages(colcon_meta) check parameters
[0.238s] Level 1:colcon.colcon_core.package_discovery:discover_packages(recursive) check parameters
[0.238s] Level 1:colcon.colcon_core.package_discovery:discover_packages(ignore) check parameters
[0.238s] Level 1:colcon.colcon_core.package_discovery:discover_packages(path) check parameters
[0.238s] Level 1:colcon.colcon_core.package_discovery:discover_packages(colcon_meta) discover
[0.238s] Level 1:colcon.colcon_core.package_discovery:discover_packages(recursive) discover
[0.238s] INFO:colcon.colcon_core.package_discovery:Crawling recursively for packages in '/home/w/work/moveit2_handeye_calib'
[0.238s] Level 1:colcon.colcon_core.package_identification:_identify(.) by extensions ['ignore', 'ignore_ament_install']
[0.239s] Level 1:colcon.colcon_core.package_identification:_identify(.) by extension 'ignore'
[0.239s] Level 1:colcon.colcon_core.package_identification:_identify(.) by extension 'ignore_ament_install'
[0.239s] Level 1:colcon.colcon_core.package_identification:_identify(.) by extensions ['colcon_pkg']
[0.239s] Level 1:colcon.colcon_core.package_identification:_identify(.) by extension 'colcon_pkg'
[0.239s] Level 1:colcon.colcon_core.package_identification:_identify(.) by extensions ['colcon_meta']
[0.239s] Level 1:colcon.colcon_core.package_identification:_identify(.) by extension 'colcon_meta'
[0.239s] Level 1:colcon.colcon_core.package_identification:_identify(.) by extensions ['ros']
[0.239s] Level 1:colcon.colcon_core.package_identification:_identify(.) by extension 'ros'
[0.246s] Level 1:colcon.colcon_core.package_identification:_identify(.) by extensions ['cmake', 'python']
[0.246s] Level 1:colcon.colcon_core.package_identification:_identify(.) by extension 'cmake'
[0.246s] Level 1:colcon.colcon_core.package_identification:_identify(.) by extension 'python'
[0.246s] Level 1:colcon.colcon_core.package_identification:_identify(.) by extensions ['python_setup_py']
[0.246s] Level 1:colcon.colcon_core.package_identification:_identify(.) by extension 'python_setup_py'
[0.246s] Level 1:colcon.colcon_core.package_identification:_identify(TG620) by extensions ['ignore', 'ignore_ament_install']
[0.246s] Level 1:colcon.colcon_core.package_identification:_identify(TG620) by extension 'ignore'
[0.246s] Level 1:colcon.colcon_core.package_identification:_identify(TG620) by extension 'ignore_ament_install'
[0.246s] Level 1:colcon.colcon_core.package_identification:_identify(TG620) by extensions ['colcon_pkg']
[0.246s] Level 1:colcon.colcon_core.package_identification:_identify(TG620) by extension 'colcon_pkg'
[0.246s] Level 1:colcon.colcon_core.package_identification:_identify(TG620) by extensions ['colcon_meta']
[0.246s] Level 1:colcon.colcon_core.package_identification:_identify(TG620) by extension 'colcon_meta'
[0.246s] Level 1:colcon.colcon_core.package_identification:_identify(TG620) by extensions ['ros']
[0.246s] Level 1:colcon.colcon_core.package_identification:_identify(TG620) by extension 'ros'
[0.247s] Level 1:colcon.colcon_core.package_identification:_identify(TG620) by extensions ['cmake', 'python']
[0.247s] Level 1:colcon.colcon_core.package_identification:_identify(TG620) by extension 'cmake'
[0.247s] Level 1:colcon.colcon_core.package_identification:_identify(TG620) by extension 'python'
[0.247s] Level 1:colcon.colcon_core.package_identification:_identify(TG620) by extensions ['python_setup_py']
[0.247s] Level 1:colcon.colcon_core.package_identification:_identify(TG620) by extension 'python_setup_py'
[0.247s] Level 1:colcon.colcon_core.package_identification:_identify(TG620/motor_control_logger) by extensions ['ignore', 'ignore_ament_install']
[0.247s] Level 1:colcon.colcon_core.package_identification:_identify(TG620/motor_control_logger) by extension 'ignore'
[0.247s] Level 1:colcon.colcon_core.package_identification:_identify(TG620/motor_control_logger) by extension 'ignore_ament_install'
[0.247s] Level 1:colcon.colcon_core.package_identification:_identify(TG620/motor_control_logger) by extensions ['colcon_pkg']
[0.247s] Level 1:colcon.colcon_core.package_identification:_identify(TG620/motor_control_logger) by extension 'colcon_pkg'
[0.247s] Level 1:colcon.colcon_core.package_identification:_identify(TG620/motor_control_logger) by extensions ['colcon_meta']
[0.247s] Level 1:colcon.colcon_core.package_identification:_identify(TG620/motor_control_logger) by extension 'colcon_meta'
[0.247s] Level 1:colcon.colcon_core.package_identification:_identify(TG620/motor_control_logger) by extensions ['ros']
[0.247s] Level 1:colcon.colcon_core.package_identification:_identify(TG620/motor_control_logger) by extension 'ros'
[0.249s] DEBUG:colcon.colcon_core.package_identification:Package 'TG620/motor_control_logger' with type 'ros.ament_cmake' and name 'motor_control_logger'
[0.249s] Level 1:colcon.colcon_core.package_identification:_identify(TG620/robot_bringup) by extensions ['ignore', 'ignore_ament_install']
[0.249s] Level 1:colcon.colcon_core.package_identification:_identify(TG620/robot_bringup) by extension 'ignore'
[0.249s] Level 1:colcon.colcon_core.package_identification:_identify(TG620/robot_bringup) by extension 'ignore_ament_install'
[0.249s] Level 1:colcon.colcon_core.package_identification:_identify(TG620/robot_bringup) by extensions ['colcon_pkg']
[0.249s] Level 1:colcon.colcon_core.package_identification:_identify(TG620/robot_bringup) by extension 'colcon_pkg'
[0.249s] Level 1:colcon.colcon_core.package_identification:_identify(TG620/robot_bringup) by extensions ['colcon_meta']
[0.249s] Level 1:colcon.colcon_core.package_identification:_identify(TG620/robot_bringup) by extension 'colcon_meta'
[0.249s] Level 1:colcon.colcon_core.package_identification:_identify(TG620/robot_bringup) by extensions ['ros']
[0.249s] Level 1:colcon.colcon_core.package_identification:_identify(TG620/robot_bringup) by extension 'ros'
[0.250s] DEBUG:colcon.colcon_core.package_identification:Package 'TG620/robot_bringup' with type 'ros.ament_cmake' and name 'robot_bringup'
[0.250s] Level 1:colcon.colcon_core.package_identification:_identify(TG620/robot_config) by extensions ['ignore', 'ignore_ament_install']
[0.250s] Level 1:colcon.colcon_core.package_identification:_identify(TG620/robot_config) by extension 'ignore'
[0.250s] Level 1:colcon.colcon_core.package_identification:_identify(TG620/robot_config) by extension 'ignore_ament_install'
[0.250s] Level 1:colcon.colcon_core.package_identification:_identify(TG620/robot_config) by extensions ['colcon_pkg']
[0.250s] Level 1:colcon.colcon_core.package_identification:_identify(TG620/robot_config) by extension 'colcon_pkg'
[0.250s] Level 1:colcon.colcon_core.package_identification:_identify(TG620/robot_config) by extensions ['colcon_meta']
[0.250s] Level 1:colcon.colcon_core.package_identification:_identify(TG620/robot_config) by extension 'colcon_meta'
[0.250s] Level 1:colcon.colcon_core.package_identification:_identify(TG620/robot_config) by extensions ['ros']
[0.250s] Level 1:colcon.colcon_core.package_identification:_identify(TG620/robot_config) by extension 'ros'
[0.250s] Level 1:colcon.colcon_core.package_identification:_identify(TG620/robot_config) by extensions ['cmake', 'python']
[0.250s] Level 1:colcon.colcon_core.package_identification:_identify(TG620/robot_config) by extension 'cmake'
[0.250s] Level 1:colcon.colcon_core.package_identification:_identify(TG620/robot_config) by extension 'python'
[0.250s] Level 1:colcon.colcon_core.package_identification:_identify(TG620/robot_config) by extensions ['python_setup_py']
[0.250s] Level 1:colcon.colcon_core.package_identification:_identify(TG620/robot_config) by extension 'python_setup_py'
[0.250s] Level 1:colcon.colcon_core.package_identification:_identify(TG620/robot_config/arm380_config) by extensions ['ignore', 'ignore_ament_install']
[0.250s] Level 1:colcon.colcon_core.package_identification:_identify(TG620/robot_config/arm380_config) by extension 'ignore'
[0.250s] Level 1:colcon.colcon_core.package_identification:_identify(TG620/robot_config/arm380_config) by extension 'ignore_ament_install'
[0.250s] Level 1:colcon.colcon_core.package_identification:_identify(TG620/robot_config/arm380_config) by extensions ['colcon_pkg']
[0.250s] Level 1:colcon.colcon_core.package_identification:_identify(TG620/robot_config/arm380_config) by extension 'colcon_pkg'
[0.250s] Level 1:colcon.colcon_core.package_identification:_identify(TG620/robot_config/arm380_config) by extensions ['colcon_meta']
[0.250s] Level 1:colcon.colcon_core.package_identification:_identify(TG620/robot_config/arm380_config) by extension 'colcon_meta'
[0.250s] Level 1:colcon.colcon_core.package_identification:_identify(TG620/robot_config/arm380_config) by extensions ['ros']
[0.250s] Level 1:colcon.colcon_core.package_identification:_identify(TG620/robot_config/arm380_config) by extension 'ros'
[0.257s] DEBUG:colcon.colcon_core.package_identification:Package 'TG620/robot_config/arm380_config' with type 'ros.ament_cmake' and name 'arm380_config'
[0.257s] Level 1:colcon.colcon_core.package_identification:_identify(TG620/robot_config/arm620_config) by extensions ['ignore', 'ignore_ament_install']
[0.257s] Level 1:colcon.colcon_core.package_identification:_identify(TG620/robot_config/arm620_config) by extension 'ignore'
[0.257s] Level 1:colcon.colcon_core.package_identification:_identify(TG620/robot_config/arm620_config) by extension 'ignore_ament_install'
[0.257s] Level 1:colcon.colcon_core.package_identification:_identify(TG620/robot_config/arm620_config) by extensions ['colcon_pkg']
[0.257s] Level 1:colcon.colcon_core.package_identification:_identify(TG620/robot_config/arm620_config) by extension 'colcon_pkg'
[0.257s] Level 1:colcon.colcon_core.package_identification:_identify(TG620/robot_config/arm620_config) by extensions ['colcon_meta']
[0.257s] Level 1:colcon.colcon_core.package_identification:_identify(TG620/robot_config/arm620_config) by extension 'colcon_meta'
[0.257s] Level 1:colcon.colcon_core.package_identification:_identify(TG620/robot_config/arm620_config) by extensions ['ros']
[0.257s] Level 1:colcon.colcon_core.package_identification:_identify(TG620/robot_config/arm620_config) by extension 'ros'
[0.258s] DEBUG:colcon.colcon_core.package_identification:Package 'TG620/robot_config/arm620_config' with type 'ros.ament_cmake' and name 'arm620_config'
[0.258s] Level 1:colcon.colcon_core.package_identification:_identify(TG620/robot_config/arm620_dh_config) by extensions ['ignore', 'ignore_ament_install']
[0.258s] Level 1:colcon.colcon_core.package_identification:_identify(TG620/robot_config/arm620_dh_config) by extension 'ignore'
[0.258s] Level 1:colcon.colcon_core.package_identification:_identify(TG620/robot_config/arm620_dh_config) by extension 'ignore_ament_install'
[0.258s] Level 1:colcon.colcon_core.package_identification:_identify(TG620/robot_config/arm620_dh_config) by extensions ['colcon_pkg']
[0.258s] Level 1:colcon.colcon_core.package_identification:_identify(TG620/robot_config/arm620_dh_config) by extension 'colcon_pkg'
[0.258s] Level 1:colcon.colcon_core.package_identification:_identify(TG620/robot_config/arm620_dh_config) by extensions ['colcon_meta']
[0.258s] Level 1:colcon.colcon_core.package_identification:_identify(TG620/robot_config/arm620_dh_config) by extension 'colcon_meta'
[0.258s] Level 1:colcon.colcon_core.package_identification:_identify(TG620/robot_config/arm620_dh_config) by extensions ['ros']
[0.258s] Level 1:colcon.colcon_core.package_identification:_identify(TG620/robot_config/arm620_dh_config) by extension 'ros'
[0.259s] DEBUG:colcon.colcon_core.package_identification:Package 'TG620/robot_config/arm620_dh_config' with type 'ros.ament_cmake' and name 'arm620_dh_config'
[0.259s] Level 1:colcon.colcon_core.package_identification:_identify(TG620/robot_control) by extensions ['ignore', 'ignore_ament_install']
[0.259s] Level 1:colcon.colcon_core.package_identification:_identify(TG620/robot_control) by extension 'ignore'
[0.259s] Level 1:colcon.colcon_core.package_identification:_identify(TG620/robot_control) by extension 'ignore_ament_install'
[0.259s] Level 1:colcon.colcon_core.package_identification:_identify(TG620/robot_control) by extensions ['colcon_pkg']
[0.259s] Level 1:colcon.colcon_core.package_identification:_identify(TG620/robot_control) by extension 'colcon_pkg'
[0.259s] Level 1:colcon.colcon_core.package_identification:_identify(TG620/robot_control) by extensions ['colcon_meta']
[0.259s] Level 1:colcon.colcon_core.package_identification:_identify(TG620/robot_control) by extension 'colcon_meta'
[0.259s] Level 1:colcon.colcon_core.package_identification:_identify(TG620/robot_control) by extensions ['ros']
[0.259s] Level 1:colcon.colcon_core.package_identification:_identify(TG620/robot_control) by extension 'ros'
[0.259s] DEBUG:colcon.colcon_core.package_identification:Package 'TG620/robot_control' with type 'ros.ament_cmake' and name 'robot_control'
[0.259s] Level 1:colcon.colcon_core.package_identification:_identify(TG620/robot_description) by extensions ['ignore', 'ignore_ament_install']
[0.260s] Level 1:colcon.colcon_core.package_identification:_identify(TG620/robot_description) by extension 'ignore'
[0.260s] Level 1:colcon.colcon_core.package_identification:_identify(TG620/robot_description) by extension 'ignore_ament_install'
[0.260s] Level 1:colcon.colcon_core.package_identification:_identify(TG620/robot_description) by extensions ['colcon_pkg']
[0.260s] Level 1:colcon.colcon_core.package_identification:_identify(TG620/robot_description) by extension 'colcon_pkg'
[0.260s] Level 1:colcon.colcon_core.package_identification:_identify(TG620/robot_description) by extensions ['colcon_meta']
[0.260s] Level 1:colcon.colcon_core.package_identification:_identify(TG620/robot_description) by extension 'colcon_meta'
[0.260s] Level 1:colcon.colcon_core.package_identification:_identify(TG620/robot_description) by extensions ['ros']
[0.260s] Level 1:colcon.colcon_core.package_identification:_identify(TG620/robot_description) by extension 'ros'
[0.260s] DEBUG:colcon.colcon_core.package_identification:Package 'TG620/robot_description' with type 'ros.ament_cmake' and name 'robot_description'
[0.260s] Level 1:colcon.colcon_core.package_identification:_identify(TG620/robot_driver) by extensions ['ignore', 'ignore_ament_install']
[0.260s] Level 1:colcon.colcon_core.package_identification:_identify(TG620/robot_driver) by extension 'ignore'
[0.260s] Level 1:colcon.colcon_core.package_identification:_identify(TG620/robot_driver) by extension 'ignore_ament_install'
[0.260s] Level 1:colcon.colcon_core.package_identification:_identify(TG620/robot_driver) by extensions ['colcon_pkg']
[0.260s] Level 1:colcon.colcon_core.package_identification:_identify(TG620/robot_driver) by extension 'colcon_pkg'
[0.260s] Level 1:colcon.colcon_core.package_identification:_identify(TG620/robot_driver) by extensions ['colcon_meta']
[0.260s] Level 1:colcon.colcon_core.package_identification:_identify(TG620/robot_driver) by extension 'colcon_meta'
[0.260s] Level 1:colcon.colcon_core.package_identification:_identify(TG620/robot_driver) by extensions ['ros']
[0.260s] Level 1:colcon.colcon_core.package_identification:_identify(TG620/robot_driver) by extension 'ros'
[0.261s] DEBUG:colcon.colcon_core.package_identification:Package 'TG620/robot_driver' with type 'ros.ament_cmake' and name 'robot_driver'
[0.261s] Level 1:colcon.colcon_core.package_identification:_identify(TG620/robot_dynamics) by extensions ['ignore', 'ignore_ament_install']
[0.261s] Level 1:colcon.colcon_core.package_identification:_identify(TG620/robot_dynamics) by extension 'ignore'
[0.261s] Level 1:colcon.colcon_core.package_identification:_identify(TG620/robot_dynamics) by extension 'ignore_ament_install'
[0.261s] Level 1:colcon.colcon_core.package_identification:_identify(TG620/robot_dynamics) by extensions ['colcon_pkg']
[0.261s] Level 1:colcon.colcon_core.package_identification:_identify(TG620/robot_dynamics) by extension 'colcon_pkg'
[0.261s] Level 1:colcon.colcon_core.package_identification:_identify(TG620/robot_dynamics) by extensions ['colcon_meta']
[0.261s] Level 1:colcon.colcon_core.package_identification:_identify(TG620/robot_dynamics) by extension 'colcon_meta'
[0.261s] Level 1:colcon.colcon_core.package_identification:_identify(TG620/robot_dynamics) by extensions ['ros']
[0.261s] Level 1:colcon.colcon_core.package_identification:_identify(TG620/robot_dynamics) by extension 'ros'
[0.262s] DEBUG:colcon.colcon_core.package_identification:Package 'TG620/robot_dynamics' with type 'ros.ament_python' and name 'robot_dynamics'
[0.262s] Level 1:colcon.colcon_core.package_identification:_identify(TG620/robot_input) by extensions ['ignore', 'ignore_ament_install']
[0.262s] Level 1:colcon.colcon_core.package_identification:_identify(TG620/robot_input) by extension 'ignore'
[0.262s] Level 1:colcon.colcon_core.package_identification:_identify(TG620/robot_input) by extension 'ignore_ament_install'
[0.262s] Level 1:colcon.colcon_core.package_identification:_identify(TG620/robot_input) by extensions ['colcon_pkg']
[0.262s] Level 1:colcon.colcon_core.package_identification:_identify(TG620/robot_input) by extension 'colcon_pkg'
[0.262s] Level 1:colcon.colcon_core.package_identification:_identify(TG620/robot_input) by extensions ['colcon_meta']
[0.262s] Level 1:colcon.colcon_core.package_identification:_identify(TG620/robot_input) by extension 'colcon_meta'
[0.262s] Level 1:colcon.colcon_core.package_identification:_identify(TG620/robot_input) by extensions ['ros']
[0.262s] Level 1:colcon.colcon_core.package_identification:_identify(TG620/robot_input) by extension 'ros'
[0.263s] DEBUG:colcon.colcon_core.package_identification:Package 'TG620/robot_input' with type 'ros.ament_python' and name 'robot_input'
[0.263s] Level 1:colcon.colcon_core.package_identification:_identify(TG620/robot_interfaces) by extensions ['ignore', 'ignore_ament_install']
[0.263s] Level 1:colcon.colcon_core.package_identification:_identify(TG620/robot_interfaces) by extension 'ignore'
[0.263s] Level 1:colcon.colcon_core.package_identification:_identify(TG620/robot_interfaces) by extension 'ignore_ament_install'
[0.263s] Level 1:colcon.colcon_core.package_identification:_identify(TG620/robot_interfaces) by extensions ['colcon_pkg']
[0.263s] Level 1:colcon.colcon_core.package_identification:_identify(TG620/robot_interfaces) by extension 'colcon_pkg'
[0.263s] Level 1:colcon.colcon_core.package_identification:_identify(TG620/robot_interfaces) by extensions ['colcon_meta']
[0.263s] Level 1:colcon.colcon_core.package_identification:_identify(TG620/robot_interfaces) by extension 'colcon_meta'
[0.263s] Level 1:colcon.colcon_core.package_identification:_identify(TG620/robot_interfaces) by extensions ['ros']
[0.263s] Level 1:colcon.colcon_core.package_identification:_identify(TG620/robot_interfaces) by extension 'ros'
[0.264s] DEBUG:colcon.colcon_core.package_identification:Package 'TG620/robot_interfaces' with type 'ros.ament_cmake' and name 'robot_interfaces'
[0.264s] Level 1:colcon.colcon_core.package_identification:_identify(TG620/robot_sdk) by extensions ['ignore', 'ignore_ament_install']
[0.264s] Level 1:colcon.colcon_core.package_identification:_identify(TG620/robot_sdk) by extension 'ignore'
[0.264s] Level 1:colcon.colcon_core.package_identification:_identify(TG620/robot_sdk) by extension 'ignore_ament_install'
[0.264s] Level 1:colcon.colcon_core.package_identification:_identify(TG620/robot_sdk) by extensions ['colcon_pkg']
[0.264s] Level 1:colcon.colcon_core.package_identification:_identify(TG620/robot_sdk) by extension 'colcon_pkg'
[0.264s] Level 1:colcon.colcon_core.package_identification:_identify(TG620/robot_sdk) by extensions ['colcon_meta']
[0.264s] Level 1:colcon.colcon_core.package_identification:_identify(TG620/robot_sdk) by extension 'colcon_meta'
[0.264s] Level 1:colcon.colcon_core.package_identification:_identify(TG620/robot_sdk) by extensions ['ros']
[0.264s] Level 1:colcon.colcon_core.package_identification:_identify(TG620/robot_sdk) by extension 'ros'
[0.264s] DEBUG:colcon.colcon_core.package_identification:Package 'TG620/robot_sdk' with type 'ros.ament_cmake' and name 'robot_sdk'
[0.264s] Level 1:colcon.colcon_core.package_identification:_identify(TG620/robot_state_machine) by extensions ['ignore', 'ignore_ament_install']
[0.264s] Level 1:colcon.colcon_core.package_identification:_identify(TG620/robot_state_machine) by extension 'ignore'
[0.264s] Level 1:colcon.colcon_core.package_identification:_identify(TG620/robot_state_machine) by extension 'ignore_ament_install'
[0.264s] Level 1:colcon.colcon_core.package_identification:_identify(TG620/robot_state_machine) by extensions ['colcon_pkg']
[0.265s] Level 1:colcon.colcon_core.package_identification:_identify(TG620/robot_state_machine) by extension 'colcon_pkg'
[0.265s] Level 1:colcon.colcon_core.package_identification:_identify(TG620/robot_state_machine) by extensions ['colcon_meta']
[0.265s] Level 1:colcon.colcon_core.package_identification:_identify(TG620/robot_state_machine) by extension 'colcon_meta'
[0.265s] Level 1:colcon.colcon_core.package_identification:_identify(TG620/robot_state_machine) by extensions ['ros']
[0.265s] Level 1:colcon.colcon_core.package_identification:_identify(TG620/robot_state_machine) by extension 'ros'
[0.265s] DEBUG:colcon.colcon_core.package_identification:Package 'TG620/robot_state_machine' with type 'ros.ament_cmake' and name 'robot_state_machine'
[0.265s] Level 1:colcon.colcon_core.package_identification:_identify(TG620/robot_test_py) by extensions ['ignore', 'ignore_ament_install']
[0.265s] Level 1:colcon.colcon_core.package_identification:_identify(TG620/robot_test_py) by extension 'ignore'
[0.265s] Level 1:colcon.colcon_core.package_identification:_identify(TG620/robot_test_py) by extension 'ignore_ament_install'
[0.265s] Level 1:colcon.colcon_core.package_identification:_identify(TG620/robot_test_py) by extensions ['colcon_pkg']
[0.265s] Level 1:colcon.colcon_core.package_identification:_identify(TG620/robot_test_py) by extension 'colcon_pkg'
[0.265s] Level 1:colcon.colcon_core.package_identification:_identify(TG620/robot_test_py) by extensions ['colcon_meta']
[0.265s] Level 1:colcon.colcon_core.package_identification:_identify(TG620/robot_test_py) by extension 'colcon_meta'
[0.265s] Level 1:colcon.colcon_core.package_identification:_identify(TG620/robot_test_py) by extensions ['ros']
[0.265s] Level 1:colcon.colcon_core.package_identification:_identify(TG620/robot_test_py) by extension 'ros'
[0.266s] DEBUG:colcon.colcon_core.package_identification:Package 'TG620/robot_test_py' with type 'ros.ament_python' and name 'robot_test_py'
[0.266s] Level 1:colcon.colcon_core.package_identification:_identify(TG620/robot_virtual_fence) by extensions ['ignore', 'ignore_ament_install']
[0.266s] Level 1:colcon.colcon_core.package_identification:_identify(TG620/robot_virtual_fence) by extension 'ignore'
[0.266s] Level 1:colcon.colcon_core.package_identification:_identify(TG620/robot_virtual_fence) by extension 'ignore_ament_install'
[0.266s] Level 1:colcon.colcon_core.package_identification:_identify(TG620/robot_virtual_fence) by extensions ['colcon_pkg']
[0.266s] Level 1:colcon.colcon_core.package_identification:_identify(TG620/robot_virtual_fence) by extension 'colcon_pkg'
[0.266s] Level 1:colcon.colcon_core.package_identification:_identify(TG620/robot_virtual_fence) by extensions ['colcon_meta']
[0.266s] Level 1:colcon.colcon_core.package_identification:_identify(TG620/robot_virtual_fence) by extension 'colcon_meta'
[0.266s] Level 1:colcon.colcon_core.package_identification:_identify(TG620/robot_virtual_fence) by extensions ['ros']
[0.266s] Level 1:colcon.colcon_core.package_identification:_identify(TG620/robot_virtual_fence) by extension 'ros'
[0.266s] DEBUG:colcon.colcon_core.package_identification:Package 'TG620/robot_virtual_fence' with type 'ros.ament_cmake' and name 'robot_virtual_fence'
[0.266s] Level 1:colcon.colcon_core.package_identification:_identify(TG620/ros2_socketcan) by extensions ['ignore', 'ignore_ament_install']
[0.267s] Level 1:colcon.colcon_core.package_identification:_identify(TG620/ros2_socketcan) by extension 'ignore'
[0.267s] Level 1:colcon.colcon_core.package_identification:_identify(TG620/ros2_socketcan) by extension 'ignore_ament_install'
[0.267s] Level 1:colcon.colcon_core.package_identification:_identify(TG620/ros2_socketcan) by extensions ['colcon_pkg']
[0.267s] Level 1:colcon.colcon_core.package_identification:_identify(TG620/ros2_socketcan) by extension 'colcon_pkg'
[0.267s] Level 1:colcon.colcon_core.package_identification:_identify(TG620/ros2_socketcan) by extensions ['colcon_meta']
[0.267s] Level 1:colcon.colcon_core.package_identification:_identify(TG620/ros2_socketcan) by extension 'colcon_meta'
[0.267s] Level 1:colcon.colcon_core.package_identification:_identify(TG620/ros2_socketcan) by extensions ['ros']
[0.267s] Level 1:colcon.colcon_core.package_identification:_identify(TG620/ros2_socketcan) by extension 'ros'
[0.267s] Level 1:colcon.colcon_core.package_identification:_identify(TG620/ros2_socketcan) by extensions ['cmake', 'python']
[0.267s] Level 1:colcon.colcon_core.package_identification:_identify(TG620/ros2_socketcan) by extension 'cmake'
[0.267s] Level 1:colcon.colcon_core.package_identification:_identify(TG620/ros2_socketcan) by extension 'python'
[0.267s] Level 1:colcon.colcon_core.package_identification:_identify(TG620/ros2_socketcan) by extensions ['python_setup_py']
[0.267s] Level 1:colcon.colcon_core.package_identification:_identify(TG620/ros2_socketcan) by extension 'python_setup_py'
[0.267s] Level 1:colcon.colcon_core.package_identification:_identify(TG620/ros2_socketcan/ros2_socketcan) by extensions ['ignore', 'ignore_ament_install']
[0.267s] Level 1:colcon.colcon_core.package_identification:_identify(TG620/ros2_socketcan/ros2_socketcan) by extension 'ignore'
[0.267s] Level 1:colcon.colcon_core.package_identification:_identify(TG620/ros2_socketcan/ros2_socketcan) by extension 'ignore_ament_install'
[0.267s] Level 1:colcon.colcon_core.package_identification:_identify(TG620/ros2_socketcan/ros2_socketcan) by extensions ['colcon_pkg']
[0.267s] Level 1:colcon.colcon_core.package_identification:_identify(TG620/ros2_socketcan/ros2_socketcan) by extension 'colcon_pkg'
[0.267s] Level 1:colcon.colcon_core.package_identification:_identify(TG620/ros2_socketcan/ros2_socketcan) by extensions ['colcon_meta']
[0.267s] Level 1:colcon.colcon_core.package_identification:_identify(TG620/ros2_socketcan/ros2_socketcan) by extension 'colcon_meta'
[0.267s] Level 1:colcon.colcon_core.package_identification:_identify(TG620/ros2_socketcan/ros2_socketcan) by extensions ['ros']
[0.267s] Level 1:colcon.colcon_core.package_identification:_identify(TG620/ros2_socketcan/ros2_socketcan) by extension 'ros'
[0.268s] DEBUG:colcon.colcon_core.package_identification:Package 'TG620/ros2_socketcan/ros2_socketcan' with type 'ros.ament_cmake' and name 'ros2_socketcan'
[0.268s] Level 1:colcon.colcon_core.package_identification:_identify(TG620/ros2_socketcan/ros2_socketcan_msgs) by extensions ['ignore', 'ignore_ament_install']
[0.268s] Level 1:colcon.colcon_core.package_identification:_identify(TG620/ros2_socketcan/ros2_socketcan_msgs) by extension 'ignore'
[0.268s] Level 1:colcon.colcon_core.package_identification:_identify(TG620/ros2_socketcan/ros2_socketcan_msgs) by extension 'ignore_ament_install'
[0.268s] Level 1:colcon.colcon_core.package_identification:_identify(TG620/ros2_socketcan/ros2_socketcan_msgs) by extensions ['colcon_pkg']
[0.268s] Level 1:colcon.colcon_core.package_identification:_identify(TG620/ros2_socketcan/ros2_socketcan_msgs) by extension 'colcon_pkg'
[0.268s] Level 1:colcon.colcon_core.package_identification:_identify(TG620/ros2_socketcan/ros2_socketcan_msgs) by extensions ['colcon_meta']
[0.268s] Level 1:colcon.colcon_core.package_identification:_identify(TG620/ros2_socketcan/ros2_socketcan_msgs) by extension 'colcon_meta'
[0.268s] Level 1:colcon.colcon_core.package_identification:_identify(TG620/ros2_socketcan/ros2_socketcan_msgs) by extensions ['ros']
[0.268s] Level 1:colcon.colcon_core.package_identification:_identify(TG620/ros2_socketcan/ros2_socketcan_msgs) by extension 'ros'
[0.268s] DEBUG:colcon.colcon_core.package_identification:Package 'TG620/ros2_socketcan/ros2_socketcan_msgs' with type 'ros.ament_cmake' and name 'ros2_socketcan_msgs'
[0.268s] Level 1:colcon.colcon_core.package_identification:_identify(TG620/traj_smoother_py) by extensions ['ignore', 'ignore_ament_install']
[0.268s] Level 1:colcon.colcon_core.package_identification:_identify(TG620/traj_smoother_py) by extension 'ignore'
[0.268s] Level 1:colcon.colcon_core.package_identification:_identify(TG620/traj_smoother_py) by extension 'ignore_ament_install'
[0.269s] Level 1:colcon.colcon_core.package_identification:_identify(TG620/traj_smoother_py) by extensions ['colcon_pkg']
[0.269s] Level 1:colcon.colcon_core.package_identification:_identify(TG620/traj_smoother_py) by extension 'colcon_pkg'
[0.269s] Level 1:colcon.colcon_core.package_identification:_identify(TG620/traj_smoother_py) by extensions ['colcon_meta']
[0.269s] Level 1:colcon.colcon_core.package_identification:_identify(TG620/traj_smoother_py) by extension 'colcon_meta'
[0.269s] Level 1:colcon.colcon_core.package_identification:_identify(TG620/traj_smoother_py) by extensions ['ros']
[0.269s] Level 1:colcon.colcon_core.package_identification:_identify(TG620/traj_smoother_py) by extension 'ros'
[0.269s] DEBUG:colcon.colcon_core.package_identification:Package 'TG620/traj_smoother_py' with type 'ros.ament_python' and name 'traj_smoother_py'
[0.269s] Level 1:colcon.colcon_core.package_identification:_identify(build) by extensions ['ignore', 'ignore_ament_install']
[0.269s] Level 1:colcon.colcon_core.package_identification:_identify(build) by extension 'ignore'
[0.269s] Level 1:colcon.colcon_core.package_identification:_identify(build) ignored
[0.269s] Level 1:colcon.colcon_core.package_identification:_identify(install) by extensions ['ignore', 'ignore_ament_install']
[0.269s] Level 1:colcon.colcon_core.package_identification:_identify(install) by extension 'ignore'
[0.269s] Level 1:colcon.colcon_core.package_identification:_identify(install) ignored
[0.269s] Level 1:colcon.colcon_core.package_identification:_identify(log) by extensions ['ignore', 'ignore_ament_install']
[0.269s] Level 1:colcon.colcon_core.package_identification:_identify(log) by extension 'ignore'
[0.269s] Level 1:colcon.colcon_core.package_identification:_identify(log) ignored
[0.269s] Level 1:colcon.colcon_core.package_identification:_identify(moveit2_calibration) by extensions ['ignore', 'ignore_ament_install']
[0.269s] Level 1:colcon.colcon_core.package_identification:_identify(moveit2_calibration) by extension 'ignore'
[0.269s] Level 1:colcon.colcon_core.package_identification:_identify(moveit2_calibration) by extension 'ignore_ament_install'
[0.269s] Level 1:colcon.colcon_core.package_identification:_identify(moveit2_calibration) by extensions ['colcon_pkg']
[0.269s] Level 1:colcon.colcon_core.package_identification:_identify(moveit2_calibration) by extension 'colcon_pkg'
[0.269s] Level 1:colcon.colcon_core.package_identification:_identify(moveit2_calibration) by extensions ['colcon_meta']
[0.269s] Level 1:colcon.colcon_core.package_identification:_identify(moveit2_calibration) by extension 'colcon_meta'
[0.270s] Level 1:colcon.colcon_core.package_identification:_identify(moveit2_calibration) by extensions ['ros']
[0.270s] Level 1:colcon.colcon_core.package_identification:_identify(moveit2_calibration) by extension 'ros'
[0.270s] Level 1:colcon.colcon_core.package_identification:_identify(moveit2_calibration) by extensions ['cmake', 'python']
[0.270s] Level 1:colcon.colcon_core.package_identification:_identify(moveit2_calibration) by extension 'cmake'
[0.270s] Level 1:colcon.colcon_core.package_identification:_identify(moveit2_calibration) by extension 'python'
[0.270s] Level 1:colcon.colcon_core.package_identification:_identify(moveit2_calibration) by extensions ['python_setup_py']
[0.270s] Level 1:colcon.colcon_core.package_identification:_identify(moveit2_calibration) by extension 'python_setup_py'
[0.270s] Level 1:colcon.colcon_core.package_identification:_identify(moveit2_calibration/moveit_calibration_demos) by extensions ['ignore', 'ignore_ament_install']
[0.270s] Level 1:colcon.colcon_core.package_identification:_identify(moveit2_calibration/moveit_calibration_demos) by extension 'ignore'
[0.270s] Level 1:colcon.colcon_core.package_identification:_identify(moveit2_calibration/moveit_calibration_demos) by extension 'ignore_ament_install'
[0.270s] Level 1:colcon.colcon_core.package_identification:_identify(moveit2_calibration/moveit_calibration_demos) by extensions ['colcon_pkg']
[0.270s] Level 1:colcon.colcon_core.package_identification:_identify(moveit2_calibration/moveit_calibration_demos) by extension 'colcon_pkg'
[0.270s] Level 1:colcon.colcon_core.package_identification:_identify(moveit2_calibration/moveit_calibration_demos) by extensions ['colcon_meta']
[0.270s] Level 1:colcon.colcon_core.package_identification:_identify(moveit2_calibration/moveit_calibration_demos) by extension 'colcon_meta'
[0.270s] Level 1:colcon.colcon_core.package_identification:_identify(moveit2_calibration/moveit_calibration_demos) by extensions ['ros']
[0.270s] Level 1:colcon.colcon_core.package_identification:_identify(moveit2_calibration/moveit_calibration_demos) by extension 'ros'
[0.270s] DEBUG:colcon.colcon_core.package_identification:Package 'moveit2_calibration/moveit_calibration_demos' with type 'ros.ament_cmake' and name 'moveit_calibration_demos'
[0.270s] Level 1:colcon.colcon_core.package_identification:_identify(moveit2_calibration/moveit_calibration_gui) by extensions ['ignore', 'ignore_ament_install']
[0.270s] Level 1:colcon.colcon_core.package_identification:_identify(moveit2_calibration/moveit_calibration_gui) by extension 'ignore'
[0.270s] Level 1:colcon.colcon_core.package_identification:_identify(moveit2_calibration/moveit_calibration_gui) by extension 'ignore_ament_install'
[0.270s] Level 1:colcon.colcon_core.package_identification:_identify(moveit2_calibration/moveit_calibration_gui) by extensions ['colcon_pkg']
[0.270s] Level 1:colcon.colcon_core.package_identification:_identify(moveit2_calibration/moveit_calibration_gui) by extension 'colcon_pkg'
[0.270s] Level 1:colcon.colcon_core.package_identification:_identify(moveit2_calibration/moveit_calibration_gui) by extensions ['colcon_meta']
[0.270s] Level 1:colcon.colcon_core.package_identification:_identify(moveit2_calibration/moveit_calibration_gui) by extension 'colcon_meta'
[0.270s] Level 1:colcon.colcon_core.package_identification:_identify(moveit2_calibration/moveit_calibration_gui) by extensions ['ros']
[0.271s] Level 1:colcon.colcon_core.package_identification:_identify(moveit2_calibration/moveit_calibration_gui) by extension 'ros'
[0.272s] DEBUG:colcon.colcon_core.package_identification:Package 'moveit2_calibration/moveit_calibration_gui' with type 'ros.ament_cmake' and name 'moveit_calibration_gui'
[0.272s] Level 1:colcon.colcon_core.package_identification:_identify(moveit2_calibration/moveit_calibration_plugins) by extensions ['ignore', 'ignore_ament_install']
[0.272s] Level 1:colcon.colcon_core.package_identification:_identify(moveit2_calibration/moveit_calibration_plugins) by extension 'ignore'
[0.272s] Level 1:colcon.colcon_core.package_identification:_identify(moveit2_calibration/moveit_calibration_plugins) by extension 'ignore_ament_install'
[0.272s] Level 1:colcon.colcon_core.package_identification:_identify(moveit2_calibration/moveit_calibration_plugins) by extensions ['colcon_pkg']
[0.272s] Level 1:colcon.colcon_core.package_identification:_identify(moveit2_calibration/moveit_calibration_plugins) by extension 'colcon_pkg'
[0.272s] Level 1:colcon.colcon_core.package_identification:_identify(moveit2_calibration/moveit_calibration_plugins) by extensions ['colcon_meta']
[0.272s] Level 1:colcon.colcon_core.package_identification:_identify(moveit2_calibration/moveit_calibration_plugins) by extension 'colcon_meta'
[0.272s] Level 1:colcon.colcon_core.package_identification:_identify(moveit2_calibration/moveit_calibration_plugins) by extensions ['ros']
[0.272s] Level 1:colcon.colcon_core.package_identification:_identify(moveit2_calibration/moveit_calibration_plugins) by extension 'ros'
[0.273s] DEBUG:colcon.colcon_core.package_identification:Package 'moveit2_calibration/moveit_calibration_plugins' with type 'ros.ament_cmake' and name 'moveit_calibration_plugins'
[0.273s] Level 1:colcon.colcon_core.package_discovery:discover_packages(recursive) using defaults
[0.273s] Level 1:colcon.colcon_core.package_discovery:discover_packages(ignore) discover
[0.273s] Level 1:colcon.colcon_core.package_discovery:discover_packages(ignore) using defaults
[0.273s] Level 1:colcon.colcon_core.package_discovery:discover_packages(path) discover
[0.273s] Level 1:colcon.colcon_core.package_discovery:discover_packages(path) using defaults
[0.289s] Level 1:colcon.colcon_core.package_discovery:discover_packages(prefix_path) check parameters
[0.289s] Level 1:colcon.colcon_core.package_discovery:discover_packages(prefix_path) discover
[0.292s] DEBUG:colcon.colcon_installed_package_information.package_discovery:Found 21 installed packages in /home/w/work/moveit2_handeye_calib/install
[0.293s] DEBUG:colcon.colcon_installed_package_information.package_discovery:Found 3 installed packages in /home/w/work/trac_ik_ws/install
[0.293s] DEBUG:colcon.colcon_installed_package_information.package_discovery:Found 364 installed packages in /opt/ros/humble
[0.295s] Level 1:colcon.colcon_core.package_discovery:discover_packages(prefix_path) using defaults
[0.323s] Level 5:colcon.colcon_core.verb:set package 'moveit_calibration_plugins' build argument 'cmake_args' from command line to 'None'
[0.323s] Level 5:colcon.colcon_core.verb:set package 'moveit_calibration_plugins' build argument 'cmake_target' from command line to 'None'
[0.323s] Level 5:colcon.colcon_core.verb:set package 'moveit_calibration_plugins' build argument 'cmake_target_skip_unavailable' from command line to 'False'
[0.323s] Level 5:colcon.colcon_core.verb:set package 'moveit_calibration_plugins' build argument 'cmake_clean_cache' from command line to 'False'
[0.323s] Level 5:colcon.colcon_core.verb:set package 'moveit_calibration_plugins' build argument 'cmake_clean_first' from command line to 'False'
[0.323s] Level 5:colcon.colcon_core.verb:set package 'moveit_calibration_plugins' build argument 'cmake_force_configure' from command line to 'False'
[0.323s] Level 5:colcon.colcon_core.verb:set package 'moveit_calibration_plugins' build argument 'ament_cmake_args' from command line to 'None'
[0.323s] Level 5:colcon.colcon_core.verb:set package 'moveit_calibration_plugins' build argument 'catkin_cmake_args' from command line to 'None'
[0.323s] Level 5:colcon.colcon_core.verb:set package 'moveit_calibration_plugins' build argument 'catkin_skip_building_tests' from command line to 'False'
[0.323s] DEBUG:colcon.colcon_core.verb:Building package 'moveit_calibration_plugins' with the following arguments: {'ament_cmake_args': None, 'build_base': '/home/w/work/moveit2_handeye_calib/build/moveit_calibration_plugins', 'catkin_cmake_args': None, 'catkin_skip_building_tests': False, 'cmake_args': None, 'cmake_clean_cache': False, 'cmake_clean_first': False, 'cmake_force_configure': False, 'cmake_target': None, 'cmake_target_skip_unavailable': False, 'install_base': '/home/w/work/moveit2_handeye_calib/install/moveit_calibration_plugins', 'merge_install': False, 'path': '/home/w/work/moveit2_handeye_calib/moveit2_calibration/moveit_calibration_plugins', 'symlink_install': False, 'test_result_base': None}
[0.323s] Level 5:colcon.colcon_core.verb:set package 'robot_bringup' build argument 'cmake_args' from command line to 'None'
[0.323s] Level 5:colcon.colcon_core.verb:set package 'robot_bringup' build argument 'cmake_target' from command line to 'None'
[0.323s] Level 5:colcon.colcon_core.verb:set package 'robot_bringup' build argument 'cmake_target_skip_unavailable' from command line to 'False'
[0.323s] Level 5:colcon.colcon_core.verb:set package 'robot_bringup' build argument 'cmake_clean_cache' from command line to 'False'
[0.323s] Level 5:colcon.colcon_core.verb:set package 'robot_bringup' build argument 'cmake_clean_first' from command line to 'False'
[0.323s] Level 5:colcon.colcon_core.verb:set package 'robot_bringup' build argument 'cmake_force_configure' from command line to 'False'
[0.323s] Level 5:colcon.colcon_core.verb:set package 'robot_bringup' build argument 'ament_cmake_args' from command line to 'None'
[0.323s] Level 5:colcon.colcon_core.verb:set package 'robot_bringup' build argument 'catkin_cmake_args' from command line to 'None'
[0.323s] Level 5:colcon.colcon_core.verb:set package 'robot_bringup' build argument 'catkin_skip_building_tests' from command line to 'False'
[0.323s] DEBUG:colcon.colcon_core.verb:Building package 'robot_bringup' with the following arguments: {'ament_cmake_args': None, 'build_base': '/home/w/work/moveit2_handeye_calib/build/robot_bringup', 'catkin_cmake_args': None, 'catkin_skip_building_tests': False, 'cmake_args': None, 'cmake_clean_cache': False, 'cmake_clean_first': False, 'cmake_force_configure': False, 'cmake_target': None, 'cmake_target_skip_unavailable': False, 'install_base': '/home/w/work/moveit2_handeye_calib/install/robot_bringup', 'merge_install': False, 'path': '/home/w/work/moveit2_handeye_calib/TG620/robot_bringup', 'symlink_install': False, 'test_result_base': None}
[0.324s] Level 5:colcon.colcon_core.verb:set package 'robot_description' build argument 'cmake_args' from command line to 'None'
[0.324s] Level 5:colcon.colcon_core.verb:set package 'robot_description' build argument 'cmake_target' from command line to 'None'
[0.324s] Level 5:colcon.colcon_core.verb:set package 'robot_description' build argument 'cmake_target_skip_unavailable' from command line to 'False'
[0.324s] Level 5:colcon.colcon_core.verb:set package 'robot_description' build argument 'cmake_clean_cache' from command line to 'False'
[0.324s] Level 5:colcon.colcon_core.verb:set package 'robot_description' build argument 'cmake_clean_first' from command line to 'False'
[0.324s] Level 5:colcon.colcon_core.verb:set package 'robot_description' build argument 'cmake_force_configure' from command line to 'False'
[0.324s] Level 5:colcon.colcon_core.verb:set package 'robot_description' build argument 'ament_cmake_args' from command line to 'None'
[0.324s] Level 5:colcon.colcon_core.verb:set package 'robot_description' build argument 'catkin_cmake_args' from command line to 'None'
[0.324s] Level 5:colcon.colcon_core.verb:set package 'robot_description' build argument 'catkin_skip_building_tests' from command line to 'False'
[0.324s] DEBUG:colcon.colcon_core.verb:Building package 'robot_description' with the following arguments: {'ament_cmake_args': None, 'build_base': '/home/w/work/moveit2_handeye_calib/build/robot_description', 'catkin_cmake_args': None, 'catkin_skip_building_tests': False, 'cmake_args': None, 'cmake_clean_cache': False, 'cmake_clean_first': False, 'cmake_force_configure': False, 'cmake_target': None, 'cmake_target_skip_unavailable': False, 'install_base': '/home/w/work/moveit2_handeye_calib/install/robot_description', 'merge_install': False, 'path': '/home/w/work/moveit2_handeye_calib/TG620/robot_description', 'symlink_install': False, 'test_result_base': None}
[0.324s] Level 5:colcon.colcon_core.verb:set package 'robot_dynamics' build argument 'cmake_args' from command line to 'None'
[0.324s] Level 5:colcon.colcon_core.verb:set package 'robot_dynamics' build argument 'cmake_target' from command line to 'None'
[0.324s] Level 5:colcon.colcon_core.verb:set package 'robot_dynamics' build argument 'cmake_target_skip_unavailable' from command line to 'False'
[0.324s] Level 5:colcon.colcon_core.verb:set package 'robot_dynamics' build argument 'cmake_clean_cache' from command line to 'False'
[0.324s] Level 5:colcon.colcon_core.verb:set package 'robot_dynamics' build argument 'cmake_clean_first' from command line to 'False'
[0.324s] Level 5:colcon.colcon_core.verb:set package 'robot_dynamics' build argument 'cmake_force_configure' from command line to 'False'
[0.324s] Level 5:colcon.colcon_core.verb:set package 'robot_dynamics' build argument 'ament_cmake_args' from command line to 'None'
[0.324s] Level 5:colcon.colcon_core.verb:set package 'robot_dynamics' build argument 'catkin_cmake_args' from command line to 'None'
[0.324s] Level 5:colcon.colcon_core.verb:set package 'robot_dynamics' build argument 'catkin_skip_building_tests' from command line to 'False'
[0.324s] DEBUG:colcon.colcon_core.verb:Building package 'robot_dynamics' with the following arguments: {'ament_cmake_args': None, 'build_base': '/home/w/work/moveit2_handeye_calib/build/robot_dynamics', 'catkin_cmake_args': None, 'catkin_skip_building_tests': False, 'cmake_args': None, 'cmake_clean_cache': False, 'cmake_clean_first': False, 'cmake_force_configure': False, 'cmake_target': None, 'cmake_target_skip_unavailable': False, 'install_base': '/home/w/work/moveit2_handeye_calib/install/robot_dynamics', 'merge_install': False, 'path': '/home/w/work/moveit2_handeye_calib/TG620/robot_dynamics', 'symlink_install': False, 'test_result_base': None}
[0.324s] Level 5:colcon.colcon_core.verb:set package 'robot_interfaces' build argument 'cmake_args' from command line to 'None'
[0.324s] Level 5:colcon.colcon_core.verb:set package 'robot_interfaces' build argument 'cmake_target' from command line to 'None'
[0.324s] Level 5:colcon.colcon_core.verb:set package 'robot_interfaces' build argument 'cmake_target_skip_unavailable' from command line to 'False'
[0.324s] Level 5:colcon.colcon_core.verb:set package 'robot_interfaces' build argument 'cmake_clean_cache' from command line to 'False'
[0.325s] Level 5:colcon.colcon_core.verb:set package 'robot_interfaces' build argument 'cmake_clean_first' from command line to 'False'
[0.325s] Level 5:colcon.colcon_core.verb:set package 'robot_interfaces' build argument 'cmake_force_configure' from command line to 'False'
[0.325s] Level 5:colcon.colcon_core.verb:set package 'robot_interfaces' build argument 'ament_cmake_args' from command line to 'None'
[0.325s] Level 5:colcon.colcon_core.verb:set package 'robot_interfaces' build argument 'catkin_cmake_args' from command line to 'None'
[0.325s] Level 5:colcon.colcon_core.verb:set package 'robot_interfaces' build argument 'catkin_skip_building_tests' from command line to 'False'
[0.325s] DEBUG:colcon.colcon_core.verb:Building package 'robot_interfaces' with the following arguments: {'ament_cmake_args': None, 'build_base': '/home/w/work/moveit2_handeye_calib/build/robot_interfaces', 'catkin_cmake_args': None, 'catkin_skip_building_tests': False, 'cmake_args': None, 'cmake_clean_cache': False, 'cmake_clean_first': False, 'cmake_force_configure': False, 'cmake_target': None, 'cmake_target_skip_unavailable': False, 'install_base': '/home/w/work/moveit2_handeye_calib/install/robot_interfaces', 'merge_install': False, 'path': '/home/w/work/moveit2_handeye_calib/TG620/robot_interfaces', 'symlink_install': False, 'test_result_base': None}
[0.325s] Level 5:colcon.colcon_core.verb:set package 'robot_virtual_fence' build argument 'cmake_args' from command line to 'None'
[0.325s] Level 5:colcon.colcon_core.verb:set package 'robot_virtual_fence' build argument 'cmake_target' from command line to 'None'
[0.325s] Level 5:colcon.colcon_core.verb:set package 'robot_virtual_fence' build argument 'cmake_target_skip_unavailable' from command line to 'False'
[0.325s] Level 5:colcon.colcon_core.verb:set package 'robot_virtual_fence' build argument 'cmake_clean_cache' from command line to 'False'
[0.325s] Level 5:colcon.colcon_core.verb:set package 'robot_virtual_fence' build argument 'cmake_clean_first' from command line to 'False'
[0.325s] Level 5:colcon.colcon_core.verb:set package 'robot_virtual_fence' build argument 'cmake_force_configure' from command line to 'False'
[0.325s] Level 5:colcon.colcon_core.verb:set package 'robot_virtual_fence' build argument 'ament_cmake_args' from command line to 'None'
[0.325s] Level 5:colcon.colcon_core.verb:set package 'robot_virtual_fence' build argument 'catkin_cmake_args' from command line to 'None'
[0.325s] Level 5:colcon.colcon_core.verb:set package 'robot_virtual_fence' build argument 'catkin_skip_building_tests' from command line to 'False'
[0.325s] DEBUG:colcon.colcon_core.verb:Building package 'robot_virtual_fence' with the following arguments: {'ament_cmake_args': None, 'build_base': '/home/w/work/moveit2_handeye_calib/build/robot_virtual_fence', 'catkin_cmake_args': None, 'catkin_skip_building_tests': False, 'cmake_args': None, 'cmake_clean_cache': False, 'cmake_clean_first': False, 'cmake_force_configure': False, 'cmake_target': None, 'cmake_target_skip_unavailable': False, 'install_base': '/home/w/work/moveit2_handeye_calib/install/robot_virtual_fence', 'merge_install': False, 'path': '/home/w/work/moveit2_handeye_calib/TG620/robot_virtual_fence', 'symlink_install': False, 'test_result_base': None}
[0.325s] Level 5:colcon.colcon_core.verb:set package 'ros2_socketcan_msgs' build argument 'cmake_args' from command line to 'None'
[0.325s] Level 5:colcon.colcon_core.verb:set package 'ros2_socketcan_msgs' build argument 'cmake_target' from command line to 'None'
[0.325s] Level 5:colcon.colcon_core.verb:set package 'ros2_socketcan_msgs' build argument 'cmake_target_skip_unavailable' from command line to 'False'
[0.325s] Level 5:colcon.colcon_core.verb:set package 'ros2_socketcan_msgs' build argument 'cmake_clean_cache' from command line to 'False'
[0.325s] Level 5:colcon.colcon_core.verb:set package 'ros2_socketcan_msgs' build argument 'cmake_clean_first' from command line to 'False'
[0.325s] Level 5:colcon.colcon_core.verb:set package 'ros2_socketcan_msgs' build argument 'cmake_force_configure' from command line to 'False'
[0.325s] Level 5:colcon.colcon_core.verb:set package 'ros2_socketcan_msgs' build argument 'ament_cmake_args' from command line to 'None'
[0.325s] Level 5:colcon.colcon_core.verb:set package 'ros2_socketcan_msgs' build argument 'catkin_cmake_args' from command line to 'None'
[0.325s] Level 5:colcon.colcon_core.verb:set package 'ros2_socketcan_msgs' build argument 'catkin_skip_building_tests' from command line to 'False'
[0.325s] DEBUG:colcon.colcon_core.verb:Building package 'ros2_socketcan_msgs' with the following arguments: {'ament_cmake_args': None, 'build_base': '/home/w/work/moveit2_handeye_calib/build/ros2_socketcan_msgs', 'catkin_cmake_args': None, 'catkin_skip_building_tests': False, 'cmake_args': None, 'cmake_clean_cache': False, 'cmake_clean_first': False, 'cmake_force_configure': False, 'cmake_target': None, 'cmake_target_skip_unavailable': False, 'install_base': '/home/w/work/moveit2_handeye_calib/install/ros2_socketcan_msgs', 'merge_install': False, 'path': '/home/w/work/moveit2_handeye_calib/TG620/ros2_socketcan/ros2_socketcan_msgs', 'symlink_install': False, 'test_result_base': None}
[0.326s] Level 5:colcon.colcon_core.verb:set package 'traj_smoother_py' build argument 'cmake_args' from command line to 'None'
[0.326s] Level 5:colcon.colcon_core.verb:set package 'traj_smoother_py' build argument 'cmake_target' from command line to 'None'
[0.326s] Level 5:colcon.colcon_core.verb:set package 'traj_smoother_py' build argument 'cmake_target_skip_unavailable' from command line to 'False'
[0.326s] Level 5:colcon.colcon_core.verb:set package 'traj_smoother_py' build argument 'cmake_clean_cache' from command line to 'False'
[0.326s] Level 5:colcon.colcon_core.verb:set package 'traj_smoother_py' build argument 'cmake_clean_first' from command line to 'False'
[0.326s] Level 5:colcon.colcon_core.verb:set package 'traj_smoother_py' build argument 'cmake_force_configure' from command line to 'False'
[0.326s] Level 5:colcon.colcon_core.verb:set package 'traj_smoother_py' build argument 'ament_cmake_args' from command line to 'None'
[0.326s] Level 5:colcon.colcon_core.verb:set package 'traj_smoother_py' build argument 'catkin_cmake_args' from command line to 'None'
[0.326s] Level 5:colcon.colcon_core.verb:set package 'traj_smoother_py' build argument 'catkin_skip_building_tests' from command line to 'False'
[0.326s] DEBUG:colcon.colcon_core.verb:Building package 'traj_smoother_py' with the following arguments: {'ament_cmake_args': None, 'build_base': '/home/w/work/moveit2_handeye_calib/build/traj_smoother_py', 'catkin_cmake_args': None, 'catkin_skip_building_tests': False, 'cmake_args': None, 'cmake_clean_cache': False, 'cmake_clean_first': False, 'cmake_force_configure': False, 'cmake_target': None, 'cmake_target_skip_unavailable': False, 'install_base': '/home/w/work/moveit2_handeye_calib/install/traj_smoother_py', 'merge_install': False, 'path': '/home/w/work/moveit2_handeye_calib/TG620/traj_smoother_py', 'symlink_install': False, 'test_result_base': None}
[0.326s] Level 5:colcon.colcon_core.verb:set package 'arm380_config' build argument 'cmake_args' from command line to 'None'
[0.326s] Level 5:colcon.colcon_core.verb:set package 'arm380_config' build argument 'cmake_target' from command line to 'None'
[0.326s] Level 5:colcon.colcon_core.verb:set package 'arm380_config' build argument 'cmake_target_skip_unavailable' from command line to 'False'
[0.326s] Level 5:colcon.colcon_core.verb:set package 'arm380_config' build argument 'cmake_clean_cache' from command line to 'False'
[0.326s] Level 5:colcon.colcon_core.verb:set package 'arm380_config' build argument 'cmake_clean_first' from command line to 'False'
[0.326s] Level 5:colcon.colcon_core.verb:set package 'arm380_config' build argument 'cmake_force_configure' from command line to 'False'
[0.326s] Level 5:colcon.colcon_core.verb:set package 'arm380_config' build argument 'ament_cmake_args' from command line to 'None'
[0.326s] Level 5:colcon.colcon_core.verb:set package 'arm380_config' build argument 'catkin_cmake_args' from command line to 'None'
[0.326s] Level 5:colcon.colcon_core.verb:set package 'arm380_config' build argument 'catkin_skip_building_tests' from command line to 'False'
[0.326s] DEBUG:colcon.colcon_core.verb:Building package 'arm380_config' with the following arguments: {'ament_cmake_args': None, 'build_base': '/home/w/work/moveit2_handeye_calib/build/arm380_config', 'catkin_cmake_args': None, 'catkin_skip_building_tests': False, 'cmake_args': None, 'cmake_clean_cache': False, 'cmake_clean_first': False, 'cmake_force_configure': False, 'cmake_target': None, 'cmake_target_skip_unavailable': False, 'install_base': '/home/w/work/moveit2_handeye_calib/install/arm380_config', 'merge_install': False, 'path': '/home/w/work/moveit2_handeye_calib/TG620/robot_config/arm380_config', 'symlink_install': False, 'test_result_base': None}
[0.326s] Level 5:colcon.colcon_core.verb:set package 'arm620_config' build argument 'cmake_args' from command line to 'None'
[0.326s] Level 5:colcon.colcon_core.verb:set package 'arm620_config' build argument 'cmake_target' from command line to 'None'
[0.326s] Level 5:colcon.colcon_core.verb:set package 'arm620_config' build argument 'cmake_target_skip_unavailable' from command line to 'False'
[0.326s] Level 5:colcon.colcon_core.verb:set package 'arm620_config' build argument 'cmake_clean_cache' from command line to 'False'
[0.326s] Level 5:colcon.colcon_core.verb:set package 'arm620_config' build argument 'cmake_clean_first' from command line to 'False'
[0.326s] Level 5:colcon.colcon_core.verb:set package 'arm620_config' build argument 'cmake_force_configure' from command line to 'False'
[0.326s] Level 5:colcon.colcon_core.verb:set package 'arm620_config' build argument 'ament_cmake_args' from command line to 'None'
[0.326s] Level 5:colcon.colcon_core.verb:set package 'arm620_config' build argument 'catkin_cmake_args' from command line to 'None'
[0.326s] Level 5:colcon.colcon_core.verb:set package 'arm620_config' build argument 'catkin_skip_building_tests' from command line to 'False'
[0.327s] DEBUG:colcon.colcon_core.verb:Building package 'arm620_config' with the following arguments: {'ament_cmake_args': None, 'build_base': '/home/w/work/moveit2_handeye_calib/build/arm620_config', 'catkin_cmake_args': None, 'catkin_skip_building_tests': False, 'cmake_args': None, 'cmake_clean_cache': False, 'cmake_clean_first': False, 'cmake_force_configure': False, 'cmake_target': None, 'cmake_target_skip_unavailable': False, 'install_base': '/home/w/work/moveit2_handeye_calib/install/arm620_config', 'merge_install': False, 'path': '/home/w/work/moveit2_handeye_calib/TG620/robot_config/arm620_config', 'symlink_install': False, 'test_result_base': None}
[0.327s] Level 5:colcon.colcon_core.verb:set package 'arm620_dh_config' build argument 'cmake_args' from command line to 'None'
[0.327s] Level 5:colcon.colcon_core.verb:set package 'arm620_dh_config' build argument 'cmake_target' from command line to 'None'
[0.327s] Level 5:colcon.colcon_core.verb:set package 'arm620_dh_config' build argument 'cmake_target_skip_unavailable' from command line to 'False'
[0.327s] Level 5:colcon.colcon_core.verb:set package 'arm620_dh_config' build argument 'cmake_clean_cache' from command line to 'False'
[0.327s] Level 5:colcon.colcon_core.verb:set package 'arm620_dh_config' build argument 'cmake_clean_first' from command line to 'False'
[0.327s] Level 5:colcon.colcon_core.verb:set package 'arm620_dh_config' build argument 'cmake_force_configure' from command line to 'False'
[0.327s] Level 5:colcon.colcon_core.verb:set package 'arm620_dh_config' build argument 'ament_cmake_args' from command line to 'None'
[0.327s] Level 5:colcon.colcon_core.verb:set package 'arm620_dh_config' build argument 'catkin_cmake_args' from command line to 'None'
[0.327s] Level 5:colcon.colcon_core.verb:set package 'arm620_dh_config' build argument 'catkin_skip_building_tests' from command line to 'False'
[0.327s] DEBUG:colcon.colcon_core.verb:Building package 'arm620_dh_config' with the following arguments: {'ament_cmake_args': None, 'build_base': '/home/w/work/moveit2_handeye_calib/build/arm620_dh_config', 'catkin_cmake_args': None, 'catkin_skip_building_tests': False, 'cmake_args': None, 'cmake_clean_cache': False, 'cmake_clean_first': False, 'cmake_force_configure': False, 'cmake_target': None, 'cmake_target_skip_unavailable': False, 'install_base': '/home/w/work/moveit2_handeye_calib/install/arm620_dh_config', 'merge_install': False, 'path': '/home/w/work/moveit2_handeye_calib/TG620/robot_config/arm620_dh_config', 'symlink_install': False, 'test_result_base': None}
[0.327s] Level 5:colcon.colcon_core.verb:set package 'motor_control_logger' build argument 'cmake_args' from command line to 'None'
[0.327s] Level 5:colcon.colcon_core.verb:set package 'motor_control_logger' build argument 'cmake_target' from command line to 'None'
[0.327s] Level 5:colcon.colcon_core.verb:set package 'motor_control_logger' build argument 'cmake_target_skip_unavailable' from command line to 'False'
[0.327s] Level 5:colcon.colcon_core.verb:set package 'motor_control_logger' build argument 'cmake_clean_cache' from command line to 'False'
[0.327s] Level 5:colcon.colcon_core.verb:set package 'motor_control_logger' build argument 'cmake_clean_first' from command line to 'False'
[0.327s] Level 5:colcon.colcon_core.verb:set package 'motor_control_logger' build argument 'cmake_force_configure' from command line to 'False'
[0.327s] Level 5:colcon.colcon_core.verb:set package 'motor_control_logger' build argument 'ament_cmake_args' from command line to 'None'
[0.327s] Level 5:colcon.colcon_core.verb:set package 'motor_control_logger' build argument 'catkin_cmake_args' from command line to 'None'
[0.327s] Level 5:colcon.colcon_core.verb:set package 'motor_control_logger' build argument 'catkin_skip_building_tests' from command line to 'False'
[0.327s] DEBUG:colcon.colcon_core.verb:Building package 'motor_control_logger' with the following arguments: {'ament_cmake_args': None, 'build_base': '/home/w/work/moveit2_handeye_calib/build/motor_control_logger', 'catkin_cmake_args': None, 'catkin_skip_building_tests': False, 'cmake_args': None, 'cmake_clean_cache': False, 'cmake_clean_first': False, 'cmake_force_configure': False, 'cmake_target': None, 'cmake_target_skip_unavailable': False, 'install_base': '/home/w/work/moveit2_handeye_calib/install/motor_control_logger', 'merge_install': False, 'path': '/home/w/work/moveit2_handeye_calib/TG620/motor_control_logger', 'symlink_install': False, 'test_result_base': None}
[0.328s] Level 5:colcon.colcon_core.verb:set package 'moveit_calibration_gui' build argument 'cmake_args' from command line to 'None'
[0.328s] Level 5:colcon.colcon_core.verb:set package 'moveit_calibration_gui' build argument 'cmake_target' from command line to 'None'
[0.328s] Level 5:colcon.colcon_core.verb:set package 'moveit_calibration_gui' build argument 'cmake_target_skip_unavailable' from command line to 'False'
[0.328s] Level 5:colcon.colcon_core.verb:set package 'moveit_calibration_gui' build argument 'cmake_clean_cache' from command line to 'False'
[0.328s] Level 5:colcon.colcon_core.verb:set package 'moveit_calibration_gui' build argument 'cmake_clean_first' from command line to 'False'
[0.328s] Level 5:colcon.colcon_core.verb:set package 'moveit_calibration_gui' build argument 'cmake_force_configure' from command line to 'False'
[0.328s] Level 5:colcon.colcon_core.verb:set package 'moveit_calibration_gui' build argument 'ament_cmake_args' from command line to 'None'
[0.328s] Level 5:colcon.colcon_core.verb:set package 'moveit_calibration_gui' build argument 'catkin_cmake_args' from command line to 'None'
[0.328s] Level 5:colcon.colcon_core.verb:set package 'moveit_calibration_gui' build argument 'catkin_skip_building_tests' from command line to 'False'
[0.328s] DEBUG:colcon.colcon_core.verb:Building package 'moveit_calibration_gui' with the following arguments: {'ament_cmake_args': None, 'build_base': '/home/w/work/moveit2_handeye_calib/build/moveit_calibration_gui', 'catkin_cmake_args': None, 'catkin_skip_building_tests': False, 'cmake_args': None, 'cmake_clean_cache': False, 'cmake_clean_first': False, 'cmake_force_configure': False, 'cmake_target': None, 'cmake_target_skip_unavailable': False, 'install_base': '/home/w/work/moveit2_handeye_calib/install/moveit_calibration_gui', 'merge_install': False, 'path': '/home/w/work/moveit2_handeye_calib/moveit2_calibration/moveit_calibration_gui', 'symlink_install': False, 'test_result_base': None}
[0.328s] Level 5:colcon.colcon_core.verb:set package 'robot_control' build argument 'cmake_args' from command line to 'None'
[0.328s] Level 5:colcon.colcon_core.verb:set package 'robot_control' build argument 'cmake_target' from command line to 'None'
[0.328s] Level 5:colcon.colcon_core.verb:set package 'robot_control' build argument 'cmake_target_skip_unavailable' from command line to 'False'
[0.328s] Level 5:colcon.colcon_core.verb:set package 'robot_control' build argument 'cmake_clean_cache' from command line to 'False'
[0.328s] Level 5:colcon.colcon_core.verb:set package 'robot_control' build argument 'cmake_clean_first' from command line to 'False'
[0.328s] Level 5:colcon.colcon_core.verb:set package 'robot_control' build argument 'cmake_force_configure' from command line to 'False'
[0.328s] Level 5:colcon.colcon_core.verb:set package 'robot_control' build argument 'ament_cmake_args' from command line to 'None'
[0.328s] Level 5:colcon.colcon_core.verb:set package 'robot_control' build argument 'catkin_cmake_args' from command line to 'None'
[0.328s] Level 5:colcon.colcon_core.verb:set package 'robot_control' build argument 'catkin_skip_building_tests' from command line to 'False'
[0.328s] DEBUG:colcon.colcon_core.verb:Building package 'robot_control' with the following arguments: {'ament_cmake_args': None, 'build_base': '/home/w/work/moveit2_handeye_calib/build/robot_control', 'catkin_cmake_args': None, 'catkin_skip_building_tests': False, 'cmake_args': None, 'cmake_clean_cache': False, 'cmake_clean_first': False, 'cmake_force_configure': False, 'cmake_target': None, 'cmake_target_skip_unavailable': False, 'install_base': '/home/w/work/moveit2_handeye_calib/install/robot_control', 'merge_install': False, 'path': '/home/w/work/moveit2_handeye_calib/TG620/robot_control', 'symlink_install': False, 'test_result_base': None}
[0.328s] Level 5:colcon.colcon_core.verb:set package 'robot_input' build argument 'cmake_args' from command line to 'None'
[0.328s] Level 5:colcon.colcon_core.verb:set package 'robot_input' build argument 'cmake_target' from command line to 'None'
[0.328s] Level 5:colcon.colcon_core.verb:set package 'robot_input' build argument 'cmake_target_skip_unavailable' from command line to 'False'
[0.328s] Level 5:colcon.colcon_core.verb:set package 'robot_input' build argument 'cmake_clean_cache' from command line to 'False'
[0.328s] Level 5:colcon.colcon_core.verb:set package 'robot_input' build argument 'cmake_clean_first' from command line to 'False'
[0.328s] Level 5:colcon.colcon_core.verb:set package 'robot_input' build argument 'cmake_force_configure' from command line to 'False'
[0.328s] Level 5:colcon.colcon_core.verb:set package 'robot_input' build argument 'ament_cmake_args' from command line to 'None'
[0.328s] Level 5:colcon.colcon_core.verb:set package 'robot_input' build argument 'catkin_cmake_args' from command line to 'None'
[0.328s] Level 5:colcon.colcon_core.verb:set package 'robot_input' build argument 'catkin_skip_building_tests' from command line to 'False'
[0.329s] DEBUG:colcon.colcon_core.verb:Building package 'robot_input' with the following arguments: {'ament_cmake_args': None, 'build_base': '/home/w/work/moveit2_handeye_calib/build/robot_input', 'catkin_cmake_args': None, 'catkin_skip_building_tests': False, 'cmake_args': None, 'cmake_clean_cache': False, 'cmake_clean_first': False, 'cmake_force_configure': False, 'cmake_target': None, 'cmake_target_skip_unavailable': False, 'install_base': '/home/w/work/moveit2_handeye_calib/install/robot_input', 'merge_install': False, 'path': '/home/w/work/moveit2_handeye_calib/TG620/robot_input', 'symlink_install': False, 'test_result_base': None}
[0.329s] Level 5:colcon.colcon_core.verb:set package 'robot_sdk' build argument 'cmake_args' from command line to 'None'
[0.329s] Level 5:colcon.colcon_core.verb:set package 'robot_sdk' build argument 'cmake_target' from command line to 'None'
[0.329s] Level 5:colcon.colcon_core.verb:set package 'robot_sdk' build argument 'cmake_target_skip_unavailable' from command line to 'False'
[0.329s] Level 5:colcon.colcon_core.verb:set package 'robot_sdk' build argument 'cmake_clean_cache' from command line to 'False'
[0.329s] Level 5:colcon.colcon_core.verb:set package 'robot_sdk' build argument 'cmake_clean_first' from command line to 'False'
[0.329s] Level 5:colcon.colcon_core.verb:set package 'robot_sdk' build argument 'cmake_force_configure' from command line to 'False'
[0.329s] Level 5:colcon.colcon_core.verb:set package 'robot_sdk' build argument 'ament_cmake_args' from command line to 'None'
[0.329s] Level 5:colcon.colcon_core.verb:set package 'robot_sdk' build argument 'catkin_cmake_args' from command line to 'None'
[0.329s] Level 5:colcon.colcon_core.verb:set package 'robot_sdk' build argument 'catkin_skip_building_tests' from command line to 'False'
[0.329s] DEBUG:colcon.colcon_core.verb:Building package 'robot_sdk' with the following arguments: {'ament_cmake_args': None, 'build_base': '/home/w/work/moveit2_handeye_calib/build/robot_sdk', 'catkin_cmake_args': None, 'catkin_skip_building_tests': False, 'cmake_args': None, 'cmake_clean_cache': False, 'cmake_clean_first': False, 'cmake_force_configure': False, 'cmake_target': None, 'cmake_target_skip_unavailable': False, 'install_base': '/home/w/work/moveit2_handeye_calib/install/robot_sdk', 'merge_install': False, 'path': '/home/w/work/moveit2_handeye_calib/TG620/robot_sdk', 'symlink_install': False, 'test_result_base': None}
[0.329s] Level 5:colcon.colcon_core.verb:set package 'robot_test_py' build argument 'cmake_args' from command line to 'None'
[0.329s] Level 5:colcon.colcon_core.verb:set package 'robot_test_py' build argument 'cmake_target' from command line to 'None'
[0.329s] Level 5:colcon.colcon_core.verb:set package 'robot_test_py' build argument 'cmake_target_skip_unavailable' from command line to 'False'
[0.329s] Level 5:colcon.colcon_core.verb:set package 'robot_test_py' build argument 'cmake_clean_cache' from command line to 'False'
[0.329s] Level 5:colcon.colcon_core.verb:set package 'robot_test_py' build argument 'cmake_clean_first' from command line to 'False'
[0.329s] Level 5:colcon.colcon_core.verb:set package 'robot_test_py' build argument 'cmake_force_configure' from command line to 'False'
[0.329s] Level 5:colcon.colcon_core.verb:set package 'robot_test_py' build argument 'ament_cmake_args' from command line to 'None'
[0.329s] Level 5:colcon.colcon_core.verb:set package 'robot_test_py' build argument 'catkin_cmake_args' from command line to 'None'
[0.329s] Level 5:colcon.colcon_core.verb:set package 'robot_test_py' build argument 'catkin_skip_building_tests' from command line to 'False'
[0.329s] DEBUG:colcon.colcon_core.verb:Building package 'robot_test_py' with the following arguments: {'ament_cmake_args': None, 'build_base': '/home/w/work/moveit2_handeye_calib/build/robot_test_py', 'catkin_cmake_args': None, 'catkin_skip_building_tests': False, 'cmake_args': None, 'cmake_clean_cache': False, 'cmake_clean_first': False, 'cmake_force_configure': False, 'cmake_target': None, 'cmake_target_skip_unavailable': False, 'install_base': '/home/w/work/moveit2_handeye_calib/install/robot_test_py', 'merge_install': False, 'path': '/home/w/work/moveit2_handeye_calib/TG620/robot_test_py', 'symlink_install': False, 'test_result_base': None}
[0.329s] Level 5:colcon.colcon_core.verb:set package 'ros2_socketcan' build argument 'cmake_args' from command line to 'None'
[0.329s] Level 5:colcon.colcon_core.verb:set package 'ros2_socketcan' build argument 'cmake_target' from command line to 'None'
[0.329s] Level 5:colcon.colcon_core.verb:set package 'ros2_socketcan' build argument 'cmake_target_skip_unavailable' from command line to 'False'
[0.329s] Level 5:colcon.colcon_core.verb:set package 'ros2_socketcan' build argument 'cmake_clean_cache' from command line to 'False'
[0.329s] Level 5:colcon.colcon_core.verb:set package 'ros2_socketcan' build argument 'cmake_clean_first' from command line to 'False'
[0.329s] Level 5:colcon.colcon_core.verb:set package 'ros2_socketcan' build argument 'cmake_force_configure' from command line to 'False'
[0.329s] Level 5:colcon.colcon_core.verb:set package 'ros2_socketcan' build argument 'ament_cmake_args' from command line to 'None'
[0.329s] Level 5:colcon.colcon_core.verb:set package 'ros2_socketcan' build argument 'catkin_cmake_args' from command line to 'None'
[0.330s] Level 5:colcon.colcon_core.verb:set package 'ros2_socketcan' build argument 'catkin_skip_building_tests' from command line to 'False'
[0.330s] DEBUG:colcon.colcon_core.verb:Building package 'ros2_socketcan' with the following arguments: {'ament_cmake_args': None, 'build_base': '/home/w/work/moveit2_handeye_calib/build/ros2_socketcan', 'catkin_cmake_args': None, 'catkin_skip_building_tests': False, 'cmake_args': None, 'cmake_clean_cache': False, 'cmake_clean_first': False, 'cmake_force_configure': False, 'cmake_target': None, 'cmake_target_skip_unavailable': False, 'install_base': '/home/w/work/moveit2_handeye_calib/install/ros2_socketcan', 'merge_install': False, 'path': '/home/w/work/moveit2_handeye_calib/TG620/ros2_socketcan/ros2_socketcan', 'symlink_install': False, 'test_result_base': None}
[0.330s] Level 5:colcon.colcon_core.verb:set package 'moveit_calibration_demos' build argument 'cmake_args' from command line to 'None'
[0.330s] Level 5:colcon.colcon_core.verb:set package 'moveit_calibration_demos' build argument 'cmake_target' from command line to 'None'
[0.330s] Level 5:colcon.colcon_core.verb:set package 'moveit_calibration_demos' build argument 'cmake_target_skip_unavailable' from command line to 'False'
[0.330s] Level 5:colcon.colcon_core.verb:set package 'moveit_calibration_demos' build argument 'cmake_clean_cache' from command line to 'False'
[0.330s] Level 5:colcon.colcon_core.verb:set package 'moveit_calibration_demos' build argument 'cmake_clean_first' from command line to 'False'
[0.330s] Level 5:colcon.colcon_core.verb:set package 'moveit_calibration_demos' build argument 'cmake_force_configure' from command line to 'False'
[0.330s] Level 5:colcon.colcon_core.verb:set package 'moveit_calibration_demos' build argument 'ament_cmake_args' from command line to 'None'
[0.330s] Level 5:colcon.colcon_core.verb:set package 'moveit_calibration_demos' build argument 'catkin_cmake_args' from command line to 'None'
[0.330s] Level 5:colcon.colcon_core.verb:set package 'moveit_calibration_demos' build argument 'catkin_skip_building_tests' from command line to 'False'
[0.330s] DEBUG:colcon.colcon_core.verb:Building package 'moveit_calibration_demos' with the following arguments: {'ament_cmake_args': None, 'build_base': '/home/w/work/moveit2_handeye_calib/build/moveit_calibration_demos', 'catkin_cmake_args': None, 'catkin_skip_building_tests': False, 'cmake_args': None, 'cmake_clean_cache': False, 'cmake_clean_first': False, 'cmake_force_configure': False, 'cmake_target': None, 'cmake_target_skip_unavailable': False, 'install_base': '/home/w/work/moveit2_handeye_calib/install/moveit_calibration_demos', 'merge_install': False, 'path': '/home/w/work/moveit2_handeye_calib/moveit2_calibration/moveit_calibration_demos', 'symlink_install': False, 'test_result_base': None}
[0.330s] Level 5:colcon.colcon_core.verb:set package 'robot_driver' build argument 'cmake_args' from command line to 'None'
[0.330s] Level 5:colcon.colcon_core.verb:set package 'robot_driver' build argument 'cmake_target' from command line to 'None'
[0.330s] Level 5:colcon.colcon_core.verb:set package 'robot_driver' build argument 'cmake_target_skip_unavailable' from command line to 'False'
[0.330s] Level 5:colcon.colcon_core.verb:set package 'robot_driver' build argument 'cmake_clean_cache' from command line to 'False'
[0.330s] Level 5:colcon.colcon_core.verb:set package 'robot_driver' build argument 'cmake_clean_first' from command line to 'False'
[0.330s] Level 5:colcon.colcon_core.verb:set package 'robot_driver' build argument 'cmake_force_configure' from command line to 'False'
[0.330s] Level 5:colcon.colcon_core.verb:set package 'robot_driver' build argument 'ament_cmake_args' from command line to 'None'
[0.330s] Level 5:colcon.colcon_core.verb:set package 'robot_driver' build argument 'catkin_cmake_args' from command line to 'None'
[0.330s] Level 5:colcon.colcon_core.verb:set package 'robot_driver' build argument 'catkin_skip_building_tests' from command line to 'False'
[0.330s] DEBUG:colcon.colcon_core.verb:Building package 'robot_driver' with the following arguments: {'ament_cmake_args': None, 'build_base': '/home/w/work/moveit2_handeye_calib/build/robot_driver', 'catkin_cmake_args': None, 'catkin_skip_building_tests': False, 'cmake_args': None, 'cmake_clean_cache': False, 'cmake_clean_first': False, 'cmake_force_configure': False, 'cmake_target': None, 'cmake_target_skip_unavailable': False, 'install_base': '/home/w/work/moveit2_handeye_calib/install/robot_driver', 'merge_install': False, 'path': '/home/w/work/moveit2_handeye_calib/TG620/robot_driver', 'symlink_install': False, 'test_result_base': None}
[0.330s] Level 5:colcon.colcon_core.verb:set package 'robot_state_machine' build argument 'cmake_args' from command line to 'None'
[0.330s] Level 5:colcon.colcon_core.verb:set package 'robot_state_machine' build argument 'cmake_target' from command line to 'None'
[0.330s] Level 5:colcon.colcon_core.verb:set package 'robot_state_machine' build argument 'cmake_target_skip_unavailable' from command line to 'False'
[0.330s] Level 5:colcon.colcon_core.verb:set package 'robot_state_machine' build argument 'cmake_clean_cache' from command line to 'False'
[0.330s] Level 5:colcon.colcon_core.verb:set package 'robot_state_machine' build argument 'cmake_clean_first' from command line to 'False'
[0.330s] Level 5:colcon.colcon_core.verb:set package 'robot_state_machine' build argument 'cmake_force_configure' from command line to 'False'
[0.330s] Level 5:colcon.colcon_core.verb:set package 'robot_state_machine' build argument 'ament_cmake_args' from command line to 'None'
[0.330s] Level 5:colcon.colcon_core.verb:set package 'robot_state_machine' build argument 'catkin_cmake_args' from command line to 'None'
[0.330s] Level 5:colcon.colcon_core.verb:set package 'robot_state_machine' build argument 'catkin_skip_building_tests' from command line to 'False'
[0.330s] DEBUG:colcon.colcon_core.verb:Building package 'robot_state_machine' with the following arguments: {'ament_cmake_args': None, 'build_base': '/home/w/work/moveit2_handeye_calib/build/robot_state_machine', 'catkin_cmake_args': None, 'catkin_skip_building_tests': False, 'cmake_args': None, 'cmake_clean_cache': False, 'cmake_clean_first': False, 'cmake_force_configure': False, 'cmake_target': None, 'cmake_target_skip_unavailable': False, 'install_base': '/home/w/work/moveit2_handeye_calib/install/robot_state_machine', 'merge_install': False, 'path': '/home/w/work/moveit2_handeye_calib/TG620/robot_state_machine', 'symlink_install': False, 'test_result_base': None}
[0.331s] INFO:colcon.colcon_core.executor:Executing jobs using 'parallel' executor
[0.331s] DEBUG:colcon.colcon_parallel_executor.executor.parallel:run_until_complete
[0.332s] INFO:colcon.colcon_ros.task.ament_cmake.build:Building ROS package in '/home/w/work/moveit2_handeye_calib/TG620/robot_interfaces' with build type 'ament_cmake'
[0.332s] INFO:colcon.colcon_cmake.task.cmake.build:Building CMake package in '/home/w/work/moveit2_handeye_calib/TG620/robot_interfaces'
[0.333s] INFO:colcon.colcon_core.plugin_system:Skipping extension 'colcon_core.shell.bat': Not used on non-Windows systems
[0.333s] INFO:colcon.colcon_core.shell:Skip shell extension 'powershell' for command environment: Not usable outside of PowerShell
[0.333s] DEBUG:colcon.colcon_core.shell:Skip shell extension 'dsv' for command environment
[0.336s] INFO:colcon.colcon_ros.task.ament_cmake.build:Building ROS package in '/home/w/work/moveit2_handeye_calib/TG620/robot_description' with build type 'ament_cmake'
[0.336s] INFO:colcon.colcon_cmake.task.cmake.build:Building CMake package in '/home/w/work/moveit2_handeye_calib/TG620/robot_description'
[0.337s] INFO:colcon.colcon_core.shell:Skip shell extension 'powershell' for command environment: Not usable outside of PowerShell
[0.337s] DEBUG:colcon.colcon_core.shell:Skip shell extension 'dsv' for command environment
[0.339s] INFO:colcon.colcon_ros.task.ament_cmake.build:Building ROS package in '/home/w/work/moveit2_handeye_calib/TG620/ros2_socketcan/ros2_socketcan_msgs' with build type 'ament_cmake'
[0.339s] INFO:colcon.colcon_cmake.task.cmake.build:Building CMake package in '/home/w/work/moveit2_handeye_calib/TG620/ros2_socketcan/ros2_socketcan_msgs'
[0.340s] INFO:colcon.colcon_core.shell:Skip shell extension 'powershell' for command environment: Not usable outside of PowerShell
[0.340s] DEBUG:colcon.colcon_core.shell:Skip shell extension 'dsv' for command environment
[0.342s] INFO:colcon.colcon_ros.task.ament_cmake.build:Building ROS package in '/home/w/work/moveit2_handeye_calib/moveit2_calibration/moveit_calibration_plugins' with build type 'ament_cmake'
[0.342s] INFO:colcon.colcon_cmake.task.cmake.build:Building CMake package in '/home/w/work/moveit2_handeye_calib/moveit2_calibration/moveit_calibration_plugins'
[0.342s] INFO:colcon.colcon_core.shell:Skip shell extension 'powershell' for command environment: Not usable outside of PowerShell
[0.342s] DEBUG:colcon.colcon_core.shell:Skip shell extension 'dsv' for command environment
[0.345s] INFO:colcon.colcon_ros.task.ament_cmake.build:Building ROS package in '/home/w/work/moveit2_handeye_calib/TG620/robot_bringup' with build type 'ament_cmake'
[0.345s] INFO:colcon.colcon_cmake.task.cmake.build:Building CMake package in '/home/w/work/moveit2_handeye_calib/TG620/robot_bringup'
[0.345s] INFO:colcon.colcon_core.shell:Skip shell extension 'powershell' for command environment: Not usable outside of PowerShell
[0.345s] DEBUG:colcon.colcon_core.shell:Skip shell extension 'dsv' for command environment
[0.348s] INFO:colcon.colcon_ros.task.ament_python.build:Building ROS package in '/home/w/work/moveit2_handeye_calib/TG620/robot_dynamics' with build type 'ament_python'
[0.348s] Level 1:colcon.colcon_core.shell:create_environment_hook('robot_dynamics', 'ament_prefix_path')
[0.348s] INFO:colcon.colcon_core.shell:Creating environment hook '/home/w/work/moveit2_handeye_calib/install/robot_dynamics/share/robot_dynamics/hook/ament_prefix_path.ps1'
[0.348s] INFO:colcon.colcon_core.shell:Creating environment descriptor '/home/w/work/moveit2_handeye_calib/install/robot_dynamics/share/robot_dynamics/hook/ament_prefix_path.dsv'
[0.348s] INFO:colcon.colcon_core.shell:Creating environment hook '/home/w/work/moveit2_handeye_calib/install/robot_dynamics/share/robot_dynamics/hook/ament_prefix_path.sh'
[0.349s] INFO:colcon.colcon_core.shell:Skip shell extension 'powershell' for command environment: Not usable outside of PowerShell
[0.349s] DEBUG:colcon.colcon_core.shell:Skip shell extension 'dsv' for command environment
[0.351s] INFO:colcon.colcon_ros.task.ament_cmake.build:Building ROS package in '/home/w/work/moveit2_handeye_calib/TG620/robot_virtual_fence' with build type 'ament_cmake'
[0.351s] INFO:colcon.colcon_cmake.task.cmake.build:Building CMake package in '/home/w/work/moveit2_handeye_calib/TG620/robot_virtual_fence'
[0.351s] INFO:colcon.colcon_core.shell:Skip shell extension 'powershell' for command environment: Not usable outside of PowerShell
[0.351s] DEBUG:colcon.colcon_core.shell:Skip shell extension 'dsv' for command environment
[0.354s] INFO:colcon.colcon_ros.task.ament_python.build:Building ROS package in '/home/w/work/moveit2_handeye_calib/TG620/traj_smoother_py' with build type 'ament_python'
[0.354s] Level 1:colcon.colcon_core.shell:create_environment_hook('traj_smoother_py', 'ament_prefix_path')
[0.354s] INFO:colcon.colcon_core.shell:Creating environment hook '/home/w/work/moveit2_handeye_calib/install/traj_smoother_py/share/traj_smoother_py/hook/ament_prefix_path.ps1'
[0.355s] INFO:colcon.colcon_core.shell:Creating environment descriptor '/home/w/work/moveit2_handeye_calib/install/traj_smoother_py/share/traj_smoother_py/hook/ament_prefix_path.dsv'
[0.355s] INFO:colcon.colcon_core.shell:Creating environment hook '/home/w/work/moveit2_handeye_calib/install/traj_smoother_py/share/traj_smoother_py/hook/ament_prefix_path.sh'
[0.355s] INFO:colcon.colcon_core.shell:Skip shell extension 'powershell' for command environment: Not usable outside of PowerShell
[0.355s] DEBUG:colcon.colcon_core.shell:Skip shell extension 'dsv' for command environment
[0.362s] DEBUG:colcon.colcon_core.event_handler.log_command:Invoking command in '/home/w/work/moveit2_handeye_calib/build/robot_interfaces': CMAKE_PREFIX_PATH=${CMAKE_PREFIX_PATH}:/home/w/work/moveit2_handeye_calib/install/traj_smoother_py:/home/w/work/moveit2_handeye_calib/install/robot_test_py:/home/w/work/moveit2_handeye_calib/install/robot_input:/home/w/work/moveit2_handeye_calib/install/robot_dynamics:/opt/ros/humble /usr/bin/cmake --build /home/w/work/moveit2_handeye_calib/build/robot_interfaces -- -j28 -l28
[0.364s] DEBUG:colcon.colcon_core.event_handler.log_command:Invoking command in '/home/w/work/moveit2_handeye_calib/build/robot_description': CMAKE_PREFIX_PATH=${CMAKE_PREFIX_PATH}:/home/w/work/moveit2_handeye_calib/install/traj_smoother_py:/home/w/work/moveit2_handeye_calib/install/robot_test_py:/home/w/work/moveit2_handeye_calib/install/robot_input:/home/w/work/moveit2_handeye_calib/install/robot_dynamics:/opt/ros/humble /usr/bin/cmake --build /home/w/work/moveit2_handeye_calib/build/robot_description -- -j28 -l28
[0.365s] DEBUG:colcon.colcon_core.event_handler.log_command:Invoking command in '/home/w/work/moveit2_handeye_calib/build/ros2_socketcan_msgs': CMAKE_PREFIX_PATH=${CMAKE_PREFIX_PATH}:/home/w/work/moveit2_handeye_calib/install/traj_smoother_py:/home/w/work/moveit2_handeye_calib/install/robot_test_py:/home/w/work/moveit2_handeye_calib/install/robot_input:/home/w/work/moveit2_handeye_calib/install/robot_dynamics:/opt/ros/humble /usr/bin/cmake --build /home/w/work/moveit2_handeye_calib/build/ros2_socketcan_msgs -- -j28 -l28
[0.366s] DEBUG:colcon.colcon_core.event_handler.log_command:Invoking command in '/home/w/work/moveit2_handeye_calib/build/moveit_calibration_plugins': CMAKE_PREFIX_PATH=${CMAKE_PREFIX_PATH}:/home/w/work/moveit2_handeye_calib/install/traj_smoother_py:/home/w/work/moveit2_handeye_calib/install/robot_test_py:/home/w/work/moveit2_handeye_calib/install/robot_input:/home/w/work/moveit2_handeye_calib/install/robot_dynamics:/opt/ros/humble /usr/bin/cmake --build /home/w/work/moveit2_handeye_calib/build/moveit_calibration_plugins -- -j28 -l28
[0.369s] DEBUG:colcon.colcon_core.event_handler.log_command:Invoking command in '/home/w/work/moveit2_handeye_calib/build/robot_bringup': CMAKE_PREFIX_PATH=${CMAKE_PREFIX_PATH}:/home/w/work/moveit2_handeye_calib/install/traj_smoother_py:/home/w/work/moveit2_handeye_calib/install/robot_test_py:/home/w/work/moveit2_handeye_calib/install/robot_input:/home/w/work/moveit2_handeye_calib/install/robot_dynamics:/opt/ros/humble /usr/bin/cmake --build /home/w/work/moveit2_handeye_calib/build/robot_bringup -- -j28 -l28
[0.585s] INFO:colcon.colcon_core.task.python.build:Building Python package in '/home/w/work/moveit2_handeye_calib/TG620/robot_dynamics'
[0.585s] INFO:colcon.colcon_core.shell:Skip shell extension 'powershell' for command environment: Not usable outside of PowerShell
[0.585s] DEBUG:colcon.colcon_core.shell:Skip shell extension 'dsv' for command environment
[0.593s] DEBUG:colcon.colcon_core.event_handler.log_command:Invoking command in '/home/w/work/moveit2_handeye_calib/build/robot_virtual_fence': CMAKE_PREFIX_PATH=${CMAKE_PREFIX_PATH}:/home/w/work/moveit2_handeye_calib/install/traj_smoother_py:/home/w/work/moveit2_handeye_calib/install/robot_test_py:/home/w/work/moveit2_handeye_calib/install/robot_input:/home/w/work/moveit2_handeye_calib/install/robot_dynamics:/opt/ros/humble /usr/bin/cmake --build /home/w/work/moveit2_handeye_calib/build/robot_virtual_fence -- -j28 -l28
[0.797s] INFO:colcon.colcon_core.task.python.build:Building Python package in '/home/w/work/moveit2_handeye_calib/TG620/traj_smoother_py'
[0.798s] INFO:colcon.colcon_core.shell:Skip shell extension 'powershell' for command environment: Not usable outside of PowerShell
[0.798s] DEBUG:colcon.colcon_core.shell:Skip shell extension 'dsv' for command environment
[0.802s] DEBUG:colcon.colcon_core.event_handler.log_command:Invoked command in '/home/w/work/moveit2_handeye_calib/build/robot_description' returned '0': CMAKE_PREFIX_PATH=${CMAKE_PREFIX_PATH}:/home/w/work/moveit2_handeye_calib/install/traj_smoother_py:/home/w/work/moveit2_handeye_calib/install/robot_test_py:/home/w/work/moveit2_handeye_calib/install/robot_input:/home/w/work/moveit2_handeye_calib/install/robot_dynamics:/opt/ros/humble /usr/bin/cmake --build /home/w/work/moveit2_handeye_calib/build/robot_description -- -j28 -l28
[0.812s] DEBUG:colcon.colcon_core.event_handler.log_command:Invoking command in '/home/w/work/moveit2_handeye_calib/build/robot_description': CMAKE_PREFIX_PATH=${CMAKE_PREFIX_PATH}:/home/w/work/moveit2_handeye_calib/install/traj_smoother_py:/home/w/work/moveit2_handeye_calib/install/robot_test_py:/home/w/work/moveit2_handeye_calib/install/robot_input:/home/w/work/moveit2_handeye_calib/install/robot_dynamics:/opt/ros/humble /usr/bin/cmake --install /home/w/work/moveit2_handeye_calib/build/robot_description
[0.813s] DEBUG:colcon.colcon_core.event_handler.log_command:Invoked command in '/home/w/work/moveit2_handeye_calib/build/robot_bringup' returned '0': CMAKE_PREFIX_PATH=${CMAKE_PREFIX_PATH}:/home/w/work/moveit2_handeye_calib/install/traj_smoother_py:/home/w/work/moveit2_handeye_calib/install/robot_test_py:/home/w/work/moveit2_handeye_calib/install/robot_input:/home/w/work/moveit2_handeye_calib/install/robot_dynamics:/opt/ros/humble /usr/bin/cmake --build /home/w/work/moveit2_handeye_calib/build/robot_bringup -- -j28 -l28
[0.814s] DEBUG:colcon.colcon_core.event_handler.log_command:Invoking command in '/home/w/work/moveit2_handeye_calib/build/robot_bringup': CMAKE_PREFIX_PATH=${CMAKE_PREFIX_PATH}:/home/w/work/moveit2_handeye_calib/install/traj_smoother_py:/home/w/work/moveit2_handeye_calib/install/robot_test_py:/home/w/work/moveit2_handeye_calib/install/robot_input:/home/w/work/moveit2_handeye_calib/install/robot_dynamics:/opt/ros/humble /usr/bin/cmake --install /home/w/work/moveit2_handeye_calib/build/robot_bringup
[0.814s] DEBUG:colcon.colcon_core.event_handler.log_command:Invoked command in '/home/w/work/moveit2_handeye_calib/build/moveit_calibration_plugins' returned '0': CMAKE_PREFIX_PATH=${CMAKE_PREFIX_PATH}:/home/w/work/moveit2_handeye_calib/install/traj_smoother_py:/home/w/work/moveit2_handeye_calib/install/robot_test_py:/home/w/work/moveit2_handeye_calib/install/robot_input:/home/w/work/moveit2_handeye_calib/install/robot_dynamics:/opt/ros/humble /usr/bin/cmake --build /home/w/work/moveit2_handeye_calib/build/moveit_calibration_plugins -- -j28 -l28
[0.816s] DEBUG:colcon.colcon_core.event_handler.log_command:Invoking command in '/home/w/work/moveit2_handeye_calib/build/moveit_calibration_plugins': CMAKE_PREFIX_PATH=${CMAKE_PREFIX_PATH}:/home/w/work/moveit2_handeye_calib/install/traj_smoother_py:/home/w/work/moveit2_handeye_calib/install/robot_test_py:/home/w/work/moveit2_handeye_calib/install/robot_input:/home/w/work/moveit2_handeye_calib/install/robot_dynamics:/opt/ros/humble /usr/bin/cmake --install /home/w/work/moveit2_handeye_calib/build/moveit_calibration_plugins
[0.819s] DEBUG:colcon.colcon_core.event_handler.log_command:Invoked command in '/home/w/work/moveit2_handeye_calib/build/ros2_socketcan_msgs' returned '0': CMAKE_PREFIX_PATH=${CMAKE_PREFIX_PATH}:/home/w/work/moveit2_handeye_calib/install/traj_smoother_py:/home/w/work/moveit2_handeye_calib/install/robot_test_py:/home/w/work/moveit2_handeye_calib/install/robot_input:/home/w/work/moveit2_handeye_calib/install/robot_dynamics:/opt/ros/humble /usr/bin/cmake --build /home/w/work/moveit2_handeye_calib/build/ros2_socketcan_msgs -- -j28 -l28
[0.821s] DEBUG:colcon.colcon_core.event_handler.log_command:Invoking command in '/home/w/work/moveit2_handeye_calib/build/ros2_socketcan_msgs': CMAKE_PREFIX_PATH=${CMAKE_PREFIX_PATH}:/home/w/work/moveit2_handeye_calib/install/traj_smoother_py:/home/w/work/moveit2_handeye_calib/install/robot_test_py:/home/w/work/moveit2_handeye_calib/install/robot_input:/home/w/work/moveit2_handeye_calib/install/robot_dynamics:/opt/ros/humble /usr/bin/cmake --install /home/w/work/moveit2_handeye_calib/build/ros2_socketcan_msgs
[0.821s] DEBUG:colcon.colcon_core.event_handler.log_command:Invoked command in '/home/w/work/moveit2_handeye_calib/build/robot_virtual_fence' returned '0': CMAKE_PREFIX_PATH=${CMAKE_PREFIX_PATH}:/home/w/work/moveit2_handeye_calib/install/traj_smoother_py:/home/w/work/moveit2_handeye_calib/install/robot_test_py:/home/w/work/moveit2_handeye_calib/install/robot_input:/home/w/work/moveit2_handeye_calib/install/robot_dynamics:/opt/ros/humble /usr/bin/cmake --build /home/w/work/moveit2_handeye_calib/build/robot_virtual_fence -- -j28 -l28
[0.822s] DEBUG:colcon.colcon_core.event_handler.log_command:Invoking command in '/home/w/work/moveit2_handeye_calib/build/robot_virtual_fence': CMAKE_PREFIX_PATH=${CMAKE_PREFIX_PATH}:/home/w/work/moveit2_handeye_calib/install/traj_smoother_py:/home/w/work/moveit2_handeye_calib/install/robot_test_py:/home/w/work/moveit2_handeye_calib/install/robot_input:/home/w/work/moveit2_handeye_calib/install/robot_dynamics:/opt/ros/humble /usr/bin/cmake --install /home/w/work/moveit2_handeye_calib/build/robot_virtual_fence
[0.822s] DEBUG:colcon.colcon_core.event_handler.log_command:Invoked command in '/home/w/work/moveit2_handeye_calib/build/robot_interfaces' returned '0': CMAKE_PREFIX_PATH=${CMAKE_PREFIX_PATH}:/home/w/work/moveit2_handeye_calib/install/traj_smoother_py:/home/w/work/moveit2_handeye_calib/install/robot_test_py:/home/w/work/moveit2_handeye_calib/install/robot_input:/home/w/work/moveit2_handeye_calib/install/robot_dynamics:/opt/ros/humble /usr/bin/cmake --build /home/w/work/moveit2_handeye_calib/build/robot_interfaces -- -j28 -l28
[0.823s] DEBUG:colcon.colcon_core.event_handler.log_command:Invoking command in '/home/w/work/moveit2_handeye_calib/build/robot_interfaces': CMAKE_PREFIX_PATH=${CMAKE_PREFIX_PATH}:/home/w/work/moveit2_handeye_calib/install/traj_smoother_py:/home/w/work/moveit2_handeye_calib/install/robot_test_py:/home/w/work/moveit2_handeye_calib/install/robot_input:/home/w/work/moveit2_handeye_calib/install/robot_dynamics:/opt/ros/humble /usr/bin/cmake --install /home/w/work/moveit2_handeye_calib/build/robot_interfaces
[0.852s] Level 1:colcon.colcon_core.environment:create_environment_scripts_only(robot_bringup)
[0.861s] Level 1:colcon.colcon_core.environment:checking '/home/w/work/moveit2_handeye_calib/install/robot_bringup' for CMake module files
[0.863s] Level 1:colcon.colcon_core.environment:checking '/home/w/work/moveit2_handeye_calib/install/robot_bringup' for CMake config files
[0.864s] Level 1:colcon.colcon_core.shell:create_environment_hook('robot_bringup', 'cmake_prefix_path')
[0.865s] INFO:colcon.colcon_core.shell:Creating environment hook '/home/w/work/moveit2_handeye_calib/install/robot_bringup/share/robot_bringup/hook/cmake_prefix_path.ps1'
[0.866s] INFO:colcon.colcon_core.shell:Creating environment descriptor '/home/w/work/moveit2_handeye_calib/install/robot_bringup/share/robot_bringup/hook/cmake_prefix_path.dsv'
[0.867s] INFO:colcon.colcon_core.shell:Creating environment hook '/home/w/work/moveit2_handeye_calib/install/robot_bringup/share/robot_bringup/hook/cmake_prefix_path.sh'
[0.869s] Level 1:colcon.colcon_core.environment:checking '/home/w/work/moveit2_handeye_calib/install/robot_bringup/bin'
[0.869s] Level 1:colcon.colcon_core.environment:checking '/home/w/work/moveit2_handeye_calib/install/robot_bringup/lib/pkgconfig/robot_bringup.pc'
[0.870s] Level 1:colcon.colcon_core.environment:checking '/home/w/work/moveit2_handeye_calib/install/robot_bringup/lib/python3.10/site-packages'
[0.870s] Level 1:colcon.colcon_core.environment:checking '/home/w/work/moveit2_handeye_calib/install/robot_bringup/bin'
[0.870s] INFO:colcon.colcon_core.shell:Creating package script '/home/w/work/moveit2_handeye_calib/install/robot_bringup/share/robot_bringup/package.ps1'
[0.871s] INFO:colcon.colcon_core.shell:Creating package descriptor '/home/w/work/moveit2_handeye_calib/install/robot_bringup/share/robot_bringup/package.dsv'
[0.872s] INFO:colcon.colcon_core.shell:Creating package script '/home/w/work/moveit2_handeye_calib/install/robot_bringup/share/robot_bringup/package.sh'
[0.873s] INFO:colcon.colcon_core.shell:Creating package script '/home/w/work/moveit2_handeye_calib/install/robot_bringup/share/robot_bringup/package.bash'
[0.875s] INFO:colcon.colcon_core.shell:Creating package script '/home/w/work/moveit2_handeye_calib/install/robot_bringup/share/robot_bringup/package.zsh'
[0.876s] Level 1:colcon.colcon_core.environment:create_file_with_runtime_dependencies(/home/w/work/moveit2_handeye_calib/install/robot_bringup/share/colcon-core/packages/robot_bringup)
[0.878s] Level 1:colcon.colcon_core.environment:create_environment_scripts_only(robot_bringup)
[0.878s] Level 1:colcon.colcon_core.environment:checking '/home/w/work/moveit2_handeye_calib/install/robot_bringup' for CMake module files
[0.880s] Level 1:colcon.colcon_core.environment:checking '/home/w/work/moveit2_handeye_calib/install/robot_bringup' for CMake config files
[0.881s] DEBUG:colcon.colcon_core.event_handler.log_command:Invoked command in '/home/w/work/moveit2_handeye_calib/build/robot_bringup' returned '0': CMAKE_PREFIX_PATH=${CMAKE_PREFIX_PATH}:/home/w/work/moveit2_handeye_calib/install/traj_smoother_py:/home/w/work/moveit2_handeye_calib/install/robot_test_py:/home/w/work/moveit2_handeye_calib/install/robot_input:/home/w/work/moveit2_handeye_calib/install/robot_dynamics:/opt/ros/humble /usr/bin/cmake --install /home/w/work/moveit2_handeye_calib/build/robot_bringup
[0.883s] Level 1:colcon.colcon_core.shell:create_environment_hook('robot_bringup', 'cmake_prefix_path')
[0.884s] INFO:colcon.colcon_core.shell:Creating environment hook '/home/w/work/moveit2_handeye_calib/install/robot_bringup/share/robot_bringup/hook/cmake_prefix_path.ps1'
[0.886s] INFO:colcon.colcon_core.shell:Creating environment descriptor '/home/w/work/moveit2_handeye_calib/install/robot_bringup/share/robot_bringup/hook/cmake_prefix_path.dsv'
[0.888s] INFO:colcon.colcon_core.shell:Creating environment hook '/home/w/work/moveit2_handeye_calib/install/robot_bringup/share/robot_bringup/hook/cmake_prefix_path.sh'
[0.889s] Level 1:colcon.colcon_core.environment:checking '/home/w/work/moveit2_handeye_calib/install/robot_bringup/bin'
[0.889s] Level 1:colcon.colcon_core.environment:checking '/home/w/work/moveit2_handeye_calib/install/robot_bringup/lib/pkgconfig/robot_bringup.pc'
[0.890s] Level 1:colcon.colcon_core.environment:checking '/home/w/work/moveit2_handeye_calib/install/robot_bringup/lib/python3.10/site-packages'
[0.890s] Level 1:colcon.colcon_core.environment:checking '/home/w/work/moveit2_handeye_calib/install/robot_bringup/bin'
[0.891s] INFO:colcon.colcon_core.shell:Creating package script '/home/w/work/moveit2_handeye_calib/install/robot_bringup/share/robot_bringup/package.ps1'
[0.892s] INFO:colcon.colcon_core.shell:Creating package descriptor '/home/w/work/moveit2_handeye_calib/install/robot_bringup/share/robot_bringup/package.dsv'
[0.895s] INFO:colcon.colcon_core.shell:Creating package script '/home/w/work/moveit2_handeye_calib/install/robot_bringup/share/robot_bringup/package.sh'
[0.896s] INFO:colcon.colcon_core.shell:Creating package script '/home/w/work/moveit2_handeye_calib/install/robot_bringup/share/robot_bringup/package.bash'
[0.897s] INFO:colcon.colcon_core.shell:Creating package script '/home/w/work/moveit2_handeye_calib/install/robot_bringup/share/robot_bringup/package.zsh'
[0.897s] Level 1:colcon.colcon_core.environment:create_file_with_runtime_dependencies(/home/w/work/moveit2_handeye_calib/install/robot_bringup/share/colcon-core/packages/robot_bringup)
[0.897s] Level 1:colcon.colcon_core.environment:create_environment_scripts_only(robot_description)
[0.898s] Level 1:colcon.colcon_core.environment:checking '/home/w/work/moveit2_handeye_calib/install/robot_description' for CMake module files
[0.898s] DEBUG:colcon.colcon_core.event_handler.log_command:Invoked command in '/home/w/work/moveit2_handeye_calib/build/robot_description' returned '0': CMAKE_PREFIX_PATH=${CMAKE_PREFIX_PATH}:/home/w/work/moveit2_handeye_calib/install/traj_smoother_py:/home/w/work/moveit2_handeye_calib/install/robot_test_py:/home/w/work/moveit2_handeye_calib/install/robot_input:/home/w/work/moveit2_handeye_calib/install/robot_dynamics:/opt/ros/humble /usr/bin/cmake --install /home/w/work/moveit2_handeye_calib/build/robot_description
[0.898s] Level 1:colcon.colcon_core.environment:checking '/home/w/work/moveit2_handeye_calib/install/robot_description' for CMake config files
[0.899s] Level 1:colcon.colcon_core.shell:create_environment_hook('robot_description', 'cmake_prefix_path')
[0.899s] INFO:colcon.colcon_core.shell:Creating environment hook '/home/w/work/moveit2_handeye_calib/install/robot_description/share/robot_description/hook/cmake_prefix_path.ps1'
[0.899s] INFO:colcon.colcon_core.shell:Creating environment descriptor '/home/w/work/moveit2_handeye_calib/install/robot_description/share/robot_description/hook/cmake_prefix_path.dsv'
[0.899s] INFO:colcon.colcon_core.shell:Creating environment hook '/home/w/work/moveit2_handeye_calib/install/robot_description/share/robot_description/hook/cmake_prefix_path.sh'
[0.900s] Level 1:colcon.colcon_core.environment:checking '/home/w/work/moveit2_handeye_calib/install/robot_description/bin'
[0.900s] Level 1:colcon.colcon_core.environment:checking '/home/w/work/moveit2_handeye_calib/install/robot_description/lib/pkgconfig/robot_description.pc'
[0.900s] Level 1:colcon.colcon_core.environment:checking '/home/w/work/moveit2_handeye_calib/install/robot_description/lib/python3.10/site-packages'
[0.901s] Level 1:colcon.colcon_core.environment:checking '/home/w/work/moveit2_handeye_calib/install/robot_description/bin'
[0.901s] INFO:colcon.colcon_core.shell:Creating package script '/home/w/work/moveit2_handeye_calib/install/robot_description/share/robot_description/package.ps1'
[0.901s] INFO:colcon.colcon_core.shell:Creating package descriptor '/home/w/work/moveit2_handeye_calib/install/robot_description/share/robot_description/package.dsv'
[0.901s] INFO:colcon.colcon_core.shell:Creating package script '/home/w/work/moveit2_handeye_calib/install/robot_description/share/robot_description/package.sh'
[0.902s] INFO:colcon.colcon_core.shell:Creating package script '/home/w/work/moveit2_handeye_calib/install/robot_description/share/robot_description/package.bash'
[0.902s] INFO:colcon.colcon_core.shell:Creating package script '/home/w/work/moveit2_handeye_calib/install/robot_description/share/robot_description/package.zsh'
[0.902s] Level 1:colcon.colcon_core.environment:create_file_with_runtime_dependencies(/home/w/work/moveit2_handeye_calib/install/robot_description/share/colcon-core/packages/robot_description)
[0.903s] Level 1:colcon.colcon_core.environment:create_environment_scripts_only(robot_description)
[0.903s] Level 1:colcon.colcon_core.environment:checking '/home/w/work/moveit2_handeye_calib/install/robot_description' for CMake module files
[0.903s] Level 1:colcon.colcon_core.environment:checking '/home/w/work/moveit2_handeye_calib/install/robot_description' for CMake config files
[0.903s] Level 1:colcon.colcon_core.shell:create_environment_hook('robot_description', 'cmake_prefix_path')
[0.904s] INFO:colcon.colcon_core.shell:Creating environment hook '/home/w/work/moveit2_handeye_calib/install/robot_description/share/robot_description/hook/cmake_prefix_path.ps1'
[0.904s] INFO:colcon.colcon_core.shell:Creating environment descriptor '/home/w/work/moveit2_handeye_calib/install/robot_description/share/robot_description/hook/cmake_prefix_path.dsv'
[0.904s] INFO:colcon.colcon_core.shell:Creating environment hook '/home/w/work/moveit2_handeye_calib/install/robot_description/share/robot_description/hook/cmake_prefix_path.sh'
[0.905s] Level 1:colcon.colcon_core.environment:checking '/home/w/work/moveit2_handeye_calib/install/robot_description/bin'
[0.905s] Level 1:colcon.colcon_core.environment:checking '/home/w/work/moveit2_handeye_calib/install/robot_description/lib/pkgconfig/robot_description.pc'
[0.905s] Level 1:colcon.colcon_core.environment:checking '/home/w/work/moveit2_handeye_calib/install/robot_description/lib/python3.10/site-packages'
[0.905s] Level 1:colcon.colcon_core.environment:checking '/home/w/work/moveit2_handeye_calib/install/robot_description/bin'
[0.905s] INFO:colcon.colcon_core.shell:Creating package script '/home/w/work/moveit2_handeye_calib/install/robot_description/share/robot_description/package.ps1'
[0.906s] INFO:colcon.colcon_core.shell:Creating package descriptor '/home/w/work/moveit2_handeye_calib/install/robot_description/share/robot_description/package.dsv'
[0.906s] INFO:colcon.colcon_core.shell:Creating package script '/home/w/work/moveit2_handeye_calib/install/robot_description/share/robot_description/package.sh'
[0.906s] INFO:colcon.colcon_core.shell:Creating package script '/home/w/work/moveit2_handeye_calib/install/robot_description/share/robot_description/package.bash'
[0.906s] INFO:colcon.colcon_core.shell:Creating package script '/home/w/work/moveit2_handeye_calib/install/robot_description/share/robot_description/package.zsh'
[0.907s] Level 1:colcon.colcon_core.environment:create_file_with_runtime_dependencies(/home/w/work/moveit2_handeye_calib/install/robot_description/share/colcon-core/packages/robot_description)
[0.907s] INFO:colcon.colcon_ros.task.ament_cmake.build:Building ROS package in '/home/w/work/moveit2_handeye_calib/TG620/robot_config/arm380_config' with build type 'ament_cmake'
[0.907s] INFO:colcon.colcon_cmake.task.cmake.build:Building CMake package in '/home/w/work/moveit2_handeye_calib/TG620/robot_config/arm380_config'
[0.908s] INFO:colcon.colcon_core.shell:Skip shell extension 'powershell' for command environment: Not usable outside of PowerShell
[0.908s] DEBUG:colcon.colcon_core.shell:Skip shell extension 'dsv' for command environment
[0.911s] INFO:colcon.colcon_ros.task.ament_cmake.build:Building ROS package in '/home/w/work/moveit2_handeye_calib/TG620/robot_config/arm620_config' with build type 'ament_cmake'
[0.911s] INFO:colcon.colcon_cmake.task.cmake.build:Building CMake package in '/home/w/work/moveit2_handeye_calib/TG620/robot_config/arm620_config'
[0.911s] INFO:colcon.colcon_core.shell:Skip shell extension 'powershell' for command environment: Not usable outside of PowerShell
[0.911s] DEBUG:colcon.colcon_core.shell:Skip shell extension 'dsv' for command environment
[0.914s] INFO:colcon.colcon_ros.task.ament_cmake.build:Building ROS package in '/home/w/work/moveit2_handeye_calib/TG620/robot_config/arm620_dh_config' with build type 'ament_cmake'
[0.914s] INFO:colcon.colcon_cmake.task.cmake.build:Building CMake package in '/home/w/work/moveit2_handeye_calib/TG620/robot_config/arm620_dh_config'
[0.914s] INFO:colcon.colcon_core.shell:Skip shell extension 'powershell' for command environment: Not usable outside of PowerShell
[0.914s] DEBUG:colcon.colcon_core.shell:Skip shell extension 'dsv' for command environment
[0.917s] Level 1:colcon.colcon_core.environment:create_environment_scripts_only(robot_virtual_fence)
[0.918s] Level 1:colcon.colcon_core.environment:checking '/home/w/work/moveit2_handeye_calib/install/robot_virtual_fence' for CMake module files
[0.918s] DEBUG:colcon.colcon_core.event_handler.log_command:Invoked command in '/home/w/work/moveit2_handeye_calib/build/robot_virtual_fence' returned '0': CMAKE_PREFIX_PATH=${CMAKE_PREFIX_PATH}:/home/w/work/moveit2_handeye_calib/install/traj_smoother_py:/home/w/work/moveit2_handeye_calib/install/robot_test_py:/home/w/work/moveit2_handeye_calib/install/robot_input:/home/w/work/moveit2_handeye_calib/install/robot_dynamics:/opt/ros/humble /usr/bin/cmake --install /home/w/work/moveit2_handeye_calib/build/robot_virtual_fence
[0.918s] Level 1:colcon.colcon_core.environment:checking '/home/w/work/moveit2_handeye_calib/install/robot_virtual_fence' for CMake config files
[0.918s] Level 1:colcon.colcon_core.shell:create_environment_hook('robot_virtual_fence', 'cmake_prefix_path')
[0.918s] INFO:colcon.colcon_core.shell:Creating environment hook '/home/w/work/moveit2_handeye_calib/install/robot_virtual_fence/share/robot_virtual_fence/hook/cmake_prefix_path.ps1'
[0.919s] INFO:colcon.colcon_core.shell:Creating environment descriptor '/home/w/work/moveit2_handeye_calib/install/robot_virtual_fence/share/robot_virtual_fence/hook/cmake_prefix_path.dsv'
[0.919s] INFO:colcon.colcon_core.shell:Creating environment hook '/home/w/work/moveit2_handeye_calib/install/robot_virtual_fence/share/robot_virtual_fence/hook/cmake_prefix_path.sh'
[0.919s] Level 1:colcon.colcon_core.environment:checking '/home/w/work/moveit2_handeye_calib/install/robot_virtual_fence/lib'
[0.919s] Level 1:colcon.colcon_core.environment:checking '/home/w/work/moveit2_handeye_calib/install/robot_virtual_fence/bin'
[0.919s] Level 1:colcon.colcon_core.environment:checking '/home/w/work/moveit2_handeye_calib/install/robot_virtual_fence/lib/pkgconfig/robot_virtual_fence.pc'
[0.919s] Level 1:colcon.colcon_core.environment:checking '/home/w/work/moveit2_handeye_calib/install/robot_virtual_fence/lib/python3.10/site-packages'
[0.920s] Level 1:colcon.colcon_core.environment:checking '/home/w/work/moveit2_handeye_calib/install/robot_virtual_fence/bin'
[0.920s] INFO:colcon.colcon_core.shell:Creating package script '/home/w/work/moveit2_handeye_calib/install/robot_virtual_fence/share/robot_virtual_fence/package.ps1'
[0.920s] INFO:colcon.colcon_core.shell:Creating package descriptor '/home/w/work/moveit2_handeye_calib/install/robot_virtual_fence/share/robot_virtual_fence/package.dsv'
[0.920s] INFO:colcon.colcon_core.shell:Creating package script '/home/w/work/moveit2_handeye_calib/install/robot_virtual_fence/share/robot_virtual_fence/package.sh'
[0.920s] INFO:colcon.colcon_core.shell:Creating package script '/home/w/work/moveit2_handeye_calib/install/robot_virtual_fence/share/robot_virtual_fence/package.bash'
[0.921s] INFO:colcon.colcon_core.shell:Creating package script '/home/w/work/moveit2_handeye_calib/install/robot_virtual_fence/share/robot_virtual_fence/package.zsh'
[0.921s] Level 1:colcon.colcon_core.environment:create_file_with_runtime_dependencies(/home/w/work/moveit2_handeye_calib/install/robot_virtual_fence/share/colcon-core/packages/robot_virtual_fence)
[0.921s] Level 1:colcon.colcon_core.environment:create_environment_scripts_only(robot_virtual_fence)
[0.921s] Level 1:colcon.colcon_core.environment:checking '/home/w/work/moveit2_handeye_calib/install/robot_virtual_fence' for CMake module files
[0.921s] Level 1:colcon.colcon_core.environment:checking '/home/w/work/moveit2_handeye_calib/install/robot_virtual_fence' for CMake config files
[0.922s] Level 1:colcon.colcon_core.shell:create_environment_hook('robot_virtual_fence', 'cmake_prefix_path')
[0.922s] INFO:colcon.colcon_core.shell:Creating environment hook '/home/w/work/moveit2_handeye_calib/install/robot_virtual_fence/share/robot_virtual_fence/hook/cmake_prefix_path.ps1'
[0.922s] INFO:colcon.colcon_core.shell:Creating environment descriptor '/home/w/work/moveit2_handeye_calib/install/robot_virtual_fence/share/robot_virtual_fence/hook/cmake_prefix_path.dsv'
[0.922s] INFO:colcon.colcon_core.shell:Creating environment hook '/home/w/work/moveit2_handeye_calib/install/robot_virtual_fence/share/robot_virtual_fence/hook/cmake_prefix_path.sh'
[0.923s] Level 1:colcon.colcon_core.environment:checking '/home/w/work/moveit2_handeye_calib/install/robot_virtual_fence/lib'
[0.923s] Level 1:colcon.colcon_core.environment:checking '/home/w/work/moveit2_handeye_calib/install/robot_virtual_fence/bin'
[0.923s] Level 1:colcon.colcon_core.environment:checking '/home/w/work/moveit2_handeye_calib/install/robot_virtual_fence/lib/pkgconfig/robot_virtual_fence.pc'
[0.923s] Level 1:colcon.colcon_core.environment:checking '/home/w/work/moveit2_handeye_calib/install/robot_virtual_fence/lib/python3.10/site-packages'
[0.923s] Level 1:colcon.colcon_core.environment:checking '/home/w/work/moveit2_handeye_calib/install/robot_virtual_fence/bin'
[0.923s] INFO:colcon.colcon_core.shell:Creating package script '/home/w/work/moveit2_handeye_calib/install/robot_virtual_fence/share/robot_virtual_fence/package.ps1'
[0.923s] INFO:colcon.colcon_core.shell:Creating package descriptor '/home/w/work/moveit2_handeye_calib/install/robot_virtual_fence/share/robot_virtual_fence/package.dsv'
[0.924s] INFO:colcon.colcon_core.shell:Creating package script '/home/w/work/moveit2_handeye_calib/install/robot_virtual_fence/share/robot_virtual_fence/package.sh'
[0.924s] INFO:colcon.colcon_core.shell:Creating package script '/home/w/work/moveit2_handeye_calib/install/robot_virtual_fence/share/robot_virtual_fence/package.bash'
[0.924s] INFO:colcon.colcon_core.shell:Creating package script '/home/w/work/moveit2_handeye_calib/install/robot_virtual_fence/share/robot_virtual_fence/package.zsh'
[0.925s] Level 1:colcon.colcon_core.environment:create_file_with_runtime_dependencies(/home/w/work/moveit2_handeye_calib/install/robot_virtual_fence/share/colcon-core/packages/robot_virtual_fence)
[0.925s] Level 1:colcon.colcon_core.environment:create_environment_scripts_only(moveit_calibration_plugins)
[0.925s] Level 1:colcon.colcon_core.environment:checking '/home/w/work/moveit2_handeye_calib/install/moveit_calibration_plugins' for CMake module files
[0.926s] DEBUG:colcon.colcon_core.event_handler.log_command:Invoked command in '/home/w/work/moveit2_handeye_calib/build/moveit_calibration_plugins' returned '0': CMAKE_PREFIX_PATH=${CMAKE_PREFIX_PATH}:/home/w/work/moveit2_handeye_calib/install/traj_smoother_py:/home/w/work/moveit2_handeye_calib/install/robot_test_py:/home/w/work/moveit2_handeye_calib/install/robot_input:/home/w/work/moveit2_handeye_calib/install/robot_dynamics:/opt/ros/humble /usr/bin/cmake --install /home/w/work/moveit2_handeye_calib/build/moveit_calibration_plugins
[0.926s] Level 1:colcon.colcon_core.environment:checking '/home/w/work/moveit2_handeye_calib/install/moveit_calibration_plugins' for CMake config files
[0.926s] Level 1:colcon.colcon_core.shell:create_environment_hook('moveit_calibration_plugins', 'cmake_prefix_path')
[0.926s] INFO:colcon.colcon_core.shell:Creating environment hook '/home/w/work/moveit2_handeye_calib/install/moveit_calibration_plugins/share/moveit_calibration_plugins/hook/cmake_prefix_path.ps1'
[0.926s] INFO:colcon.colcon_core.shell:Creating environment descriptor '/home/w/work/moveit2_handeye_calib/install/moveit_calibration_plugins/share/moveit_calibration_plugins/hook/cmake_prefix_path.dsv'
[0.926s] INFO:colcon.colcon_core.shell:Creating environment hook '/home/w/work/moveit2_handeye_calib/install/moveit_calibration_plugins/share/moveit_calibration_plugins/hook/cmake_prefix_path.sh'
[0.927s] Level 1:colcon.colcon_core.environment:checking '/home/w/work/moveit2_handeye_calib/install/moveit_calibration_plugins/lib'
[0.927s] Level 1:colcon.colcon_core.shell:create_environment_hook('moveit_calibration_plugins', 'ld_library_path_lib')
[0.927s] INFO:colcon.colcon_core.shell:Creating environment hook '/home/w/work/moveit2_handeye_calib/install/moveit_calibration_plugins/share/moveit_calibration_plugins/hook/ld_library_path_lib.ps1'
[0.927s] INFO:colcon.colcon_core.shell:Creating environment descriptor '/home/w/work/moveit2_handeye_calib/install/moveit_calibration_plugins/share/moveit_calibration_plugins/hook/ld_library_path_lib.dsv'
[0.927s] INFO:colcon.colcon_core.shell:Creating environment hook '/home/w/work/moveit2_handeye_calib/install/moveit_calibration_plugins/share/moveit_calibration_plugins/hook/ld_library_path_lib.sh'
[0.928s] Level 1:colcon.colcon_core.environment:checking '/home/w/work/moveit2_handeye_calib/install/moveit_calibration_plugins/bin'
[0.928s] Level 1:colcon.colcon_core.environment:checking '/home/w/work/moveit2_handeye_calib/install/moveit_calibration_plugins/lib/pkgconfig/moveit_calibration_plugins.pc'
[0.928s] Level 1:colcon.colcon_core.environment:checking '/home/w/work/moveit2_handeye_calib/install/moveit_calibration_plugins/lib/python3.10/site-packages'
[0.928s] Level 1:colcon.colcon_core.environment:checking '/home/w/work/moveit2_handeye_calib/install/moveit_calibration_plugins/bin'
[0.928s] INFO:colcon.colcon_core.shell:Creating package script '/home/w/work/moveit2_handeye_calib/install/moveit_calibration_plugins/share/moveit_calibration_plugins/package.ps1'
[0.929s] INFO:colcon.colcon_core.shell:Creating package descriptor '/home/w/work/moveit2_handeye_calib/install/moveit_calibration_plugins/share/moveit_calibration_plugins/package.dsv'
[0.929s] INFO:colcon.colcon_core.shell:Creating package script '/home/w/work/moveit2_handeye_calib/install/moveit_calibration_plugins/share/moveit_calibration_plugins/package.sh'
[0.929s] INFO:colcon.colcon_core.shell:Creating package script '/home/w/work/moveit2_handeye_calib/install/moveit_calibration_plugins/share/moveit_calibration_plugins/package.bash'
[0.929s] INFO:colcon.colcon_core.shell:Creating package script '/home/w/work/moveit2_handeye_calib/install/moveit_calibration_plugins/share/moveit_calibration_plugins/package.zsh'
[0.929s] Level 1:colcon.colcon_core.environment:create_file_with_runtime_dependencies(/home/w/work/moveit2_handeye_calib/install/moveit_calibration_plugins/share/colcon-core/packages/moveit_calibration_plugins)
[0.930s] Level 1:colcon.colcon_core.environment:create_environment_scripts_only(moveit_calibration_plugins)
[0.930s] Level 1:colcon.colcon_core.environment:checking '/home/w/work/moveit2_handeye_calib/install/moveit_calibration_plugins' for CMake module files
[0.930s] Level 1:colcon.colcon_core.environment:checking '/home/w/work/moveit2_handeye_calib/install/moveit_calibration_plugins' for CMake config files
[0.930s] Level 1:colcon.colcon_core.shell:create_environment_hook('moveit_calibration_plugins', 'cmake_prefix_path')
[0.930s] INFO:colcon.colcon_core.shell:Creating environment hook '/home/w/work/moveit2_handeye_calib/install/moveit_calibration_plugins/share/moveit_calibration_plugins/hook/cmake_prefix_path.ps1'
[0.931s] INFO:colcon.colcon_core.shell:Creating environment descriptor '/home/w/work/moveit2_handeye_calib/install/moveit_calibration_plugins/share/moveit_calibration_plugins/hook/cmake_prefix_path.dsv'
[0.931s] INFO:colcon.colcon_core.shell:Creating environment hook '/home/w/work/moveit2_handeye_calib/install/moveit_calibration_plugins/share/moveit_calibration_plugins/hook/cmake_prefix_path.sh'
[0.931s] Level 1:colcon.colcon_core.environment:checking '/home/w/work/moveit2_handeye_calib/install/moveit_calibration_plugins/lib'
[0.932s] Level 1:colcon.colcon_core.shell:create_environment_hook('moveit_calibration_plugins', 'ld_library_path_lib')
[0.932s] INFO:colcon.colcon_core.shell:Creating environment hook '/home/w/work/moveit2_handeye_calib/install/moveit_calibration_plugins/share/moveit_calibration_plugins/hook/ld_library_path_lib.ps1'
[0.932s] INFO:colcon.colcon_core.shell:Creating environment descriptor '/home/w/work/moveit2_handeye_calib/install/moveit_calibration_plugins/share/moveit_calibration_plugins/hook/ld_library_path_lib.dsv'
[0.932s] INFO:colcon.colcon_core.shell:Creating environment hook '/home/w/work/moveit2_handeye_calib/install/moveit_calibration_plugins/share/moveit_calibration_plugins/hook/ld_library_path_lib.sh'
[0.933s] Level 1:colcon.colcon_core.environment:checking '/home/w/work/moveit2_handeye_calib/install/moveit_calibration_plugins/bin'
[0.933s] Level 1:colcon.colcon_core.environment:checking '/home/w/work/moveit2_handeye_calib/install/moveit_calibration_plugins/lib/pkgconfig/moveit_calibration_plugins.pc'
[0.933s] Level 1:colcon.colcon_core.environment:checking '/home/w/work/moveit2_handeye_calib/install/moveit_calibration_plugins/lib/python3.10/site-packages'
[0.933s] Level 1:colcon.colcon_core.environment:checking '/home/w/work/moveit2_handeye_calib/install/moveit_calibration_plugins/bin'
[0.933s] INFO:colcon.colcon_core.shell:Creating package script '/home/w/work/moveit2_handeye_calib/install/moveit_calibration_plugins/share/moveit_calibration_plugins/package.ps1'
[0.934s] INFO:colcon.colcon_core.shell:Creating package descriptor '/home/w/work/moveit2_handeye_calib/install/moveit_calibration_plugins/share/moveit_calibration_plugins/package.dsv'
[0.934s] INFO:colcon.colcon_core.shell:Creating package script '/home/w/work/moveit2_handeye_calib/install/moveit_calibration_plugins/share/moveit_calibration_plugins/package.sh'
[0.934s] INFO:colcon.colcon_core.shell:Creating package script '/home/w/work/moveit2_handeye_calib/install/moveit_calibration_plugins/share/moveit_calibration_plugins/package.bash'
[0.935s] INFO:colcon.colcon_core.shell:Creating package script '/home/w/work/moveit2_handeye_calib/install/moveit_calibration_plugins/share/moveit_calibration_plugins/package.zsh'
[0.935s] Level 1:colcon.colcon_core.environment:create_file_with_runtime_dependencies(/home/w/work/moveit2_handeye_calib/install/moveit_calibration_plugins/share/colcon-core/packages/moveit_calibration_plugins)
[0.936s] INFO:colcon.colcon_ros.task.ament_cmake.build:Building ROS package in '/home/w/work/moveit2_handeye_calib/moveit2_calibration/moveit_calibration_gui' with build type 'ament_cmake'
[0.936s] INFO:colcon.colcon_cmake.task.cmake.build:Building CMake package in '/home/w/work/moveit2_handeye_calib/moveit2_calibration/moveit_calibration_gui'
[0.936s] INFO:colcon.colcon_core.shell:Skip shell extension 'powershell' for command environment: Not usable outside of PowerShell
[0.936s] DEBUG:colcon.colcon_core.shell:Skip shell extension 'dsv' for command environment
[0.939s] Level 1:colcon.colcon_core.environment:create_environment_scripts_only(robot_interfaces)
[0.939s] Level 1:colcon.colcon_core.environment:checking '/home/w/work/moveit2_handeye_calib/install/robot_interfaces' for CMake module files
[0.940s] DEBUG:colcon.colcon_core.event_handler.log_command:Invoked command in '/home/w/work/moveit2_handeye_calib/build/robot_interfaces' returned '0': CMAKE_PREFIX_PATH=${CMAKE_PREFIX_PATH}:/home/w/work/moveit2_handeye_calib/install/traj_smoother_py:/home/w/work/moveit2_handeye_calib/install/robot_test_py:/home/w/work/moveit2_handeye_calib/install/robot_input:/home/w/work/moveit2_handeye_calib/install/robot_dynamics:/opt/ros/humble /usr/bin/cmake --install /home/w/work/moveit2_handeye_calib/build/robot_interfaces
[0.940s] Level 1:colcon.colcon_core.environment:checking '/home/w/work/moveit2_handeye_calib/install/robot_interfaces' for CMake config files
[0.940s] Level 1:colcon.colcon_core.shell:create_environment_hook('robot_interfaces', 'cmake_prefix_path')
[0.940s] INFO:colcon.colcon_core.shell:Creating environment hook '/home/w/work/moveit2_handeye_calib/install/robot_interfaces/share/robot_interfaces/hook/cmake_prefix_path.ps1'
[0.941s] INFO:colcon.colcon_core.shell:Creating environment descriptor '/home/w/work/moveit2_handeye_calib/install/robot_interfaces/share/robot_interfaces/hook/cmake_prefix_path.dsv'
[0.941s] INFO:colcon.colcon_core.shell:Creating environment hook '/home/w/work/moveit2_handeye_calib/install/robot_interfaces/share/robot_interfaces/hook/cmake_prefix_path.sh'
[0.941s] Level 1:colcon.colcon_core.environment:checking '/home/w/work/moveit2_handeye_calib/install/robot_interfaces/lib'
[0.941s] Level 1:colcon.colcon_core.shell:create_environment_hook('robot_interfaces', 'ld_library_path_lib')
[0.941s] INFO:colcon.colcon_core.shell:Creating environment hook '/home/w/work/moveit2_handeye_calib/install/robot_interfaces/share/robot_interfaces/hook/ld_library_path_lib.ps1'
[0.942s] INFO:colcon.colcon_core.shell:Creating environment descriptor '/home/w/work/moveit2_handeye_calib/install/robot_interfaces/share/robot_interfaces/hook/ld_library_path_lib.dsv'
[0.942s] INFO:colcon.colcon_core.shell:Creating environment hook '/home/w/work/moveit2_handeye_calib/install/robot_interfaces/share/robot_interfaces/hook/ld_library_path_lib.sh'
[0.942s] Level 1:colcon.colcon_core.environment:checking '/home/w/work/moveit2_handeye_calib/install/robot_interfaces/bin'
[0.942s] Level 1:colcon.colcon_core.environment:checking '/home/w/work/moveit2_handeye_calib/install/robot_interfaces/lib/pkgconfig/robot_interfaces.pc'
[0.942s] Level 1:colcon.colcon_core.environment:checking '/home/w/work/moveit2_handeye_calib/install/robot_interfaces/lib/python3.10/site-packages'
[0.942s] Level 1:colcon.colcon_core.environment:checking '/home/w/work/moveit2_handeye_calib/install/robot_interfaces/bin'
[0.942s] INFO:colcon.colcon_core.shell:Creating package script '/home/w/work/moveit2_handeye_calib/install/robot_interfaces/share/robot_interfaces/package.ps1'
[0.943s] INFO:colcon.colcon_core.shell:Creating package descriptor '/home/w/work/moveit2_handeye_calib/install/robot_interfaces/share/robot_interfaces/package.dsv'
[0.943s] INFO:colcon.colcon_core.shell:Creating package script '/home/w/work/moveit2_handeye_calib/install/robot_interfaces/share/robot_interfaces/package.sh'
[0.943s] INFO:colcon.colcon_core.shell:Creating package script '/home/w/work/moveit2_handeye_calib/install/robot_interfaces/share/robot_interfaces/package.bash'
[0.943s] INFO:colcon.colcon_core.shell:Creating package script '/home/w/work/moveit2_handeye_calib/install/robot_interfaces/share/robot_interfaces/package.zsh'
[0.944s] Level 1:colcon.colcon_core.environment:create_file_with_runtime_dependencies(/home/w/work/moveit2_handeye_calib/install/robot_interfaces/share/colcon-core/packages/robot_interfaces)
[0.944s] Level 1:colcon.colcon_core.environment:create_environment_scripts_only(robot_interfaces)
[0.944s] Level 1:colcon.colcon_core.environment:checking '/home/w/work/moveit2_handeye_calib/install/robot_interfaces' for CMake module files
[0.944s] Level 1:colcon.colcon_core.environment:checking '/home/w/work/moveit2_handeye_calib/install/robot_interfaces' for CMake config files
[0.944s] Level 1:colcon.colcon_core.shell:create_environment_hook('robot_interfaces', 'cmake_prefix_path')
[0.945s] INFO:colcon.colcon_core.shell:Creating environment hook '/home/w/work/moveit2_handeye_calib/install/robot_interfaces/share/robot_interfaces/hook/cmake_prefix_path.ps1'
[0.945s] INFO:colcon.colcon_core.shell:Creating environment descriptor '/home/w/work/moveit2_handeye_calib/install/robot_interfaces/share/robot_interfaces/hook/cmake_prefix_path.dsv'
[0.945s] INFO:colcon.colcon_core.shell:Creating environment hook '/home/w/work/moveit2_handeye_calib/install/robot_interfaces/share/robot_interfaces/hook/cmake_prefix_path.sh'
[0.945s] Level 1:colcon.colcon_core.environment:checking '/home/w/work/moveit2_handeye_calib/install/robot_interfaces/lib'
[0.945s] Level 1:colcon.colcon_core.shell:create_environment_hook('robot_interfaces', 'ld_library_path_lib')
[0.945s] INFO:colcon.colcon_core.shell:Creating environment hook '/home/w/work/moveit2_handeye_calib/install/robot_interfaces/share/robot_interfaces/hook/ld_library_path_lib.ps1'
[0.946s] INFO:colcon.colcon_core.shell:Creating environment descriptor '/home/w/work/moveit2_handeye_calib/install/robot_interfaces/share/robot_interfaces/hook/ld_library_path_lib.dsv'
[0.946s] INFO:colcon.colcon_core.shell:Creating environment hook '/home/w/work/moveit2_handeye_calib/install/robot_interfaces/share/robot_interfaces/hook/ld_library_path_lib.sh'
[0.946s] Level 1:colcon.colcon_core.environment:checking '/home/w/work/moveit2_handeye_calib/install/robot_interfaces/bin'
[0.946s] Level 1:colcon.colcon_core.environment:checking '/home/w/work/moveit2_handeye_calib/install/robot_interfaces/lib/pkgconfig/robot_interfaces.pc'
[0.946s] Level 1:colcon.colcon_core.environment:checking '/home/w/work/moveit2_handeye_calib/install/robot_interfaces/lib/python3.10/site-packages'
[0.946s] Level 1:colcon.colcon_core.environment:checking '/home/w/work/moveit2_handeye_calib/install/robot_interfaces/bin'
[0.946s] INFO:colcon.colcon_core.shell:Creating package script '/home/w/work/moveit2_handeye_calib/install/robot_interfaces/share/robot_interfaces/package.ps1'
[0.947s] INFO:colcon.colcon_core.shell:Creating package descriptor '/home/w/work/moveit2_handeye_calib/install/robot_interfaces/share/robot_interfaces/package.dsv'
[0.947s] INFO:colcon.colcon_core.shell:Creating package script '/home/w/work/moveit2_handeye_calib/install/robot_interfaces/share/robot_interfaces/package.sh'
[0.948s] INFO:colcon.colcon_core.shell:Creating package script '/home/w/work/moveit2_handeye_calib/install/robot_interfaces/share/robot_interfaces/package.bash'
[0.948s] INFO:colcon.colcon_core.shell:Creating package script '/home/w/work/moveit2_handeye_calib/install/robot_interfaces/share/robot_interfaces/package.zsh'
[0.948s] Level 1:colcon.colcon_core.environment:create_file_with_runtime_dependencies(/home/w/work/moveit2_handeye_calib/install/robot_interfaces/share/colcon-core/packages/robot_interfaces)
[0.948s] Level 1:colcon.colcon_core.environment:create_environment_scripts_only(ros2_socketcan_msgs)
[0.948s] Level 1:colcon.colcon_core.environment:checking '/home/w/work/moveit2_handeye_calib/install/ros2_socketcan_msgs' for CMake module files
[0.949s] Level 1:colcon.colcon_core.environment:checking '/home/w/work/moveit2_handeye_calib/install/ros2_socketcan_msgs' for CMake config files
[0.949s] DEBUG:colcon.colcon_core.event_handler.log_command:Invoked command in '/home/w/work/moveit2_handeye_calib/build/ros2_socketcan_msgs' returned '0': CMAKE_PREFIX_PATH=${CMAKE_PREFIX_PATH}:/home/w/work/moveit2_handeye_calib/install/traj_smoother_py:/home/w/work/moveit2_handeye_calib/install/robot_test_py:/home/w/work/moveit2_handeye_calib/install/robot_input:/home/w/work/moveit2_handeye_calib/install/robot_dynamics:/opt/ros/humble /usr/bin/cmake --install /home/w/work/moveit2_handeye_calib/build/ros2_socketcan_msgs
[0.949s] Level 1:colcon.colcon_core.shell:create_environment_hook('ros2_socketcan_msgs', 'cmake_prefix_path')
[0.949s] INFO:colcon.colcon_core.shell:Creating environment hook '/home/w/work/moveit2_handeye_calib/install/ros2_socketcan_msgs/share/ros2_socketcan_msgs/hook/cmake_prefix_path.ps1'
[0.950s] INFO:colcon.colcon_core.shell:Creating environment descriptor '/home/w/work/moveit2_handeye_calib/install/ros2_socketcan_msgs/share/ros2_socketcan_msgs/hook/cmake_prefix_path.dsv'
[0.950s] INFO:colcon.colcon_core.shell:Creating environment hook '/home/w/work/moveit2_handeye_calib/install/ros2_socketcan_msgs/share/ros2_socketcan_msgs/hook/cmake_prefix_path.sh'
[0.950s] Level 1:colcon.colcon_core.environment:checking '/home/w/work/moveit2_handeye_calib/install/ros2_socketcan_msgs/lib'
[0.950s] Level 1:colcon.colcon_core.shell:create_environment_hook('ros2_socketcan_msgs', 'ld_library_path_lib')
[0.950s] INFO:colcon.colcon_core.shell:Creating environment hook '/home/w/work/moveit2_handeye_calib/install/ros2_socketcan_msgs/share/ros2_socketcan_msgs/hook/ld_library_path_lib.ps1'
[0.950s] INFO:colcon.colcon_core.shell:Creating environment descriptor '/home/w/work/moveit2_handeye_calib/install/ros2_socketcan_msgs/share/ros2_socketcan_msgs/hook/ld_library_path_lib.dsv'
[0.951s] INFO:colcon.colcon_core.shell:Creating environment hook '/home/w/work/moveit2_handeye_calib/install/ros2_socketcan_msgs/share/ros2_socketcan_msgs/hook/ld_library_path_lib.sh'
[0.951s] Level 1:colcon.colcon_core.environment:checking '/home/w/work/moveit2_handeye_calib/install/ros2_socketcan_msgs/bin'
[0.951s] Level 1:colcon.colcon_core.environment:checking '/home/w/work/moveit2_handeye_calib/install/ros2_socketcan_msgs/lib/pkgconfig/ros2_socketcan_msgs.pc'
[0.951s] Level 1:colcon.colcon_core.environment:checking '/home/w/work/moveit2_handeye_calib/install/ros2_socketcan_msgs/lib/python3.10/site-packages'
[0.951s] Level 1:colcon.colcon_core.environment:checking '/home/w/work/moveit2_handeye_calib/install/ros2_socketcan_msgs/bin'
[0.951s] INFO:colcon.colcon_core.shell:Creating package script '/home/w/work/moveit2_handeye_calib/install/ros2_socketcan_msgs/share/ros2_socketcan_msgs/package.ps1'
[0.952s] INFO:colcon.colcon_core.shell:Creating package descriptor '/home/w/work/moveit2_handeye_calib/install/ros2_socketcan_msgs/share/ros2_socketcan_msgs/package.dsv'
[0.952s] INFO:colcon.colcon_core.shell:Creating package script '/home/w/work/moveit2_handeye_calib/install/ros2_socketcan_msgs/share/ros2_socketcan_msgs/package.sh'
[0.952s] INFO:colcon.colcon_core.shell:Creating package script '/home/w/work/moveit2_handeye_calib/install/ros2_socketcan_msgs/share/ros2_socketcan_msgs/package.bash'
[0.952s] INFO:colcon.colcon_core.shell:Creating package script '/home/w/work/moveit2_handeye_calib/install/ros2_socketcan_msgs/share/ros2_socketcan_msgs/package.zsh'
[0.952s] Level 1:colcon.colcon_core.environment:create_file_with_runtime_dependencies(/home/w/work/moveit2_handeye_calib/install/ros2_socketcan_msgs/share/colcon-core/packages/ros2_socketcan_msgs)
[0.953s] Level 1:colcon.colcon_core.environment:create_environment_scripts_only(ros2_socketcan_msgs)
[0.953s] Level 1:colcon.colcon_core.environment:checking '/home/w/work/moveit2_handeye_calib/install/ros2_socketcan_msgs' for CMake module files
[0.953s] Level 1:colcon.colcon_core.environment:checking '/home/w/work/moveit2_handeye_calib/install/ros2_socketcan_msgs' for CMake config files
[0.953s] Level 1:colcon.colcon_core.shell:create_environment_hook('ros2_socketcan_msgs', 'cmake_prefix_path')
[0.953s] INFO:colcon.colcon_core.shell:Creating environment hook '/home/w/work/moveit2_handeye_calib/install/ros2_socketcan_msgs/share/ros2_socketcan_msgs/hook/cmake_prefix_path.ps1'
[0.953s] INFO:colcon.colcon_core.shell:Creating environment descriptor '/home/w/work/moveit2_handeye_calib/install/ros2_socketcan_msgs/share/ros2_socketcan_msgs/hook/cmake_prefix_path.dsv'
[0.954s] INFO:colcon.colcon_core.shell:Creating environment hook '/home/w/work/moveit2_handeye_calib/install/ros2_socketcan_msgs/share/ros2_socketcan_msgs/hook/cmake_prefix_path.sh'
[0.954s] Level 1:colcon.colcon_core.environment:checking '/home/w/work/moveit2_handeye_calib/install/ros2_socketcan_msgs/lib'
[0.954s] Level 1:colcon.colcon_core.shell:create_environment_hook('ros2_socketcan_msgs', 'ld_library_path_lib')
[0.954s] INFO:colcon.colcon_core.shell:Creating environment hook '/home/w/work/moveit2_handeye_calib/install/ros2_socketcan_msgs/share/ros2_socketcan_msgs/hook/ld_library_path_lib.ps1'
[0.954s] INFO:colcon.colcon_core.shell:Creating environment descriptor '/home/w/work/moveit2_handeye_calib/install/ros2_socketcan_msgs/share/ros2_socketcan_msgs/hook/ld_library_path_lib.dsv'
[0.954s] INFO:colcon.colcon_core.shell:Creating environment hook '/home/w/work/moveit2_handeye_calib/install/ros2_socketcan_msgs/share/ros2_socketcan_msgs/hook/ld_library_path_lib.sh'
[0.955s] Level 1:colcon.colcon_core.environment:checking '/home/w/work/moveit2_handeye_calib/install/ros2_socketcan_msgs/bin'
[0.955s] Level 1:colcon.colcon_core.environment:checking '/home/w/work/moveit2_handeye_calib/install/ros2_socketcan_msgs/lib/pkgconfig/ros2_socketcan_msgs.pc'
[0.955s] Level 1:colcon.colcon_core.environment:checking '/home/w/work/moveit2_handeye_calib/install/ros2_socketcan_msgs/lib/python3.10/site-packages'
[0.955s] Level 1:colcon.colcon_core.environment:checking '/home/w/work/moveit2_handeye_calib/install/ros2_socketcan_msgs/bin'
[0.955s] INFO:colcon.colcon_core.shell:Creating package script '/home/w/work/moveit2_handeye_calib/install/ros2_socketcan_msgs/share/ros2_socketcan_msgs/package.ps1'
[0.955s] INFO:colcon.colcon_core.shell:Creating package descriptor '/home/w/work/moveit2_handeye_calib/install/ros2_socketcan_msgs/share/ros2_socketcan_msgs/package.dsv'
[0.956s] INFO:colcon.colcon_core.shell:Creating package script '/home/w/work/moveit2_handeye_calib/install/ros2_socketcan_msgs/share/ros2_socketcan_msgs/package.sh'
[0.956s] INFO:colcon.colcon_core.shell:Creating package script '/home/w/work/moveit2_handeye_calib/install/ros2_socketcan_msgs/share/ros2_socketcan_msgs/package.bash'
[0.956s] INFO:colcon.colcon_core.shell:Creating package script '/home/w/work/moveit2_handeye_calib/install/ros2_socketcan_msgs/share/ros2_socketcan_msgs/package.zsh'
[0.956s] Level 1:colcon.colcon_core.environment:create_file_with_runtime_dependencies(/home/w/work/moveit2_handeye_calib/install/ros2_socketcan_msgs/share/colcon-core/packages/ros2_socketcan_msgs)
[0.957s] INFO:colcon.colcon_ros.task.ament_cmake.build:Building ROS package in '/home/w/work/moveit2_handeye_calib/TG620/ros2_socketcan/ros2_socketcan' with build type 'ament_cmake'
[0.957s] INFO:colcon.colcon_cmake.task.cmake.build:Building CMake package in '/home/w/work/moveit2_handeye_calib/TG620/ros2_socketcan/ros2_socketcan'
[0.957s] INFO:colcon.colcon_core.shell:Skip shell extension 'powershell' for command environment: Not usable outside of PowerShell
[0.957s] DEBUG:colcon.colcon_core.shell:Skip shell extension 'dsv' for command environment
[0.961s] INFO:colcon.colcon_ros.task.ament_cmake.build:Building ROS package in '/home/w/work/moveit2_handeye_calib/TG620/motor_control_logger' with build type 'ament_cmake'
[0.961s] INFO:colcon.colcon_cmake.task.cmake.build:Building CMake package in '/home/w/work/moveit2_handeye_calib/TG620/motor_control_logger'
[0.961s] INFO:colcon.colcon_core.shell:Skip shell extension 'powershell' for command environment: Not usable outside of PowerShell
[0.961s] DEBUG:colcon.colcon_core.shell:Skip shell extension 'dsv' for command environment
[0.966s] INFO:colcon.colcon_ros.task.ament_cmake.build:Building ROS package in '/home/w/work/moveit2_handeye_calib/TG620/robot_control' with build type 'ament_cmake'
[0.967s] INFO:colcon.colcon_cmake.task.cmake.build:Building CMake package in '/home/w/work/moveit2_handeye_calib/TG620/robot_control'
[0.967s] INFO:colcon.colcon_core.shell:Skip shell extension 'powershell' for command environment: Not usable outside of PowerShell
[0.967s] DEBUG:colcon.colcon_core.shell:Skip shell extension 'dsv' for command environment
[0.971s] INFO:colcon.colcon_ros.task.ament_python.build:Building ROS package in '/home/w/work/moveit2_handeye_calib/TG620/robot_input' with build type 'ament_python'
[0.971s] Level 1:colcon.colcon_core.shell:create_environment_hook('robot_input', 'ament_prefix_path')
[0.972s] INFO:colcon.colcon_core.shell:Creating environment hook '/home/w/work/moveit2_handeye_calib/install/robot_input/share/robot_input/hook/ament_prefix_path.ps1'
[0.972s] INFO:colcon.colcon_core.shell:Creating environment descriptor '/home/w/work/moveit2_handeye_calib/install/robot_input/share/robot_input/hook/ament_prefix_path.dsv'
[0.972s] INFO:colcon.colcon_core.shell:Creating environment hook '/home/w/work/moveit2_handeye_calib/install/robot_input/share/robot_input/hook/ament_prefix_path.sh'
[0.973s] INFO:colcon.colcon_core.shell:Skip shell extension 'powershell' for command environment: Not usable outside of PowerShell
[0.973s] DEBUG:colcon.colcon_core.shell:Skip shell extension 'dsv' for command environment
[0.977s] INFO:colcon.colcon_ros.task.ament_cmake.build:Building ROS package in '/home/w/work/moveit2_handeye_calib/TG620/robot_sdk' with build type 'ament_cmake'
[0.977s] INFO:colcon.colcon_cmake.task.cmake.build:Building CMake package in '/home/w/work/moveit2_handeye_calib/TG620/robot_sdk'
[0.978s] INFO:colcon.colcon_core.shell:Skip shell extension 'powershell' for command environment: Not usable outside of PowerShell
[0.978s] DEBUG:colcon.colcon_core.shell:Skip shell extension 'dsv' for command environment
[0.984s] INFO:colcon.colcon_ros.task.ament_python.build:Building ROS package in '/home/w/work/moveit2_handeye_calib/TG620/robot_test_py' with build type 'ament_python'
[0.984s] Level 1:colcon.colcon_core.shell:create_environment_hook('robot_test_py', 'ament_prefix_path')
[0.985s] INFO:colcon.colcon_core.shell:Creating environment hook '/home/w/work/moveit2_handeye_calib/install/robot_test_py/share/robot_test_py/hook/ament_prefix_path.ps1'
[0.985s] INFO:colcon.colcon_core.shell:Creating environment descriptor '/home/w/work/moveit2_handeye_calib/install/robot_test_py/share/robot_test_py/hook/ament_prefix_path.dsv'
[0.985s] INFO:colcon.colcon_core.shell:Creating environment hook '/home/w/work/moveit2_handeye_calib/install/robot_test_py/share/robot_test_py/hook/ament_prefix_path.sh'
[0.986s] INFO:colcon.colcon_core.shell:Skip shell extension 'powershell' for command environment: Not usable outside of PowerShell
[0.986s] DEBUG:colcon.colcon_core.shell:Skip shell extension 'dsv' for command environment
[0.992s] DEBUG:colcon.colcon_core.event_handler.log_command:Invoking command in '/home/w/work/moveit2_handeye_calib/build/arm380_config': CMAKE_PREFIX_PATH=/home/w/work/moveit2_handeye_calib/install/robot_description:/home/w/work/moveit2_handeye_calib/install/robot_driver:/home/w/work/moveit2_handeye_calib/install/ros2_socketcan:/home/w/work/moveit2_handeye_calib/install/ros2_socketcan_msgs:/home/w/work/moveit2_handeye_calib/install/robot_virtual_fence:/home/w/work/moveit2_handeye_calib/install/robot_state_machine:/home/w/work/moveit2_handeye_calib/install/robot_sdk:/home/w/work/moveit2_handeye_calib/install/robot_control:/home/w/work/moveit2_handeye_calib/install/motor_control_logger:/home/w/work/moveit2_handeye_calib/install/robot_interfaces:/home/w/work/moveit2_handeye_calib/install/arm620_dh_config:/home/w/work/moveit2_handeye_calib/install/arm620_config:/home/w/work/moveit2_handeye_calib/install/arm380_config:/home/w/work/moveit2_handeye_calib/install/robot_bringup:/home/w/work/moveit2_handeye_calib/install/moveit_calibration_demos:/home/w/work/moveit2_handeye_calib/install/moveit_calibration_gui:/home/w/work/moveit2_handeye_calib/install/moveit_calibration_plugins:/home/w/work/trac_ik_ws/install/trac_ik:/home/w/work/trac_ik_ws/install/trac_ik_examples:/home/w/work/trac_ik_ws/install/trac_ik_lib:/home/w/work/moveit2_handeye_calib/install/traj_smoother_py:/home/w/work/moveit2_handeye_calib/install/robot_test_py:/home/w/work/moveit2_handeye_calib/install/robot_input:/home/w/work/moveit2_handeye_calib/install/robot_dynamics:/opt/ros/humble /usr/bin/cmake --build /home/w/work/moveit2_handeye_calib/build/arm380_config -- -j28 -l28
[0.994s] DEBUG:colcon.colcon_core.event_handler.log_command:Invoking command in '/home/w/work/moveit2_handeye_calib/build/arm620_config': CMAKE_PREFIX_PATH=/home/w/work/moveit2_handeye_calib/install/robot_description:/home/w/work/moveit2_handeye_calib/install/robot_driver:/home/w/work/moveit2_handeye_calib/install/ros2_socketcan:/home/w/work/moveit2_handeye_calib/install/ros2_socketcan_msgs:/home/w/work/moveit2_handeye_calib/install/robot_virtual_fence:/home/w/work/moveit2_handeye_calib/install/robot_state_machine:/home/w/work/moveit2_handeye_calib/install/robot_sdk:/home/w/work/moveit2_handeye_calib/install/robot_control:/home/w/work/moveit2_handeye_calib/install/motor_control_logger:/home/w/work/moveit2_handeye_calib/install/robot_interfaces:/home/w/work/moveit2_handeye_calib/install/arm620_dh_config:/home/w/work/moveit2_handeye_calib/install/arm620_config:/home/w/work/moveit2_handeye_calib/install/arm380_config:/home/w/work/moveit2_handeye_calib/install/robot_bringup:/home/w/work/moveit2_handeye_calib/install/moveit_calibration_demos:/home/w/work/moveit2_handeye_calib/install/moveit_calibration_gui:/home/w/work/moveit2_handeye_calib/install/moveit_calibration_plugins:/home/w/work/trac_ik_ws/install/trac_ik:/home/w/work/trac_ik_ws/install/trac_ik_examples:/home/w/work/trac_ik_ws/install/trac_ik_lib:/home/w/work/moveit2_handeye_calib/install/traj_smoother_py:/home/w/work/moveit2_handeye_calib/install/robot_test_py:/home/w/work/moveit2_handeye_calib/install/robot_input:/home/w/work/moveit2_handeye_calib/install/robot_dynamics:/opt/ros/humble /usr/bin/cmake --build /home/w/work/moveit2_handeye_calib/build/arm620_config -- -j28 -l28
[0.996s] DEBUG:colcon.colcon_core.event_handler.log_command:Invoking command in '/home/w/work/moveit2_handeye_calib/build/arm620_dh_config': CMAKE_PREFIX_PATH=/home/w/work/moveit2_handeye_calib/install/robot_description:/home/w/work/moveit2_handeye_calib/install/robot_driver:/home/w/work/moveit2_handeye_calib/install/ros2_socketcan:/home/w/work/moveit2_handeye_calib/install/ros2_socketcan_msgs:/home/w/work/moveit2_handeye_calib/install/robot_virtual_fence:/home/w/work/moveit2_handeye_calib/install/robot_state_machine:/home/w/work/moveit2_handeye_calib/install/robot_sdk:/home/w/work/moveit2_handeye_calib/install/robot_control:/home/w/work/moveit2_handeye_calib/install/motor_control_logger:/home/w/work/moveit2_handeye_calib/install/robot_interfaces:/home/w/work/moveit2_handeye_calib/install/arm620_dh_config:/home/w/work/moveit2_handeye_calib/install/arm620_config:/home/w/work/moveit2_handeye_calib/install/arm380_config:/home/w/work/moveit2_handeye_calib/install/robot_bringup:/home/w/work/moveit2_handeye_calib/install/moveit_calibration_demos:/home/w/work/moveit2_handeye_calib/install/moveit_calibration_gui:/home/w/work/moveit2_handeye_calib/install/moveit_calibration_plugins:/home/w/work/trac_ik_ws/install/trac_ik:/home/w/work/trac_ik_ws/install/trac_ik_examples:/home/w/work/trac_ik_ws/install/trac_ik_lib:/home/w/work/moveit2_handeye_calib/install/traj_smoother_py:/home/w/work/moveit2_handeye_calib/install/robot_test_py:/home/w/work/moveit2_handeye_calib/install/robot_input:/home/w/work/moveit2_handeye_calib/install/robot_dynamics:/opt/ros/humble /usr/bin/cmake --build /home/w/work/moveit2_handeye_calib/build/arm620_dh_config -- -j28 -l28
[1.005s] DEBUG:colcon.colcon_core.event_handler.log_command:Invoking command in '/home/w/work/moveit2_handeye_calib/build/moveit_calibration_gui': CMAKE_PREFIX_PATH=/home/w/work/moveit2_handeye_calib/install/moveit_calibration_plugins:/home/w/work/moveit2_handeye_calib/install/robot_driver:/home/w/work/moveit2_handeye_calib/install/ros2_socketcan:/home/w/work/moveit2_handeye_calib/install/ros2_socketcan_msgs:/home/w/work/moveit2_handeye_calib/install/robot_virtual_fence:/home/w/work/moveit2_handeye_calib/install/robot_state_machine:/home/w/work/moveit2_handeye_calib/install/robot_sdk:/home/w/work/moveit2_handeye_calib/install/robot_control:/home/w/work/moveit2_handeye_calib/install/motor_control_logger:/home/w/work/moveit2_handeye_calib/install/robot_interfaces:/home/w/work/moveit2_handeye_calib/install/arm620_dh_config:/home/w/work/moveit2_handeye_calib/install/arm620_config:/home/w/work/moveit2_handeye_calib/install/arm380_config:/home/w/work/moveit2_handeye_calib/install/robot_description:/home/w/work/moveit2_handeye_calib/install/robot_bringup:/home/w/work/moveit2_handeye_calib/install/moveit_calibration_demos:/home/w/work/moveit2_handeye_calib/install/moveit_calibration_gui:/home/w/work/trac_ik_ws/install/trac_ik:/home/w/work/trac_ik_ws/install/trac_ik_examples:/home/w/work/trac_ik_ws/install/trac_ik_lib:/home/w/work/moveit2_handeye_calib/install/traj_smoother_py:/home/w/work/moveit2_handeye_calib/install/robot_test_py:/home/w/work/moveit2_handeye_calib/install/robot_input:/home/w/work/moveit2_handeye_calib/install/robot_dynamics:/opt/ros/humble LD_LIBRARY_PATH=/home/w/work/moveit2_handeye_calib/install/moveit_calibration_plugins/lib:/home/w/work/moveit2_handeye_calib/install/robot_driver/lib:/home/w/work/moveit2_handeye_calib/install/ros2_socketcan/lib:/home/w/work/moveit2_handeye_calib/install/ros2_socketcan_msgs/lib:/home/w/work/moveit2_handeye_calib/install/robot_interfaces/lib:/home/w/work/moveit2_handeye_calib/install/moveit_calibration_gui/lib:/home/w/work/trac_ik_ws/install/trac_ik_lib/lib:/opt/ros/humble/opt/rviz_ogre_vendor/lib:/opt/ros/humble/lib/x86_64-linux-gnu:/opt/ros/humble/lib /usr/bin/cmake --build /home/w/work/moveit2_handeye_calib/build/moveit_calibration_gui -- -j28 -l28
[1.007s] DEBUG:colcon.colcon_core.event_handler.log_command:Invoking command in '/home/w/work/moveit2_handeye_calib/build/ros2_socketcan': CMAKE_PREFIX_PATH=/home/w/work/moveit2_handeye_calib/install/ros2_socketcan_msgs:/home/w/work/moveit2_handeye_calib/install/robot_driver:/home/w/work/moveit2_handeye_calib/install/ros2_socketcan:/home/w/work/moveit2_handeye_calib/install/robot_virtual_fence:/home/w/work/moveit2_handeye_calib/install/robot_state_machine:/home/w/work/moveit2_handeye_calib/install/robot_sdk:/home/w/work/moveit2_handeye_calib/install/robot_control:/home/w/work/moveit2_handeye_calib/install/motor_control_logger:/home/w/work/moveit2_handeye_calib/install/robot_interfaces:/home/w/work/moveit2_handeye_calib/install/arm620_dh_config:/home/w/work/moveit2_handeye_calib/install/arm620_config:/home/w/work/moveit2_handeye_calib/install/arm380_config:/home/w/work/moveit2_handeye_calib/install/robot_description:/home/w/work/moveit2_handeye_calib/install/robot_bringup:/home/w/work/moveit2_handeye_calib/install/moveit_calibration_demos:/home/w/work/moveit2_handeye_calib/install/moveit_calibration_gui:/home/w/work/moveit2_handeye_calib/install/moveit_calibration_plugins:/home/w/work/trac_ik_ws/install/trac_ik:/home/w/work/trac_ik_ws/install/trac_ik_examples:/home/w/work/trac_ik_ws/install/trac_ik_lib:/home/w/work/moveit2_handeye_calib/install/traj_smoother_py:/home/w/work/moveit2_handeye_calib/install/robot_test_py:/home/w/work/moveit2_handeye_calib/install/robot_input:/home/w/work/moveit2_handeye_calib/install/robot_dynamics:/opt/ros/humble LD_LIBRARY_PATH=/home/w/work/moveit2_handeye_calib/install/ros2_socketcan_msgs/lib:/home/w/work/moveit2_handeye_calib/install/robot_driver/lib:/home/w/work/moveit2_handeye_calib/install/ros2_socketcan/lib:/home/w/work/moveit2_handeye_calib/install/robot_interfaces/lib:/home/w/work/moveit2_handeye_calib/install/moveit_calibration_gui/lib:/home/w/work/moveit2_handeye_calib/install/moveit_calibration_plugins/lib:/home/w/work/trac_ik_ws/install/trac_ik_lib/lib:/opt/ros/humble/opt/rviz_ogre_vendor/lib:/opt/ros/humble/lib/x86_64-linux-gnu:/opt/ros/humble/lib /usr/bin/cmake --build /home/w/work/moveit2_handeye_calib/build/ros2_socketcan -- -j28 -l28
[1.010s] DEBUG:colcon.colcon_core.event_handler.log_command:Invoking command in '/home/w/work/moveit2_handeye_calib/build/motor_control_logger': CMAKE_PREFIX_PATH=/home/w/work/moveit2_handeye_calib/install/robot_interfaces:/home/w/work/moveit2_handeye_calib/install/robot_driver:/home/w/work/moveit2_handeye_calib/install/ros2_socketcan:/home/w/work/moveit2_handeye_calib/install/ros2_socketcan_msgs:/home/w/work/moveit2_handeye_calib/install/robot_virtual_fence:/home/w/work/moveit2_handeye_calib/install/robot_state_machine:/home/w/work/moveit2_handeye_calib/install/robot_sdk:/home/w/work/moveit2_handeye_calib/install/robot_control:/home/w/work/moveit2_handeye_calib/install/motor_control_logger:/home/w/work/moveit2_handeye_calib/install/arm620_dh_config:/home/w/work/moveit2_handeye_calib/install/arm620_config:/home/w/work/moveit2_handeye_calib/install/arm380_config:/home/w/work/moveit2_handeye_calib/install/robot_description:/home/w/work/moveit2_handeye_calib/install/robot_bringup:/home/w/work/moveit2_handeye_calib/install/moveit_calibration_demos:/home/w/work/moveit2_handeye_calib/install/moveit_calibration_gui:/home/w/work/moveit2_handeye_calib/install/moveit_calibration_plugins:/home/w/work/trac_ik_ws/install/trac_ik:/home/w/work/trac_ik_ws/install/trac_ik_examples:/home/w/work/trac_ik_ws/install/trac_ik_lib:/home/w/work/moveit2_handeye_calib/install/traj_smoother_py:/home/w/work/moveit2_handeye_calib/install/robot_test_py:/home/w/work/moveit2_handeye_calib/install/robot_input:/home/w/work/moveit2_handeye_calib/install/robot_dynamics:/opt/ros/humble LD_LIBRARY_PATH=/home/w/work/moveit2_handeye_calib/install/robot_interfaces/lib:/home/w/work/moveit2_handeye_calib/install/robot_driver/lib:/home/w/work/moveit2_handeye_calib/install/ros2_socketcan/lib:/home/w/work/moveit2_handeye_calib/install/ros2_socketcan_msgs/lib:/home/w/work/moveit2_handeye_calib/install/moveit_calibration_gui/lib:/home/w/work/moveit2_handeye_calib/install/moveit_calibration_plugins/lib:/home/w/work/trac_ik_ws/install/trac_ik_lib/lib:/opt/ros/humble/opt/rviz_ogre_vendor/lib:/opt/ros/humble/lib/x86_64-linux-gnu:/opt/ros/humble/lib /usr/bin/cmake --build /home/w/work/moveit2_handeye_calib/build/motor_control_logger -- -j28 -l28
[1.013s] DEBUG:colcon.colcon_core.event_handler.log_command:Invoking command in '/home/w/work/moveit2_handeye_calib/build/robot_control': CMAKE_PREFIX_PATH=/home/w/work/moveit2_handeye_calib/install/robot_interfaces:/home/w/work/moveit2_handeye_calib/install/robot_driver:/home/w/work/moveit2_handeye_calib/install/ros2_socketcan:/home/w/work/moveit2_handeye_calib/install/ros2_socketcan_msgs:/home/w/work/moveit2_handeye_calib/install/robot_virtual_fence:/home/w/work/moveit2_handeye_calib/install/robot_state_machine:/home/w/work/moveit2_handeye_calib/install/robot_sdk:/home/w/work/moveit2_handeye_calib/install/robot_control:/home/w/work/moveit2_handeye_calib/install/motor_control_logger:/home/w/work/moveit2_handeye_calib/install/arm620_dh_config:/home/w/work/moveit2_handeye_calib/install/arm620_config:/home/w/work/moveit2_handeye_calib/install/arm380_config:/home/w/work/moveit2_handeye_calib/install/robot_description:/home/w/work/moveit2_handeye_calib/install/robot_bringup:/home/w/work/moveit2_handeye_calib/install/moveit_calibration_demos:/home/w/work/moveit2_handeye_calib/install/moveit_calibration_gui:/home/w/work/moveit2_handeye_calib/install/moveit_calibration_plugins:/home/w/work/trac_ik_ws/install/trac_ik:/home/w/work/trac_ik_ws/install/trac_ik_examples:/home/w/work/trac_ik_ws/install/trac_ik_lib:/home/w/work/moveit2_handeye_calib/install/traj_smoother_py:/home/w/work/moveit2_handeye_calib/install/robot_test_py:/home/w/work/moveit2_handeye_calib/install/robot_input:/home/w/work/moveit2_handeye_calib/install/robot_dynamics:/opt/ros/humble LD_LIBRARY_PATH=/home/w/work/moveit2_handeye_calib/install/robot_interfaces/lib:/home/w/work/moveit2_handeye_calib/install/robot_driver/lib:/home/w/work/moveit2_handeye_calib/install/ros2_socketcan/lib:/home/w/work/moveit2_handeye_calib/install/ros2_socketcan_msgs/lib:/home/w/work/moveit2_handeye_calib/install/moveit_calibration_gui/lib:/home/w/work/moveit2_handeye_calib/install/moveit_calibration_plugins/lib:/home/w/work/trac_ik_ws/install/trac_ik_lib/lib:/opt/ros/humble/opt/rviz_ogre_vendor/lib:/opt/ros/humble/lib/x86_64-linux-gnu:/opt/ros/humble/lib /usr/bin/cmake --build /home/w/work/moveit2_handeye_calib/build/robot_control -- -j28 -l28
[1.222s] INFO:colcon.colcon_core.task.python.build:Building Python package in '/home/w/work/moveit2_handeye_calib/TG620/robot_input'
[1.222s] INFO:colcon.colcon_core.shell:Skip shell extension 'powershell' for command environment: Not usable outside of PowerShell
[1.222s] DEBUG:colcon.colcon_core.shell:Skip shell extension 'dsv' for command environment
[1.229s] DEBUG:colcon.colcon_core.event_handler.log_command:Invoking command in '/home/w/work/moveit2_handeye_calib/build/robot_sdk': CMAKE_PREFIX_PATH=/home/w/work/moveit2_handeye_calib/install/robot_interfaces:/home/w/work/moveit2_handeye_calib/install/robot_driver:/home/w/work/moveit2_handeye_calib/install/ros2_socketcan:/home/w/work/moveit2_handeye_calib/install/ros2_socketcan_msgs:/home/w/work/moveit2_handeye_calib/install/robot_virtual_fence:/home/w/work/moveit2_handeye_calib/install/robot_state_machine:/home/w/work/moveit2_handeye_calib/install/robot_sdk:/home/w/work/moveit2_handeye_calib/install/robot_control:/home/w/work/moveit2_handeye_calib/install/motor_control_logger:/home/w/work/moveit2_handeye_calib/install/arm620_dh_config:/home/w/work/moveit2_handeye_calib/install/arm620_config:/home/w/work/moveit2_handeye_calib/install/arm380_config:/home/w/work/moveit2_handeye_calib/install/robot_description:/home/w/work/moveit2_handeye_calib/install/robot_bringup:/home/w/work/moveit2_handeye_calib/install/moveit_calibration_demos:/home/w/work/moveit2_handeye_calib/install/moveit_calibration_gui:/home/w/work/moveit2_handeye_calib/install/moveit_calibration_plugins:/home/w/work/trac_ik_ws/install/trac_ik:/home/w/work/trac_ik_ws/install/trac_ik_examples:/home/w/work/trac_ik_ws/install/trac_ik_lib:/home/w/work/moveit2_handeye_calib/install/traj_smoother_py:/home/w/work/moveit2_handeye_calib/install/robot_test_py:/home/w/work/moveit2_handeye_calib/install/robot_input:/home/w/work/moveit2_handeye_calib/install/robot_dynamics:/opt/ros/humble LD_LIBRARY_PATH=/home/w/work/moveit2_handeye_calib/install/robot_interfaces/lib:/home/w/work/moveit2_handeye_calib/install/robot_driver/lib:/home/w/work/moveit2_handeye_calib/install/ros2_socketcan/lib:/home/w/work/moveit2_handeye_calib/install/ros2_socketcan_msgs/lib:/home/w/work/moveit2_handeye_calib/install/moveit_calibration_gui/lib:/home/w/work/moveit2_handeye_calib/install/moveit_calibration_plugins/lib:/home/w/work/trac_ik_ws/install/trac_ik_lib/lib:/opt/ros/humble/opt/rviz_ogre_vendor/lib:/opt/ros/humble/lib/x86_64-linux-gnu:/opt/ros/humble/lib /usr/bin/cmake --build /home/w/work/moveit2_handeye_calib/build/robot_sdk -- -j28 -l28
[1.429s] INFO:colcon.colcon_core.task.python.build:Building Python package in '/home/w/work/moveit2_handeye_calib/TG620/robot_test_py'
[1.429s] INFO:colcon.colcon_core.shell:Skip shell extension 'powershell' for command environment: Not usable outside of PowerShell
[1.429s] DEBUG:colcon.colcon_core.shell:Skip shell extension 'dsv' for command environment
[1.437s] DEBUG:colcon.colcon_core.event_handler.log_command:Invoked command in '/home/w/work/moveit2_handeye_calib/build/arm380_config' returned '0': CMAKE_PREFIX_PATH=/home/w/work/moveit2_handeye_calib/install/robot_description:/home/w/work/moveit2_handeye_calib/install/robot_driver:/home/w/work/moveit2_handeye_calib/install/ros2_socketcan:/home/w/work/moveit2_handeye_calib/install/ros2_socketcan_msgs:/home/w/work/moveit2_handeye_calib/install/robot_virtual_fence:/home/w/work/moveit2_handeye_calib/install/robot_state_machine:/home/w/work/moveit2_handeye_calib/install/robot_sdk:/home/w/work/moveit2_handeye_calib/install/robot_control:/home/w/work/moveit2_handeye_calib/install/motor_control_logger:/home/w/work/moveit2_handeye_calib/install/robot_interfaces:/home/w/work/moveit2_handeye_calib/install/arm620_dh_config:/home/w/work/moveit2_handeye_calib/install/arm620_config:/home/w/work/moveit2_handeye_calib/install/arm380_config:/home/w/work/moveit2_handeye_calib/install/robot_bringup:/home/w/work/moveit2_handeye_calib/install/moveit_calibration_demos:/home/w/work/moveit2_handeye_calib/install/moveit_calibration_gui:/home/w/work/moveit2_handeye_calib/install/moveit_calibration_plugins:/home/w/work/trac_ik_ws/install/trac_ik:/home/w/work/trac_ik_ws/install/trac_ik_examples:/home/w/work/trac_ik_ws/install/trac_ik_lib:/home/w/work/moveit2_handeye_calib/install/traj_smoother_py:/home/w/work/moveit2_handeye_calib/install/robot_test_py:/home/w/work/moveit2_handeye_calib/install/robot_input:/home/w/work/moveit2_handeye_calib/install/robot_dynamics:/opt/ros/humble /usr/bin/cmake --build /home/w/work/moveit2_handeye_calib/build/arm380_config -- -j28 -l28
[1.439s] DEBUG:colcon.colcon_core.event_handler.log_command:Invoking command in '/home/w/work/moveit2_handeye_calib/build/arm380_config': CMAKE_PREFIX_PATH=/home/w/work/moveit2_handeye_calib/install/robot_description:/home/w/work/moveit2_handeye_calib/install/robot_driver:/home/w/work/moveit2_handeye_calib/install/ros2_socketcan:/home/w/work/moveit2_handeye_calib/install/ros2_socketcan_msgs:/home/w/work/moveit2_handeye_calib/install/robot_virtual_fence:/home/w/work/moveit2_handeye_calib/install/robot_state_machine:/home/w/work/moveit2_handeye_calib/install/robot_sdk:/home/w/work/moveit2_handeye_calib/install/robot_control:/home/w/work/moveit2_handeye_calib/install/motor_control_logger:/home/w/work/moveit2_handeye_calib/install/robot_interfaces:/home/w/work/moveit2_handeye_calib/install/arm620_dh_config:/home/w/work/moveit2_handeye_calib/install/arm620_config:/home/w/work/moveit2_handeye_calib/install/arm380_config:/home/w/work/moveit2_handeye_calib/install/robot_bringup:/home/w/work/moveit2_handeye_calib/install/moveit_calibration_demos:/home/w/work/moveit2_handeye_calib/install/moveit_calibration_gui:/home/w/work/moveit2_handeye_calib/install/moveit_calibration_plugins:/home/w/work/trac_ik_ws/install/trac_ik:/home/w/work/trac_ik_ws/install/trac_ik_examples:/home/w/work/trac_ik_ws/install/trac_ik_lib:/home/w/work/moveit2_handeye_calib/install/traj_smoother_py:/home/w/work/moveit2_handeye_calib/install/robot_test_py:/home/w/work/moveit2_handeye_calib/install/robot_input:/home/w/work/moveit2_handeye_calib/install/robot_dynamics:/opt/ros/humble /usr/bin/cmake --install /home/w/work/moveit2_handeye_calib/build/arm380_config
[1.440s] DEBUG:colcon.colcon_core.event_handler.log_command:Invoked command in '/home/w/work/moveit2_handeye_calib/build/arm620_config' returned '0': CMAKE_PREFIX_PATH=/home/w/work/moveit2_handeye_calib/install/robot_description:/home/w/work/moveit2_handeye_calib/install/robot_driver:/home/w/work/moveit2_handeye_calib/install/ros2_socketcan:/home/w/work/moveit2_handeye_calib/install/ros2_socketcan_msgs:/home/w/work/moveit2_handeye_calib/install/robot_virtual_fence:/home/w/work/moveit2_handeye_calib/install/robot_state_machine:/home/w/work/moveit2_handeye_calib/install/robot_sdk:/home/w/work/moveit2_handeye_calib/install/robot_control:/home/w/work/moveit2_handeye_calib/install/motor_control_logger:/home/w/work/moveit2_handeye_calib/install/robot_interfaces:/home/w/work/moveit2_handeye_calib/install/arm620_dh_config:/home/w/work/moveit2_handeye_calib/install/arm620_config:/home/w/work/moveit2_handeye_calib/install/arm380_config:/home/w/work/moveit2_handeye_calib/install/robot_bringup:/home/w/work/moveit2_handeye_calib/install/moveit_calibration_demos:/home/w/work/moveit2_handeye_calib/install/moveit_calibration_gui:/home/w/work/moveit2_handeye_calib/install/moveit_calibration_plugins:/home/w/work/trac_ik_ws/install/trac_ik:/home/w/work/trac_ik_ws/install/trac_ik_examples:/home/w/work/trac_ik_ws/install/trac_ik_lib:/home/w/work/moveit2_handeye_calib/install/traj_smoother_py:/home/w/work/moveit2_handeye_calib/install/robot_test_py:/home/w/work/moveit2_handeye_calib/install/robot_input:/home/w/work/moveit2_handeye_calib/install/robot_dynamics:/opt/ros/humble /usr/bin/cmake --build /home/w/work/moveit2_handeye_calib/build/arm620_config -- -j28 -l28
[1.441s] DEBUG:colcon.colcon_core.event_handler.log_command:Invoking command in '/home/w/work/moveit2_handeye_calib/build/arm620_config': CMAKE_PREFIX_PATH=/home/w/work/moveit2_handeye_calib/install/robot_description:/home/w/work/moveit2_handeye_calib/install/robot_driver:/home/w/work/moveit2_handeye_calib/install/ros2_socketcan:/home/w/work/moveit2_handeye_calib/install/ros2_socketcan_msgs:/home/w/work/moveit2_handeye_calib/install/robot_virtual_fence:/home/w/work/moveit2_handeye_calib/install/robot_state_machine:/home/w/work/moveit2_handeye_calib/install/robot_sdk:/home/w/work/moveit2_handeye_calib/install/robot_control:/home/w/work/moveit2_handeye_calib/install/motor_control_logger:/home/w/work/moveit2_handeye_calib/install/robot_interfaces:/home/w/work/moveit2_handeye_calib/install/arm620_dh_config:/home/w/work/moveit2_handeye_calib/install/arm620_config:/home/w/work/moveit2_handeye_calib/install/arm380_config:/home/w/work/moveit2_handeye_calib/install/robot_bringup:/home/w/work/moveit2_handeye_calib/install/moveit_calibration_demos:/home/w/work/moveit2_handeye_calib/install/moveit_calibration_gui:/home/w/work/moveit2_handeye_calib/install/moveit_calibration_plugins:/home/w/work/trac_ik_ws/install/trac_ik:/home/w/work/trac_ik_ws/install/trac_ik_examples:/home/w/work/trac_ik_ws/install/trac_ik_lib:/home/w/work/moveit2_handeye_calib/install/traj_smoother_py:/home/w/work/moveit2_handeye_calib/install/robot_test_py:/home/w/work/moveit2_handeye_calib/install/robot_input:/home/w/work/moveit2_handeye_calib/install/robot_dynamics:/opt/ros/humble /usr/bin/cmake --install /home/w/work/moveit2_handeye_calib/build/arm620_config
[1.441s] DEBUG:colcon.colcon_core.event_handler.log_command:Invoked command in '/home/w/work/moveit2_handeye_calib/build/arm620_dh_config' returned '0': CMAKE_PREFIX_PATH=/home/w/work/moveit2_handeye_calib/install/robot_description:/home/w/work/moveit2_handeye_calib/install/robot_driver:/home/w/work/moveit2_handeye_calib/install/ros2_socketcan:/home/w/work/moveit2_handeye_calib/install/ros2_socketcan_msgs:/home/w/work/moveit2_handeye_calib/install/robot_virtual_fence:/home/w/work/moveit2_handeye_calib/install/robot_state_machine:/home/w/work/moveit2_handeye_calib/install/robot_sdk:/home/w/work/moveit2_handeye_calib/install/robot_control:/home/w/work/moveit2_handeye_calib/install/motor_control_logger:/home/w/work/moveit2_handeye_calib/install/robot_interfaces:/home/w/work/moveit2_handeye_calib/install/arm620_dh_config:/home/w/work/moveit2_handeye_calib/install/arm620_config:/home/w/work/moveit2_handeye_calib/install/arm380_config:/home/w/work/moveit2_handeye_calib/install/robot_bringup:/home/w/work/moveit2_handeye_calib/install/moveit_calibration_demos:/home/w/work/moveit2_handeye_calib/install/moveit_calibration_gui:/home/w/work/moveit2_handeye_calib/install/moveit_calibration_plugins:/home/w/work/trac_ik_ws/install/trac_ik:/home/w/work/trac_ik_ws/install/trac_ik_examples:/home/w/work/trac_ik_ws/install/trac_ik_lib:/home/w/work/moveit2_handeye_calib/install/traj_smoother_py:/home/w/work/moveit2_handeye_calib/install/robot_test_py:/home/w/work/moveit2_handeye_calib/install/robot_input:/home/w/work/moveit2_handeye_calib/install/robot_dynamics:/opt/ros/humble /usr/bin/cmake --build /home/w/work/moveit2_handeye_calib/build/arm620_dh_config -- -j28 -l28
[1.442s] DEBUG:colcon.colcon_core.event_handler.log_command:Invoking command in '/home/w/work/moveit2_handeye_calib/build/arm620_dh_config': CMAKE_PREFIX_PATH=/home/w/work/moveit2_handeye_calib/install/robot_description:/home/w/work/moveit2_handeye_calib/install/robot_driver:/home/w/work/moveit2_handeye_calib/install/ros2_socketcan:/home/w/work/moveit2_handeye_calib/install/ros2_socketcan_msgs:/home/w/work/moveit2_handeye_calib/install/robot_virtual_fence:/home/w/work/moveit2_handeye_calib/install/robot_state_machine:/home/w/work/moveit2_handeye_calib/install/robot_sdk:/home/w/work/moveit2_handeye_calib/install/robot_control:/home/w/work/moveit2_handeye_calib/install/motor_control_logger:/home/w/work/moveit2_handeye_calib/install/robot_interfaces:/home/w/work/moveit2_handeye_calib/install/arm620_dh_config:/home/w/work/moveit2_handeye_calib/install/arm620_config:/home/w/work/moveit2_handeye_calib/install/arm380_config:/home/w/work/moveit2_handeye_calib/install/robot_bringup:/home/w/work/moveit2_handeye_calib/install/moveit_calibration_demos:/home/w/work/moveit2_handeye_calib/install/moveit_calibration_gui:/home/w/work/moveit2_handeye_calib/install/moveit_calibration_plugins:/home/w/work/trac_ik_ws/install/trac_ik:/home/w/work/trac_ik_ws/install/trac_ik_examples:/home/w/work/trac_ik_ws/install/trac_ik_lib:/home/w/work/moveit2_handeye_calib/install/traj_smoother_py:/home/w/work/moveit2_handeye_calib/install/robot_test_py:/home/w/work/moveit2_handeye_calib/install/robot_input:/home/w/work/moveit2_handeye_calib/install/robot_dynamics:/opt/ros/humble /usr/bin/cmake --install /home/w/work/moveit2_handeye_calib/build/arm620_dh_config
[1.442s] DEBUG:colcon.colcon_core.event_handler.log_command:Invoked command in '/home/w/work/moveit2_handeye_calib/build/robot_control' returned '0': CMAKE_PREFIX_PATH=/home/w/work/moveit2_handeye_calib/install/robot_interfaces:/home/w/work/moveit2_handeye_calib/install/robot_driver:/home/w/work/moveit2_handeye_calib/install/ros2_socketcan:/home/w/work/moveit2_handeye_calib/install/ros2_socketcan_msgs:/home/w/work/moveit2_handeye_calib/install/robot_virtual_fence:/home/w/work/moveit2_handeye_calib/install/robot_state_machine:/home/w/work/moveit2_handeye_calib/install/robot_sdk:/home/w/work/moveit2_handeye_calib/install/robot_control:/home/w/work/moveit2_handeye_calib/install/motor_control_logger:/home/w/work/moveit2_handeye_calib/install/arm620_dh_config:/home/w/work/moveit2_handeye_calib/install/arm620_config:/home/w/work/moveit2_handeye_calib/install/arm380_config:/home/w/work/moveit2_handeye_calib/install/robot_description:/home/w/work/moveit2_handeye_calib/install/robot_bringup:/home/w/work/moveit2_handeye_calib/install/moveit_calibration_demos:/home/w/work/moveit2_handeye_calib/install/moveit_calibration_gui:/home/w/work/moveit2_handeye_calib/install/moveit_calibration_plugins:/home/w/work/trac_ik_ws/install/trac_ik:/home/w/work/trac_ik_ws/install/trac_ik_examples:/home/w/work/trac_ik_ws/install/trac_ik_lib:/home/w/work/moveit2_handeye_calib/install/traj_smoother_py:/home/w/work/moveit2_handeye_calib/install/robot_test_py:/home/w/work/moveit2_handeye_calib/install/robot_input:/home/w/work/moveit2_handeye_calib/install/robot_dynamics:/opt/ros/humble LD_LIBRARY_PATH=/home/w/work/moveit2_handeye_calib/install/robot_interfaces/lib:/home/w/work/moveit2_handeye_calib/install/robot_driver/lib:/home/w/work/moveit2_handeye_calib/install/ros2_socketcan/lib:/home/w/work/moveit2_handeye_calib/install/ros2_socketcan_msgs/lib:/home/w/work/moveit2_handeye_calib/install/moveit_calibration_gui/lib:/home/w/work/moveit2_handeye_calib/install/moveit_calibration_plugins/lib:/home/w/work/trac_ik_ws/install/trac_ik_lib/lib:/opt/ros/humble/opt/rviz_ogre_vendor/lib:/opt/ros/humble/lib/x86_64-linux-gnu:/opt/ros/humble/lib /usr/bin/cmake --build /home/w/work/moveit2_handeye_calib/build/robot_control -- -j28 -l28
[1.443s] DEBUG:colcon.colcon_core.event_handler.log_command:Invoking command in '/home/w/work/moveit2_handeye_calib/build/robot_control': CMAKE_PREFIX_PATH=/home/w/work/moveit2_handeye_calib/install/robot_interfaces:/home/w/work/moveit2_handeye_calib/install/robot_driver:/home/w/work/moveit2_handeye_calib/install/ros2_socketcan:/home/w/work/moveit2_handeye_calib/install/ros2_socketcan_msgs:/home/w/work/moveit2_handeye_calib/install/robot_virtual_fence:/home/w/work/moveit2_handeye_calib/install/robot_state_machine:/home/w/work/moveit2_handeye_calib/install/robot_sdk:/home/w/work/moveit2_handeye_calib/install/robot_control:/home/w/work/moveit2_handeye_calib/install/motor_control_logger:/home/w/work/moveit2_handeye_calib/install/arm620_dh_config:/home/w/work/moveit2_handeye_calib/install/arm620_config:/home/w/work/moveit2_handeye_calib/install/arm380_config:/home/w/work/moveit2_handeye_calib/install/robot_description:/home/w/work/moveit2_handeye_calib/install/robot_bringup:/home/w/work/moveit2_handeye_calib/install/moveit_calibration_demos:/home/w/work/moveit2_handeye_calib/install/moveit_calibration_gui:/home/w/work/moveit2_handeye_calib/install/moveit_calibration_plugins:/home/w/work/trac_ik_ws/install/trac_ik:/home/w/work/trac_ik_ws/install/trac_ik_examples:/home/w/work/trac_ik_ws/install/trac_ik_lib:/home/w/work/moveit2_handeye_calib/install/traj_smoother_py:/home/w/work/moveit2_handeye_calib/install/robot_test_py:/home/w/work/moveit2_handeye_calib/install/robot_input:/home/w/work/moveit2_handeye_calib/install/robot_dynamics:/opt/ros/humble LD_LIBRARY_PATH=/home/w/work/moveit2_handeye_calib/install/robot_interfaces/lib:/home/w/work/moveit2_handeye_calib/install/robot_driver/lib:/home/w/work/moveit2_handeye_calib/install/ros2_socketcan/lib:/home/w/work/moveit2_handeye_calib/install/ros2_socketcan_msgs/lib:/home/w/work/moveit2_handeye_calib/install/moveit_calibration_gui/lib:/home/w/work/moveit2_handeye_calib/install/moveit_calibration_plugins/lib:/home/w/work/trac_ik_ws/install/trac_ik_lib/lib:/opt/ros/humble/opt/rviz_ogre_vendor/lib:/opt/ros/humble/lib/x86_64-linux-gnu:/opt/ros/humble/lib /usr/bin/cmake --install /home/w/work/moveit2_handeye_calib/build/robot_control
[1.444s] DEBUG:colcon.colcon_core.event_handler.log_command:Invoked command in '/home/w/work/moveit2_handeye_calib/build/motor_control_logger' returned '0': CMAKE_PREFIX_PATH=/home/w/work/moveit2_handeye_calib/install/robot_interfaces:/home/w/work/moveit2_handeye_calib/install/robot_driver:/home/w/work/moveit2_handeye_calib/install/ros2_socketcan:/home/w/work/moveit2_handeye_calib/install/ros2_socketcan_msgs:/home/w/work/moveit2_handeye_calib/install/robot_virtual_fence:/home/w/work/moveit2_handeye_calib/install/robot_state_machine:/home/w/work/moveit2_handeye_calib/install/robot_sdk:/home/w/work/moveit2_handeye_calib/install/robot_control:/home/w/work/moveit2_handeye_calib/install/motor_control_logger:/home/w/work/moveit2_handeye_calib/install/arm620_dh_config:/home/w/work/moveit2_handeye_calib/install/arm620_config:/home/w/work/moveit2_handeye_calib/install/arm380_config:/home/w/work/moveit2_handeye_calib/install/robot_description:/home/w/work/moveit2_handeye_calib/install/robot_bringup:/home/w/work/moveit2_handeye_calib/install/moveit_calibration_demos:/home/w/work/moveit2_handeye_calib/install/moveit_calibration_gui:/home/w/work/moveit2_handeye_calib/install/moveit_calibration_plugins:/home/w/work/trac_ik_ws/install/trac_ik:/home/w/work/trac_ik_ws/install/trac_ik_examples:/home/w/work/trac_ik_ws/install/trac_ik_lib:/home/w/work/moveit2_handeye_calib/install/traj_smoother_py:/home/w/work/moveit2_handeye_calib/install/robot_test_py:/home/w/work/moveit2_handeye_calib/install/robot_input:/home/w/work/moveit2_handeye_calib/install/robot_dynamics:/opt/ros/humble LD_LIBRARY_PATH=/home/w/work/moveit2_handeye_calib/install/robot_interfaces/lib:/home/w/work/moveit2_handeye_calib/install/robot_driver/lib:/home/w/work/moveit2_handeye_calib/install/ros2_socketcan/lib:/home/w/work/moveit2_handeye_calib/install/ros2_socketcan_msgs/lib:/home/w/work/moveit2_handeye_calib/install/moveit_calibration_gui/lib:/home/w/work/moveit2_handeye_calib/install/moveit_calibration_plugins/lib:/home/w/work/trac_ik_ws/install/trac_ik_lib/lib:/opt/ros/humble/opt/rviz_ogre_vendor/lib:/opt/ros/humble/lib/x86_64-linux-gnu:/opt/ros/humble/lib /usr/bin/cmake --build /home/w/work/moveit2_handeye_calib/build/motor_control_logger -- -j28 -l28
[1.444s] DEBUG:colcon.colcon_core.event_handler.log_command:Invoking command in '/home/w/work/moveit2_handeye_calib/build/motor_control_logger': CMAKE_PREFIX_PATH=/home/w/work/moveit2_handeye_calib/install/robot_interfaces:/home/w/work/moveit2_handeye_calib/install/robot_driver:/home/w/work/moveit2_handeye_calib/install/ros2_socketcan:/home/w/work/moveit2_handeye_calib/install/ros2_socketcan_msgs:/home/w/work/moveit2_handeye_calib/install/robot_virtual_fence:/home/w/work/moveit2_handeye_calib/install/robot_state_machine:/home/w/work/moveit2_handeye_calib/install/robot_sdk:/home/w/work/moveit2_handeye_calib/install/robot_control:/home/w/work/moveit2_handeye_calib/install/motor_control_logger:/home/w/work/moveit2_handeye_calib/install/arm620_dh_config:/home/w/work/moveit2_handeye_calib/install/arm620_config:/home/w/work/moveit2_handeye_calib/install/arm380_config:/home/w/work/moveit2_handeye_calib/install/robot_description:/home/w/work/moveit2_handeye_calib/install/robot_bringup:/home/w/work/moveit2_handeye_calib/install/moveit_calibration_demos:/home/w/work/moveit2_handeye_calib/install/moveit_calibration_gui:/home/w/work/moveit2_handeye_calib/install/moveit_calibration_plugins:/home/w/work/trac_ik_ws/install/trac_ik:/home/w/work/trac_ik_ws/install/trac_ik_examples:/home/w/work/trac_ik_ws/install/trac_ik_lib:/home/w/work/moveit2_handeye_calib/install/traj_smoother_py:/home/w/work/moveit2_handeye_calib/install/robot_test_py:/home/w/work/moveit2_handeye_calib/install/robot_input:/home/w/work/moveit2_handeye_calib/install/robot_dynamics:/opt/ros/humble LD_LIBRARY_PATH=/home/w/work/moveit2_handeye_calib/install/robot_interfaces/lib:/home/w/work/moveit2_handeye_calib/install/robot_driver/lib:/home/w/work/moveit2_handeye_calib/install/ros2_socketcan/lib:/home/w/work/moveit2_handeye_calib/install/ros2_socketcan_msgs/lib:/home/w/work/moveit2_handeye_calib/install/moveit_calibration_gui/lib:/home/w/work/moveit2_handeye_calib/install/moveit_calibration_plugins/lib:/home/w/work/trac_ik_ws/install/trac_ik_lib/lib:/opt/ros/humble/opt/rviz_ogre_vendor/lib:/opt/ros/humble/lib/x86_64-linux-gnu:/opt/ros/humble/lib /usr/bin/cmake --install /home/w/work/moveit2_handeye_calib/build/motor_control_logger
[1.445s] DEBUG:colcon.colcon_core.event_handler.log_command:Invoked command in '/home/w/work/moveit2_handeye_calib/build/moveit_calibration_gui' returned '0': CMAKE_PREFIX_PATH=/home/w/work/moveit2_handeye_calib/install/moveit_calibration_plugins:/home/w/work/moveit2_handeye_calib/install/robot_driver:/home/w/work/moveit2_handeye_calib/install/ros2_socketcan:/home/w/work/moveit2_handeye_calib/install/ros2_socketcan_msgs:/home/w/work/moveit2_handeye_calib/install/robot_virtual_fence:/home/w/work/moveit2_handeye_calib/install/robot_state_machine:/home/w/work/moveit2_handeye_calib/install/robot_sdk:/home/w/work/moveit2_handeye_calib/install/robot_control:/home/w/work/moveit2_handeye_calib/install/motor_control_logger:/home/w/work/moveit2_handeye_calib/install/robot_interfaces:/home/w/work/moveit2_handeye_calib/install/arm620_dh_config:/home/w/work/moveit2_handeye_calib/install/arm620_config:/home/w/work/moveit2_handeye_calib/install/arm380_config:/home/w/work/moveit2_handeye_calib/install/robot_description:/home/w/work/moveit2_handeye_calib/install/robot_bringup:/home/w/work/moveit2_handeye_calib/install/moveit_calibration_demos:/home/w/work/moveit2_handeye_calib/install/moveit_calibration_gui:/home/w/work/trac_ik_ws/install/trac_ik:/home/w/work/trac_ik_ws/install/trac_ik_examples:/home/w/work/trac_ik_ws/install/trac_ik_lib:/home/w/work/moveit2_handeye_calib/install/traj_smoother_py:/home/w/work/moveit2_handeye_calib/install/robot_test_py:/home/w/work/moveit2_handeye_calib/install/robot_input:/home/w/work/moveit2_handeye_calib/install/robot_dynamics:/opt/ros/humble LD_LIBRARY_PATH=/home/w/work/moveit2_handeye_calib/install/moveit_calibration_plugins/lib:/home/w/work/moveit2_handeye_calib/install/robot_driver/lib:/home/w/work/moveit2_handeye_calib/install/ros2_socketcan/lib:/home/w/work/moveit2_handeye_calib/install/ros2_socketcan_msgs/lib:/home/w/work/moveit2_handeye_calib/install/robot_interfaces/lib:/home/w/work/moveit2_handeye_calib/install/moveit_calibration_gui/lib:/home/w/work/trac_ik_ws/install/trac_ik_lib/lib:/opt/ros/humble/opt/rviz_ogre_vendor/lib:/opt/ros/humble/lib/x86_64-linux-gnu:/opt/ros/humble/lib /usr/bin/cmake --build /home/w/work/moveit2_handeye_calib/build/moveit_calibration_gui -- -j28 -l28
[1.446s] DEBUG:colcon.colcon_core.event_handler.log_command:Invoking command in '/home/w/work/moveit2_handeye_calib/build/moveit_calibration_gui': CMAKE_PREFIX_PATH=/home/w/work/moveit2_handeye_calib/install/moveit_calibration_plugins:/home/w/work/moveit2_handeye_calib/install/robot_driver:/home/w/work/moveit2_handeye_calib/install/ros2_socketcan:/home/w/work/moveit2_handeye_calib/install/ros2_socketcan_msgs:/home/w/work/moveit2_handeye_calib/install/robot_virtual_fence:/home/w/work/moveit2_handeye_calib/install/robot_state_machine:/home/w/work/moveit2_handeye_calib/install/robot_sdk:/home/w/work/moveit2_handeye_calib/install/robot_control:/home/w/work/moveit2_handeye_calib/install/motor_control_logger:/home/w/work/moveit2_handeye_calib/install/robot_interfaces:/home/w/work/moveit2_handeye_calib/install/arm620_dh_config:/home/w/work/moveit2_handeye_calib/install/arm620_config:/home/w/work/moveit2_handeye_calib/install/arm380_config:/home/w/work/moveit2_handeye_calib/install/robot_description:/home/w/work/moveit2_handeye_calib/install/robot_bringup:/home/w/work/moveit2_handeye_calib/install/moveit_calibration_demos:/home/w/work/moveit2_handeye_calib/install/moveit_calibration_gui:/home/w/work/trac_ik_ws/install/trac_ik:/home/w/work/trac_ik_ws/install/trac_ik_examples:/home/w/work/trac_ik_ws/install/trac_ik_lib:/home/w/work/moveit2_handeye_calib/install/traj_smoother_py:/home/w/work/moveit2_handeye_calib/install/robot_test_py:/home/w/work/moveit2_handeye_calib/install/robot_input:/home/w/work/moveit2_handeye_calib/install/robot_dynamics:/opt/ros/humble LD_LIBRARY_PATH=/home/w/work/moveit2_handeye_calib/install/moveit_calibration_plugins/lib:/home/w/work/moveit2_handeye_calib/install/robot_driver/lib:/home/w/work/moveit2_handeye_calib/install/ros2_socketcan/lib:/home/w/work/moveit2_handeye_calib/install/ros2_socketcan_msgs/lib:/home/w/work/moveit2_handeye_calib/install/robot_interfaces/lib:/home/w/work/moveit2_handeye_calib/install/moveit_calibration_gui/lib:/home/w/work/trac_ik_ws/install/trac_ik_lib/lib:/opt/ros/humble/opt/rviz_ogre_vendor/lib:/opt/ros/humble/lib/x86_64-linux-gnu:/opt/ros/humble/lib /usr/bin/cmake --install /home/w/work/moveit2_handeye_calib/build/moveit_calibration_gui
[1.451s] DEBUG:colcon.colcon_core.event_handler.log_command:Invoking command in '/home/w/work/moveit2_handeye_calib/TG620/traj_smoother_py': PYTHONPATH=/home/w/work/moveit2_handeye_calib/build/traj_smoother_py/prefix_override:/usr/lib/python3/dist-packages/colcon_core/task/python/colcon_distutils_commands:/home/w/work/moveit2_handeye_calib/install/traj_smoother_py/lib/python3.10/site-packages:${PYTHONPATH} /usr/bin/python3 -W ignore:setup.py install is deprecated -W ignore:easy_install command is deprecated setup.py egg_info --egg-base ../../build/traj_smoother_py build --build-base /home/w/work/moveit2_handeye_calib/build/traj_smoother_py/build install --record /home/w/work/moveit2_handeye_calib/build/traj_smoother_py/install.log --single-version-externally-managed install_data
[1.453s] DEBUG:colcon.colcon_core.event_handler.log_command:Invoking command in '/home/w/work/moveit2_handeye_calib/TG620/robot_dynamics': PYTHONPATH=/home/w/work/moveit2_handeye_calib/build/robot_dynamics/prefix_override:/usr/lib/python3/dist-packages/colcon_core/task/python/colcon_distutils_commands:/home/w/work/moveit2_handeye_calib/install/robot_dynamics/lib/python3.10/site-packages:${PYTHONPATH} /usr/bin/python3 -W ignore:setup.py install is deprecated -W ignore:easy_install command is deprecated setup.py egg_info --egg-base ../../build/robot_dynamics build --build-base /home/w/work/moveit2_handeye_calib/build/robot_dynamics/build install --record /home/w/work/moveit2_handeye_calib/build/robot_dynamics/install.log --single-version-externally-managed install_data
[1.454s] DEBUG:colcon.colcon_core.event_handler.log_command:Invoked command in '/home/w/work/moveit2_handeye_calib/build/ros2_socketcan' returned '0': CMAKE_PREFIX_PATH=/home/w/work/moveit2_handeye_calib/install/ros2_socketcan_msgs:/home/w/work/moveit2_handeye_calib/install/robot_driver:/home/w/work/moveit2_handeye_calib/install/ros2_socketcan:/home/w/work/moveit2_handeye_calib/install/robot_virtual_fence:/home/w/work/moveit2_handeye_calib/install/robot_state_machine:/home/w/work/moveit2_handeye_calib/install/robot_sdk:/home/w/work/moveit2_handeye_calib/install/robot_control:/home/w/work/moveit2_handeye_calib/install/motor_control_logger:/home/w/work/moveit2_handeye_calib/install/robot_interfaces:/home/w/work/moveit2_handeye_calib/install/arm620_dh_config:/home/w/work/moveit2_handeye_calib/install/arm620_config:/home/w/work/moveit2_handeye_calib/install/arm380_config:/home/w/work/moveit2_handeye_calib/install/robot_description:/home/w/work/moveit2_handeye_calib/install/robot_bringup:/home/w/work/moveit2_handeye_calib/install/moveit_calibration_demos:/home/w/work/moveit2_handeye_calib/install/moveit_calibration_gui:/home/w/work/moveit2_handeye_calib/install/moveit_calibration_plugins:/home/w/work/trac_ik_ws/install/trac_ik:/home/w/work/trac_ik_ws/install/trac_ik_examples:/home/w/work/trac_ik_ws/install/trac_ik_lib:/home/w/work/moveit2_handeye_calib/install/traj_smoother_py:/home/w/work/moveit2_handeye_calib/install/robot_test_py:/home/w/work/moveit2_handeye_calib/install/robot_input:/home/w/work/moveit2_handeye_calib/install/robot_dynamics:/opt/ros/humble LD_LIBRARY_PATH=/home/w/work/moveit2_handeye_calib/install/ros2_socketcan_msgs/lib:/home/w/work/moveit2_handeye_calib/install/robot_driver/lib:/home/w/work/moveit2_handeye_calib/install/ros2_socketcan/lib:/home/w/work/moveit2_handeye_calib/install/robot_interfaces/lib:/home/w/work/moveit2_handeye_calib/install/moveit_calibration_gui/lib:/home/w/work/moveit2_handeye_calib/install/moveit_calibration_plugins/lib:/home/w/work/trac_ik_ws/install/trac_ik_lib/lib:/opt/ros/humble/opt/rviz_ogre_vendor/lib:/opt/ros/humble/lib/x86_64-linux-gnu:/opt/ros/humble/lib /usr/bin/cmake --build /home/w/work/moveit2_handeye_calib/build/ros2_socketcan -- -j28 -l28
[1.454s] DEBUG:colcon.colcon_core.event_handler.log_command:Invoking command in '/home/w/work/moveit2_handeye_calib/build/ros2_socketcan': CMAKE_PREFIX_PATH=/home/w/work/moveit2_handeye_calib/install/ros2_socketcan_msgs:/home/w/work/moveit2_handeye_calib/install/robot_driver:/home/w/work/moveit2_handeye_calib/install/ros2_socketcan:/home/w/work/moveit2_handeye_calib/install/robot_virtual_fence:/home/w/work/moveit2_handeye_calib/install/robot_state_machine:/home/w/work/moveit2_handeye_calib/install/robot_sdk:/home/w/work/moveit2_handeye_calib/install/robot_control:/home/w/work/moveit2_handeye_calib/install/motor_control_logger:/home/w/work/moveit2_handeye_calib/install/robot_interfaces:/home/w/work/moveit2_handeye_calib/install/arm620_dh_config:/home/w/work/moveit2_handeye_calib/install/arm620_config:/home/w/work/moveit2_handeye_calib/install/arm380_config:/home/w/work/moveit2_handeye_calib/install/robot_description:/home/w/work/moveit2_handeye_calib/install/robot_bringup:/home/w/work/moveit2_handeye_calib/install/moveit_calibration_demos:/home/w/work/moveit2_handeye_calib/install/moveit_calibration_gui:/home/w/work/moveit2_handeye_calib/install/moveit_calibration_plugins:/home/w/work/trac_ik_ws/install/trac_ik:/home/w/work/trac_ik_ws/install/trac_ik_examples:/home/w/work/trac_ik_ws/install/trac_ik_lib:/home/w/work/moveit2_handeye_calib/install/traj_smoother_py:/home/w/work/moveit2_handeye_calib/install/robot_test_py:/home/w/work/moveit2_handeye_calib/install/robot_input:/home/w/work/moveit2_handeye_calib/install/robot_dynamics:/opt/ros/humble LD_LIBRARY_PATH=/home/w/work/moveit2_handeye_calib/install/ros2_socketcan_msgs/lib:/home/w/work/moveit2_handeye_calib/install/robot_driver/lib:/home/w/work/moveit2_handeye_calib/install/ros2_socketcan/lib:/home/w/work/moveit2_handeye_calib/install/robot_interfaces/lib:/home/w/work/moveit2_handeye_calib/install/moveit_calibration_gui/lib:/home/w/work/moveit2_handeye_calib/install/moveit_calibration_plugins/lib:/home/w/work/trac_ik_ws/install/trac_ik_lib/lib:/opt/ros/humble/opt/rviz_ogre_vendor/lib:/opt/ros/humble/lib/x86_64-linux-gnu:/opt/ros/humble/lib /usr/bin/cmake --install /home/w/work/moveit2_handeye_calib/build/ros2_socketcan
[1.454s] DEBUG:colcon.colcon_core.event_handler.log_command:Invoked command in '/home/w/work/moveit2_handeye_calib/build/robot_sdk' returned '0': CMAKE_PREFIX_PATH=/home/w/work/moveit2_handeye_calib/install/robot_interfaces:/home/w/work/moveit2_handeye_calib/install/robot_driver:/home/w/work/moveit2_handeye_calib/install/ros2_socketcan:/home/w/work/moveit2_handeye_calib/install/ros2_socketcan_msgs:/home/w/work/moveit2_handeye_calib/install/robot_virtual_fence:/home/w/work/moveit2_handeye_calib/install/robot_state_machine:/home/w/work/moveit2_handeye_calib/install/robot_sdk:/home/w/work/moveit2_handeye_calib/install/robot_control:/home/w/work/moveit2_handeye_calib/install/motor_control_logger:/home/w/work/moveit2_handeye_calib/install/arm620_dh_config:/home/w/work/moveit2_handeye_calib/install/arm620_config:/home/w/work/moveit2_handeye_calib/install/arm380_config:/home/w/work/moveit2_handeye_calib/install/robot_description:/home/w/work/moveit2_handeye_calib/install/robot_bringup:/home/w/work/moveit2_handeye_calib/install/moveit_calibration_demos:/home/w/work/moveit2_handeye_calib/install/moveit_calibration_gui:/home/w/work/moveit2_handeye_calib/install/moveit_calibration_plugins:/home/w/work/trac_ik_ws/install/trac_ik:/home/w/work/trac_ik_ws/install/trac_ik_examples:/home/w/work/trac_ik_ws/install/trac_ik_lib:/home/w/work/moveit2_handeye_calib/install/traj_smoother_py:/home/w/work/moveit2_handeye_calib/install/robot_test_py:/home/w/work/moveit2_handeye_calib/install/robot_input:/home/w/work/moveit2_handeye_calib/install/robot_dynamics:/opt/ros/humble LD_LIBRARY_PATH=/home/w/work/moveit2_handeye_calib/install/robot_interfaces/lib:/home/w/work/moveit2_handeye_calib/install/robot_driver/lib:/home/w/work/moveit2_handeye_calib/install/ros2_socketcan/lib:/home/w/work/moveit2_handeye_calib/install/ros2_socketcan_msgs/lib:/home/w/work/moveit2_handeye_calib/install/moveit_calibration_gui/lib:/home/w/work/moveit2_handeye_calib/install/moveit_calibration_plugins/lib:/home/w/work/trac_ik_ws/install/trac_ik_lib/lib:/opt/ros/humble/opt/rviz_ogre_vendor/lib:/opt/ros/humble/lib/x86_64-linux-gnu:/opt/ros/humble/lib /usr/bin/cmake --build /home/w/work/moveit2_handeye_calib/build/robot_sdk -- -j28 -l28
[1.458s] DEBUG:colcon.colcon_core.event_handler.log_command:Invoking command in '/home/w/work/moveit2_handeye_calib/build/robot_sdk': CMAKE_PREFIX_PATH=/home/w/work/moveit2_handeye_calib/install/robot_interfaces:/home/w/work/moveit2_handeye_calib/install/robot_driver:/home/w/work/moveit2_handeye_calib/install/ros2_socketcan:/home/w/work/moveit2_handeye_calib/install/ros2_socketcan_msgs:/home/w/work/moveit2_handeye_calib/install/robot_virtual_fence:/home/w/work/moveit2_handeye_calib/install/robot_state_machine:/home/w/work/moveit2_handeye_calib/install/robot_sdk:/home/w/work/moveit2_handeye_calib/install/robot_control:/home/w/work/moveit2_handeye_calib/install/motor_control_logger:/home/w/work/moveit2_handeye_calib/install/arm620_dh_config:/home/w/work/moveit2_handeye_calib/install/arm620_config:/home/w/work/moveit2_handeye_calib/install/arm380_config:/home/w/work/moveit2_handeye_calib/install/robot_description:/home/w/work/moveit2_handeye_calib/install/robot_bringup:/home/w/work/moveit2_handeye_calib/install/moveit_calibration_demos:/home/w/work/moveit2_handeye_calib/install/moveit_calibration_gui:/home/w/work/moveit2_handeye_calib/install/moveit_calibration_plugins:/home/w/work/trac_ik_ws/install/trac_ik:/home/w/work/trac_ik_ws/install/trac_ik_examples:/home/w/work/trac_ik_ws/install/trac_ik_lib:/home/w/work/moveit2_handeye_calib/install/traj_smoother_py:/home/w/work/moveit2_handeye_calib/install/robot_test_py:/home/w/work/moveit2_handeye_calib/install/robot_input:/home/w/work/moveit2_handeye_calib/install/robot_dynamics:/opt/ros/humble LD_LIBRARY_PATH=/home/w/work/moveit2_handeye_calib/install/robot_interfaces/lib:/home/w/work/moveit2_handeye_calib/install/robot_driver/lib:/home/w/work/moveit2_handeye_calib/install/ros2_socketcan/lib:/home/w/work/moveit2_handeye_calib/install/ros2_socketcan_msgs/lib:/home/w/work/moveit2_handeye_calib/install/moveit_calibration_gui/lib:/home/w/work/moveit2_handeye_calib/install/moveit_calibration_plugins/lib:/home/w/work/trac_ik_ws/install/trac_ik_lib/lib:/opt/ros/humble/opt/rviz_ogre_vendor/lib:/opt/ros/humble/lib/x86_64-linux-gnu:/opt/ros/humble/lib /usr/bin/cmake --install /home/w/work/moveit2_handeye_calib/build/robot_sdk
[1.472s] Level 1:colcon.colcon_core.environment:create_environment_scripts_only(arm620_config)
[1.473s] Level 1:colcon.colcon_core.environment:checking '/home/w/work/moveit2_handeye_calib/install/arm620_config' for CMake module files
[1.474s] Level 1:colcon.colcon_core.environment:checking '/home/w/work/moveit2_handeye_calib/install/arm620_config' for CMake config files
[1.476s] Level 1:colcon.colcon_core.shell:create_environment_hook('arm620_config', 'cmake_prefix_path')
[1.476s] INFO:colcon.colcon_core.shell:Creating environment hook '/home/w/work/moveit2_handeye_calib/install/arm620_config/share/arm620_config/hook/cmake_prefix_path.ps1'
[1.478s] INFO:colcon.colcon_core.shell:Creating environment descriptor '/home/w/work/moveit2_handeye_calib/install/arm620_config/share/arm620_config/hook/cmake_prefix_path.dsv'
[1.479s] INFO:colcon.colcon_core.shell:Creating environment hook '/home/w/work/moveit2_handeye_calib/install/arm620_config/share/arm620_config/hook/cmake_prefix_path.sh'
[1.480s] Level 1:colcon.colcon_core.environment:checking '/home/w/work/moveit2_handeye_calib/install/arm620_config/bin'
[1.480s] Level 1:colcon.colcon_core.environment:checking '/home/w/work/moveit2_handeye_calib/install/arm620_config/lib/pkgconfig/arm620_config.pc'
[1.481s] Level 1:colcon.colcon_core.environment:checking '/home/w/work/moveit2_handeye_calib/install/arm620_config/lib/python3.10/site-packages'
[1.481s] Level 1:colcon.colcon_core.environment:checking '/home/w/work/moveit2_handeye_calib/install/arm620_config/bin'
[1.482s] INFO:colcon.colcon_core.shell:Creating package script '/home/w/work/moveit2_handeye_calib/install/arm620_config/share/arm620_config/package.ps1'
[1.484s] INFO:colcon.colcon_core.shell:Creating package descriptor '/home/w/work/moveit2_handeye_calib/install/arm620_config/share/arm620_config/package.dsv'
[1.485s] INFO:colcon.colcon_core.shell:Creating package script '/home/w/work/moveit2_handeye_calib/install/arm620_config/share/arm620_config/package.sh'
[1.487s] INFO:colcon.colcon_core.shell:Creating package script '/home/w/work/moveit2_handeye_calib/install/arm620_config/share/arm620_config/package.bash'
[1.488s] DEBUG:colcon.colcon_core.event_handler.log_command:Invoked command in '/home/w/work/moveit2_handeye_calib/build/arm620_config' returned '0': CMAKE_PREFIX_PATH=/home/w/work/moveit2_handeye_calib/install/robot_description:/home/w/work/moveit2_handeye_calib/install/robot_driver:/home/w/work/moveit2_handeye_calib/install/ros2_socketcan:/home/w/work/moveit2_handeye_calib/install/ros2_socketcan_msgs:/home/w/work/moveit2_handeye_calib/install/robot_virtual_fence:/home/w/work/moveit2_handeye_calib/install/robot_state_machine:/home/w/work/moveit2_handeye_calib/install/robot_sdk:/home/w/work/moveit2_handeye_calib/install/robot_control:/home/w/work/moveit2_handeye_calib/install/motor_control_logger:/home/w/work/moveit2_handeye_calib/install/robot_interfaces:/home/w/work/moveit2_handeye_calib/install/arm620_dh_config:/home/w/work/moveit2_handeye_calib/install/arm620_config:/home/w/work/moveit2_handeye_calib/install/arm380_config:/home/w/work/moveit2_handeye_calib/install/robot_bringup:/home/w/work/moveit2_handeye_calib/install/moveit_calibration_demos:/home/w/work/moveit2_handeye_calib/install/moveit_calibration_gui:/home/w/work/moveit2_handeye_calib/install/moveit_calibration_plugins:/home/w/work/trac_ik_ws/install/trac_ik:/home/w/work/trac_ik_ws/install/trac_ik_examples:/home/w/work/trac_ik_ws/install/trac_ik_lib:/home/w/work/moveit2_handeye_calib/install/traj_smoother_py:/home/w/work/moveit2_handeye_calib/install/robot_test_py:/home/w/work/moveit2_handeye_calib/install/robot_input:/home/w/work/moveit2_handeye_calib/install/robot_dynamics:/opt/ros/humble /usr/bin/cmake --install /home/w/work/moveit2_handeye_calib/build/arm620_config
[1.488s] INFO:colcon.colcon_core.shell:Creating package script '/home/w/work/moveit2_handeye_calib/install/arm620_config/share/arm620_config/package.zsh'
[1.489s] Level 1:colcon.colcon_core.environment:create_file_with_runtime_dependencies(/home/w/work/moveit2_handeye_calib/install/arm620_config/share/colcon-core/packages/arm620_config)
[1.489s] Level 1:colcon.colcon_core.environment:create_environment_scripts_only(arm620_config)
[1.489s] Level 1:colcon.colcon_core.environment:checking '/home/w/work/moveit2_handeye_calib/install/arm620_config' for CMake module files
[1.490s] Level 1:colcon.colcon_core.environment:checking '/home/w/work/moveit2_handeye_calib/install/arm620_config' for CMake config files
[1.490s] Level 1:colcon.colcon_core.shell:create_environment_hook('arm620_config', 'cmake_prefix_path')
[1.490s] INFO:colcon.colcon_core.shell:Creating environment hook '/home/w/work/moveit2_handeye_calib/install/arm620_config/share/arm620_config/hook/cmake_prefix_path.ps1'
[1.491s] INFO:colcon.colcon_core.shell:Creating environment descriptor '/home/w/work/moveit2_handeye_calib/install/arm620_config/share/arm620_config/hook/cmake_prefix_path.dsv'
[1.491s] INFO:colcon.colcon_core.shell:Creating environment hook '/home/w/work/moveit2_handeye_calib/install/arm620_config/share/arm620_config/hook/cmake_prefix_path.sh'
[1.491s] Level 1:colcon.colcon_core.environment:checking '/home/w/work/moveit2_handeye_calib/install/arm620_config/bin'
[1.491s] Level 1:colcon.colcon_core.environment:checking '/home/w/work/moveit2_handeye_calib/install/arm620_config/lib/pkgconfig/arm620_config.pc'
[1.492s] Level 1:colcon.colcon_core.environment:checking '/home/w/work/moveit2_handeye_calib/install/arm620_config/lib/python3.10/site-packages'
[1.492s] Level 1:colcon.colcon_core.environment:checking '/home/w/work/moveit2_handeye_calib/install/arm620_config/bin'
[1.492s] INFO:colcon.colcon_core.shell:Creating package script '/home/w/work/moveit2_handeye_calib/install/arm620_config/share/arm620_config/package.ps1'
[1.492s] INFO:colcon.colcon_core.shell:Creating package descriptor '/home/w/work/moveit2_handeye_calib/install/arm620_config/share/arm620_config/package.dsv'
[1.493s] INFO:colcon.colcon_core.shell:Creating package script '/home/w/work/moveit2_handeye_calib/install/arm620_config/share/arm620_config/package.sh'
[1.493s] INFO:colcon.colcon_core.shell:Creating package script '/home/w/work/moveit2_handeye_calib/install/arm620_config/share/arm620_config/package.bash'
[1.493s] INFO:colcon.colcon_core.shell:Creating package script '/home/w/work/moveit2_handeye_calib/install/arm620_config/share/arm620_config/package.zsh'
[1.493s] Level 1:colcon.colcon_core.environment:create_file_with_runtime_dependencies(/home/w/work/moveit2_handeye_calib/install/arm620_config/share/colcon-core/packages/arm620_config)
[1.493s] Level 1:colcon.colcon_core.environment:create_environment_scripts_only(arm380_config)
[1.494s] Level 1:colcon.colcon_core.environment:checking '/home/w/work/moveit2_handeye_calib/install/arm380_config' for CMake module files
[1.494s] Level 1:colcon.colcon_core.environment:checking '/home/w/work/moveit2_handeye_calib/install/arm380_config' for CMake config files
[1.494s] DEBUG:colcon.colcon_core.event_handler.log_command:Invoked command in '/home/w/work/moveit2_handeye_calib/build/arm380_config' returned '0': CMAKE_PREFIX_PATH=/home/w/work/moveit2_handeye_calib/install/robot_description:/home/w/work/moveit2_handeye_calib/install/robot_driver:/home/w/work/moveit2_handeye_calib/install/ros2_socketcan:/home/w/work/moveit2_handeye_calib/install/ros2_socketcan_msgs:/home/w/work/moveit2_handeye_calib/install/robot_virtual_fence:/home/w/work/moveit2_handeye_calib/install/robot_state_machine:/home/w/work/moveit2_handeye_calib/install/robot_sdk:/home/w/work/moveit2_handeye_calib/install/robot_control:/home/w/work/moveit2_handeye_calib/install/motor_control_logger:/home/w/work/moveit2_handeye_calib/install/robot_interfaces:/home/w/work/moveit2_handeye_calib/install/arm620_dh_config:/home/w/work/moveit2_handeye_calib/install/arm620_config:/home/w/work/moveit2_handeye_calib/install/arm380_config:/home/w/work/moveit2_handeye_calib/install/robot_bringup:/home/w/work/moveit2_handeye_calib/install/moveit_calibration_demos:/home/w/work/moveit2_handeye_calib/install/moveit_calibration_gui:/home/w/work/moveit2_handeye_calib/install/moveit_calibration_plugins:/home/w/work/trac_ik_ws/install/trac_ik:/home/w/work/trac_ik_ws/install/trac_ik_examples:/home/w/work/trac_ik_ws/install/trac_ik_lib:/home/w/work/moveit2_handeye_calib/install/traj_smoother_py:/home/w/work/moveit2_handeye_calib/install/robot_test_py:/home/w/work/moveit2_handeye_calib/install/robot_input:/home/w/work/moveit2_handeye_calib/install/robot_dynamics:/opt/ros/humble /usr/bin/cmake --install /home/w/work/moveit2_handeye_calib/build/arm380_config
[1.495s] Level 1:colcon.colcon_core.shell:create_environment_hook('arm380_config', 'cmake_prefix_path')
[1.495s] INFO:colcon.colcon_core.shell:Creating environment hook '/home/w/work/moveit2_handeye_calib/install/arm380_config/share/arm380_config/hook/cmake_prefix_path.ps1'
[1.495s] INFO:colcon.colcon_core.shell:Creating environment descriptor '/home/w/work/moveit2_handeye_calib/install/arm380_config/share/arm380_config/hook/cmake_prefix_path.dsv'
[1.495s] INFO:colcon.colcon_core.shell:Creating environment hook '/home/w/work/moveit2_handeye_calib/install/arm380_config/share/arm380_config/hook/cmake_prefix_path.sh'
[1.495s] Level 1:colcon.colcon_core.environment:checking '/home/w/work/moveit2_handeye_calib/install/arm380_config/bin'
[1.496s] Level 1:colcon.colcon_core.environment:checking '/home/w/work/moveit2_handeye_calib/install/arm380_config/lib/pkgconfig/arm380_config.pc'
[1.496s] Level 1:colcon.colcon_core.environment:checking '/home/w/work/moveit2_handeye_calib/install/arm380_config/lib/python3.10/site-packages'
[1.496s] Level 1:colcon.colcon_core.environment:checking '/home/w/work/moveit2_handeye_calib/install/arm380_config/bin'
[1.496s] INFO:colcon.colcon_core.shell:Creating package script '/home/w/work/moveit2_handeye_calib/install/arm380_config/share/arm380_config/package.ps1'
[1.496s] INFO:colcon.colcon_core.shell:Creating package descriptor '/home/w/work/moveit2_handeye_calib/install/arm380_config/share/arm380_config/package.dsv'
[1.497s] INFO:colcon.colcon_core.shell:Creating package script '/home/w/work/moveit2_handeye_calib/install/arm380_config/share/arm380_config/package.sh'
[1.497s] INFO:colcon.colcon_core.shell:Creating package script '/home/w/work/moveit2_handeye_calib/install/arm380_config/share/arm380_config/package.bash'
[1.497s] INFO:colcon.colcon_core.shell:Creating package script '/home/w/work/moveit2_handeye_calib/install/arm380_config/share/arm380_config/package.zsh'
[1.497s] Level 1:colcon.colcon_core.environment:create_file_with_runtime_dependencies(/home/w/work/moveit2_handeye_calib/install/arm380_config/share/colcon-core/packages/arm380_config)
[1.497s] Level 1:colcon.colcon_core.environment:create_environment_scripts_only(arm380_config)
[1.498s] Level 1:colcon.colcon_core.environment:checking '/home/w/work/moveit2_handeye_calib/install/arm380_config' for CMake module files
[1.498s] Level 1:colcon.colcon_core.environment:checking '/home/w/work/moveit2_handeye_calib/install/arm380_config' for CMake config files
[1.498s] Level 1:colcon.colcon_core.shell:create_environment_hook('arm380_config', 'cmake_prefix_path')
[1.498s] INFO:colcon.colcon_core.shell:Creating environment hook '/home/w/work/moveit2_handeye_calib/install/arm380_config/share/arm380_config/hook/cmake_prefix_path.ps1'
[1.498s] INFO:colcon.colcon_core.shell:Creating environment descriptor '/home/w/work/moveit2_handeye_calib/install/arm380_config/share/arm380_config/hook/cmake_prefix_path.dsv'
[1.499s] INFO:colcon.colcon_core.shell:Creating environment hook '/home/w/work/moveit2_handeye_calib/install/arm380_config/share/arm380_config/hook/cmake_prefix_path.sh'
[1.499s] Level 1:colcon.colcon_core.environment:checking '/home/w/work/moveit2_handeye_calib/install/arm380_config/bin'
[1.499s] Level 1:colcon.colcon_core.environment:checking '/home/w/work/moveit2_handeye_calib/install/arm380_config/lib/pkgconfig/arm380_config.pc'
[1.499s] Level 1:colcon.colcon_core.environment:checking '/home/w/work/moveit2_handeye_calib/install/arm380_config/lib/python3.10/site-packages'
[1.499s] Level 1:colcon.colcon_core.environment:checking '/home/w/work/moveit2_handeye_calib/install/arm380_config/bin'
[1.499s] INFO:colcon.colcon_core.shell:Creating package script '/home/w/work/moveit2_handeye_calib/install/arm380_config/share/arm380_config/package.ps1'
[1.500s] INFO:colcon.colcon_core.shell:Creating package descriptor '/home/w/work/moveit2_handeye_calib/install/arm380_config/share/arm380_config/package.dsv'
[1.500s] INFO:colcon.colcon_core.shell:Creating package script '/home/w/work/moveit2_handeye_calib/install/arm380_config/share/arm380_config/package.sh'
[1.500s] INFO:colcon.colcon_core.shell:Creating package script '/home/w/work/moveit2_handeye_calib/install/arm380_config/share/arm380_config/package.bash'
[1.500s] INFO:colcon.colcon_core.shell:Creating package script '/home/w/work/moveit2_handeye_calib/install/arm380_config/share/arm380_config/package.zsh'
[1.501s] Level 1:colcon.colcon_core.environment:create_file_with_runtime_dependencies(/home/w/work/moveit2_handeye_calib/install/arm380_config/share/colcon-core/packages/arm380_config)
[1.501s] Level 1:colcon.colcon_core.environment:create_environment_scripts_only(robot_control)
[1.501s] Level 1:colcon.colcon_core.environment:checking '/home/w/work/moveit2_handeye_calib/install/robot_control' for CMake module files
[1.502s] Level 1:colcon.colcon_core.environment:checking '/home/w/work/moveit2_handeye_calib/install/robot_control' for CMake config files
[1.502s] DEBUG:colcon.colcon_core.event_handler.log_command:Invoked command in '/home/w/work/moveit2_handeye_calib/build/robot_control' returned '0': CMAKE_PREFIX_PATH=/home/w/work/moveit2_handeye_calib/install/robot_interfaces:/home/w/work/moveit2_handeye_calib/install/robot_driver:/home/w/work/moveit2_handeye_calib/install/ros2_socketcan:/home/w/work/moveit2_handeye_calib/install/ros2_socketcan_msgs:/home/w/work/moveit2_handeye_calib/install/robot_virtual_fence:/home/w/work/moveit2_handeye_calib/install/robot_state_machine:/home/w/work/moveit2_handeye_calib/install/robot_sdk:/home/w/work/moveit2_handeye_calib/install/robot_control:/home/w/work/moveit2_handeye_calib/install/motor_control_logger:/home/w/work/moveit2_handeye_calib/install/arm620_dh_config:/home/w/work/moveit2_handeye_calib/install/arm620_config:/home/w/work/moveit2_handeye_calib/install/arm380_config:/home/w/work/moveit2_handeye_calib/install/robot_description:/home/w/work/moveit2_handeye_calib/install/robot_bringup:/home/w/work/moveit2_handeye_calib/install/moveit_calibration_demos:/home/w/work/moveit2_handeye_calib/install/moveit_calibration_gui:/home/w/work/moveit2_handeye_calib/install/moveit_calibration_plugins:/home/w/work/trac_ik_ws/install/trac_ik:/home/w/work/trac_ik_ws/install/trac_ik_examples:/home/w/work/trac_ik_ws/install/trac_ik_lib:/home/w/work/moveit2_handeye_calib/install/traj_smoother_py:/home/w/work/moveit2_handeye_calib/install/robot_test_py:/home/w/work/moveit2_handeye_calib/install/robot_input:/home/w/work/moveit2_handeye_calib/install/robot_dynamics:/opt/ros/humble LD_LIBRARY_PATH=/home/w/work/moveit2_handeye_calib/install/robot_interfaces/lib:/home/w/work/moveit2_handeye_calib/install/robot_driver/lib:/home/w/work/moveit2_handeye_calib/install/ros2_socketcan/lib:/home/w/work/moveit2_handeye_calib/install/ros2_socketcan_msgs/lib:/home/w/work/moveit2_handeye_calib/install/moveit_calibration_gui/lib:/home/w/work/moveit2_handeye_calib/install/moveit_calibration_plugins/lib:/home/w/work/trac_ik_ws/install/trac_ik_lib/lib:/opt/ros/humble/opt/rviz_ogre_vendor/lib:/opt/ros/humble/lib/x86_64-linux-gnu:/opt/ros/humble/lib /usr/bin/cmake --install /home/w/work/moveit2_handeye_calib/build/robot_control
[1.502s] Level 1:colcon.colcon_core.shell:create_environment_hook('robot_control', 'cmake_prefix_path')
[1.502s] INFO:colcon.colcon_core.shell:Creating environment hook '/home/w/work/moveit2_handeye_calib/install/robot_control/share/robot_control/hook/cmake_prefix_path.ps1'
[1.502s] INFO:colcon.colcon_core.shell:Creating environment descriptor '/home/w/work/moveit2_handeye_calib/install/robot_control/share/robot_control/hook/cmake_prefix_path.dsv'
[1.502s] INFO:colcon.colcon_core.shell:Creating environment hook '/home/w/work/moveit2_handeye_calib/install/robot_control/share/robot_control/hook/cmake_prefix_path.sh'
[1.503s] Level 1:colcon.colcon_core.environment:checking '/home/w/work/moveit2_handeye_calib/install/robot_control/lib'
[1.503s] Level 1:colcon.colcon_core.environment:checking '/home/w/work/moveit2_handeye_calib/install/robot_control/bin'
[1.503s] Level 1:colcon.colcon_core.environment:checking '/home/w/work/moveit2_handeye_calib/install/robot_control/lib/pkgconfig/robot_control.pc'
[1.503s] Level 1:colcon.colcon_core.environment:checking '/home/w/work/moveit2_handeye_calib/install/robot_control/lib/python3.10/site-packages'
[1.503s] Level 1:colcon.colcon_core.environment:checking '/home/w/work/moveit2_handeye_calib/install/robot_control/bin'
[1.503s] INFO:colcon.colcon_core.shell:Creating package script '/home/w/work/moveit2_handeye_calib/install/robot_control/share/robot_control/package.ps1'
[1.504s] INFO:colcon.colcon_core.shell:Creating package descriptor '/home/w/work/moveit2_handeye_calib/install/robot_control/share/robot_control/package.dsv'
[1.504s] INFO:colcon.colcon_core.shell:Creating package script '/home/w/work/moveit2_handeye_calib/install/robot_control/share/robot_control/package.sh'
[1.504s] INFO:colcon.colcon_core.shell:Creating package script '/home/w/work/moveit2_handeye_calib/install/robot_control/share/robot_control/package.bash'
[1.504s] INFO:colcon.colcon_core.shell:Creating package script '/home/w/work/moveit2_handeye_calib/install/robot_control/share/robot_control/package.zsh'
[1.504s] Level 1:colcon.colcon_core.environment:create_file_with_runtime_dependencies(/home/w/work/moveit2_handeye_calib/install/robot_control/share/colcon-core/packages/robot_control)
[1.505s] Level 1:colcon.colcon_core.environment:create_environment_scripts_only(robot_control)
[1.505s] Level 1:colcon.colcon_core.environment:checking '/home/w/work/moveit2_handeye_calib/install/robot_control' for CMake module files
[1.505s] Level 1:colcon.colcon_core.environment:checking '/home/w/work/moveit2_handeye_calib/install/robot_control' for CMake config files
[1.505s] Level 1:colcon.colcon_core.shell:create_environment_hook('robot_control', 'cmake_prefix_path')
[1.505s] INFO:colcon.colcon_core.shell:Creating environment hook '/home/w/work/moveit2_handeye_calib/install/robot_control/share/robot_control/hook/cmake_prefix_path.ps1'
[1.506s] INFO:colcon.colcon_core.shell:Creating environment descriptor '/home/w/work/moveit2_handeye_calib/install/robot_control/share/robot_control/hook/cmake_prefix_path.dsv'
[1.506s] INFO:colcon.colcon_core.shell:Creating environment hook '/home/w/work/moveit2_handeye_calib/install/robot_control/share/robot_control/hook/cmake_prefix_path.sh'
[1.506s] Level 1:colcon.colcon_core.environment:checking '/home/w/work/moveit2_handeye_calib/install/robot_control/lib'
[1.506s] Level 1:colcon.colcon_core.environment:checking '/home/w/work/moveit2_handeye_calib/install/robot_control/bin'
[1.506s] Level 1:colcon.colcon_core.environment:checking '/home/w/work/moveit2_handeye_calib/install/robot_control/lib/pkgconfig/robot_control.pc'
[1.506s] Level 1:colcon.colcon_core.environment:checking '/home/w/work/moveit2_handeye_calib/install/robot_control/lib/python3.10/site-packages'
[1.507s] Level 1:colcon.colcon_core.environment:checking '/home/w/work/moveit2_handeye_calib/install/robot_control/bin'
[1.507s] INFO:colcon.colcon_core.shell:Creating package script '/home/w/work/moveit2_handeye_calib/install/robot_control/share/robot_control/package.ps1'
[1.507s] INFO:colcon.colcon_core.shell:Creating package descriptor '/home/w/work/moveit2_handeye_calib/install/robot_control/share/robot_control/package.dsv'
[1.507s] INFO:colcon.colcon_core.shell:Creating package script '/home/w/work/moveit2_handeye_calib/install/robot_control/share/robot_control/package.sh'
[1.508s] INFO:colcon.colcon_core.shell:Creating package script '/home/w/work/moveit2_handeye_calib/install/robot_control/share/robot_control/package.bash'
[1.508s] INFO:colcon.colcon_core.shell:Creating package script '/home/w/work/moveit2_handeye_calib/install/robot_control/share/robot_control/package.zsh'
[1.508s] Level 1:colcon.colcon_core.environment:create_file_with_runtime_dependencies(/home/w/work/moveit2_handeye_calib/install/robot_control/share/colcon-core/packages/robot_control)
[1.508s] Level 1:colcon.colcon_core.environment:create_environment_scripts_only(arm620_dh_config)
[1.509s] Level 1:colcon.colcon_core.environment:checking '/home/w/work/moveit2_handeye_calib/install/arm620_dh_config' for CMake module files
[1.509s] Level 1:colcon.colcon_core.environment:checking '/home/w/work/moveit2_handeye_calib/install/arm620_dh_config' for CMake config files
[1.510s] DEBUG:colcon.colcon_core.event_handler.log_command:Invoked command in '/home/w/work/moveit2_handeye_calib/build/arm620_dh_config' returned '0': CMAKE_PREFIX_PATH=/home/w/work/moveit2_handeye_calib/install/robot_description:/home/w/work/moveit2_handeye_calib/install/robot_driver:/home/w/work/moveit2_handeye_calib/install/ros2_socketcan:/home/w/work/moveit2_handeye_calib/install/ros2_socketcan_msgs:/home/w/work/moveit2_handeye_calib/install/robot_virtual_fence:/home/w/work/moveit2_handeye_calib/install/robot_state_machine:/home/w/work/moveit2_handeye_calib/install/robot_sdk:/home/w/work/moveit2_handeye_calib/install/robot_control:/home/w/work/moveit2_handeye_calib/install/motor_control_logger:/home/w/work/moveit2_handeye_calib/install/robot_interfaces:/home/w/work/moveit2_handeye_calib/install/arm620_dh_config:/home/w/work/moveit2_handeye_calib/install/arm620_config:/home/w/work/moveit2_handeye_calib/install/arm380_config:/home/w/work/moveit2_handeye_calib/install/robot_bringup:/home/w/work/moveit2_handeye_calib/install/moveit_calibration_demos:/home/w/work/moveit2_handeye_calib/install/moveit_calibration_gui:/home/w/work/moveit2_handeye_calib/install/moveit_calibration_plugins:/home/w/work/trac_ik_ws/install/trac_ik:/home/w/work/trac_ik_ws/install/trac_ik_examples:/home/w/work/trac_ik_ws/install/trac_ik_lib:/home/w/work/moveit2_handeye_calib/install/traj_smoother_py:/home/w/work/moveit2_handeye_calib/install/robot_test_py:/home/w/work/moveit2_handeye_calib/install/robot_input:/home/w/work/moveit2_handeye_calib/install/robot_dynamics:/opt/ros/humble /usr/bin/cmake --install /home/w/work/moveit2_handeye_calib/build/arm620_dh_config
[1.510s] Level 1:colcon.colcon_core.shell:create_environment_hook('arm620_dh_config', 'cmake_prefix_path')
[1.510s] INFO:colcon.colcon_core.shell:Creating environment hook '/home/w/work/moveit2_handeye_calib/install/arm620_dh_config/share/arm620_dh_config/hook/cmake_prefix_path.ps1'
[1.511s] INFO:colcon.colcon_core.shell:Creating environment descriptor '/home/w/work/moveit2_handeye_calib/install/arm620_dh_config/share/arm620_dh_config/hook/cmake_prefix_path.dsv'
[1.511s] INFO:colcon.colcon_core.shell:Creating environment hook '/home/w/work/moveit2_handeye_calib/install/arm620_dh_config/share/arm620_dh_config/hook/cmake_prefix_path.sh'
[1.512s] Level 1:colcon.colcon_core.environment:checking '/home/w/work/moveit2_handeye_calib/install/arm620_dh_config/bin'
[1.512s] Level 1:colcon.colcon_core.environment:checking '/home/w/work/moveit2_handeye_calib/install/arm620_dh_config/lib/pkgconfig/arm620_dh_config.pc'
[1.512s] Level 1:colcon.colcon_core.environment:checking '/home/w/work/moveit2_handeye_calib/install/arm620_dh_config/lib/python3.10/site-packages'
[1.512s] Level 1:colcon.colcon_core.environment:checking '/home/w/work/moveit2_handeye_calib/install/arm620_dh_config/bin'
[1.513s] INFO:colcon.colcon_core.shell:Creating package script '/home/w/work/moveit2_handeye_calib/install/arm620_dh_config/share/arm620_dh_config/package.ps1'
[1.514s] INFO:colcon.colcon_core.shell:Creating package descriptor '/home/w/work/moveit2_handeye_calib/install/arm620_dh_config/share/arm620_dh_config/package.dsv'
[1.514s] INFO:colcon.colcon_core.shell:Creating package script '/home/w/work/moveit2_handeye_calib/install/arm620_dh_config/share/arm620_dh_config/package.sh'
[1.514s] INFO:colcon.colcon_core.shell:Creating package script '/home/w/work/moveit2_handeye_calib/install/arm620_dh_config/share/arm620_dh_config/package.bash'
[1.514s] INFO:colcon.colcon_core.shell:Creating package script '/home/w/work/moveit2_handeye_calib/install/arm620_dh_config/share/arm620_dh_config/package.zsh'
[1.515s] Level 1:colcon.colcon_core.environment:create_file_with_runtime_dependencies(/home/w/work/moveit2_handeye_calib/install/arm620_dh_config/share/colcon-core/packages/arm620_dh_config)
[1.515s] Level 1:colcon.colcon_core.environment:create_environment_scripts_only(arm620_dh_config)
[1.515s] Level 1:colcon.colcon_core.environment:checking '/home/w/work/moveit2_handeye_calib/install/arm620_dh_config' for CMake module files
[1.516s] Level 1:colcon.colcon_core.environment:checking '/home/w/work/moveit2_handeye_calib/install/arm620_dh_config' for CMake config files
[1.516s] Level 1:colcon.colcon_core.shell:create_environment_hook('arm620_dh_config', 'cmake_prefix_path')
[1.516s] INFO:colcon.colcon_core.shell:Creating environment hook '/home/w/work/moveit2_handeye_calib/install/arm620_dh_config/share/arm620_dh_config/hook/cmake_prefix_path.ps1'
[1.516s] INFO:colcon.colcon_core.shell:Creating environment descriptor '/home/w/work/moveit2_handeye_calib/install/arm620_dh_config/share/arm620_dh_config/hook/cmake_prefix_path.dsv'
[1.516s] INFO:colcon.colcon_core.shell:Creating environment hook '/home/w/work/moveit2_handeye_calib/install/arm620_dh_config/share/arm620_dh_config/hook/cmake_prefix_path.sh'
[1.517s] Level 1:colcon.colcon_core.environment:checking '/home/w/work/moveit2_handeye_calib/install/arm620_dh_config/bin'
[1.517s] Level 1:colcon.colcon_core.environment:checking '/home/w/work/moveit2_handeye_calib/install/arm620_dh_config/lib/pkgconfig/arm620_dh_config.pc'
[1.517s] Level 1:colcon.colcon_core.environment:checking '/home/w/work/moveit2_handeye_calib/install/arm620_dh_config/lib/python3.10/site-packages'
[1.517s] Level 1:colcon.colcon_core.environment:checking '/home/w/work/moveit2_handeye_calib/install/arm620_dh_config/bin'
[1.518s] INFO:colcon.colcon_core.shell:Creating package script '/home/w/work/moveit2_handeye_calib/install/arm620_dh_config/share/arm620_dh_config/package.ps1'
[1.518s] INFO:colcon.colcon_core.shell:Creating package descriptor '/home/w/work/moveit2_handeye_calib/install/arm620_dh_config/share/arm620_dh_config/package.dsv'
[1.518s] INFO:colcon.colcon_core.shell:Creating package script '/home/w/work/moveit2_handeye_calib/install/arm620_dh_config/share/arm620_dh_config/package.sh'
[1.518s] INFO:colcon.colcon_core.shell:Creating package script '/home/w/work/moveit2_handeye_calib/install/arm620_dh_config/share/arm620_dh_config/package.bash'
[1.519s] INFO:colcon.colcon_core.shell:Creating package script '/home/w/work/moveit2_handeye_calib/install/arm620_dh_config/share/arm620_dh_config/package.zsh'
[1.519s] Level 1:colcon.colcon_core.environment:create_file_with_runtime_dependencies(/home/w/work/moveit2_handeye_calib/install/arm620_dh_config/share/colcon-core/packages/arm620_dh_config)
[1.519s] Level 1:colcon.colcon_core.environment:create_environment_scripts_only(motor_control_logger)
[1.519s] Level 1:colcon.colcon_core.environment:checking '/home/w/work/moveit2_handeye_calib/install/motor_control_logger' for CMake module files
[1.520s] Level 1:colcon.colcon_core.environment:checking '/home/w/work/moveit2_handeye_calib/install/motor_control_logger' for CMake config files
[1.520s] DEBUG:colcon.colcon_core.event_handler.log_command:Invoked command in '/home/w/work/moveit2_handeye_calib/build/motor_control_logger' returned '0': CMAKE_PREFIX_PATH=/home/w/work/moveit2_handeye_calib/install/robot_interfaces:/home/w/work/moveit2_handeye_calib/install/robot_driver:/home/w/work/moveit2_handeye_calib/install/ros2_socketcan:/home/w/work/moveit2_handeye_calib/install/ros2_socketcan_msgs:/home/w/work/moveit2_handeye_calib/install/robot_virtual_fence:/home/w/work/moveit2_handeye_calib/install/robot_state_machine:/home/w/work/moveit2_handeye_calib/install/robot_sdk:/home/w/work/moveit2_handeye_calib/install/robot_control:/home/w/work/moveit2_handeye_calib/install/motor_control_logger:/home/w/work/moveit2_handeye_calib/install/arm620_dh_config:/home/w/work/moveit2_handeye_calib/install/arm620_config:/home/w/work/moveit2_handeye_calib/install/arm380_config:/home/w/work/moveit2_handeye_calib/install/robot_description:/home/w/work/moveit2_handeye_calib/install/robot_bringup:/home/w/work/moveit2_handeye_calib/install/moveit_calibration_demos:/home/w/work/moveit2_handeye_calib/install/moveit_calibration_gui:/home/w/work/moveit2_handeye_calib/install/moveit_calibration_plugins:/home/w/work/trac_ik_ws/install/trac_ik:/home/w/work/trac_ik_ws/install/trac_ik_examples:/home/w/work/trac_ik_ws/install/trac_ik_lib:/home/w/work/moveit2_handeye_calib/install/traj_smoother_py:/home/w/work/moveit2_handeye_calib/install/robot_test_py:/home/w/work/moveit2_handeye_calib/install/robot_input:/home/w/work/moveit2_handeye_calib/install/robot_dynamics:/opt/ros/humble LD_LIBRARY_PATH=/home/w/work/moveit2_handeye_calib/install/robot_interfaces/lib:/home/w/work/moveit2_handeye_calib/install/robot_driver/lib:/home/w/work/moveit2_handeye_calib/install/ros2_socketcan/lib:/home/w/work/moveit2_handeye_calib/install/ros2_socketcan_msgs/lib:/home/w/work/moveit2_handeye_calib/install/moveit_calibration_gui/lib:/home/w/work/moveit2_handeye_calib/install/moveit_calibration_plugins/lib:/home/w/work/trac_ik_ws/install/trac_ik_lib/lib:/opt/ros/humble/opt/rviz_ogre_vendor/lib:/opt/ros/humble/lib/x86_64-linux-gnu:/opt/ros/humble/lib /usr/bin/cmake --install /home/w/work/moveit2_handeye_calib/build/motor_control_logger
[1.520s] Level 1:colcon.colcon_core.shell:create_environment_hook('motor_control_logger', 'cmake_prefix_path')
[1.520s] INFO:colcon.colcon_core.shell:Creating environment hook '/home/w/work/moveit2_handeye_calib/install/motor_control_logger/share/motor_control_logger/hook/cmake_prefix_path.ps1'
[1.520s] INFO:colcon.colcon_core.shell:Creating environment descriptor '/home/w/work/moveit2_handeye_calib/install/motor_control_logger/share/motor_control_logger/hook/cmake_prefix_path.dsv'
[1.521s] INFO:colcon.colcon_core.shell:Creating environment hook '/home/w/work/moveit2_handeye_calib/install/motor_control_logger/share/motor_control_logger/hook/cmake_prefix_path.sh'
[1.521s] Level 1:colcon.colcon_core.environment:checking '/home/w/work/moveit2_handeye_calib/install/motor_control_logger/lib'
[1.521s] Level 1:colcon.colcon_core.environment:checking '/home/w/work/moveit2_handeye_calib/install/motor_control_logger/bin'
[1.521s] Level 1:colcon.colcon_core.environment:checking '/home/w/work/moveit2_handeye_calib/install/motor_control_logger/lib/pkgconfig/motor_control_logger.pc'
[1.521s] Level 1:colcon.colcon_core.environment:checking '/home/w/work/moveit2_handeye_calib/install/motor_control_logger/lib/python3.10/site-packages'
[1.521s] Level 1:colcon.colcon_core.environment:checking '/home/w/work/moveit2_handeye_calib/install/motor_control_logger/bin'
[1.521s] INFO:colcon.colcon_core.shell:Creating package script '/home/w/work/moveit2_handeye_calib/install/motor_control_logger/share/motor_control_logger/package.ps1'
[1.522s] INFO:colcon.colcon_core.shell:Creating package descriptor '/home/w/work/moveit2_handeye_calib/install/motor_control_logger/share/motor_control_logger/package.dsv'
[1.522s] INFO:colcon.colcon_core.shell:Creating package script '/home/w/work/moveit2_handeye_calib/install/motor_control_logger/share/motor_control_logger/package.sh'
[1.522s] INFO:colcon.colcon_core.shell:Creating package script '/home/w/work/moveit2_handeye_calib/install/motor_control_logger/share/motor_control_logger/package.bash'
[1.522s] INFO:colcon.colcon_core.shell:Creating package script '/home/w/work/moveit2_handeye_calib/install/motor_control_logger/share/motor_control_logger/package.zsh'
[1.522s] Level 1:colcon.colcon_core.environment:create_file_with_runtime_dependencies(/home/w/work/moveit2_handeye_calib/install/motor_control_logger/share/colcon-core/packages/motor_control_logger)
[1.523s] Level 1:colcon.colcon_core.environment:create_environment_scripts_only(motor_control_logger)
[1.523s] Level 1:colcon.colcon_core.environment:checking '/home/w/work/moveit2_handeye_calib/install/motor_control_logger' for CMake module files
[1.523s] Level 1:colcon.colcon_core.environment:checking '/home/w/work/moveit2_handeye_calib/install/motor_control_logger' for CMake config files
[1.523s] Level 1:colcon.colcon_core.shell:create_environment_hook('motor_control_logger', 'cmake_prefix_path')
[1.523s] INFO:colcon.colcon_core.shell:Creating environment hook '/home/w/work/moveit2_handeye_calib/install/motor_control_logger/share/motor_control_logger/hook/cmake_prefix_path.ps1'
[1.524s] INFO:colcon.colcon_core.shell:Creating environment descriptor '/home/w/work/moveit2_handeye_calib/install/motor_control_logger/share/motor_control_logger/hook/cmake_prefix_path.dsv'
[1.524s] INFO:colcon.colcon_core.shell:Creating environment hook '/home/w/work/moveit2_handeye_calib/install/motor_control_logger/share/motor_control_logger/hook/cmake_prefix_path.sh'
[1.524s] Level 1:colcon.colcon_core.environment:checking '/home/w/work/moveit2_handeye_calib/install/motor_control_logger/lib'
[1.524s] Level 1:colcon.colcon_core.environment:checking '/home/w/work/moveit2_handeye_calib/install/motor_control_logger/bin'
[1.524s] Level 1:colcon.colcon_core.environment:checking '/home/w/work/moveit2_handeye_calib/install/motor_control_logger/lib/pkgconfig/motor_control_logger.pc'
[1.524s] Level 1:colcon.colcon_core.environment:checking '/home/w/work/moveit2_handeye_calib/install/motor_control_logger/lib/python3.10/site-packages'
[1.524s] Level 1:colcon.colcon_core.environment:checking '/home/w/work/moveit2_handeye_calib/install/motor_control_logger/bin'
[1.525s] INFO:colcon.colcon_core.shell:Creating package script '/home/w/work/moveit2_handeye_calib/install/motor_control_logger/share/motor_control_logger/package.ps1'
[1.525s] INFO:colcon.colcon_core.shell:Creating package descriptor '/home/w/work/moveit2_handeye_calib/install/motor_control_logger/share/motor_control_logger/package.dsv'
[1.525s] INFO:colcon.colcon_core.shell:Creating package script '/home/w/work/moveit2_handeye_calib/install/motor_control_logger/share/motor_control_logger/package.sh'
[1.525s] INFO:colcon.colcon_core.shell:Creating package script '/home/w/work/moveit2_handeye_calib/install/motor_control_logger/share/motor_control_logger/package.bash'
[1.525s] INFO:colcon.colcon_core.shell:Creating package script '/home/w/work/moveit2_handeye_calib/install/motor_control_logger/share/motor_control_logger/package.zsh'
[1.526s] Level 1:colcon.colcon_core.environment:create_file_with_runtime_dependencies(/home/w/work/moveit2_handeye_calib/install/motor_control_logger/share/colcon-core/packages/motor_control_logger)
[1.526s] Level 1:colcon.colcon_core.environment:create_environment_scripts_only(moveit_calibration_gui)
[1.526s] Level 1:colcon.colcon_core.environment:checking '/home/w/work/moveit2_handeye_calib/install/moveit_calibration_gui' for CMake module files
[1.527s] DEBUG:colcon.colcon_core.event_handler.log_command:Invoked command in '/home/w/work/moveit2_handeye_calib/build/moveit_calibration_gui' returned '0': CMAKE_PREFIX_PATH=/home/w/work/moveit2_handeye_calib/install/moveit_calibration_plugins:/home/w/work/moveit2_handeye_calib/install/robot_driver:/home/w/work/moveit2_handeye_calib/install/ros2_socketcan:/home/w/work/moveit2_handeye_calib/install/ros2_socketcan_msgs:/home/w/work/moveit2_handeye_calib/install/robot_virtual_fence:/home/w/work/moveit2_handeye_calib/install/robot_state_machine:/home/w/work/moveit2_handeye_calib/install/robot_sdk:/home/w/work/moveit2_handeye_calib/install/robot_control:/home/w/work/moveit2_handeye_calib/install/motor_control_logger:/home/w/work/moveit2_handeye_calib/install/robot_interfaces:/home/w/work/moveit2_handeye_calib/install/arm620_dh_config:/home/w/work/moveit2_handeye_calib/install/arm620_config:/home/w/work/moveit2_handeye_calib/install/arm380_config:/home/w/work/moveit2_handeye_calib/install/robot_description:/home/w/work/moveit2_handeye_calib/install/robot_bringup:/home/w/work/moveit2_handeye_calib/install/moveit_calibration_demos:/home/w/work/moveit2_handeye_calib/install/moveit_calibration_gui:/home/w/work/trac_ik_ws/install/trac_ik:/home/w/work/trac_ik_ws/install/trac_ik_examples:/home/w/work/trac_ik_ws/install/trac_ik_lib:/home/w/work/moveit2_handeye_calib/install/traj_smoother_py:/home/w/work/moveit2_handeye_calib/install/robot_test_py:/home/w/work/moveit2_handeye_calib/install/robot_input:/home/w/work/moveit2_handeye_calib/install/robot_dynamics:/opt/ros/humble LD_LIBRARY_PATH=/home/w/work/moveit2_handeye_calib/install/moveit_calibration_plugins/lib:/home/w/work/moveit2_handeye_calib/install/robot_driver/lib:/home/w/work/moveit2_handeye_calib/install/ros2_socketcan/lib:/home/w/work/moveit2_handeye_calib/install/ros2_socketcan_msgs/lib:/home/w/work/moveit2_handeye_calib/install/robot_interfaces/lib:/home/w/work/moveit2_handeye_calib/install/moveit_calibration_gui/lib:/home/w/work/trac_ik_ws/install/trac_ik_lib/lib:/opt/ros/humble/opt/rviz_ogre_vendor/lib:/opt/ros/humble/lib/x86_64-linux-gnu:/opt/ros/humble/lib /usr/bin/cmake --install /home/w/work/moveit2_handeye_calib/build/moveit_calibration_gui
[1.527s] Level 1:colcon.colcon_core.environment:checking '/home/w/work/moveit2_handeye_calib/install/moveit_calibration_gui' for CMake config files
[1.528s] Level 1:colcon.colcon_core.shell:create_environment_hook('moveit_calibration_gui', 'cmake_prefix_path')
[1.528s] INFO:colcon.colcon_core.shell:Creating environment hook '/home/w/work/moveit2_handeye_calib/install/moveit_calibration_gui/share/moveit_calibration_gui/hook/cmake_prefix_path.ps1'
[1.528s] INFO:colcon.colcon_core.shell:Creating environment descriptor '/home/w/work/moveit2_handeye_calib/install/moveit_calibration_gui/share/moveit_calibration_gui/hook/cmake_prefix_path.dsv'
[1.529s] INFO:colcon.colcon_core.shell:Creating environment hook '/home/w/work/moveit2_handeye_calib/install/moveit_calibration_gui/share/moveit_calibration_gui/hook/cmake_prefix_path.sh'
[1.529s] Level 1:colcon.colcon_core.environment:checking '/home/w/work/moveit2_handeye_calib/install/moveit_calibration_gui/lib'
[1.529s] Level 1:colcon.colcon_core.shell:create_environment_hook('moveit_calibration_gui', 'ld_library_path_lib')
[1.529s] INFO:colcon.colcon_core.shell:Creating environment hook '/home/w/work/moveit2_handeye_calib/install/moveit_calibration_gui/share/moveit_calibration_gui/hook/ld_library_path_lib.ps1'
[1.529s] INFO:colcon.colcon_core.shell:Creating environment descriptor '/home/w/work/moveit2_handeye_calib/install/moveit_calibration_gui/share/moveit_calibration_gui/hook/ld_library_path_lib.dsv'
[1.530s] INFO:colcon.colcon_core.shell:Creating environment hook '/home/w/work/moveit2_handeye_calib/install/moveit_calibration_gui/share/moveit_calibration_gui/hook/ld_library_path_lib.sh'
[1.530s] Level 1:colcon.colcon_core.environment:checking '/home/w/work/moveit2_handeye_calib/install/moveit_calibration_gui/bin'
[1.530s] Level 1:colcon.colcon_core.environment:checking '/home/w/work/moveit2_handeye_calib/install/moveit_calibration_gui/lib/pkgconfig/moveit_calibration_gui.pc'
[1.530s] Level 1:colcon.colcon_core.environment:checking '/home/w/work/moveit2_handeye_calib/install/moveit_calibration_gui/lib/python3.10/site-packages'
[1.530s] Level 1:colcon.colcon_core.environment:checking '/home/w/work/moveit2_handeye_calib/install/moveit_calibration_gui/bin'
[1.530s] INFO:colcon.colcon_core.shell:Creating package script '/home/w/work/moveit2_handeye_calib/install/moveit_calibration_gui/share/moveit_calibration_gui/package.ps1'
[1.531s] INFO:colcon.colcon_core.shell:Creating package descriptor '/home/w/work/moveit2_handeye_calib/install/moveit_calibration_gui/share/moveit_calibration_gui/package.dsv'
[1.531s] INFO:colcon.colcon_core.shell:Creating package script '/home/w/work/moveit2_handeye_calib/install/moveit_calibration_gui/share/moveit_calibration_gui/package.sh'
[1.531s] INFO:colcon.colcon_core.shell:Creating package script '/home/w/work/moveit2_handeye_calib/install/moveit_calibration_gui/share/moveit_calibration_gui/package.bash'
[1.532s] INFO:colcon.colcon_core.shell:Creating package script '/home/w/work/moveit2_handeye_calib/install/moveit_calibration_gui/share/moveit_calibration_gui/package.zsh'
[1.532s] Level 1:colcon.colcon_core.environment:create_file_with_runtime_dependencies(/home/w/work/moveit2_handeye_calib/install/moveit_calibration_gui/share/colcon-core/packages/moveit_calibration_gui)
[1.532s] Level 1:colcon.colcon_core.environment:create_environment_scripts_only(moveit_calibration_gui)
[1.532s] Level 1:colcon.colcon_core.environment:checking '/home/w/work/moveit2_handeye_calib/install/moveit_calibration_gui' for CMake module files
[1.533s] Level 1:colcon.colcon_core.environment:checking '/home/w/work/moveit2_handeye_calib/install/moveit_calibration_gui' for CMake config files
[1.533s] Level 1:colcon.colcon_core.shell:create_environment_hook('moveit_calibration_gui', 'cmake_prefix_path')
[1.533s] INFO:colcon.colcon_core.shell:Creating environment hook '/home/w/work/moveit2_handeye_calib/install/moveit_calibration_gui/share/moveit_calibration_gui/hook/cmake_prefix_path.ps1'
[1.533s] INFO:colcon.colcon_core.shell:Creating environment descriptor '/home/w/work/moveit2_handeye_calib/install/moveit_calibration_gui/share/moveit_calibration_gui/hook/cmake_prefix_path.dsv'
[1.533s] INFO:colcon.colcon_core.shell:Creating environment hook '/home/w/work/moveit2_handeye_calib/install/moveit_calibration_gui/share/moveit_calibration_gui/hook/cmake_prefix_path.sh'
[1.534s] Level 1:colcon.colcon_core.environment:checking '/home/w/work/moveit2_handeye_calib/install/moveit_calibration_gui/lib'
[1.534s] Level 1:colcon.colcon_core.shell:create_environment_hook('moveit_calibration_gui', 'ld_library_path_lib')
[1.534s] INFO:colcon.colcon_core.shell:Creating environment hook '/home/w/work/moveit2_handeye_calib/install/moveit_calibration_gui/share/moveit_calibration_gui/hook/ld_library_path_lib.ps1'
[1.534s] INFO:colcon.colcon_core.shell:Creating environment descriptor '/home/w/work/moveit2_handeye_calib/install/moveit_calibration_gui/share/moveit_calibration_gui/hook/ld_library_path_lib.dsv'
[1.534s] INFO:colcon.colcon_core.shell:Creating environment hook '/home/w/work/moveit2_handeye_calib/install/moveit_calibration_gui/share/moveit_calibration_gui/hook/ld_library_path_lib.sh'
[1.535s] Level 1:colcon.colcon_core.environment:checking '/home/w/work/moveit2_handeye_calib/install/moveit_calibration_gui/bin'
[1.535s] Level 1:colcon.colcon_core.environment:checking '/home/w/work/moveit2_handeye_calib/install/moveit_calibration_gui/lib/pkgconfig/moveit_calibration_gui.pc'
[1.535s] Level 1:colcon.colcon_core.environment:checking '/home/w/work/moveit2_handeye_calib/install/moveit_calibration_gui/lib/python3.10/site-packages'
[1.535s] Level 1:colcon.colcon_core.environment:checking '/home/w/work/moveit2_handeye_calib/install/moveit_calibration_gui/bin'
[1.535s] INFO:colcon.colcon_core.shell:Creating package script '/home/w/work/moveit2_handeye_calib/install/moveit_calibration_gui/share/moveit_calibration_gui/package.ps1'
[1.536s] INFO:colcon.colcon_core.shell:Creating package descriptor '/home/w/work/moveit2_handeye_calib/install/moveit_calibration_gui/share/moveit_calibration_gui/package.dsv'
[1.536s] INFO:colcon.colcon_core.shell:Creating package script '/home/w/work/moveit2_handeye_calib/install/moveit_calibration_gui/share/moveit_calibration_gui/package.sh'
[1.536s] INFO:colcon.colcon_core.shell:Creating package script '/home/w/work/moveit2_handeye_calib/install/moveit_calibration_gui/share/moveit_calibration_gui/package.bash'
[1.536s] INFO:colcon.colcon_core.shell:Creating package script '/home/w/work/moveit2_handeye_calib/install/moveit_calibration_gui/share/moveit_calibration_gui/package.zsh'
[1.536s] Level 1:colcon.colcon_core.environment:create_file_with_runtime_dependencies(/home/w/work/moveit2_handeye_calib/install/moveit_calibration_gui/share/colcon-core/packages/moveit_calibration_gui)
[1.537s] Level 1:colcon.colcon_core.environment:create_environment_scripts_only(ros2_socketcan)
[1.537s] Level 1:colcon.colcon_core.environment:checking '/home/w/work/moveit2_handeye_calib/install/ros2_socketcan' for CMake module files
[1.538s] DEBUG:colcon.colcon_core.event_handler.log_command:Invoked command in '/home/w/work/moveit2_handeye_calib/build/ros2_socketcan' returned '0': CMAKE_PREFIX_PATH=/home/w/work/moveit2_handeye_calib/install/ros2_socketcan_msgs:/home/w/work/moveit2_handeye_calib/install/robot_driver:/home/w/work/moveit2_handeye_calib/install/ros2_socketcan:/home/w/work/moveit2_handeye_calib/install/robot_virtual_fence:/home/w/work/moveit2_handeye_calib/install/robot_state_machine:/home/w/work/moveit2_handeye_calib/install/robot_sdk:/home/w/work/moveit2_handeye_calib/install/robot_control:/home/w/work/moveit2_handeye_calib/install/motor_control_logger:/home/w/work/moveit2_handeye_calib/install/robot_interfaces:/home/w/work/moveit2_handeye_calib/install/arm620_dh_config:/home/w/work/moveit2_handeye_calib/install/arm620_config:/home/w/work/moveit2_handeye_calib/install/arm380_config:/home/w/work/moveit2_handeye_calib/install/robot_description:/home/w/work/moveit2_handeye_calib/install/robot_bringup:/home/w/work/moveit2_handeye_calib/install/moveit_calibration_demos:/home/w/work/moveit2_handeye_calib/install/moveit_calibration_gui:/home/w/work/moveit2_handeye_calib/install/moveit_calibration_plugins:/home/w/work/trac_ik_ws/install/trac_ik:/home/w/work/trac_ik_ws/install/trac_ik_examples:/home/w/work/trac_ik_ws/install/trac_ik_lib:/home/w/work/moveit2_handeye_calib/install/traj_smoother_py:/home/w/work/moveit2_handeye_calib/install/robot_test_py:/home/w/work/moveit2_handeye_calib/install/robot_input:/home/w/work/moveit2_handeye_calib/install/robot_dynamics:/opt/ros/humble LD_LIBRARY_PATH=/home/w/work/moveit2_handeye_calib/install/ros2_socketcan_msgs/lib:/home/w/work/moveit2_handeye_calib/install/robot_driver/lib:/home/w/work/moveit2_handeye_calib/install/ros2_socketcan/lib:/home/w/work/moveit2_handeye_calib/install/robot_interfaces/lib:/home/w/work/moveit2_handeye_calib/install/moveit_calibration_gui/lib:/home/w/work/moveit2_handeye_calib/install/moveit_calibration_plugins/lib:/home/w/work/trac_ik_ws/install/trac_ik_lib/lib:/opt/ros/humble/opt/rviz_ogre_vendor/lib:/opt/ros/humble/lib/x86_64-linux-gnu:/opt/ros/humble/lib /usr/bin/cmake --install /home/w/work/moveit2_handeye_calib/build/ros2_socketcan
[1.538s] Level 1:colcon.colcon_core.environment:checking '/home/w/work/moveit2_handeye_calib/install/ros2_socketcan' for CMake config files
[1.538s] Level 1:colcon.colcon_core.shell:create_environment_hook('ros2_socketcan', 'cmake_prefix_path')
[1.538s] INFO:colcon.colcon_core.shell:Creating environment hook '/home/w/work/moveit2_handeye_calib/install/ros2_socketcan/share/ros2_socketcan/hook/cmake_prefix_path.ps1'
[1.538s] INFO:colcon.colcon_core.shell:Creating environment descriptor '/home/w/work/moveit2_handeye_calib/install/ros2_socketcan/share/ros2_socketcan/hook/cmake_prefix_path.dsv'
[1.539s] INFO:colcon.colcon_core.shell:Creating environment hook '/home/w/work/moveit2_handeye_calib/install/ros2_socketcan/share/ros2_socketcan/hook/cmake_prefix_path.sh'
[1.539s] Level 1:colcon.colcon_core.environment:checking '/home/w/work/moveit2_handeye_calib/install/ros2_socketcan/lib'
[1.539s] Level 1:colcon.colcon_core.shell:create_environment_hook('ros2_socketcan', 'ld_library_path_lib')
[1.539s] INFO:colcon.colcon_core.shell:Creating environment hook '/home/w/work/moveit2_handeye_calib/install/ros2_socketcan/share/ros2_socketcan/hook/ld_library_path_lib.ps1'
[1.539s] INFO:colcon.colcon_core.shell:Creating environment descriptor '/home/w/work/moveit2_handeye_calib/install/ros2_socketcan/share/ros2_socketcan/hook/ld_library_path_lib.dsv'
[1.539s] INFO:colcon.colcon_core.shell:Creating environment hook '/home/w/work/moveit2_handeye_calib/install/ros2_socketcan/share/ros2_socketcan/hook/ld_library_path_lib.sh'
[1.540s] Level 1:colcon.colcon_core.environment:checking '/home/w/work/moveit2_handeye_calib/install/ros2_socketcan/bin'
[1.540s] Level 1:colcon.colcon_core.environment:checking '/home/w/work/moveit2_handeye_calib/install/ros2_socketcan/lib/pkgconfig/ros2_socketcan.pc'
[1.540s] Level 1:colcon.colcon_core.environment:checking '/home/w/work/moveit2_handeye_calib/install/ros2_socketcan/lib/python3.10/site-packages'
[1.540s] Level 1:colcon.colcon_core.environment:checking '/home/w/work/moveit2_handeye_calib/install/ros2_socketcan/bin'
[1.540s] INFO:colcon.colcon_core.shell:Creating package script '/home/w/work/moveit2_handeye_calib/install/ros2_socketcan/share/ros2_socketcan/package.ps1'
[1.541s] INFO:colcon.colcon_core.shell:Creating package descriptor '/home/w/work/moveit2_handeye_calib/install/ros2_socketcan/share/ros2_socketcan/package.dsv'
[1.541s] INFO:colcon.colcon_core.shell:Creating package script '/home/w/work/moveit2_handeye_calib/install/ros2_socketcan/share/ros2_socketcan/package.sh'
[1.541s] INFO:colcon.colcon_core.shell:Creating package script '/home/w/work/moveit2_handeye_calib/install/ros2_socketcan/share/ros2_socketcan/package.bash'
[1.542s] INFO:colcon.colcon_core.shell:Creating package script '/home/w/work/moveit2_handeye_calib/install/ros2_socketcan/share/ros2_socketcan/package.zsh'
[1.542s] Level 1:colcon.colcon_core.environment:create_file_with_runtime_dependencies(/home/w/work/moveit2_handeye_calib/install/ros2_socketcan/share/colcon-core/packages/ros2_socketcan)
[1.543s] Level 1:colcon.colcon_core.environment:create_environment_scripts_only(ros2_socketcan)
[1.543s] Level 1:colcon.colcon_core.environment:checking '/home/w/work/moveit2_handeye_calib/install/ros2_socketcan' for CMake module files
[1.544s] Level 1:colcon.colcon_core.environment:checking '/home/w/work/moveit2_handeye_calib/install/ros2_socketcan' for CMake config files
[1.544s] Level 1:colcon.colcon_core.shell:create_environment_hook('ros2_socketcan', 'cmake_prefix_path')
[1.544s] INFO:colcon.colcon_core.shell:Creating environment hook '/home/w/work/moveit2_handeye_calib/install/ros2_socketcan/share/ros2_socketcan/hook/cmake_prefix_path.ps1'
[1.544s] INFO:colcon.colcon_core.shell:Creating environment descriptor '/home/w/work/moveit2_handeye_calib/install/ros2_socketcan/share/ros2_socketcan/hook/cmake_prefix_path.dsv'
[1.545s] INFO:colcon.colcon_core.shell:Creating environment hook '/home/w/work/moveit2_handeye_calib/install/ros2_socketcan/share/ros2_socketcan/hook/cmake_prefix_path.sh'
[1.545s] Level 1:colcon.colcon_core.environment:checking '/home/w/work/moveit2_handeye_calib/install/ros2_socketcan/lib'
[1.545s] Level 1:colcon.colcon_core.shell:create_environment_hook('ros2_socketcan', 'ld_library_path_lib')
[1.545s] INFO:colcon.colcon_core.shell:Creating environment hook '/home/w/work/moveit2_handeye_calib/install/ros2_socketcan/share/ros2_socketcan/hook/ld_library_path_lib.ps1'
[1.546s] INFO:colcon.colcon_core.shell:Creating environment descriptor '/home/w/work/moveit2_handeye_calib/install/ros2_socketcan/share/ros2_socketcan/hook/ld_library_path_lib.dsv'
[1.546s] INFO:colcon.colcon_core.shell:Creating environment hook '/home/w/work/moveit2_handeye_calib/install/ros2_socketcan/share/ros2_socketcan/hook/ld_library_path_lib.sh'
[1.546s] Level 1:colcon.colcon_core.environment:checking '/home/w/work/moveit2_handeye_calib/install/ros2_socketcan/bin'
[1.546s] Level 1:colcon.colcon_core.environment:checking '/home/w/work/moveit2_handeye_calib/install/ros2_socketcan/lib/pkgconfig/ros2_socketcan.pc'
[1.546s] Level 1:colcon.colcon_core.environment:checking '/home/w/work/moveit2_handeye_calib/install/ros2_socketcan/lib/python3.10/site-packages'
[1.547s] Level 1:colcon.colcon_core.environment:checking '/home/w/work/moveit2_handeye_calib/install/ros2_socketcan/bin'
[1.547s] INFO:colcon.colcon_core.shell:Creating package script '/home/w/work/moveit2_handeye_calib/install/ros2_socketcan/share/ros2_socketcan/package.ps1'
[1.547s] INFO:colcon.colcon_core.shell:Creating package descriptor '/home/w/work/moveit2_handeye_calib/install/ros2_socketcan/share/ros2_socketcan/package.dsv'
[1.548s] INFO:colcon.colcon_core.shell:Creating package script '/home/w/work/moveit2_handeye_calib/install/ros2_socketcan/share/ros2_socketcan/package.sh'
[1.548s] INFO:colcon.colcon_core.shell:Creating package script '/home/w/work/moveit2_handeye_calib/install/ros2_socketcan/share/ros2_socketcan/package.bash'
[1.548s] INFO:colcon.colcon_core.shell:Creating package script '/home/w/work/moveit2_handeye_calib/install/ros2_socketcan/share/ros2_socketcan/package.zsh'
[1.548s] Level 1:colcon.colcon_core.environment:create_file_with_runtime_dependencies(/home/w/work/moveit2_handeye_calib/install/ros2_socketcan/share/colcon-core/packages/ros2_socketcan)
[1.549s] Level 1:colcon.colcon_core.environment:create_environment_scripts_only(robot_sdk)
[1.549s] Level 1:colcon.colcon_core.environment:checking '/home/w/work/moveit2_handeye_calib/install/robot_sdk' for CMake module files
[1.550s] DEBUG:colcon.colcon_core.event_handler.log_command:Invoked command in '/home/w/work/moveit2_handeye_calib/build/robot_sdk' returned '0': CMAKE_PREFIX_PATH=/home/w/work/moveit2_handeye_calib/install/robot_interfaces:/home/w/work/moveit2_handeye_calib/install/robot_driver:/home/w/work/moveit2_handeye_calib/install/ros2_socketcan:/home/w/work/moveit2_handeye_calib/install/ros2_socketcan_msgs:/home/w/work/moveit2_handeye_calib/install/robot_virtual_fence:/home/w/work/moveit2_handeye_calib/install/robot_state_machine:/home/w/work/moveit2_handeye_calib/install/robot_sdk:/home/w/work/moveit2_handeye_calib/install/robot_control:/home/w/work/moveit2_handeye_calib/install/motor_control_logger:/home/w/work/moveit2_handeye_calib/install/arm620_dh_config:/home/w/work/moveit2_handeye_calib/install/arm620_config:/home/w/work/moveit2_handeye_calib/install/arm380_config:/home/w/work/moveit2_handeye_calib/install/robot_description:/home/w/work/moveit2_handeye_calib/install/robot_bringup:/home/w/work/moveit2_handeye_calib/install/moveit_calibration_demos:/home/w/work/moveit2_handeye_calib/install/moveit_calibration_gui:/home/w/work/moveit2_handeye_calib/install/moveit_calibration_plugins:/home/w/work/trac_ik_ws/install/trac_ik:/home/w/work/trac_ik_ws/install/trac_ik_examples:/home/w/work/trac_ik_ws/install/trac_ik_lib:/home/w/work/moveit2_handeye_calib/install/traj_smoother_py:/home/w/work/moveit2_handeye_calib/install/robot_test_py:/home/w/work/moveit2_handeye_calib/install/robot_input:/home/w/work/moveit2_handeye_calib/install/robot_dynamics:/opt/ros/humble LD_LIBRARY_PATH=/home/w/work/moveit2_handeye_calib/install/robot_interfaces/lib:/home/w/work/moveit2_handeye_calib/install/robot_driver/lib:/home/w/work/moveit2_handeye_calib/install/ros2_socketcan/lib:/home/w/work/moveit2_handeye_calib/install/ros2_socketcan_msgs/lib:/home/w/work/moveit2_handeye_calib/install/moveit_calibration_gui/lib:/home/w/work/moveit2_handeye_calib/install/moveit_calibration_plugins/lib:/home/w/work/trac_ik_ws/install/trac_ik_lib/lib:/opt/ros/humble/opt/rviz_ogre_vendor/lib:/opt/ros/humble/lib/x86_64-linux-gnu:/opt/ros/humble/lib /usr/bin/cmake --install /home/w/work/moveit2_handeye_calib/build/robot_sdk
[1.550s] Level 1:colcon.colcon_core.environment:checking '/home/w/work/moveit2_handeye_calib/install/robot_sdk' for CMake config files
[1.550s] Level 1:colcon.colcon_core.shell:create_environment_hook('robot_sdk', 'cmake_prefix_path')
[1.550s] INFO:colcon.colcon_core.shell:Creating environment hook '/home/w/work/moveit2_handeye_calib/install/robot_sdk/share/robot_sdk/hook/cmake_prefix_path.ps1'
[1.550s] INFO:colcon.colcon_core.shell:Creating environment descriptor '/home/w/work/moveit2_handeye_calib/install/robot_sdk/share/robot_sdk/hook/cmake_prefix_path.dsv'
[1.550s] INFO:colcon.colcon_core.shell:Creating environment hook '/home/w/work/moveit2_handeye_calib/install/robot_sdk/share/robot_sdk/hook/cmake_prefix_path.sh'
[1.551s] Level 1:colcon.colcon_core.environment:checking '/home/w/work/moveit2_handeye_calib/install/robot_sdk/lib'
[1.551s] Level 1:colcon.colcon_core.environment:checking '/home/w/work/moveit2_handeye_calib/install/robot_sdk/bin'
[1.551s] Level 1:colcon.colcon_core.environment:checking '/home/w/work/moveit2_handeye_calib/install/robot_sdk/lib/pkgconfig/robot_sdk.pc'
[1.551s] Level 1:colcon.colcon_core.environment:checking '/home/w/work/moveit2_handeye_calib/install/robot_sdk/lib/python3.10/site-packages'
[1.551s] Level 1:colcon.colcon_core.environment:checking '/home/w/work/moveit2_handeye_calib/install/robot_sdk/bin'
[1.551s] INFO:colcon.colcon_core.shell:Creating package script '/home/w/work/moveit2_handeye_calib/install/robot_sdk/share/robot_sdk/package.ps1'
[1.552s] INFO:colcon.colcon_core.shell:Creating package descriptor '/home/w/work/moveit2_handeye_calib/install/robot_sdk/share/robot_sdk/package.dsv'
[1.552s] INFO:colcon.colcon_core.shell:Creating package script '/home/w/work/moveit2_handeye_calib/install/robot_sdk/share/robot_sdk/package.sh'
[1.552s] INFO:colcon.colcon_core.shell:Creating package script '/home/w/work/moveit2_handeye_calib/install/robot_sdk/share/robot_sdk/package.bash'
[1.552s] INFO:colcon.colcon_core.shell:Creating package script '/home/w/work/moveit2_handeye_calib/install/robot_sdk/share/robot_sdk/package.zsh'
[1.552s] Level 1:colcon.colcon_core.environment:create_file_with_runtime_dependencies(/home/w/work/moveit2_handeye_calib/install/robot_sdk/share/colcon-core/packages/robot_sdk)
[1.553s] Level 1:colcon.colcon_core.environment:create_environment_scripts_only(robot_sdk)
[1.553s] Level 1:colcon.colcon_core.environment:checking '/home/w/work/moveit2_handeye_calib/install/robot_sdk' for CMake module files
[1.553s] Level 1:colcon.colcon_core.environment:checking '/home/w/work/moveit2_handeye_calib/install/robot_sdk' for CMake config files
[1.553s] Level 1:colcon.colcon_core.shell:create_environment_hook('robot_sdk', 'cmake_prefix_path')
[1.553s] INFO:colcon.colcon_core.shell:Creating environment hook '/home/w/work/moveit2_handeye_calib/install/robot_sdk/share/robot_sdk/hook/cmake_prefix_path.ps1'
[1.553s] INFO:colcon.colcon_core.shell:Creating environment descriptor '/home/w/work/moveit2_handeye_calib/install/robot_sdk/share/robot_sdk/hook/cmake_prefix_path.dsv'
[1.554s] INFO:colcon.colcon_core.shell:Creating environment hook '/home/w/work/moveit2_handeye_calib/install/robot_sdk/share/robot_sdk/hook/cmake_prefix_path.sh'
[1.554s] Level 1:colcon.colcon_core.environment:checking '/home/w/work/moveit2_handeye_calib/install/robot_sdk/lib'
[1.554s] Level 1:colcon.colcon_core.environment:checking '/home/w/work/moveit2_handeye_calib/install/robot_sdk/bin'
[1.554s] Level 1:colcon.colcon_core.environment:checking '/home/w/work/moveit2_handeye_calib/install/robot_sdk/lib/pkgconfig/robot_sdk.pc'
[1.554s] Level 1:colcon.colcon_core.environment:checking '/home/w/work/moveit2_handeye_calib/install/robot_sdk/lib/python3.10/site-packages'
[1.554s] Level 1:colcon.colcon_core.environment:checking '/home/w/work/moveit2_handeye_calib/install/robot_sdk/bin'
[1.555s] INFO:colcon.colcon_core.shell:Creating package script '/home/w/work/moveit2_handeye_calib/install/robot_sdk/share/robot_sdk/package.ps1'
[1.555s] INFO:colcon.colcon_core.shell:Creating package descriptor '/home/w/work/moveit2_handeye_calib/install/robot_sdk/share/robot_sdk/package.dsv'
[1.555s] INFO:colcon.colcon_core.shell:Creating package script '/home/w/work/moveit2_handeye_calib/install/robot_sdk/share/robot_sdk/package.sh'
[1.555s] INFO:colcon.colcon_core.shell:Creating package script '/home/w/work/moveit2_handeye_calib/install/robot_sdk/share/robot_sdk/package.bash'
[1.555s] INFO:colcon.colcon_core.shell:Creating package script '/home/w/work/moveit2_handeye_calib/install/robot_sdk/share/robot_sdk/package.zsh'
[1.556s] Level 1:colcon.colcon_core.environment:create_file_with_runtime_dependencies(/home/w/work/moveit2_handeye_calib/install/robot_sdk/share/colcon-core/packages/robot_sdk)
[1.556s] INFO:colcon.colcon_ros.task.ament_cmake.build:Building ROS package in '/home/w/work/moveit2_handeye_calib/TG620/robot_driver' with build type 'ament_cmake'
[1.556s] INFO:colcon.colcon_cmake.task.cmake.build:Building CMake package in '/home/w/work/moveit2_handeye_calib/TG620/robot_driver'
[1.556s] INFO:colcon.colcon_core.shell:Skip shell extension 'powershell' for command environment: Not usable outside of PowerShell
[1.556s] DEBUG:colcon.colcon_core.shell:Skip shell extension 'dsv' for command environment
[1.559s] INFO:colcon.colcon_ros.task.ament_cmake.build:Building ROS package in '/home/w/work/moveit2_handeye_calib/moveit2_calibration/moveit_calibration_demos' with build type 'ament_cmake'
[1.559s] INFO:colcon.colcon_cmake.task.cmake.build:Building CMake package in '/home/w/work/moveit2_handeye_calib/moveit2_calibration/moveit_calibration_demos'
[1.559s] INFO:colcon.colcon_core.shell:Skip shell extension 'powershell' for command environment: Not usable outside of PowerShell
[1.559s] DEBUG:colcon.colcon_core.shell:Skip shell extension 'dsv' for command environment
[1.569s] DEBUG:colcon.colcon_core.event_handler.log_command:Invoking command in '/home/w/work/moveit2_handeye_calib/build/robot_driver': CMAKE_PREFIX_PATH=/home/w/work/moveit2_handeye_calib/install/ros2_socketcan:/home/w/work/moveit2_handeye_calib/install/ros2_socketcan_msgs:/home/w/work/moveit2_handeye_calib/install/robot_interfaces:/home/w/work/moveit2_handeye_calib/install/robot_driver:/home/w/work/moveit2_handeye_calib/install/robot_virtual_fence:/home/w/work/moveit2_handeye_calib/install/robot_state_machine:/home/w/work/moveit2_handeye_calib/install/robot_sdk:/home/w/work/moveit2_handeye_calib/install/robot_control:/home/w/work/moveit2_handeye_calib/install/motor_control_logger:/home/w/work/moveit2_handeye_calib/install/arm620_dh_config:/home/w/work/moveit2_handeye_calib/install/arm620_config:/home/w/work/moveit2_handeye_calib/install/arm380_config:/home/w/work/moveit2_handeye_calib/install/robot_description:/home/w/work/moveit2_handeye_calib/install/robot_bringup:/home/w/work/moveit2_handeye_calib/install/moveit_calibration_demos:/home/w/work/moveit2_handeye_calib/install/moveit_calibration_gui:/home/w/work/moveit2_handeye_calib/install/moveit_calibration_plugins:/home/w/work/trac_ik_ws/install/trac_ik:/home/w/work/trac_ik_ws/install/trac_ik_examples:/home/w/work/trac_ik_ws/install/trac_ik_lib:/home/w/work/moveit2_handeye_calib/install/traj_smoother_py:/home/w/work/moveit2_handeye_calib/install/robot_test_py:/home/w/work/moveit2_handeye_calib/install/robot_input:/home/w/work/moveit2_handeye_calib/install/robot_dynamics:/opt/ros/humble LD_LIBRARY_PATH=/home/w/work/moveit2_handeye_calib/install/ros2_socketcan/lib:/home/w/work/moveit2_handeye_calib/install/ros2_socketcan_msgs/lib:/home/w/work/moveit2_handeye_calib/install/robot_interfaces/lib:/home/w/work/moveit2_handeye_calib/install/robot_driver/lib:/home/w/work/moveit2_handeye_calib/install/moveit_calibration_gui/lib:/home/w/work/moveit2_handeye_calib/install/moveit_calibration_plugins/lib:/home/w/work/trac_ik_ws/install/trac_ik_lib/lib:/opt/ros/humble/opt/rviz_ogre_vendor/lib:/opt/ros/humble/lib/x86_64-linux-gnu:/opt/ros/humble/lib /usr/bin/cmake --build /home/w/work/moveit2_handeye_calib/build/robot_driver -- -j28 -l28
[1.570s] DEBUG:colcon.colcon_core.event_handler.log_command:Invoking command in '/home/w/work/moveit2_handeye_calib/build/moveit_calibration_demos': CMAKE_PREFIX_PATH=/home/w/work/moveit2_handeye_calib/install/moveit_calibration_gui:/home/w/work/moveit2_handeye_calib/install/moveit_calibration_plugins:/home/w/work/moveit2_handeye_calib/install/robot_driver:/home/w/work/moveit2_handeye_calib/install/ros2_socketcan:/home/w/work/moveit2_handeye_calib/install/ros2_socketcan_msgs:/home/w/work/moveit2_handeye_calib/install/robot_virtual_fence:/home/w/work/moveit2_handeye_calib/install/robot_state_machine:/home/w/work/moveit2_handeye_calib/install/robot_sdk:/home/w/work/moveit2_handeye_calib/install/robot_control:/home/w/work/moveit2_handeye_calib/install/motor_control_logger:/home/w/work/moveit2_handeye_calib/install/robot_interfaces:/home/w/work/moveit2_handeye_calib/install/arm620_dh_config:/home/w/work/moveit2_handeye_calib/install/arm620_config:/home/w/work/moveit2_handeye_calib/install/arm380_config:/home/w/work/moveit2_handeye_calib/install/robot_description:/home/w/work/moveit2_handeye_calib/install/robot_bringup:/home/w/work/moveit2_handeye_calib/install/moveit_calibration_demos:/home/w/work/trac_ik_ws/install/trac_ik:/home/w/work/trac_ik_ws/install/trac_ik_examples:/home/w/work/trac_ik_ws/install/trac_ik_lib:/home/w/work/moveit2_handeye_calib/install/traj_smoother_py:/home/w/work/moveit2_handeye_calib/install/robot_test_py:/home/w/work/moveit2_handeye_calib/install/robot_input:/home/w/work/moveit2_handeye_calib/install/robot_dynamics:/opt/ros/humble LD_LIBRARY_PATH=/home/w/work/moveit2_handeye_calib/install/moveit_calibration_gui/lib:/home/w/work/moveit2_handeye_calib/install/moveit_calibration_plugins/lib:/home/w/work/moveit2_handeye_calib/install/robot_driver/lib:/home/w/work/moveit2_handeye_calib/install/ros2_socketcan/lib:/home/w/work/moveit2_handeye_calib/install/ros2_socketcan_msgs/lib:/home/w/work/moveit2_handeye_calib/install/robot_interfaces/lib:/home/w/work/trac_ik_ws/install/trac_ik_lib/lib:/opt/ros/humble/opt/rviz_ogre_vendor/lib:/opt/ros/humble/lib/x86_64-linux-gnu:/opt/ros/humble/lib /usr/bin/cmake --build /home/w/work/moveit2_handeye_calib/build/moveit_calibration_demos -- -j28 -l28
[1.606s] DEBUG:colcon.colcon_core.event_handler.log_command:Invoked command in '/home/w/work/moveit2_handeye_calib/build/moveit_calibration_demos' returned '0': CMAKE_PREFIX_PATH=/home/w/work/moveit2_handeye_calib/install/moveit_calibration_gui:/home/w/work/moveit2_handeye_calib/install/moveit_calibration_plugins:/home/w/work/moveit2_handeye_calib/install/robot_driver:/home/w/work/moveit2_handeye_calib/install/ros2_socketcan:/home/w/work/moveit2_handeye_calib/install/ros2_socketcan_msgs:/home/w/work/moveit2_handeye_calib/install/robot_virtual_fence:/home/w/work/moveit2_handeye_calib/install/robot_state_machine:/home/w/work/moveit2_handeye_calib/install/robot_sdk:/home/w/work/moveit2_handeye_calib/install/robot_control:/home/w/work/moveit2_handeye_calib/install/motor_control_logger:/home/w/work/moveit2_handeye_calib/install/robot_interfaces:/home/w/work/moveit2_handeye_calib/install/arm620_dh_config:/home/w/work/moveit2_handeye_calib/install/arm620_config:/home/w/work/moveit2_handeye_calib/install/arm380_config:/home/w/work/moveit2_handeye_calib/install/robot_description:/home/w/work/moveit2_handeye_calib/install/robot_bringup:/home/w/work/moveit2_handeye_calib/install/moveit_calibration_demos:/home/w/work/trac_ik_ws/install/trac_ik:/home/w/work/trac_ik_ws/install/trac_ik_examples:/home/w/work/trac_ik_ws/install/trac_ik_lib:/home/w/work/moveit2_handeye_calib/install/traj_smoother_py:/home/w/work/moveit2_handeye_calib/install/robot_test_py:/home/w/work/moveit2_handeye_calib/install/robot_input:/home/w/work/moveit2_handeye_calib/install/robot_dynamics:/opt/ros/humble LD_LIBRARY_PATH=/home/w/work/moveit2_handeye_calib/install/moveit_calibration_gui/lib:/home/w/work/moveit2_handeye_calib/install/moveit_calibration_plugins/lib:/home/w/work/moveit2_handeye_calib/install/robot_driver/lib:/home/w/work/moveit2_handeye_calib/install/ros2_socketcan/lib:/home/w/work/moveit2_handeye_calib/install/ros2_socketcan_msgs/lib:/home/w/work/moveit2_handeye_calib/install/robot_interfaces/lib:/home/w/work/trac_ik_ws/install/trac_ik_lib/lib:/opt/ros/humble/opt/rviz_ogre_vendor/lib:/opt/ros/humble/lib/x86_64-linux-gnu:/opt/ros/humble/lib /usr/bin/cmake --build /home/w/work/moveit2_handeye_calib/build/moveit_calibration_demos -- -j28 -l28
[1.607s] DEBUG:colcon.colcon_core.event_handler.log_command:Invoking command in '/home/w/work/moveit2_handeye_calib/build/moveit_calibration_demos': CMAKE_PREFIX_PATH=/home/w/work/moveit2_handeye_calib/install/moveit_calibration_gui:/home/w/work/moveit2_handeye_calib/install/moveit_calibration_plugins:/home/w/work/moveit2_handeye_calib/install/robot_driver:/home/w/work/moveit2_handeye_calib/install/ros2_socketcan:/home/w/work/moveit2_handeye_calib/install/ros2_socketcan_msgs:/home/w/work/moveit2_handeye_calib/install/robot_virtual_fence:/home/w/work/moveit2_handeye_calib/install/robot_state_machine:/home/w/work/moveit2_handeye_calib/install/robot_sdk:/home/w/work/moveit2_handeye_calib/install/robot_control:/home/w/work/moveit2_handeye_calib/install/motor_control_logger:/home/w/work/moveit2_handeye_calib/install/robot_interfaces:/home/w/work/moveit2_handeye_calib/install/arm620_dh_config:/home/w/work/moveit2_handeye_calib/install/arm620_config:/home/w/work/moveit2_handeye_calib/install/arm380_config:/home/w/work/moveit2_handeye_calib/install/robot_description:/home/w/work/moveit2_handeye_calib/install/robot_bringup:/home/w/work/moveit2_handeye_calib/install/moveit_calibration_demos:/home/w/work/trac_ik_ws/install/trac_ik:/home/w/work/trac_ik_ws/install/trac_ik_examples:/home/w/work/trac_ik_ws/install/trac_ik_lib:/home/w/work/moveit2_handeye_calib/install/traj_smoother_py:/home/w/work/moveit2_handeye_calib/install/robot_test_py:/home/w/work/moveit2_handeye_calib/install/robot_input:/home/w/work/moveit2_handeye_calib/install/robot_dynamics:/opt/ros/humble LD_LIBRARY_PATH=/home/w/work/moveit2_handeye_calib/install/moveit_calibration_gui/lib:/home/w/work/moveit2_handeye_calib/install/moveit_calibration_plugins/lib:/home/w/work/moveit2_handeye_calib/install/robot_driver/lib:/home/w/work/moveit2_handeye_calib/install/ros2_socketcan/lib:/home/w/work/moveit2_handeye_calib/install/ros2_socketcan_msgs/lib:/home/w/work/moveit2_handeye_calib/install/robot_interfaces/lib:/home/w/work/trac_ik_ws/install/trac_ik_lib/lib:/opt/ros/humble/opt/rviz_ogre_vendor/lib:/opt/ros/humble/lib/x86_64-linux-gnu:/opt/ros/humble/lib /usr/bin/cmake --install /home/w/work/moveit2_handeye_calib/build/moveit_calibration_demos
[1.619s] Level 1:colcon.colcon_core.environment:create_environment_scripts_only(moveit_calibration_demos)
[1.620s] Level 1:colcon.colcon_core.environment:checking '/home/w/work/moveit2_handeye_calib/install/moveit_calibration_demos' for CMake module files
[1.620s] DEBUG:colcon.colcon_core.event_handler.log_command:Invoked command in '/home/w/work/moveit2_handeye_calib/build/moveit_calibration_demos' returned '0': CMAKE_PREFIX_PATH=/home/w/work/moveit2_handeye_calib/install/moveit_calibration_gui:/home/w/work/moveit2_handeye_calib/install/moveit_calibration_plugins:/home/w/work/moveit2_handeye_calib/install/robot_driver:/home/w/work/moveit2_handeye_calib/install/ros2_socketcan:/home/w/work/moveit2_handeye_calib/install/ros2_socketcan_msgs:/home/w/work/moveit2_handeye_calib/install/robot_virtual_fence:/home/w/work/moveit2_handeye_calib/install/robot_state_machine:/home/w/work/moveit2_handeye_calib/install/robot_sdk:/home/w/work/moveit2_handeye_calib/install/robot_control:/home/w/work/moveit2_handeye_calib/install/motor_control_logger:/home/w/work/moveit2_handeye_calib/install/robot_interfaces:/home/w/work/moveit2_handeye_calib/install/arm620_dh_config:/home/w/work/moveit2_handeye_calib/install/arm620_config:/home/w/work/moveit2_handeye_calib/install/arm380_config:/home/w/work/moveit2_handeye_calib/install/robot_description:/home/w/work/moveit2_handeye_calib/install/robot_bringup:/home/w/work/moveit2_handeye_calib/install/moveit_calibration_demos:/home/w/work/trac_ik_ws/install/trac_ik:/home/w/work/trac_ik_ws/install/trac_ik_examples:/home/w/work/trac_ik_ws/install/trac_ik_lib:/home/w/work/moveit2_handeye_calib/install/traj_smoother_py:/home/w/work/moveit2_handeye_calib/install/robot_test_py:/home/w/work/moveit2_handeye_calib/install/robot_input:/home/w/work/moveit2_handeye_calib/install/robot_dynamics:/opt/ros/humble LD_LIBRARY_PATH=/home/w/work/moveit2_handeye_calib/install/moveit_calibration_gui/lib:/home/w/work/moveit2_handeye_calib/install/moveit_calibration_plugins/lib:/home/w/work/moveit2_handeye_calib/install/robot_driver/lib:/home/w/work/moveit2_handeye_calib/install/ros2_socketcan/lib:/home/w/work/moveit2_handeye_calib/install/ros2_socketcan_msgs/lib:/home/w/work/moveit2_handeye_calib/install/robot_interfaces/lib:/home/w/work/trac_ik_ws/install/trac_ik_lib/lib:/opt/ros/humble/opt/rviz_ogre_vendor/lib:/opt/ros/humble/lib/x86_64-linux-gnu:/opt/ros/humble/lib /usr/bin/cmake --install /home/w/work/moveit2_handeye_calib/build/moveit_calibration_demos
[1.620s] Level 1:colcon.colcon_core.environment:checking '/home/w/work/moveit2_handeye_calib/install/moveit_calibration_demos' for CMake config files
[1.621s] Level 1:colcon.colcon_core.shell:create_environment_hook('moveit_calibration_demos', 'cmake_prefix_path')
[1.621s] INFO:colcon.colcon_core.shell:Creating environment hook '/home/w/work/moveit2_handeye_calib/install/moveit_calibration_demos/share/moveit_calibration_demos/hook/cmake_prefix_path.ps1'
[1.621s] INFO:colcon.colcon_core.shell:Creating environment descriptor '/home/w/work/moveit2_handeye_calib/install/moveit_calibration_demos/share/moveit_calibration_demos/hook/cmake_prefix_path.dsv'
[1.622s] INFO:colcon.colcon_core.shell:Creating environment hook '/home/w/work/moveit2_handeye_calib/install/moveit_calibration_demos/share/moveit_calibration_demos/hook/cmake_prefix_path.sh'
[1.623s] Level 1:colcon.colcon_core.environment:checking '/home/w/work/moveit2_handeye_calib/install/moveit_calibration_demos/bin'
[1.623s] Level 1:colcon.colcon_core.environment:checking '/home/w/work/moveit2_handeye_calib/install/moveit_calibration_demos/lib/pkgconfig/moveit_calibration_demos.pc'
[1.623s] Level 1:colcon.colcon_core.environment:checking '/home/w/work/moveit2_handeye_calib/install/moveit_calibration_demos/lib/python3.10/site-packages'
[1.623s] Level 1:colcon.colcon_core.environment:checking '/home/w/work/moveit2_handeye_calib/install/moveit_calibration_demos/bin'
[1.623s] INFO:colcon.colcon_core.shell:Creating package script '/home/w/work/moveit2_handeye_calib/install/moveit_calibration_demos/share/moveit_calibration_demos/package.ps1'
[1.624s] INFO:colcon.colcon_core.shell:Creating package descriptor '/home/w/work/moveit2_handeye_calib/install/moveit_calibration_demos/share/moveit_calibration_demos/package.dsv'
[1.625s] INFO:colcon.colcon_core.shell:Creating package script '/home/w/work/moveit2_handeye_calib/install/moveit_calibration_demos/share/moveit_calibration_demos/package.sh'
[1.625s] INFO:colcon.colcon_core.shell:Creating package script '/home/w/work/moveit2_handeye_calib/install/moveit_calibration_demos/share/moveit_calibration_demos/package.bash'
[1.626s] INFO:colcon.colcon_core.shell:Creating package script '/home/w/work/moveit2_handeye_calib/install/moveit_calibration_demos/share/moveit_calibration_demos/package.zsh'
[1.626s] Level 1:colcon.colcon_core.environment:create_file_with_runtime_dependencies(/home/w/work/moveit2_handeye_calib/install/moveit_calibration_demos/share/colcon-core/packages/moveit_calibration_demos)
[1.627s] Level 1:colcon.colcon_core.environment:create_environment_scripts_only(moveit_calibration_demos)
[1.627s] Level 1:colcon.colcon_core.environment:checking '/home/w/work/moveit2_handeye_calib/install/moveit_calibration_demos' for CMake module files
[1.628s] Level 1:colcon.colcon_core.environment:checking '/home/w/work/moveit2_handeye_calib/install/moveit_calibration_demos' for CMake config files
[1.628s] Level 1:colcon.colcon_core.shell:create_environment_hook('moveit_calibration_demos', 'cmake_prefix_path')
[1.628s] INFO:colcon.colcon_core.shell:Creating environment hook '/home/w/work/moveit2_handeye_calib/install/moveit_calibration_demos/share/moveit_calibration_demos/hook/cmake_prefix_path.ps1'
[1.628s] INFO:colcon.colcon_core.shell:Creating environment descriptor '/home/w/work/moveit2_handeye_calib/install/moveit_calibration_demos/share/moveit_calibration_demos/hook/cmake_prefix_path.dsv'
[1.629s] INFO:colcon.colcon_core.shell:Creating environment hook '/home/w/work/moveit2_handeye_calib/install/moveit_calibration_demos/share/moveit_calibration_demos/hook/cmake_prefix_path.sh'
[1.629s] Level 1:colcon.colcon_core.environment:checking '/home/w/work/moveit2_handeye_calib/install/moveit_calibration_demos/bin'
[1.629s] Level 1:colcon.colcon_core.environment:checking '/home/w/work/moveit2_handeye_calib/install/moveit_calibration_demos/lib/pkgconfig/moveit_calibration_demos.pc'
[1.629s] Level 1:colcon.colcon_core.environment:checking '/home/w/work/moveit2_handeye_calib/install/moveit_calibration_demos/lib/python3.10/site-packages'
[1.629s] Level 1:colcon.colcon_core.environment:checking '/home/w/work/moveit2_handeye_calib/install/moveit_calibration_demos/bin'
[1.630s] INFO:colcon.colcon_core.shell:Creating package script '/home/w/work/moveit2_handeye_calib/install/moveit_calibration_demos/share/moveit_calibration_demos/package.ps1'
[1.630s] INFO:colcon.colcon_core.shell:Creating package descriptor '/home/w/work/moveit2_handeye_calib/install/moveit_calibration_demos/share/moveit_calibration_demos/package.dsv'
[1.630s] INFO:colcon.colcon_core.shell:Creating package script '/home/w/work/moveit2_handeye_calib/install/moveit_calibration_demos/share/moveit_calibration_demos/package.sh'
[1.630s] INFO:colcon.colcon_core.shell:Creating package script '/home/w/work/moveit2_handeye_calib/install/moveit_calibration_demos/share/moveit_calibration_demos/package.bash'
[1.631s] INFO:colcon.colcon_core.shell:Creating package script '/home/w/work/moveit2_handeye_calib/install/moveit_calibration_demos/share/moveit_calibration_demos/package.zsh'
[1.631s] Level 1:colcon.colcon_core.environment:create_file_with_runtime_dependencies(/home/w/work/moveit2_handeye_calib/install/moveit_calibration_demos/share/colcon-core/packages/moveit_calibration_demos)
[1.667s] Level 1:colcon.colcon_core.environment:checking '/home/w/work/moveit2_handeye_calib/install/robot_dynamics' for CMake module files
[1.668s] DEBUG:colcon.colcon_core.event_handler.log_command:Invoked command in '/home/w/work/moveit2_handeye_calib/TG620/robot_dynamics' returned '0': PYTHONPATH=/home/w/work/moveit2_handeye_calib/build/robot_dynamics/prefix_override:/usr/lib/python3/dist-packages/colcon_core/task/python/colcon_distutils_commands:/home/w/work/moveit2_handeye_calib/install/robot_dynamics/lib/python3.10/site-packages:${PYTHONPATH} /usr/bin/python3 -W ignore:setup.py install is deprecated -W ignore:easy_install command is deprecated setup.py egg_info --egg-base ../../build/robot_dynamics build --build-base /home/w/work/moveit2_handeye_calib/build/robot_dynamics/build install --record /home/w/work/moveit2_handeye_calib/build/robot_dynamics/install.log --single-version-externally-managed install_data
[1.668s] Level 1:colcon.colcon_core.environment:checking '/home/w/work/moveit2_handeye_calib/install/robot_dynamics' for CMake config files
[1.669s] Level 1:colcon.colcon_core.environment:checking '/home/w/work/moveit2_handeye_calib/install/robot_dynamics/lib'
[1.669s] Level 1:colcon.colcon_core.environment:checking '/home/w/work/moveit2_handeye_calib/install/robot_dynamics/bin'
[1.669s] Level 1:colcon.colcon_core.environment:checking '/home/w/work/moveit2_handeye_calib/install/robot_dynamics/lib/pkgconfig/robot_dynamics.pc'
[1.669s] Level 1:colcon.colcon_core.environment:checking '/home/w/work/moveit2_handeye_calib/install/robot_dynamics/lib/python3.10/site-packages'
[1.669s] Level 1:colcon.colcon_core.shell:create_environment_hook('robot_dynamics', 'pythonpath')
[1.670s] INFO:colcon.colcon_core.shell:Creating environment hook '/home/w/work/moveit2_handeye_calib/install/robot_dynamics/share/robot_dynamics/hook/pythonpath.ps1'
[1.670s] INFO:colcon.colcon_core.shell:Creating environment descriptor '/home/w/work/moveit2_handeye_calib/install/robot_dynamics/share/robot_dynamics/hook/pythonpath.dsv'
[1.670s] INFO:colcon.colcon_core.shell:Creating environment hook '/home/w/work/moveit2_handeye_calib/install/robot_dynamics/share/robot_dynamics/hook/pythonpath.sh'
[1.671s] Level 1:colcon.colcon_core.environment:checking '/home/w/work/moveit2_handeye_calib/install/robot_dynamics/bin'
[1.671s] Level 1:colcon.colcon_core.environment:create_environment_scripts_only(robot_dynamics)
[1.672s] INFO:colcon.colcon_core.shell:Creating package script '/home/w/work/moveit2_handeye_calib/install/robot_dynamics/share/robot_dynamics/package.ps1'
[1.673s] INFO:colcon.colcon_core.shell:Creating package descriptor '/home/w/work/moveit2_handeye_calib/install/robot_dynamics/share/robot_dynamics/package.dsv'
[1.673s] INFO:colcon.colcon_core.shell:Creating package script '/home/w/work/moveit2_handeye_calib/install/robot_dynamics/share/robot_dynamics/package.sh'
[1.674s] INFO:colcon.colcon_core.shell:Creating package script '/home/w/work/moveit2_handeye_calib/install/robot_dynamics/share/robot_dynamics/package.bash'
[1.674s] INFO:colcon.colcon_core.shell:Creating package script '/home/w/work/moveit2_handeye_calib/install/robot_dynamics/share/robot_dynamics/package.zsh'
[1.675s] Level 1:colcon.colcon_core.environment:create_file_with_runtime_dependencies(/home/w/work/moveit2_handeye_calib/install/robot_dynamics/share/colcon-core/packages/robot_dynamics)
[1.677s] DEBUG:colcon.colcon_core.event_handler.log_command:Invoked command in '/home/w/work/moveit2_handeye_calib/build/robot_driver' returned '0': CMAKE_PREFIX_PATH=/home/w/work/moveit2_handeye_calib/install/ros2_socketcan:/home/w/work/moveit2_handeye_calib/install/ros2_socketcan_msgs:/home/w/work/moveit2_handeye_calib/install/robot_interfaces:/home/w/work/moveit2_handeye_calib/install/robot_driver:/home/w/work/moveit2_handeye_calib/install/robot_virtual_fence:/home/w/work/moveit2_handeye_calib/install/robot_state_machine:/home/w/work/moveit2_handeye_calib/install/robot_sdk:/home/w/work/moveit2_handeye_calib/install/robot_control:/home/w/work/moveit2_handeye_calib/install/motor_control_logger:/home/w/work/moveit2_handeye_calib/install/arm620_dh_config:/home/w/work/moveit2_handeye_calib/install/arm620_config:/home/w/work/moveit2_handeye_calib/install/arm380_config:/home/w/work/moveit2_handeye_calib/install/robot_description:/home/w/work/moveit2_handeye_calib/install/robot_bringup:/home/w/work/moveit2_handeye_calib/install/moveit_calibration_demos:/home/w/work/moveit2_handeye_calib/install/moveit_calibration_gui:/home/w/work/moveit2_handeye_calib/install/moveit_calibration_plugins:/home/w/work/trac_ik_ws/install/trac_ik:/home/w/work/trac_ik_ws/install/trac_ik_examples:/home/w/work/trac_ik_ws/install/trac_ik_lib:/home/w/work/moveit2_handeye_calib/install/traj_smoother_py:/home/w/work/moveit2_handeye_calib/install/robot_test_py:/home/w/work/moveit2_handeye_calib/install/robot_input:/home/w/work/moveit2_handeye_calib/install/robot_dynamics:/opt/ros/humble LD_LIBRARY_PATH=/home/w/work/moveit2_handeye_calib/install/ros2_socketcan/lib:/home/w/work/moveit2_handeye_calib/install/ros2_socketcan_msgs/lib:/home/w/work/moveit2_handeye_calib/install/robot_interfaces/lib:/home/w/work/moveit2_handeye_calib/install/robot_driver/lib:/home/w/work/moveit2_handeye_calib/install/moveit_calibration_gui/lib:/home/w/work/moveit2_handeye_calib/install/moveit_calibration_plugins/lib:/home/w/work/trac_ik_ws/install/trac_ik_lib/lib:/opt/ros/humble/opt/rviz_ogre_vendor/lib:/opt/ros/humble/lib/x86_64-linux-gnu:/opt/ros/humble/lib /usr/bin/cmake --build /home/w/work/moveit2_handeye_calib/build/robot_driver -- -j28 -l28
[1.678s] DEBUG:colcon.colcon_core.event_handler.log_command:Invoking command in '/home/w/work/moveit2_handeye_calib/build/robot_driver': CMAKE_PREFIX_PATH=/home/w/work/moveit2_handeye_calib/install/ros2_socketcan:/home/w/work/moveit2_handeye_calib/install/ros2_socketcan_msgs:/home/w/work/moveit2_handeye_calib/install/robot_interfaces:/home/w/work/moveit2_handeye_calib/install/robot_driver:/home/w/work/moveit2_handeye_calib/install/robot_virtual_fence:/home/w/work/moveit2_handeye_calib/install/robot_state_machine:/home/w/work/moveit2_handeye_calib/install/robot_sdk:/home/w/work/moveit2_handeye_calib/install/robot_control:/home/w/work/moveit2_handeye_calib/install/motor_control_logger:/home/w/work/moveit2_handeye_calib/install/arm620_dh_config:/home/w/work/moveit2_handeye_calib/install/arm620_config:/home/w/work/moveit2_handeye_calib/install/arm380_config:/home/w/work/moveit2_handeye_calib/install/robot_description:/home/w/work/moveit2_handeye_calib/install/robot_bringup:/home/w/work/moveit2_handeye_calib/install/moveit_calibration_demos:/home/w/work/moveit2_handeye_calib/install/moveit_calibration_gui:/home/w/work/moveit2_handeye_calib/install/moveit_calibration_plugins:/home/w/work/trac_ik_ws/install/trac_ik:/home/w/work/trac_ik_ws/install/trac_ik_examples:/home/w/work/trac_ik_ws/install/trac_ik_lib:/home/w/work/moveit2_handeye_calib/install/traj_smoother_py:/home/w/work/moveit2_handeye_calib/install/robot_test_py:/home/w/work/moveit2_handeye_calib/install/robot_input:/home/w/work/moveit2_handeye_calib/install/robot_dynamics:/opt/ros/humble LD_LIBRARY_PATH=/home/w/work/moveit2_handeye_calib/install/ros2_socketcan/lib:/home/w/work/moveit2_handeye_calib/install/ros2_socketcan_msgs/lib:/home/w/work/moveit2_handeye_calib/install/robot_interfaces/lib:/home/w/work/moveit2_handeye_calib/install/robot_driver/lib:/home/w/work/moveit2_handeye_calib/install/moveit_calibration_gui/lib:/home/w/work/moveit2_handeye_calib/install/moveit_calibration_plugins/lib:/home/w/work/trac_ik_ws/install/trac_ik_lib/lib:/opt/ros/humble/opt/rviz_ogre_vendor/lib:/opt/ros/humble/lib/x86_64-linux-gnu:/opt/ros/humble/lib /usr/bin/cmake --install /home/w/work/moveit2_handeye_calib/build/robot_driver
[1.679s] Level 1:colcon.colcon_core.environment:checking '/home/w/work/moveit2_handeye_calib/install/traj_smoother_py' for CMake module files
[1.679s] DEBUG:colcon.colcon_core.event_handler.log_command:Invoked command in '/home/w/work/moveit2_handeye_calib/TG620/traj_smoother_py' returned '0': PYTHONPATH=/home/w/work/moveit2_handeye_calib/build/traj_smoother_py/prefix_override:/usr/lib/python3/dist-packages/colcon_core/task/python/colcon_distutils_commands:/home/w/work/moveit2_handeye_calib/install/traj_smoother_py/lib/python3.10/site-packages:${PYTHONPATH} /usr/bin/python3 -W ignore:setup.py install is deprecated -W ignore:easy_install command is deprecated setup.py egg_info --egg-base ../../build/traj_smoother_py build --build-base /home/w/work/moveit2_handeye_calib/build/traj_smoother_py/build install --record /home/w/work/moveit2_handeye_calib/build/traj_smoother_py/install.log --single-version-externally-managed install_data
[1.679s] Level 1:colcon.colcon_core.environment:checking '/home/w/work/moveit2_handeye_calib/install/traj_smoother_py' for CMake config files
[1.680s] Level 1:colcon.colcon_core.environment:checking '/home/w/work/moveit2_handeye_calib/install/traj_smoother_py/lib'
[1.680s] Level 1:colcon.colcon_core.environment:checking '/home/w/work/moveit2_handeye_calib/install/traj_smoother_py/bin'
[1.680s] Level 1:colcon.colcon_core.environment:checking '/home/w/work/moveit2_handeye_calib/install/traj_smoother_py/lib/pkgconfig/traj_smoother_py.pc'
[1.680s] Level 1:colcon.colcon_core.environment:checking '/home/w/work/moveit2_handeye_calib/install/traj_smoother_py/lib/python3.10/site-packages'
[1.680s] Level 1:colcon.colcon_core.shell:create_environment_hook('traj_smoother_py', 'pythonpath')
[1.680s] INFO:colcon.colcon_core.shell:Creating environment hook '/home/w/work/moveit2_handeye_calib/install/traj_smoother_py/share/traj_smoother_py/hook/pythonpath.ps1'
[1.680s] INFO:colcon.colcon_core.shell:Creating environment descriptor '/home/w/work/moveit2_handeye_calib/install/traj_smoother_py/share/traj_smoother_py/hook/pythonpath.dsv'
[1.680s] INFO:colcon.colcon_core.shell:Creating environment hook '/home/w/work/moveit2_handeye_calib/install/traj_smoother_py/share/traj_smoother_py/hook/pythonpath.sh'
[1.681s] Level 1:colcon.colcon_core.environment:checking '/home/w/work/moveit2_handeye_calib/install/traj_smoother_py/bin'
[1.681s] Level 1:colcon.colcon_core.environment:create_environment_scripts_only(traj_smoother_py)
[1.681s] INFO:colcon.colcon_core.shell:Creating package script '/home/w/work/moveit2_handeye_calib/install/traj_smoother_py/share/traj_smoother_py/package.ps1'
[1.682s] INFO:colcon.colcon_core.shell:Creating package descriptor '/home/w/work/moveit2_handeye_calib/install/traj_smoother_py/share/traj_smoother_py/package.dsv'
[1.682s] INFO:colcon.colcon_core.shell:Creating package script '/home/w/work/moveit2_handeye_calib/install/traj_smoother_py/share/traj_smoother_py/package.sh'
[1.682s] INFO:colcon.colcon_core.shell:Creating package script '/home/w/work/moveit2_handeye_calib/install/traj_smoother_py/share/traj_smoother_py/package.bash'
[1.682s] INFO:colcon.colcon_core.shell:Creating package script '/home/w/work/moveit2_handeye_calib/install/traj_smoother_py/share/traj_smoother_py/package.zsh'
[1.682s] Level 1:colcon.colcon_core.environment:create_file_with_runtime_dependencies(/home/w/work/moveit2_handeye_calib/install/traj_smoother_py/share/colcon-core/packages/traj_smoother_py)
[1.688s] Level 1:colcon.colcon_core.environment:create_environment_scripts_only(robot_driver)
[1.689s] Level 1:colcon.colcon_core.environment:checking '/home/w/work/moveit2_handeye_calib/install/robot_driver' for CMake module files
[1.689s] Level 1:colcon.colcon_core.environment:checking '/home/w/work/moveit2_handeye_calib/install/robot_driver' for CMake config files
[1.690s] DEBUG:colcon.colcon_core.event_handler.log_command:Invoked command in '/home/w/work/moveit2_handeye_calib/build/robot_driver' returned '0': CMAKE_PREFIX_PATH=/home/w/work/moveit2_handeye_calib/install/ros2_socketcan:/home/w/work/moveit2_handeye_calib/install/ros2_socketcan_msgs:/home/w/work/moveit2_handeye_calib/install/robot_interfaces:/home/w/work/moveit2_handeye_calib/install/robot_driver:/home/w/work/moveit2_handeye_calib/install/robot_virtual_fence:/home/w/work/moveit2_handeye_calib/install/robot_state_machine:/home/w/work/moveit2_handeye_calib/install/robot_sdk:/home/w/work/moveit2_handeye_calib/install/robot_control:/home/w/work/moveit2_handeye_calib/install/motor_control_logger:/home/w/work/moveit2_handeye_calib/install/arm620_dh_config:/home/w/work/moveit2_handeye_calib/install/arm620_config:/home/w/work/moveit2_handeye_calib/install/arm380_config:/home/w/work/moveit2_handeye_calib/install/robot_description:/home/w/work/moveit2_handeye_calib/install/robot_bringup:/home/w/work/moveit2_handeye_calib/install/moveit_calibration_demos:/home/w/work/moveit2_handeye_calib/install/moveit_calibration_gui:/home/w/work/moveit2_handeye_calib/install/moveit_calibration_plugins:/home/w/work/trac_ik_ws/install/trac_ik:/home/w/work/trac_ik_ws/install/trac_ik_examples:/home/w/work/trac_ik_ws/install/trac_ik_lib:/home/w/work/moveit2_handeye_calib/install/traj_smoother_py:/home/w/work/moveit2_handeye_calib/install/robot_test_py:/home/w/work/moveit2_handeye_calib/install/robot_input:/home/w/work/moveit2_handeye_calib/install/robot_dynamics:/opt/ros/humble LD_LIBRARY_PATH=/home/w/work/moveit2_handeye_calib/install/ros2_socketcan/lib:/home/w/work/moveit2_handeye_calib/install/ros2_socketcan_msgs/lib:/home/w/work/moveit2_handeye_calib/install/robot_interfaces/lib:/home/w/work/moveit2_handeye_calib/install/robot_driver/lib:/home/w/work/moveit2_handeye_calib/install/moveit_calibration_gui/lib:/home/w/work/moveit2_handeye_calib/install/moveit_calibration_plugins/lib:/home/w/work/trac_ik_ws/install/trac_ik_lib/lib:/opt/ros/humble/opt/rviz_ogre_vendor/lib:/opt/ros/humble/lib/x86_64-linux-gnu:/opt/ros/humble/lib /usr/bin/cmake --install /home/w/work/moveit2_handeye_calib/build/robot_driver
[1.690s] Level 1:colcon.colcon_core.shell:create_environment_hook('robot_driver', 'cmake_prefix_path')
[1.690s] INFO:colcon.colcon_core.shell:Creating environment hook '/home/w/work/moveit2_handeye_calib/install/robot_driver/share/robot_driver/hook/cmake_prefix_path.ps1'
[1.691s] INFO:colcon.colcon_core.shell:Creating environment descriptor '/home/w/work/moveit2_handeye_calib/install/robot_driver/share/robot_driver/hook/cmake_prefix_path.dsv'
[1.691s] INFO:colcon.colcon_core.shell:Creating environment hook '/home/w/work/moveit2_handeye_calib/install/robot_driver/share/robot_driver/hook/cmake_prefix_path.sh'
[1.691s] Level 1:colcon.colcon_core.environment:checking '/home/w/work/moveit2_handeye_calib/install/robot_driver/lib'
[1.691s] Level 1:colcon.colcon_core.shell:create_environment_hook('robot_driver', 'ld_library_path_lib')
[1.691s] INFO:colcon.colcon_core.shell:Creating environment hook '/home/w/work/moveit2_handeye_calib/install/robot_driver/share/robot_driver/hook/ld_library_path_lib.ps1'
[1.692s] INFO:colcon.colcon_core.shell:Creating environment descriptor '/home/w/work/moveit2_handeye_calib/install/robot_driver/share/robot_driver/hook/ld_library_path_lib.dsv'
[1.692s] INFO:colcon.colcon_core.shell:Creating environment hook '/home/w/work/moveit2_handeye_calib/install/robot_driver/share/robot_driver/hook/ld_library_path_lib.sh'
[1.692s] Level 1:colcon.colcon_core.environment:checking '/home/w/work/moveit2_handeye_calib/install/robot_driver/bin'
[1.692s] Level 1:colcon.colcon_core.shell:create_environment_hook('robot_driver', 'path')
[1.692s] INFO:colcon.colcon_core.shell:Creating environment hook '/home/w/work/moveit2_handeye_calib/install/robot_driver/share/robot_driver/hook/path.ps1'
[1.692s] INFO:colcon.colcon_core.shell:Creating environment descriptor '/home/w/work/moveit2_handeye_calib/install/robot_driver/share/robot_driver/hook/path.dsv'
[1.693s] INFO:colcon.colcon_core.shell:Creating environment hook '/home/w/work/moveit2_handeye_calib/install/robot_driver/share/robot_driver/hook/path.sh'
[1.693s] Level 1:colcon.colcon_core.environment:checking '/home/w/work/moveit2_handeye_calib/install/robot_driver/lib/pkgconfig/robot_driver.pc'
[1.693s] Level 1:colcon.colcon_core.environment:checking '/home/w/work/moveit2_handeye_calib/install/robot_driver/lib/python3.10/site-packages'
[1.693s] Level 1:colcon.colcon_core.environment:checking '/home/w/work/moveit2_handeye_calib/install/robot_driver/bin'
[1.693s] Level 1:colcon.colcon_core.shell:create_environment_hook('robot_driver', 'pythonscriptspath')
[1.693s] INFO:colcon.colcon_core.shell:Creating environment hook '/home/w/work/moveit2_handeye_calib/install/robot_driver/share/robot_driver/hook/pythonscriptspath.ps1'
[1.694s] INFO:colcon.colcon_core.shell:Creating environment descriptor '/home/w/work/moveit2_handeye_calib/install/robot_driver/share/robot_driver/hook/pythonscriptspath.dsv'
[1.694s] INFO:colcon.colcon_core.shell:Creating environment hook '/home/w/work/moveit2_handeye_calib/install/robot_driver/share/robot_driver/hook/pythonscriptspath.sh'
[1.694s] INFO:colcon.colcon_core.shell:Creating package script '/home/w/work/moveit2_handeye_calib/install/robot_driver/share/robot_driver/package.ps1'
[1.695s] INFO:colcon.colcon_core.shell:Creating package descriptor '/home/w/work/moveit2_handeye_calib/install/robot_driver/share/robot_driver/package.dsv'
[1.695s] INFO:colcon.colcon_core.shell:Creating package script '/home/w/work/moveit2_handeye_calib/install/robot_driver/share/robot_driver/package.sh'
[1.695s] INFO:colcon.colcon_core.shell:Creating package script '/home/w/work/moveit2_handeye_calib/install/robot_driver/share/robot_driver/package.bash'
[1.695s] INFO:colcon.colcon_core.shell:Creating package script '/home/w/work/moveit2_handeye_calib/install/robot_driver/share/robot_driver/package.zsh'
[1.695s] Level 1:colcon.colcon_core.environment:create_file_with_runtime_dependencies(/home/w/work/moveit2_handeye_calib/install/robot_driver/share/colcon-core/packages/robot_driver)
[1.696s] Level 1:colcon.colcon_core.environment:create_environment_scripts_only(robot_driver)
[1.696s] Level 1:colcon.colcon_core.environment:checking '/home/w/work/moveit2_handeye_calib/install/robot_driver' for CMake module files
[1.696s] Level 1:colcon.colcon_core.environment:checking '/home/w/work/moveit2_handeye_calib/install/robot_driver' for CMake config files
[1.696s] Level 1:colcon.colcon_core.shell:create_environment_hook('robot_driver', 'cmake_prefix_path')
[1.696s] INFO:colcon.colcon_core.shell:Creating environment hook '/home/w/work/moveit2_handeye_calib/install/robot_driver/share/robot_driver/hook/cmake_prefix_path.ps1'
[1.697s] INFO:colcon.colcon_core.shell:Creating environment descriptor '/home/w/work/moveit2_handeye_calib/install/robot_driver/share/robot_driver/hook/cmake_prefix_path.dsv'
[1.697s] INFO:colcon.colcon_core.shell:Creating environment hook '/home/w/work/moveit2_handeye_calib/install/robot_driver/share/robot_driver/hook/cmake_prefix_path.sh'
[1.697s] Level 1:colcon.colcon_core.environment:checking '/home/w/work/moveit2_handeye_calib/install/robot_driver/lib'
[1.697s] Level 1:colcon.colcon_core.shell:create_environment_hook('robot_driver', 'ld_library_path_lib')
[1.697s] INFO:colcon.colcon_core.shell:Creating environment hook '/home/w/work/moveit2_handeye_calib/install/robot_driver/share/robot_driver/hook/ld_library_path_lib.ps1'
[1.697s] INFO:colcon.colcon_core.shell:Creating environment descriptor '/home/w/work/moveit2_handeye_calib/install/robot_driver/share/robot_driver/hook/ld_library_path_lib.dsv'
[1.698s] INFO:colcon.colcon_core.shell:Creating environment hook '/home/w/work/moveit2_handeye_calib/install/robot_driver/share/robot_driver/hook/ld_library_path_lib.sh'
[1.698s] Level 1:colcon.colcon_core.environment:checking '/home/w/work/moveit2_handeye_calib/install/robot_driver/bin'
[1.698s] Level 1:colcon.colcon_core.shell:create_environment_hook('robot_driver', 'path')
[1.698s] INFO:colcon.colcon_core.shell:Creating environment hook '/home/w/work/moveit2_handeye_calib/install/robot_driver/share/robot_driver/hook/path.ps1'
[1.698s] INFO:colcon.colcon_core.shell:Creating environment descriptor '/home/w/work/moveit2_handeye_calib/install/robot_driver/share/robot_driver/hook/path.dsv'
[1.698s] INFO:colcon.colcon_core.shell:Creating environment hook '/home/w/work/moveit2_handeye_calib/install/robot_driver/share/robot_driver/hook/path.sh'
[1.699s] Level 1:colcon.colcon_core.environment:checking '/home/w/work/moveit2_handeye_calib/install/robot_driver/lib/pkgconfig/robot_driver.pc'
[1.699s] Level 1:colcon.colcon_core.environment:checking '/home/w/work/moveit2_handeye_calib/install/robot_driver/lib/python3.10/site-packages'
[1.699s] Level 1:colcon.colcon_core.environment:checking '/home/w/work/moveit2_handeye_calib/install/robot_driver/bin'
[1.699s] Level 1:colcon.colcon_core.shell:create_environment_hook('robot_driver', 'pythonscriptspath')
[1.699s] INFO:colcon.colcon_core.shell:Creating environment hook '/home/w/work/moveit2_handeye_calib/install/robot_driver/share/robot_driver/hook/pythonscriptspath.ps1'
[1.699s] INFO:colcon.colcon_core.shell:Creating environment descriptor '/home/w/work/moveit2_handeye_calib/install/robot_driver/share/robot_driver/hook/pythonscriptspath.dsv'
[1.700s] INFO:colcon.colcon_core.shell:Creating environment hook '/home/w/work/moveit2_handeye_calib/install/robot_driver/share/robot_driver/hook/pythonscriptspath.sh'
[1.700s] INFO:colcon.colcon_core.shell:Creating package script '/home/w/work/moveit2_handeye_calib/install/robot_driver/share/robot_driver/package.ps1'
[1.700s] INFO:colcon.colcon_core.shell:Creating package descriptor '/home/w/work/moveit2_handeye_calib/install/robot_driver/share/robot_driver/package.dsv'
[1.701s] INFO:colcon.colcon_core.shell:Creating package script '/home/w/work/moveit2_handeye_calib/install/robot_driver/share/robot_driver/package.sh'
[1.701s] INFO:colcon.colcon_core.shell:Creating package script '/home/w/work/moveit2_handeye_calib/install/robot_driver/share/robot_driver/package.bash'
[1.701s] INFO:colcon.colcon_core.shell:Creating package script '/home/w/work/moveit2_handeye_calib/install/robot_driver/share/robot_driver/package.zsh'
[1.701s] Level 1:colcon.colcon_core.environment:create_file_with_runtime_dependencies(/home/w/work/moveit2_handeye_calib/install/robot_driver/share/colcon-core/packages/robot_driver)
[1.702s] INFO:colcon.colcon_ros.task.ament_cmake.build:Building ROS package in '/home/w/work/moveit2_handeye_calib/TG620/robot_state_machine' with build type 'ament_cmake'
[1.702s] INFO:colcon.colcon_cmake.task.cmake.build:Building CMake package in '/home/w/work/moveit2_handeye_calib/TG620/robot_state_machine'
[1.702s] INFO:colcon.colcon_core.shell:Skip shell extension 'powershell' for command environment: Not usable outside of PowerShell
[1.702s] DEBUG:colcon.colcon_core.shell:Skip shell extension 'dsv' for command environment
[1.721s] DEBUG:colcon.colcon_core.event_handler.log_command:Invoking command in '/home/w/work/moveit2_handeye_calib/build/robot_state_machine': CMAKE_PREFIX_PATH=/home/w/work/moveit2_handeye_calib/install/robot_driver:/home/w/work/moveit2_handeye_calib/install/ros2_socketcan:/home/w/work/moveit2_handeye_calib/install/ros2_socketcan_msgs:/home/w/work/moveit2_handeye_calib/install/robot_interfaces:/home/w/work/moveit2_handeye_calib/install/robot_virtual_fence:/home/w/work/moveit2_handeye_calib/install/robot_state_machine:/home/w/work/moveit2_handeye_calib/install/robot_sdk:/home/w/work/moveit2_handeye_calib/install/robot_control:/home/w/work/moveit2_handeye_calib/install/motor_control_logger:/home/w/work/moveit2_handeye_calib/install/arm620_dh_config:/home/w/work/moveit2_handeye_calib/install/arm620_config:/home/w/work/moveit2_handeye_calib/install/arm380_config:/home/w/work/moveit2_handeye_calib/install/robot_description:/home/w/work/moveit2_handeye_calib/install/robot_bringup:/home/w/work/moveit2_handeye_calib/install/moveit_calibration_demos:/home/w/work/moveit2_handeye_calib/install/moveit_calibration_gui:/home/w/work/moveit2_handeye_calib/install/moveit_calibration_plugins:/home/w/work/trac_ik_ws/install/trac_ik:/home/w/work/trac_ik_ws/install/trac_ik_examples:/home/w/work/trac_ik_ws/install/trac_ik_lib:/home/w/work/moveit2_handeye_calib/install/traj_smoother_py:/home/w/work/moveit2_handeye_calib/install/robot_test_py:/home/w/work/moveit2_handeye_calib/install/robot_input:/home/w/work/moveit2_handeye_calib/install/robot_dynamics:/opt/ros/humble /usr/bin/cmake --build /home/w/work/moveit2_handeye_calib/build/robot_state_machine -- -j28 -l28
[1.729s] DEBUG:colcon.colcon_core.event_handler.log_command:Invoking command in '/home/w/work/moveit2_handeye_calib/TG620/robot_test_py': CMAKE_PREFIX_PATH=/home/w/work/moveit2_handeye_calib/install/robot_interfaces:/home/w/work/moveit2_handeye_calib/install/robot_driver:/home/w/work/moveit2_handeye_calib/install/ros2_socketcan:/home/w/work/moveit2_handeye_calib/install/ros2_socketcan_msgs:/home/w/work/moveit2_handeye_calib/install/robot_virtual_fence:/home/w/work/moveit2_handeye_calib/install/robot_state_machine:/home/w/work/moveit2_handeye_calib/install/robot_sdk:/home/w/work/moveit2_handeye_calib/install/robot_control:/home/w/work/moveit2_handeye_calib/install/motor_control_logger:/home/w/work/moveit2_handeye_calib/install/arm620_dh_config:/home/w/work/moveit2_handeye_calib/install/arm620_config:/home/w/work/moveit2_handeye_calib/install/arm380_config:/home/w/work/moveit2_handeye_calib/install/robot_description:/home/w/work/moveit2_handeye_calib/install/robot_bringup:/home/w/work/moveit2_handeye_calib/install/moveit_calibration_demos:/home/w/work/moveit2_handeye_calib/install/moveit_calibration_gui:/home/w/work/moveit2_handeye_calib/install/moveit_calibration_plugins:/home/w/work/trac_ik_ws/install/trac_ik:/home/w/work/trac_ik_ws/install/trac_ik_examples:/home/w/work/trac_ik_ws/install/trac_ik_lib LD_LIBRARY_PATH=/home/w/work/moveit2_handeye_calib/install/robot_interfaces/lib:/home/w/work/moveit2_handeye_calib/install/robot_driver/lib:/home/w/work/moveit2_handeye_calib/install/ros2_socketcan/lib:/home/w/work/moveit2_handeye_calib/install/ros2_socketcan_msgs/lib:/home/w/work/moveit2_handeye_calib/install/moveit_calibration_gui/lib:/home/w/work/moveit2_handeye_calib/install/moveit_calibration_plugins/lib:/home/w/work/trac_ik_ws/install/trac_ik_lib/lib:/opt/ros/humble/opt/rviz_ogre_vendor/lib:/opt/ros/humble/lib/x86_64-linux-gnu:/opt/ros/humble/lib PYTHONPATH=/home/w/work/moveit2_handeye_calib/build/robot_test_py/prefix_override:/usr/lib/python3/dist-packages/colcon_core/task/python/colcon_distutils_commands:/home/w/work/moveit2_handeye_calib/install/robot_test_py/lib/python3.10/site-packages:${PYTHONPATH} /usr/bin/python3 -W ignore:setup.py install is deprecated -W ignore:easy_install command is deprecated setup.py egg_info --egg-base ../../build/robot_test_py build --build-base /home/w/work/moveit2_handeye_calib/build/robot_test_py/build install --record /home/w/work/moveit2_handeye_calib/build/robot_test_py/install.log --single-version-externally-managed install_data
[1.768s] DEBUG:colcon.colcon_core.event_handler.log_command:Invoking command in '/home/w/work/moveit2_handeye_calib/TG620/robot_input': CMAKE_PREFIX_PATH=/home/w/work/moveit2_handeye_calib/install/robot_interfaces:/home/w/work/moveit2_handeye_calib/install/robot_driver:/home/w/work/moveit2_handeye_calib/install/ros2_socketcan:/home/w/work/moveit2_handeye_calib/install/ros2_socketcan_msgs:/home/w/work/moveit2_handeye_calib/install/robot_virtual_fence:/home/w/work/moveit2_handeye_calib/install/robot_state_machine:/home/w/work/moveit2_handeye_calib/install/robot_sdk:/home/w/work/moveit2_handeye_calib/install/robot_control:/home/w/work/moveit2_handeye_calib/install/motor_control_logger:/home/w/work/moveit2_handeye_calib/install/arm620_dh_config:/home/w/work/moveit2_handeye_calib/install/arm620_config:/home/w/work/moveit2_handeye_calib/install/arm380_config:/home/w/work/moveit2_handeye_calib/install/robot_description:/home/w/work/moveit2_handeye_calib/install/robot_bringup:/home/w/work/moveit2_handeye_calib/install/moveit_calibration_demos:/home/w/work/moveit2_handeye_calib/install/moveit_calibration_gui:/home/w/work/moveit2_handeye_calib/install/moveit_calibration_plugins:/home/w/work/trac_ik_ws/install/trac_ik:/home/w/work/trac_ik_ws/install/trac_ik_examples:/home/w/work/trac_ik_ws/install/trac_ik_lib LD_LIBRARY_PATH=/home/w/work/moveit2_handeye_calib/install/robot_interfaces/lib:/home/w/work/moveit2_handeye_calib/install/robot_driver/lib:/home/w/work/moveit2_handeye_calib/install/ros2_socketcan/lib:/home/w/work/moveit2_handeye_calib/install/ros2_socketcan_msgs/lib:/home/w/work/moveit2_handeye_calib/install/moveit_calibration_gui/lib:/home/w/work/moveit2_handeye_calib/install/moveit_calibration_plugins/lib:/home/w/work/trac_ik_ws/install/trac_ik_lib/lib:/opt/ros/humble/opt/rviz_ogre_vendor/lib:/opt/ros/humble/lib/x86_64-linux-gnu:/opt/ros/humble/lib PYTHONPATH=/home/w/work/moveit2_handeye_calib/build/robot_input/prefix_override:/usr/lib/python3/dist-packages/colcon_core/task/python/colcon_distutils_commands:/home/w/work/moveit2_handeye_calib/install/robot_input/lib/python3.10/site-packages:${PYTHONPATH} /usr/bin/python3 -W ignore:setup.py install is deprecated -W ignore:easy_install command is deprecated setup.py egg_info --egg-base ../../build/robot_input build --build-base /home/w/work/moveit2_handeye_calib/build/robot_input/build install --record /home/w/work/moveit2_handeye_calib/build/robot_input/install.log --single-version-externally-managed install_data
[1.824s] DEBUG:colcon.colcon_core.event_handler.log_command:Invoked command in '/home/w/work/moveit2_handeye_calib/build/robot_state_machine' returned '0': CMAKE_PREFIX_PATH=/home/w/work/moveit2_handeye_calib/install/robot_driver:/home/w/work/moveit2_handeye_calib/install/ros2_socketcan:/home/w/work/moveit2_handeye_calib/install/ros2_socketcan_msgs:/home/w/work/moveit2_handeye_calib/install/robot_interfaces:/home/w/work/moveit2_handeye_calib/install/robot_virtual_fence:/home/w/work/moveit2_handeye_calib/install/robot_state_machine:/home/w/work/moveit2_handeye_calib/install/robot_sdk:/home/w/work/moveit2_handeye_calib/install/robot_control:/home/w/work/moveit2_handeye_calib/install/motor_control_logger:/home/w/work/moveit2_handeye_calib/install/arm620_dh_config:/home/w/work/moveit2_handeye_calib/install/arm620_config:/home/w/work/moveit2_handeye_calib/install/arm380_config:/home/w/work/moveit2_handeye_calib/install/robot_description:/home/w/work/moveit2_handeye_calib/install/robot_bringup:/home/w/work/moveit2_handeye_calib/install/moveit_calibration_demos:/home/w/work/moveit2_handeye_calib/install/moveit_calibration_gui:/home/w/work/moveit2_handeye_calib/install/moveit_calibration_plugins:/home/w/work/trac_ik_ws/install/trac_ik:/home/w/work/trac_ik_ws/install/trac_ik_examples:/home/w/work/trac_ik_ws/install/trac_ik_lib:/home/w/work/moveit2_handeye_calib/install/traj_smoother_py:/home/w/work/moveit2_handeye_calib/install/robot_test_py:/home/w/work/moveit2_handeye_calib/install/robot_input:/home/w/work/moveit2_handeye_calib/install/robot_dynamics:/opt/ros/humble /usr/bin/cmake --build /home/w/work/moveit2_handeye_calib/build/robot_state_machine -- -j28 -l28
[1.826s] DEBUG:colcon.colcon_core.event_handler.log_command:Invoking command in '/home/w/work/moveit2_handeye_calib/build/robot_state_machine': CMAKE_PREFIX_PATH=/home/w/work/moveit2_handeye_calib/install/robot_driver:/home/w/work/moveit2_handeye_calib/install/ros2_socketcan:/home/w/work/moveit2_handeye_calib/install/ros2_socketcan_msgs:/home/w/work/moveit2_handeye_calib/install/robot_interfaces:/home/w/work/moveit2_handeye_calib/install/robot_virtual_fence:/home/w/work/moveit2_handeye_calib/install/robot_state_machine:/home/w/work/moveit2_handeye_calib/install/robot_sdk:/home/w/work/moveit2_handeye_calib/install/robot_control:/home/w/work/moveit2_handeye_calib/install/motor_control_logger:/home/w/work/moveit2_handeye_calib/install/arm620_dh_config:/home/w/work/moveit2_handeye_calib/install/arm620_config:/home/w/work/moveit2_handeye_calib/install/arm380_config:/home/w/work/moveit2_handeye_calib/install/robot_description:/home/w/work/moveit2_handeye_calib/install/robot_bringup:/home/w/work/moveit2_handeye_calib/install/moveit_calibration_demos:/home/w/work/moveit2_handeye_calib/install/moveit_calibration_gui:/home/w/work/moveit2_handeye_calib/install/moveit_calibration_plugins:/home/w/work/trac_ik_ws/install/trac_ik:/home/w/work/trac_ik_ws/install/trac_ik_examples:/home/w/work/trac_ik_ws/install/trac_ik_lib:/home/w/work/moveit2_handeye_calib/install/traj_smoother_py:/home/w/work/moveit2_handeye_calib/install/robot_test_py:/home/w/work/moveit2_handeye_calib/install/robot_input:/home/w/work/moveit2_handeye_calib/install/robot_dynamics:/opt/ros/humble /usr/bin/cmake --install /home/w/work/moveit2_handeye_calib/build/robot_state_machine
[1.837s] Level 1:colcon.colcon_core.environment:create_environment_scripts_only(robot_state_machine)
[1.837s] Level 1:colcon.colcon_core.environment:checking '/home/w/work/moveit2_handeye_calib/install/robot_state_machine' for CMake module files
[1.837s] DEBUG:colcon.colcon_core.event_handler.log_command:Invoked command in '/home/w/work/moveit2_handeye_calib/build/robot_state_machine' returned '0': CMAKE_PREFIX_PATH=/home/w/work/moveit2_handeye_calib/install/robot_driver:/home/w/work/moveit2_handeye_calib/install/ros2_socketcan:/home/w/work/moveit2_handeye_calib/install/ros2_socketcan_msgs:/home/w/work/moveit2_handeye_calib/install/robot_interfaces:/home/w/work/moveit2_handeye_calib/install/robot_virtual_fence:/home/w/work/moveit2_handeye_calib/install/robot_state_machine:/home/w/work/moveit2_handeye_calib/install/robot_sdk:/home/w/work/moveit2_handeye_calib/install/robot_control:/home/w/work/moveit2_handeye_calib/install/motor_control_logger:/home/w/work/moveit2_handeye_calib/install/arm620_dh_config:/home/w/work/moveit2_handeye_calib/install/arm620_config:/home/w/work/moveit2_handeye_calib/install/arm380_config:/home/w/work/moveit2_handeye_calib/install/robot_description:/home/w/work/moveit2_handeye_calib/install/robot_bringup:/home/w/work/moveit2_handeye_calib/install/moveit_calibration_demos:/home/w/work/moveit2_handeye_calib/install/moveit_calibration_gui:/home/w/work/moveit2_handeye_calib/install/moveit_calibration_plugins:/home/w/work/trac_ik_ws/install/trac_ik:/home/w/work/trac_ik_ws/install/trac_ik_examples:/home/w/work/trac_ik_ws/install/trac_ik_lib:/home/w/work/moveit2_handeye_calib/install/traj_smoother_py:/home/w/work/moveit2_handeye_calib/install/robot_test_py:/home/w/work/moveit2_handeye_calib/install/robot_input:/home/w/work/moveit2_handeye_calib/install/robot_dynamics:/opt/ros/humble /usr/bin/cmake --install /home/w/work/moveit2_handeye_calib/build/robot_state_machine
[1.838s] Level 1:colcon.colcon_core.environment:checking '/home/w/work/moveit2_handeye_calib/install/robot_state_machine' for CMake config files
[1.838s] Level 1:colcon.colcon_core.shell:create_environment_hook('robot_state_machine', 'cmake_prefix_path')
[1.838s] INFO:colcon.colcon_core.shell:Creating environment hook '/home/w/work/moveit2_handeye_calib/install/robot_state_machine/share/robot_state_machine/hook/cmake_prefix_path.ps1'
[1.838s] INFO:colcon.colcon_core.shell:Creating environment descriptor '/home/w/work/moveit2_handeye_calib/install/robot_state_machine/share/robot_state_machine/hook/cmake_prefix_path.dsv'
[1.838s] INFO:colcon.colcon_core.shell:Creating environment hook '/home/w/work/moveit2_handeye_calib/install/robot_state_machine/share/robot_state_machine/hook/cmake_prefix_path.sh'
[1.839s] Level 1:colcon.colcon_core.environment:checking '/home/w/work/moveit2_handeye_calib/install/robot_state_machine/lib'
[1.839s] Level 1:colcon.colcon_core.environment:checking '/home/w/work/moveit2_handeye_calib/install/robot_state_machine/bin'
[1.839s] Level 1:colcon.colcon_core.environment:checking '/home/w/work/moveit2_handeye_calib/install/robot_state_machine/lib/pkgconfig/robot_state_machine.pc'
[1.839s] Level 1:colcon.colcon_core.environment:checking '/home/w/work/moveit2_handeye_calib/install/robot_state_machine/lib/python3.10/site-packages'
[1.839s] Level 1:colcon.colcon_core.environment:checking '/home/w/work/moveit2_handeye_calib/install/robot_state_machine/bin'
[1.839s] INFO:colcon.colcon_core.shell:Creating package script '/home/w/work/moveit2_handeye_calib/install/robot_state_machine/share/robot_state_machine/package.ps1'
[1.840s] INFO:colcon.colcon_core.shell:Creating package descriptor '/home/w/work/moveit2_handeye_calib/install/robot_state_machine/share/robot_state_machine/package.dsv'
[1.840s] INFO:colcon.colcon_core.shell:Creating package script '/home/w/work/moveit2_handeye_calib/install/robot_state_machine/share/robot_state_machine/package.sh'
[1.840s] INFO:colcon.colcon_core.shell:Creating package script '/home/w/work/moveit2_handeye_calib/install/robot_state_machine/share/robot_state_machine/package.bash'
[1.840s] INFO:colcon.colcon_core.shell:Creating package script '/home/w/work/moveit2_handeye_calib/install/robot_state_machine/share/robot_state_machine/package.zsh'
[1.841s] Level 1:colcon.colcon_core.environment:create_file_with_runtime_dependencies(/home/w/work/moveit2_handeye_calib/install/robot_state_machine/share/colcon-core/packages/robot_state_machine)
[1.841s] Level 1:colcon.colcon_core.environment:create_environment_scripts_only(robot_state_machine)
[1.841s] Level 1:colcon.colcon_core.environment:checking '/home/w/work/moveit2_handeye_calib/install/robot_state_machine' for CMake module files
[1.841s] Level 1:colcon.colcon_core.environment:checking '/home/w/work/moveit2_handeye_calib/install/robot_state_machine' for CMake config files
[1.841s] Level 1:colcon.colcon_core.shell:create_environment_hook('robot_state_machine', 'cmake_prefix_path')
[1.842s] INFO:colcon.colcon_core.shell:Creating environment hook '/home/w/work/moveit2_handeye_calib/install/robot_state_machine/share/robot_state_machine/hook/cmake_prefix_path.ps1'
[1.891s] INFO:colcon.colcon_core.shell:Creating environment descriptor '/home/w/work/moveit2_handeye_calib/install/robot_state_machine/share/robot_state_machine/hook/cmake_prefix_path.dsv'
[1.891s] INFO:colcon.colcon_core.shell:Creating environment hook '/home/w/work/moveit2_handeye_calib/install/robot_state_machine/share/robot_state_machine/hook/cmake_prefix_path.sh'
[1.892s] Level 1:colcon.colcon_core.environment:checking '/home/w/work/moveit2_handeye_calib/install/robot_state_machine/lib'
[1.892s] Level 1:colcon.colcon_core.environment:checking '/home/w/work/moveit2_handeye_calib/install/robot_state_machine/bin'
[1.892s] Level 1:colcon.colcon_core.environment:checking '/home/w/work/moveit2_handeye_calib/install/robot_state_machine/lib/pkgconfig/robot_state_machine.pc'
[1.892s] Level 1:colcon.colcon_core.environment:checking '/home/w/work/moveit2_handeye_calib/install/robot_state_machine/lib/python3.10/site-packages'
[1.892s] Level 1:colcon.colcon_core.environment:checking '/home/w/work/moveit2_handeye_calib/install/robot_state_machine/bin'
[1.893s] INFO:colcon.colcon_core.shell:Creating package script '/home/w/work/moveit2_handeye_calib/install/robot_state_machine/share/robot_state_machine/package.ps1'
[1.893s] INFO:colcon.colcon_core.shell:Creating package descriptor '/home/w/work/moveit2_handeye_calib/install/robot_state_machine/share/robot_state_machine/package.dsv'
[1.894s] INFO:colcon.colcon_core.shell:Creating package script '/home/w/work/moveit2_handeye_calib/install/robot_state_machine/share/robot_state_machine/package.sh'
[1.894s] INFO:colcon.colcon_core.shell:Creating package script '/home/w/work/moveit2_handeye_calib/install/robot_state_machine/share/robot_state_machine/package.bash'
[1.894s] INFO:colcon.colcon_core.shell:Creating package script '/home/w/work/moveit2_handeye_calib/install/robot_state_machine/share/robot_state_machine/package.zsh'
[1.894s] Level 1:colcon.colcon_core.environment:create_file_with_runtime_dependencies(/home/w/work/moveit2_handeye_calib/install/robot_state_machine/share/colcon-core/packages/robot_state_machine)
[1.959s] Level 1:colcon.colcon_core.environment:checking '/home/w/work/moveit2_handeye_calib/install/robot_test_py' for CMake module files
[1.959s] DEBUG:colcon.colcon_core.event_handler.log_command:Invoked command in '/home/w/work/moveit2_handeye_calib/TG620/robot_test_py' returned '0': CMAKE_PREFIX_PATH=/home/w/work/moveit2_handeye_calib/install/robot_interfaces:/home/w/work/moveit2_handeye_calib/install/robot_driver:/home/w/work/moveit2_handeye_calib/install/ros2_socketcan:/home/w/work/moveit2_handeye_calib/install/ros2_socketcan_msgs:/home/w/work/moveit2_handeye_calib/install/robot_virtual_fence:/home/w/work/moveit2_handeye_calib/install/robot_state_machine:/home/w/work/moveit2_handeye_calib/install/robot_sdk:/home/w/work/moveit2_handeye_calib/install/robot_control:/home/w/work/moveit2_handeye_calib/install/motor_control_logger:/home/w/work/moveit2_handeye_calib/install/arm620_dh_config:/home/w/work/moveit2_handeye_calib/install/arm620_config:/home/w/work/moveit2_handeye_calib/install/arm380_config:/home/w/work/moveit2_handeye_calib/install/robot_description:/home/w/work/moveit2_handeye_calib/install/robot_bringup:/home/w/work/moveit2_handeye_calib/install/moveit_calibration_demos:/home/w/work/moveit2_handeye_calib/install/moveit_calibration_gui:/home/w/work/moveit2_handeye_calib/install/moveit_calibration_plugins:/home/w/work/trac_ik_ws/install/trac_ik:/home/w/work/trac_ik_ws/install/trac_ik_examples:/home/w/work/trac_ik_ws/install/trac_ik_lib LD_LIBRARY_PATH=/home/w/work/moveit2_handeye_calib/install/robot_interfaces/lib:/home/w/work/moveit2_handeye_calib/install/robot_driver/lib:/home/w/work/moveit2_handeye_calib/install/ros2_socketcan/lib:/home/w/work/moveit2_handeye_calib/install/ros2_socketcan_msgs/lib:/home/w/work/moveit2_handeye_calib/install/moveit_calibration_gui/lib:/home/w/work/moveit2_handeye_calib/install/moveit_calibration_plugins/lib:/home/w/work/trac_ik_ws/install/trac_ik_lib/lib:/opt/ros/humble/opt/rviz_ogre_vendor/lib:/opt/ros/humble/lib/x86_64-linux-gnu:/opt/ros/humble/lib PYTHONPATH=/home/w/work/moveit2_handeye_calib/build/robot_test_py/prefix_override:/usr/lib/python3/dist-packages/colcon_core/task/python/colcon_distutils_commands:/home/w/work/moveit2_handeye_calib/install/robot_test_py/lib/python3.10/site-packages:${PYTHONPATH} /usr/bin/python3 -W ignore:setup.py install is deprecated -W ignore:easy_install command is deprecated setup.py egg_info --egg-base ../../build/robot_test_py build --build-base /home/w/work/moveit2_handeye_calib/build/robot_test_py/build install --record /home/w/work/moveit2_handeye_calib/build/robot_test_py/install.log --single-version-externally-managed install_data
[1.959s] Level 1:colcon.colcon_core.environment:checking '/home/w/work/moveit2_handeye_calib/install/robot_test_py' for CMake config files
[1.960s] Level 1:colcon.colcon_core.environment:checking '/home/w/work/moveit2_handeye_calib/install/robot_test_py/lib'
[1.960s] Level 1:colcon.colcon_core.environment:checking '/home/w/work/moveit2_handeye_calib/install/robot_test_py/bin'
[1.960s] Level 1:colcon.colcon_core.environment:checking '/home/w/work/moveit2_handeye_calib/install/robot_test_py/lib/pkgconfig/robot_test_py.pc'
[1.960s] Level 1:colcon.colcon_core.environment:checking '/home/w/work/moveit2_handeye_calib/install/robot_test_py/lib/python3.10/site-packages'
[1.960s] Level 1:colcon.colcon_core.shell:create_environment_hook('robot_test_py', 'pythonpath')
[1.960s] INFO:colcon.colcon_core.shell:Creating environment hook '/home/w/work/moveit2_handeye_calib/install/robot_test_py/share/robot_test_py/hook/pythonpath.ps1'
[1.960s] INFO:colcon.colcon_core.shell:Creating environment descriptor '/home/w/work/moveit2_handeye_calib/install/robot_test_py/share/robot_test_py/hook/pythonpath.dsv'
[1.961s] INFO:colcon.colcon_core.shell:Creating environment hook '/home/w/work/moveit2_handeye_calib/install/robot_test_py/share/robot_test_py/hook/pythonpath.sh'
[1.961s] Level 1:colcon.colcon_core.environment:checking '/home/w/work/moveit2_handeye_calib/install/robot_test_py/bin'
[1.961s] Level 1:colcon.colcon_core.environment:create_environment_scripts_only(robot_test_py)
[1.961s] INFO:colcon.colcon_core.shell:Creating package script '/home/w/work/moveit2_handeye_calib/install/robot_test_py/share/robot_test_py/package.ps1'
[1.961s] INFO:colcon.colcon_core.shell:Creating package descriptor '/home/w/work/moveit2_handeye_calib/install/robot_test_py/share/robot_test_py/package.dsv'
[1.962s] INFO:colcon.colcon_core.shell:Creating package script '/home/w/work/moveit2_handeye_calib/install/robot_test_py/share/robot_test_py/package.sh'
[1.962s] INFO:colcon.colcon_core.shell:Creating package script '/home/w/work/moveit2_handeye_calib/install/robot_test_py/share/robot_test_py/package.bash'
[1.962s] INFO:colcon.colcon_core.shell:Creating package script '/home/w/work/moveit2_handeye_calib/install/robot_test_py/share/robot_test_py/package.zsh'
[1.962s] Level 1:colcon.colcon_core.environment:create_file_with_runtime_dependencies(/home/w/work/moveit2_handeye_calib/install/robot_test_py/share/colcon-core/packages/robot_test_py)
[1.986s] Level 1:colcon.colcon_core.environment:checking '/home/w/work/moveit2_handeye_calib/install/robot_input' for CMake module files
[1.986s] DEBUG:colcon.colcon_core.event_handler.log_command:Invoked command in '/home/w/work/moveit2_handeye_calib/TG620/robot_input' returned '0': CMAKE_PREFIX_PATH=/home/w/work/moveit2_handeye_calib/install/robot_interfaces:/home/w/work/moveit2_handeye_calib/install/robot_driver:/home/w/work/moveit2_handeye_calib/install/ros2_socketcan:/home/w/work/moveit2_handeye_calib/install/ros2_socketcan_msgs:/home/w/work/moveit2_handeye_calib/install/robot_virtual_fence:/home/w/work/moveit2_handeye_calib/install/robot_state_machine:/home/w/work/moveit2_handeye_calib/install/robot_sdk:/home/w/work/moveit2_handeye_calib/install/robot_control:/home/w/work/moveit2_handeye_calib/install/motor_control_logger:/home/w/work/moveit2_handeye_calib/install/arm620_dh_config:/home/w/work/moveit2_handeye_calib/install/arm620_config:/home/w/work/moveit2_handeye_calib/install/arm380_config:/home/w/work/moveit2_handeye_calib/install/robot_description:/home/w/work/moveit2_handeye_calib/install/robot_bringup:/home/w/work/moveit2_handeye_calib/install/moveit_calibration_demos:/home/w/work/moveit2_handeye_calib/install/moveit_calibration_gui:/home/w/work/moveit2_handeye_calib/install/moveit_calibration_plugins:/home/w/work/trac_ik_ws/install/trac_ik:/home/w/work/trac_ik_ws/install/trac_ik_examples:/home/w/work/trac_ik_ws/install/trac_ik_lib LD_LIBRARY_PATH=/home/w/work/moveit2_handeye_calib/install/robot_interfaces/lib:/home/w/work/moveit2_handeye_calib/install/robot_driver/lib:/home/w/work/moveit2_handeye_calib/install/ros2_socketcan/lib:/home/w/work/moveit2_handeye_calib/install/ros2_socketcan_msgs/lib:/home/w/work/moveit2_handeye_calib/install/moveit_calibration_gui/lib:/home/w/work/moveit2_handeye_calib/install/moveit_calibration_plugins/lib:/home/w/work/trac_ik_ws/install/trac_ik_lib/lib:/opt/ros/humble/opt/rviz_ogre_vendor/lib:/opt/ros/humble/lib/x86_64-linux-gnu:/opt/ros/humble/lib PYTHONPATH=/home/w/work/moveit2_handeye_calib/build/robot_input/prefix_override:/usr/lib/python3/dist-packages/colcon_core/task/python/colcon_distutils_commands:/home/w/work/moveit2_handeye_calib/install/robot_input/lib/python3.10/site-packages:${PYTHONPATH} /usr/bin/python3 -W ignore:setup.py install is deprecated -W ignore:easy_install command is deprecated setup.py egg_info --egg-base ../../build/robot_input build --build-base /home/w/work/moveit2_handeye_calib/build/robot_input/build install --record /home/w/work/moveit2_handeye_calib/build/robot_input/install.log --single-version-externally-managed install_data
[1.986s] Level 1:colcon.colcon_core.environment:checking '/home/w/work/moveit2_handeye_calib/install/robot_input' for CMake config files
[1.987s] Level 1:colcon.colcon_core.environment:checking '/home/w/work/moveit2_handeye_calib/install/robot_input/lib'
[1.987s] Level 1:colcon.colcon_core.environment:checking '/home/w/work/moveit2_handeye_calib/install/robot_input/bin'
[1.987s] Level 1:colcon.colcon_core.environment:checking '/home/w/work/moveit2_handeye_calib/install/robot_input/lib/pkgconfig/robot_input.pc'
[1.988s] Level 1:colcon.colcon_core.environment:checking '/home/w/work/moveit2_handeye_calib/install/robot_input/lib/python3.10/site-packages'
[1.988s] Level 1:colcon.colcon_core.shell:create_environment_hook('robot_input', 'pythonpath')
[1.988s] INFO:colcon.colcon_core.shell:Creating environment hook '/home/w/work/moveit2_handeye_calib/install/robot_input/share/robot_input/hook/pythonpath.ps1'
[1.989s] INFO:colcon.colcon_core.shell:Creating environment descriptor '/home/w/work/moveit2_handeye_calib/install/robot_input/share/robot_input/hook/pythonpath.dsv'
[1.989s] INFO:colcon.colcon_core.shell:Creating environment hook '/home/w/work/moveit2_handeye_calib/install/robot_input/share/robot_input/hook/pythonpath.sh'
[1.990s] Level 1:colcon.colcon_core.environment:checking '/home/w/work/moveit2_handeye_calib/install/robot_input/bin'
[1.990s] Level 1:colcon.colcon_core.environment:create_environment_scripts_only(robot_input)
[1.990s] INFO:colcon.colcon_core.shell:Creating package script '/home/w/work/moveit2_handeye_calib/install/robot_input/share/robot_input/package.ps1'
[1.990s] INFO:colcon.colcon_core.shell:Creating package descriptor '/home/w/work/moveit2_handeye_calib/install/robot_input/share/robot_input/package.dsv'
[1.991s] INFO:colcon.colcon_core.shell:Creating package script '/home/w/work/moveit2_handeye_calib/install/robot_input/share/robot_input/package.sh'
[1.992s] INFO:colcon.colcon_core.shell:Creating package script '/home/w/work/moveit2_handeye_calib/install/robot_input/share/robot_input/package.bash'
[1.992s] INFO:colcon.colcon_core.shell:Creating package script '/home/w/work/moveit2_handeye_calib/install/robot_input/share/robot_input/package.zsh'
[1.993s] Level 1:colcon.colcon_core.environment:create_file_with_runtime_dependencies(/home/w/work/moveit2_handeye_calib/install/robot_input/share/colcon-core/packages/robot_input)
[1.993s] DEBUG:colcon.colcon_parallel_executor.executor.parallel:closing loop
[1.993s] DEBUG:colcon.colcon_parallel_executor.executor.parallel:loop closed
[1.993s] DEBUG:colcon.colcon_parallel_executor.executor.parallel:run_until_complete finished with '0'
[1.993s] DEBUG:colcon.colcon_core.event_reactor:joining thread
[1.999s] INFO:colcon.colcon_core.plugin_system:Skipping extension 'colcon_notification.desktop_notification.terminal_notifier': Not used on non-Darwin systems
[1.999s] INFO:colcon.colcon_core.plugin_system:Skipping extension 'colcon_notification.desktop_notification.win32': Not used on non-Windows systems
[1.999s] INFO:colcon.colcon_notification.desktop_notification:Sending desktop notification using 'notify2'
[2.005s] DEBUG:colcon.colcon_core.event_reactor:joined thread
[2.006s] INFO:colcon.colcon_core.shell:Creating prefix script '/home/w/work/moveit2_handeye_calib/install/local_setup.ps1'
[2.006s] INFO:colcon.colcon_core.shell:Creating prefix util module '/home/w/work/moveit2_handeye_calib/install/_local_setup_util_ps1.py'
[2.007s] INFO:colcon.colcon_core.shell:Creating prefix chain script '/home/w/work/moveit2_handeye_calib/install/setup.ps1'
[2.008s] INFO:colcon.colcon_core.shell:Creating prefix script '/home/w/work/moveit2_handeye_calib/install/local_setup.sh'
[2.008s] INFO:colcon.colcon_core.shell:Creating prefix util module '/home/w/work/moveit2_handeye_calib/install/_local_setup_util_sh.py'
[2.009s] INFO:colcon.colcon_core.shell:Creating prefix chain script '/home/w/work/moveit2_handeye_calib/install/setup.sh'
[2.010s] INFO:colcon.colcon_core.shell:Creating prefix script '/home/w/work/moveit2_handeye_calib/install/local_setup.bash'
[2.010s] INFO:colcon.colcon_core.shell:Creating prefix chain script '/home/w/work/moveit2_handeye_calib/install/setup.bash'
[2.011s] INFO:colcon.colcon_core.shell:Creating prefix script '/home/w/work/moveit2_handeye_calib/install/local_setup.zsh'
[2.011s] INFO:colcon.colcon_core.shell:Creating prefix chain script '/home/w/work/moveit2_handeye_calib/install/setup.zsh'
