[0.074s] DEBUG:colcon:Command line arguments: ['/usr/bin/colcon', 'build']
[0.074s] DEBUG:colcon:Parsed command line arguments: Namespace(log_base=None, log_level=None, verb_name='build', build_base='build', install_base='install', merge_install=False, symlink_install=False, test_result_base=None, continue_on_error=False, executor='parallel', parallel_workers=28, event_handlers=None, ignore_user_meta=False, metas=['./colcon.meta'], base_paths=['.'], packages_ignore=None, packages_ignore_regex=None, paths=None, packages_up_to=None, packages_up_to_regex=None, packages_above=None, packages_above_and_dependencies=None, packages_above_depth=None, packages_select_by_dep=None, packages_skip_by_dep=None, packages_skip_up_to=None, packages_select_build_failed=False, packages_skip_build_finished=False, packages_select_test_failures=False, packages_skip_test_passed=False, packages_select=None, packages_skip=None, packages_select_regex=None, packages_skip_regex=None, packages_start=None, packages_end=None, allow_overriding=[], cmake_args=None, cmake_target=None, cmake_target_skip_unavailable=False, cmake_clean_cache=False, cmake_clean_first=False, cmake_force_configure=False, ament_cmake_args=None, catkin_cmake_args=None, catkin_skip_building_tests=False, verb_parser=<colcon_defaults.argument_parser.defaults.DefaultArgumentsDecorator object at 0x7ddd92676350>, verb_extension=<colcon_core.verb.build.BuildVerb object at 0x7ddd9275b6a0>, main=<bound method BuildVerb.main of <colcon_core.verb.build.BuildVerb object at 0x7ddd9275b6a0>>)
[0.194s] Level 1:colcon.colcon_core.package_discovery:discover_packages(colcon_meta) check parameters
[0.194s] Level 1:colcon.colcon_core.package_discovery:discover_packages(recursive) check parameters
[0.194s] Level 1:colcon.colcon_core.package_discovery:discover_packages(ignore) check parameters
[0.194s] Level 1:colcon.colcon_core.package_discovery:discover_packages(path) check parameters
[0.194s] Level 1:colcon.colcon_core.package_discovery:discover_packages(colcon_meta) discover
[0.194s] Level 1:colcon.colcon_core.package_discovery:discover_packages(recursive) discover
[0.194s] INFO:colcon.colcon_core.package_discovery:Crawling recursively for packages in '/home/w/work/moveit2_handeye_calib'
[0.195s] Level 1:colcon.colcon_core.package_identification:_identify(.) by extensions ['ignore', 'ignore_ament_install']
[0.195s] Level 1:colcon.colcon_core.package_identification:_identify(.) by extension 'ignore'
[0.195s] Level 1:colcon.colcon_core.package_identification:_identify(.) by extension 'ignore_ament_install'
[0.195s] Level 1:colcon.colcon_core.package_identification:_identify(.) by extensions ['colcon_pkg']
[0.195s] Level 1:colcon.colcon_core.package_identification:_identify(.) by extension 'colcon_pkg'
[0.195s] Level 1:colcon.colcon_core.package_identification:_identify(.) by extensions ['colcon_meta']
[0.195s] Level 1:colcon.colcon_core.package_identification:_identify(.) by extension 'colcon_meta'
[0.195s] Level 1:colcon.colcon_core.package_identification:_identify(.) by extensions ['ros']
[0.195s] Level 1:colcon.colcon_core.package_identification:_identify(.) by extension 'ros'
[0.203s] Level 1:colcon.colcon_core.package_identification:_identify(.) by extensions ['cmake', 'python']
[0.203s] Level 1:colcon.colcon_core.package_identification:_identify(.) by extension 'cmake'
[0.203s] Level 1:colcon.colcon_core.package_identification:_identify(.) by extension 'python'
[0.203s] Level 1:colcon.colcon_core.package_identification:_identify(.) by extensions ['python_setup_py']
[0.203s] Level 1:colcon.colcon_core.package_identification:_identify(.) by extension 'python_setup_py'
[0.204s] Level 1:colcon.colcon_core.package_identification:_identify(TG620) by extensions ['ignore', 'ignore_ament_install']
[0.204s] Level 1:colcon.colcon_core.package_identification:_identify(TG620) by extension 'ignore'
[0.204s] Level 1:colcon.colcon_core.package_identification:_identify(TG620) by extension 'ignore_ament_install'
[0.204s] Level 1:colcon.colcon_core.package_identification:_identify(TG620) by extensions ['colcon_pkg']
[0.204s] Level 1:colcon.colcon_core.package_identification:_identify(TG620) by extension 'colcon_pkg'
[0.204s] Level 1:colcon.colcon_core.package_identification:_identify(TG620) by extensions ['colcon_meta']
[0.204s] Level 1:colcon.colcon_core.package_identification:_identify(TG620) by extension 'colcon_meta'
[0.204s] Level 1:colcon.colcon_core.package_identification:_identify(TG620) by extensions ['ros']
[0.204s] Level 1:colcon.colcon_core.package_identification:_identify(TG620) by extension 'ros'
[0.204s] Level 1:colcon.colcon_core.package_identification:_identify(TG620) by extensions ['cmake', 'python']
[0.204s] Level 1:colcon.colcon_core.package_identification:_identify(TG620) by extension 'cmake'
[0.204s] Level 1:colcon.colcon_core.package_identification:_identify(TG620) by extension 'python'
[0.204s] Level 1:colcon.colcon_core.package_identification:_identify(TG620) by extensions ['python_setup_py']
[0.204s] Level 1:colcon.colcon_core.package_identification:_identify(TG620) by extension 'python_setup_py'
[0.204s] Level 1:colcon.colcon_core.package_identification:_identify(TG620/motor_control_logger) by extensions ['ignore', 'ignore_ament_install']
[0.204s] Level 1:colcon.colcon_core.package_identification:_identify(TG620/motor_control_logger) by extension 'ignore'
[0.204s] Level 1:colcon.colcon_core.package_identification:_identify(TG620/motor_control_logger) by extension 'ignore_ament_install'
[0.204s] Level 1:colcon.colcon_core.package_identification:_identify(TG620/motor_control_logger) by extensions ['colcon_pkg']
[0.204s] Level 1:colcon.colcon_core.package_identification:_identify(TG620/motor_control_logger) by extension 'colcon_pkg'
[0.204s] Level 1:colcon.colcon_core.package_identification:_identify(TG620/motor_control_logger) by extensions ['colcon_meta']
[0.204s] Level 1:colcon.colcon_core.package_identification:_identify(TG620/motor_control_logger) by extension 'colcon_meta'
[0.204s] Level 1:colcon.colcon_core.package_identification:_identify(TG620/motor_control_logger) by extensions ['ros']
[0.204s] Level 1:colcon.colcon_core.package_identification:_identify(TG620/motor_control_logger) by extension 'ros'
[0.207s] DEBUG:colcon.colcon_core.package_identification:Package 'TG620/motor_control_logger' with type 'ros.ament_cmake' and name 'motor_control_logger'
[0.207s] Level 1:colcon.colcon_core.package_identification:_identify(TG620/robot_bringup) by extensions ['ignore', 'ignore_ament_install']
[0.207s] Level 1:colcon.colcon_core.package_identification:_identify(TG620/robot_bringup) by extension 'ignore'
[0.207s] Level 1:colcon.colcon_core.package_identification:_identify(TG620/robot_bringup) by extension 'ignore_ament_install'
[0.207s] Level 1:colcon.colcon_core.package_identification:_identify(TG620/robot_bringup) by extensions ['colcon_pkg']
[0.207s] Level 1:colcon.colcon_core.package_identification:_identify(TG620/robot_bringup) by extension 'colcon_pkg'
[0.207s] Level 1:colcon.colcon_core.package_identification:_identify(TG620/robot_bringup) by extensions ['colcon_meta']
[0.207s] Level 1:colcon.colcon_core.package_identification:_identify(TG620/robot_bringup) by extension 'colcon_meta'
[0.207s] Level 1:colcon.colcon_core.package_identification:_identify(TG620/robot_bringup) by extensions ['ros']
[0.207s] Level 1:colcon.colcon_core.package_identification:_identify(TG620/robot_bringup) by extension 'ros'
[0.208s] DEBUG:colcon.colcon_core.package_identification:Package 'TG620/robot_bringup' with type 'ros.ament_cmake' and name 'robot_bringup'
[0.208s] Level 1:colcon.colcon_core.package_identification:_identify(TG620/robot_config) by extensions ['ignore', 'ignore_ament_install']
[0.208s] Level 1:colcon.colcon_core.package_identification:_identify(TG620/robot_config) by extension 'ignore'
[0.208s] Level 1:colcon.colcon_core.package_identification:_identify(TG620/robot_config) by extension 'ignore_ament_install'
[0.208s] Level 1:colcon.colcon_core.package_identification:_identify(TG620/robot_config) by extensions ['colcon_pkg']
[0.208s] Level 1:colcon.colcon_core.package_identification:_identify(TG620/robot_config) by extension 'colcon_pkg'
[0.208s] Level 1:colcon.colcon_core.package_identification:_identify(TG620/robot_config) by extensions ['colcon_meta']
[0.208s] Level 1:colcon.colcon_core.package_identification:_identify(TG620/robot_config) by extension 'colcon_meta'
[0.208s] Level 1:colcon.colcon_core.package_identification:_identify(TG620/robot_config) by extensions ['ros']
[0.208s] Level 1:colcon.colcon_core.package_identification:_identify(TG620/robot_config) by extension 'ros'
[0.208s] Level 1:colcon.colcon_core.package_identification:_identify(TG620/robot_config) by extensions ['cmake', 'python']
[0.208s] Level 1:colcon.colcon_core.package_identification:_identify(TG620/robot_config) by extension 'cmake'
[0.208s] Level 1:colcon.colcon_core.package_identification:_identify(TG620/robot_config) by extension 'python'
[0.208s] Level 1:colcon.colcon_core.package_identification:_identify(TG620/robot_config) by extensions ['python_setup_py']
[0.208s] Level 1:colcon.colcon_core.package_identification:_identify(TG620/robot_config) by extension 'python_setup_py'
[0.208s] Level 1:colcon.colcon_core.package_identification:_identify(TG620/robot_config/arm380_config) by extensions ['ignore', 'ignore_ament_install']
[0.208s] Level 1:colcon.colcon_core.package_identification:_identify(TG620/robot_config/arm380_config) by extension 'ignore'
[0.208s] Level 1:colcon.colcon_core.package_identification:_identify(TG620/robot_config/arm380_config) by extension 'ignore_ament_install'
[0.208s] Level 1:colcon.colcon_core.package_identification:_identify(TG620/robot_config/arm380_config) by extensions ['colcon_pkg']
[0.208s] Level 1:colcon.colcon_core.package_identification:_identify(TG620/robot_config/arm380_config) by extension 'colcon_pkg'
[0.209s] Level 1:colcon.colcon_core.package_identification:_identify(TG620/robot_config/arm380_config) by extensions ['colcon_meta']
[0.209s] Level 1:colcon.colcon_core.package_identification:_identify(TG620/robot_config/arm380_config) by extension 'colcon_meta'
[0.209s] Level 1:colcon.colcon_core.package_identification:_identify(TG620/robot_config/arm380_config) by extensions ['ros']
[0.209s] Level 1:colcon.colcon_core.package_identification:_identify(TG620/robot_config/arm380_config) by extension 'ros'
[0.216s] DEBUG:colcon.colcon_core.package_identification:Package 'TG620/robot_config/arm380_config' with type 'ros.ament_cmake' and name 'arm380_config'
[0.216s] Level 1:colcon.colcon_core.package_identification:_identify(TG620/robot_config/arm620_config) by extensions ['ignore', 'ignore_ament_install']
[0.216s] Level 1:colcon.colcon_core.package_identification:_identify(TG620/robot_config/arm620_config) by extension 'ignore'
[0.216s] Level 1:colcon.colcon_core.package_identification:_identify(TG620/robot_config/arm620_config) by extension 'ignore_ament_install'
[0.216s] Level 1:colcon.colcon_core.package_identification:_identify(TG620/robot_config/arm620_config) by extensions ['colcon_pkg']
[0.216s] Level 1:colcon.colcon_core.package_identification:_identify(TG620/robot_config/arm620_config) by extension 'colcon_pkg'
[0.216s] Level 1:colcon.colcon_core.package_identification:_identify(TG620/robot_config/arm620_config) by extensions ['colcon_meta']
[0.216s] Level 1:colcon.colcon_core.package_identification:_identify(TG620/robot_config/arm620_config) by extension 'colcon_meta'
[0.216s] Level 1:colcon.colcon_core.package_identification:_identify(TG620/robot_config/arm620_config) by extensions ['ros']
[0.216s] Level 1:colcon.colcon_core.package_identification:_identify(TG620/robot_config/arm620_config) by extension 'ros'
[0.217s] DEBUG:colcon.colcon_core.package_identification:Package 'TG620/robot_config/arm620_config' with type 'ros.ament_cmake' and name 'arm620_config'
[0.217s] Level 1:colcon.colcon_core.package_identification:_identify(TG620/robot_config/arm620_dh_config) by extensions ['ignore', 'ignore_ament_install']
[0.217s] Level 1:colcon.colcon_core.package_identification:_identify(TG620/robot_config/arm620_dh_config) by extension 'ignore'
[0.217s] Level 1:colcon.colcon_core.package_identification:_identify(TG620/robot_config/arm620_dh_config) by extension 'ignore_ament_install'
[0.217s] Level 1:colcon.colcon_core.package_identification:_identify(TG620/robot_config/arm620_dh_config) by extensions ['colcon_pkg']
[0.217s] Level 1:colcon.colcon_core.package_identification:_identify(TG620/robot_config/arm620_dh_config) by extension 'colcon_pkg'
[0.217s] Level 1:colcon.colcon_core.package_identification:_identify(TG620/robot_config/arm620_dh_config) by extensions ['colcon_meta']
[0.217s] Level 1:colcon.colcon_core.package_identification:_identify(TG620/robot_config/arm620_dh_config) by extension 'colcon_meta'
[0.217s] Level 1:colcon.colcon_core.package_identification:_identify(TG620/robot_config/arm620_dh_config) by extensions ['ros']
[0.217s] Level 1:colcon.colcon_core.package_identification:_identify(TG620/robot_config/arm620_dh_config) by extension 'ros'
[0.218s] DEBUG:colcon.colcon_core.package_identification:Package 'TG620/robot_config/arm620_dh_config' with type 'ros.ament_cmake' and name 'arm620_dh_config'
[0.218s] Level 1:colcon.colcon_core.package_identification:_identify(TG620/robot_control) by extensions ['ignore', 'ignore_ament_install']
[0.218s] Level 1:colcon.colcon_core.package_identification:_identify(TG620/robot_control) by extension 'ignore'
[0.218s] Level 1:colcon.colcon_core.package_identification:_identify(TG620/robot_control) by extension 'ignore_ament_install'
[0.218s] Level 1:colcon.colcon_core.package_identification:_identify(TG620/robot_control) by extensions ['colcon_pkg']
[0.218s] Level 1:colcon.colcon_core.package_identification:_identify(TG620/robot_control) by extension 'colcon_pkg'
[0.218s] Level 1:colcon.colcon_core.package_identification:_identify(TG620/robot_control) by extensions ['colcon_meta']
[0.218s] Level 1:colcon.colcon_core.package_identification:_identify(TG620/robot_control) by extension 'colcon_meta'
[0.218s] Level 1:colcon.colcon_core.package_identification:_identify(TG620/robot_control) by extensions ['ros']
[0.218s] Level 1:colcon.colcon_core.package_identification:_identify(TG620/robot_control) by extension 'ros'
[0.218s] DEBUG:colcon.colcon_core.package_identification:Package 'TG620/robot_control' with type 'ros.ament_cmake' and name 'robot_control'
[0.218s] Level 1:colcon.colcon_core.package_identification:_identify(TG620/robot_description) by extensions ['ignore', 'ignore_ament_install']
[0.218s] Level 1:colcon.colcon_core.package_identification:_identify(TG620/robot_description) by extension 'ignore'
[0.219s] Level 1:colcon.colcon_core.package_identification:_identify(TG620/robot_description) by extension 'ignore_ament_install'
[0.219s] Level 1:colcon.colcon_core.package_identification:_identify(TG620/robot_description) by extensions ['colcon_pkg']
[0.219s] Level 1:colcon.colcon_core.package_identification:_identify(TG620/robot_description) by extension 'colcon_pkg'
[0.219s] Level 1:colcon.colcon_core.package_identification:_identify(TG620/robot_description) by extensions ['colcon_meta']
[0.219s] Level 1:colcon.colcon_core.package_identification:_identify(TG620/robot_description) by extension 'colcon_meta'
[0.219s] Level 1:colcon.colcon_core.package_identification:_identify(TG620/robot_description) by extensions ['ros']
[0.219s] Level 1:colcon.colcon_core.package_identification:_identify(TG620/robot_description) by extension 'ros'
[0.219s] DEBUG:colcon.colcon_core.package_identification:Package 'TG620/robot_description' with type 'ros.ament_cmake' and name 'robot_description'
[0.219s] Level 1:colcon.colcon_core.package_identification:_identify(TG620/robot_driver) by extensions ['ignore', 'ignore_ament_install']
[0.219s] Level 1:colcon.colcon_core.package_identification:_identify(TG620/robot_driver) by extension 'ignore'
[0.219s] Level 1:colcon.colcon_core.package_identification:_identify(TG620/robot_driver) by extension 'ignore_ament_install'
[0.219s] Level 1:colcon.colcon_core.package_identification:_identify(TG620/robot_driver) by extensions ['colcon_pkg']
[0.219s] Level 1:colcon.colcon_core.package_identification:_identify(TG620/robot_driver) by extension 'colcon_pkg'
[0.219s] Level 1:colcon.colcon_core.package_identification:_identify(TG620/robot_driver) by extensions ['colcon_meta']
[0.219s] Level 1:colcon.colcon_core.package_identification:_identify(TG620/robot_driver) by extension 'colcon_meta'
[0.219s] Level 1:colcon.colcon_core.package_identification:_identify(TG620/robot_driver) by extensions ['ros']
[0.219s] Level 1:colcon.colcon_core.package_identification:_identify(TG620/robot_driver) by extension 'ros'
[0.220s] DEBUG:colcon.colcon_core.package_identification:Package 'TG620/robot_driver' with type 'ros.ament_cmake' and name 'robot_driver'
[0.220s] Level 1:colcon.colcon_core.package_identification:_identify(TG620/robot_dynamics) by extensions ['ignore', 'ignore_ament_install']
[0.220s] Level 1:colcon.colcon_core.package_identification:_identify(TG620/robot_dynamics) by extension 'ignore'
[0.220s] Level 1:colcon.colcon_core.package_identification:_identify(TG620/robot_dynamics) by extension 'ignore_ament_install'
[0.220s] Level 1:colcon.colcon_core.package_identification:_identify(TG620/robot_dynamics) by extensions ['colcon_pkg']
[0.220s] Level 1:colcon.colcon_core.package_identification:_identify(TG620/robot_dynamics) by extension 'colcon_pkg'
[0.220s] Level 1:colcon.colcon_core.package_identification:_identify(TG620/robot_dynamics) by extensions ['colcon_meta']
[0.220s] Level 1:colcon.colcon_core.package_identification:_identify(TG620/robot_dynamics) by extension 'colcon_meta'
[0.220s] Level 1:colcon.colcon_core.package_identification:_identify(TG620/robot_dynamics) by extensions ['ros']
[0.220s] Level 1:colcon.colcon_core.package_identification:_identify(TG620/robot_dynamics) by extension 'ros'
[0.220s] DEBUG:colcon.colcon_core.package_identification:Package 'TG620/robot_dynamics' with type 'ros.ament_python' and name 'robot_dynamics'
[0.221s] Level 1:colcon.colcon_core.package_identification:_identify(TG620/robot_input) by extensions ['ignore', 'ignore_ament_install']
[0.221s] Level 1:colcon.colcon_core.package_identification:_identify(TG620/robot_input) by extension 'ignore'
[0.221s] Level 1:colcon.colcon_core.package_identification:_identify(TG620/robot_input) by extension 'ignore_ament_install'
[0.221s] Level 1:colcon.colcon_core.package_identification:_identify(TG620/robot_input) by extensions ['colcon_pkg']
[0.221s] Level 1:colcon.colcon_core.package_identification:_identify(TG620/robot_input) by extension 'colcon_pkg'
[0.221s] Level 1:colcon.colcon_core.package_identification:_identify(TG620/robot_input) by extensions ['colcon_meta']
[0.221s] Level 1:colcon.colcon_core.package_identification:_identify(TG620/robot_input) by extension 'colcon_meta'
[0.221s] Level 1:colcon.colcon_core.package_identification:_identify(TG620/robot_input) by extensions ['ros']
[0.221s] Level 1:colcon.colcon_core.package_identification:_identify(TG620/robot_input) by extension 'ros'
[0.221s] DEBUG:colcon.colcon_core.package_identification:Package 'TG620/robot_input' with type 'ros.ament_python' and name 'robot_input'
[0.221s] Level 1:colcon.colcon_core.package_identification:_identify(TG620/robot_interfaces) by extensions ['ignore', 'ignore_ament_install']
[0.221s] Level 1:colcon.colcon_core.package_identification:_identify(TG620/robot_interfaces) by extension 'ignore'
[0.222s] Level 1:colcon.colcon_core.package_identification:_identify(TG620/robot_interfaces) by extension 'ignore_ament_install'
[0.222s] Level 1:colcon.colcon_core.package_identification:_identify(TG620/robot_interfaces) by extensions ['colcon_pkg']
[0.222s] Level 1:colcon.colcon_core.package_identification:_identify(TG620/robot_interfaces) by extension 'colcon_pkg'
[0.222s] Level 1:colcon.colcon_core.package_identification:_identify(TG620/robot_interfaces) by extensions ['colcon_meta']
[0.222s] Level 1:colcon.colcon_core.package_identification:_identify(TG620/robot_interfaces) by extension 'colcon_meta'
[0.222s] Level 1:colcon.colcon_core.package_identification:_identify(TG620/robot_interfaces) by extensions ['ros']
[0.222s] Level 1:colcon.colcon_core.package_identification:_identify(TG620/robot_interfaces) by extension 'ros'
[0.222s] DEBUG:colcon.colcon_core.package_identification:Package 'TG620/robot_interfaces' with type 'ros.ament_cmake' and name 'robot_interfaces'
[0.222s] Level 1:colcon.colcon_core.package_identification:_identify(TG620/robot_sdk) by extensions ['ignore', 'ignore_ament_install']
[0.223s] Level 1:colcon.colcon_core.package_identification:_identify(TG620/robot_sdk) by extension 'ignore'
[0.223s] Level 1:colcon.colcon_core.package_identification:_identify(TG620/robot_sdk) by extension 'ignore_ament_install'
[0.223s] Level 1:colcon.colcon_core.package_identification:_identify(TG620/robot_sdk) by extensions ['colcon_pkg']
[0.223s] Level 1:colcon.colcon_core.package_identification:_identify(TG620/robot_sdk) by extension 'colcon_pkg'
[0.223s] Level 1:colcon.colcon_core.package_identification:_identify(TG620/robot_sdk) by extensions ['colcon_meta']
[0.223s] Level 1:colcon.colcon_core.package_identification:_identify(TG620/robot_sdk) by extension 'colcon_meta'
[0.223s] Level 1:colcon.colcon_core.package_identification:_identify(TG620/robot_sdk) by extensions ['ros']
[0.223s] Level 1:colcon.colcon_core.package_identification:_identify(TG620/robot_sdk) by extension 'ros'
[0.223s] DEBUG:colcon.colcon_core.package_identification:Package 'TG620/robot_sdk' with type 'ros.ament_cmake' and name 'robot_sdk'
[0.223s] Level 1:colcon.colcon_core.package_identification:_identify(TG620/robot_state_machine) by extensions ['ignore', 'ignore_ament_install']
[0.223s] Level 1:colcon.colcon_core.package_identification:_identify(TG620/robot_state_machine) by extension 'ignore'
[0.223s] Level 1:colcon.colcon_core.package_identification:_identify(TG620/robot_state_machine) by extension 'ignore_ament_install'
[0.223s] Level 1:colcon.colcon_core.package_identification:_identify(TG620/robot_state_machine) by extensions ['colcon_pkg']
[0.223s] Level 1:colcon.colcon_core.package_identification:_identify(TG620/robot_state_machine) by extension 'colcon_pkg'
[0.223s] Level 1:colcon.colcon_core.package_identification:_identify(TG620/robot_state_machine) by extensions ['colcon_meta']
[0.224s] Level 1:colcon.colcon_core.package_identification:_identify(TG620/robot_state_machine) by extension 'colcon_meta'
[0.224s] Level 1:colcon.colcon_core.package_identification:_identify(TG620/robot_state_machine) by extensions ['ros']
[0.224s] Level 1:colcon.colcon_core.package_identification:_identify(TG620/robot_state_machine) by extension 'ros'
[0.224s] DEBUG:colcon.colcon_core.package_identification:Package 'TG620/robot_state_machine' with type 'ros.ament_cmake' and name 'robot_state_machine'
[0.224s] Level 1:colcon.colcon_core.package_identification:_identify(TG620/robot_test_py) by extensions ['ignore', 'ignore_ament_install']
[0.224s] Level 1:colcon.colcon_core.package_identification:_identify(TG620/robot_test_py) by extension 'ignore'
[0.224s] Level 1:colcon.colcon_core.package_identification:_identify(TG620/robot_test_py) by extension 'ignore_ament_install'
[0.224s] Level 1:colcon.colcon_core.package_identification:_identify(TG620/robot_test_py) by extensions ['colcon_pkg']
[0.224s] Level 1:colcon.colcon_core.package_identification:_identify(TG620/robot_test_py) by extension 'colcon_pkg'
[0.224s] Level 1:colcon.colcon_core.package_identification:_identify(TG620/robot_test_py) by extensions ['colcon_meta']
[0.224s] Level 1:colcon.colcon_core.package_identification:_identify(TG620/robot_test_py) by extension 'colcon_meta'
[0.224s] Level 1:colcon.colcon_core.package_identification:_identify(TG620/robot_test_py) by extensions ['ros']
[0.224s] Level 1:colcon.colcon_core.package_identification:_identify(TG620/robot_test_py) by extension 'ros'
[0.225s] DEBUG:colcon.colcon_core.package_identification:Package 'TG620/robot_test_py' with type 'ros.ament_python' and name 'robot_test_py'
[0.225s] Level 1:colcon.colcon_core.package_identification:_identify(TG620/robot_virtual_fence) by extensions ['ignore', 'ignore_ament_install']
[0.225s] Level 1:colcon.colcon_core.package_identification:_identify(TG620/robot_virtual_fence) by extension 'ignore'
[0.225s] Level 1:colcon.colcon_core.package_identification:_identify(TG620/robot_virtual_fence) by extension 'ignore_ament_install'
[0.225s] Level 1:colcon.colcon_core.package_identification:_identify(TG620/robot_virtual_fence) by extensions ['colcon_pkg']
[0.225s] Level 1:colcon.colcon_core.package_identification:_identify(TG620/robot_virtual_fence) by extension 'colcon_pkg'
[0.225s] Level 1:colcon.colcon_core.package_identification:_identify(TG620/robot_virtual_fence) by extensions ['colcon_meta']
[0.225s] Level 1:colcon.colcon_core.package_identification:_identify(TG620/robot_virtual_fence) by extension 'colcon_meta'
[0.225s] Level 1:colcon.colcon_core.package_identification:_identify(TG620/robot_virtual_fence) by extensions ['ros']
[0.225s] Level 1:colcon.colcon_core.package_identification:_identify(TG620/robot_virtual_fence) by extension 'ros'
[0.226s] DEBUG:colcon.colcon_core.package_identification:Package 'TG620/robot_virtual_fence' with type 'ros.ament_cmake' and name 'robot_virtual_fence'
[0.226s] Level 1:colcon.colcon_core.package_identification:_identify(TG620/ros2_socketcan) by extensions ['ignore', 'ignore_ament_install']
[0.226s] Level 1:colcon.colcon_core.package_identification:_identify(TG620/ros2_socketcan) by extension 'ignore'
[0.226s] Level 1:colcon.colcon_core.package_identification:_identify(TG620/ros2_socketcan) by extension 'ignore_ament_install'
[0.226s] Level 1:colcon.colcon_core.package_identification:_identify(TG620/ros2_socketcan) by extensions ['colcon_pkg']
[0.226s] Level 1:colcon.colcon_core.package_identification:_identify(TG620/ros2_socketcan) by extension 'colcon_pkg'
[0.226s] Level 1:colcon.colcon_core.package_identification:_identify(TG620/ros2_socketcan) by extensions ['colcon_meta']
[0.226s] Level 1:colcon.colcon_core.package_identification:_identify(TG620/ros2_socketcan) by extension 'colcon_meta'
[0.226s] Level 1:colcon.colcon_core.package_identification:_identify(TG620/ros2_socketcan) by extensions ['ros']
[0.226s] Level 1:colcon.colcon_core.package_identification:_identify(TG620/ros2_socketcan) by extension 'ros'
[0.226s] Level 1:colcon.colcon_core.package_identification:_identify(TG620/ros2_socketcan) by extensions ['cmake', 'python']
[0.226s] Level 1:colcon.colcon_core.package_identification:_identify(TG620/ros2_socketcan) by extension 'cmake'
[0.226s] Level 1:colcon.colcon_core.package_identification:_identify(TG620/ros2_socketcan) by extension 'python'
[0.226s] Level 1:colcon.colcon_core.package_identification:_identify(TG620/ros2_socketcan) by extensions ['python_setup_py']
[0.226s] Level 1:colcon.colcon_core.package_identification:_identify(TG620/ros2_socketcan) by extension 'python_setup_py'
[0.226s] Level 1:colcon.colcon_core.package_identification:_identify(TG620/ros2_socketcan/ros2_socketcan) by extensions ['ignore', 'ignore_ament_install']
[0.226s] Level 1:colcon.colcon_core.package_identification:_identify(TG620/ros2_socketcan/ros2_socketcan) by extension 'ignore'
[0.226s] Level 1:colcon.colcon_core.package_identification:_identify(TG620/ros2_socketcan/ros2_socketcan) by extension 'ignore_ament_install'
[0.226s] Level 1:colcon.colcon_core.package_identification:_identify(TG620/ros2_socketcan/ros2_socketcan) by extensions ['colcon_pkg']
[0.226s] Level 1:colcon.colcon_core.package_identification:_identify(TG620/ros2_socketcan/ros2_socketcan) by extension 'colcon_pkg'
[0.226s] Level 1:colcon.colcon_core.package_identification:_identify(TG620/ros2_socketcan/ros2_socketcan) by extensions ['colcon_meta']
[0.226s] Level 1:colcon.colcon_core.package_identification:_identify(TG620/ros2_socketcan/ros2_socketcan) by extension 'colcon_meta'
[0.226s] Level 1:colcon.colcon_core.package_identification:_identify(TG620/ros2_socketcan/ros2_socketcan) by extensions ['ros']
[0.226s] Level 1:colcon.colcon_core.package_identification:_identify(TG620/ros2_socketcan/ros2_socketcan) by extension 'ros'
[0.227s] DEBUG:colcon.colcon_core.package_identification:Package 'TG620/ros2_socketcan/ros2_socketcan' with type 'ros.ament_cmake' and name 'ros2_socketcan'
[0.227s] Level 1:colcon.colcon_core.package_identification:_identify(TG620/ros2_socketcan/ros2_socketcan_msgs) by extensions ['ignore', 'ignore_ament_install']
[0.227s] Level 1:colcon.colcon_core.package_identification:_identify(TG620/ros2_socketcan/ros2_socketcan_msgs) by extension 'ignore'
[0.227s] Level 1:colcon.colcon_core.package_identification:_identify(TG620/ros2_socketcan/ros2_socketcan_msgs) by extension 'ignore_ament_install'
[0.227s] Level 1:colcon.colcon_core.package_identification:_identify(TG620/ros2_socketcan/ros2_socketcan_msgs) by extensions ['colcon_pkg']
[0.227s] Level 1:colcon.colcon_core.package_identification:_identify(TG620/ros2_socketcan/ros2_socketcan_msgs) by extension 'colcon_pkg'
[0.227s] Level 1:colcon.colcon_core.package_identification:_identify(TG620/ros2_socketcan/ros2_socketcan_msgs) by extensions ['colcon_meta']
[0.227s] Level 1:colcon.colcon_core.package_identification:_identify(TG620/ros2_socketcan/ros2_socketcan_msgs) by extension 'colcon_meta'
[0.227s] Level 1:colcon.colcon_core.package_identification:_identify(TG620/ros2_socketcan/ros2_socketcan_msgs) by extensions ['ros']
[0.228s] Level 1:colcon.colcon_core.package_identification:_identify(TG620/ros2_socketcan/ros2_socketcan_msgs) by extension 'ros'
[0.228s] DEBUG:colcon.colcon_core.package_identification:Package 'TG620/ros2_socketcan/ros2_socketcan_msgs' with type 'ros.ament_cmake' and name 'ros2_socketcan_msgs'
[0.228s] Level 1:colcon.colcon_core.package_identification:_identify(TG620/traj_smoother_py) by extensions ['ignore', 'ignore_ament_install']
[0.228s] Level 1:colcon.colcon_core.package_identification:_identify(TG620/traj_smoother_py) by extension 'ignore'
[0.228s] Level 1:colcon.colcon_core.package_identification:_identify(TG620/traj_smoother_py) by extension 'ignore_ament_install'
[0.228s] Level 1:colcon.colcon_core.package_identification:_identify(TG620/traj_smoother_py) by extensions ['colcon_pkg']
[0.228s] Level 1:colcon.colcon_core.package_identification:_identify(TG620/traj_smoother_py) by extension 'colcon_pkg'
[0.228s] Level 1:colcon.colcon_core.package_identification:_identify(TG620/traj_smoother_py) by extensions ['colcon_meta']
[0.228s] Level 1:colcon.colcon_core.package_identification:_identify(TG620/traj_smoother_py) by extension 'colcon_meta'
[0.228s] Level 1:colcon.colcon_core.package_identification:_identify(TG620/traj_smoother_py) by extensions ['ros']
[0.228s] Level 1:colcon.colcon_core.package_identification:_identify(TG620/traj_smoother_py) by extension 'ros'
[0.229s] DEBUG:colcon.colcon_core.package_identification:Package 'TG620/traj_smoother_py' with type 'ros.ament_python' and name 'traj_smoother_py'
[0.229s] Level 1:colcon.colcon_core.package_identification:_identify(build) by extensions ['ignore', 'ignore_ament_install']
[0.229s] Level 1:colcon.colcon_core.package_identification:_identify(build) by extension 'ignore'
[0.229s] Level 1:colcon.colcon_core.package_identification:_identify(build) ignored
[0.229s] Level 1:colcon.colcon_core.package_identification:_identify(install) by extensions ['ignore', 'ignore_ament_install']
[0.229s] Level 1:colcon.colcon_core.package_identification:_identify(install) by extension 'ignore'
[0.229s] Level 1:colcon.colcon_core.package_identification:_identify(install) ignored
[0.229s] Level 1:colcon.colcon_core.package_identification:_identify(log) by extensions ['ignore', 'ignore_ament_install']
[0.229s] Level 1:colcon.colcon_core.package_identification:_identify(log) by extension 'ignore'
[0.229s] Level 1:colcon.colcon_core.package_identification:_identify(log) ignored
[0.229s] Level 1:colcon.colcon_core.package_identification:_identify(moveit2_calibration) by extensions ['ignore', 'ignore_ament_install']
[0.229s] Level 1:colcon.colcon_core.package_identification:_identify(moveit2_calibration) by extension 'ignore'
[0.229s] Level 1:colcon.colcon_core.package_identification:_identify(moveit2_calibration) by extension 'ignore_ament_install'
[0.229s] Level 1:colcon.colcon_core.package_identification:_identify(moveit2_calibration) by extensions ['colcon_pkg']
[0.229s] Level 1:colcon.colcon_core.package_identification:_identify(moveit2_calibration) by extension 'colcon_pkg'
[0.229s] Level 1:colcon.colcon_core.package_identification:_identify(moveit2_calibration) by extensions ['colcon_meta']
[0.229s] Level 1:colcon.colcon_core.package_identification:_identify(moveit2_calibration) by extension 'colcon_meta'
[0.229s] Level 1:colcon.colcon_core.package_identification:_identify(moveit2_calibration) by extensions ['ros']
[0.229s] Level 1:colcon.colcon_core.package_identification:_identify(moveit2_calibration) by extension 'ros'
[0.229s] Level 1:colcon.colcon_core.package_identification:_identify(moveit2_calibration) by extensions ['cmake', 'python']
[0.229s] Level 1:colcon.colcon_core.package_identification:_identify(moveit2_calibration) by extension 'cmake'
[0.229s] Level 1:colcon.colcon_core.package_identification:_identify(moveit2_calibration) by extension 'python'
[0.229s] Level 1:colcon.colcon_core.package_identification:_identify(moveit2_calibration) by extensions ['python_setup_py']
[0.229s] Level 1:colcon.colcon_core.package_identification:_identify(moveit2_calibration) by extension 'python_setup_py'
[0.230s] Level 1:colcon.colcon_core.package_identification:_identify(moveit2_calibration/moveit_calibration_demos) by extensions ['ignore', 'ignore_ament_install']
[0.230s] Level 1:colcon.colcon_core.package_identification:_identify(moveit2_calibration/moveit_calibration_demos) by extension 'ignore'
[0.230s] Level 1:colcon.colcon_core.package_identification:_identify(moveit2_calibration/moveit_calibration_demos) by extension 'ignore_ament_install'
[0.230s] Level 1:colcon.colcon_core.package_identification:_identify(moveit2_calibration/moveit_calibration_demos) by extensions ['colcon_pkg']
[0.230s] Level 1:colcon.colcon_core.package_identification:_identify(moveit2_calibration/moveit_calibration_demos) by extension 'colcon_pkg'
[0.230s] Level 1:colcon.colcon_core.package_identification:_identify(moveit2_calibration/moveit_calibration_demos) by extensions ['colcon_meta']
[0.230s] Level 1:colcon.colcon_core.package_identification:_identify(moveit2_calibration/moveit_calibration_demos) by extension 'colcon_meta'
[0.230s] Level 1:colcon.colcon_core.package_identification:_identify(moveit2_calibration/moveit_calibration_demos) by extensions ['ros']
[0.230s] Level 1:colcon.colcon_core.package_identification:_identify(moveit2_calibration/moveit_calibration_demos) by extension 'ros'
[0.230s] DEBUG:colcon.colcon_core.package_identification:Package 'moveit2_calibration/moveit_calibration_demos' with type 'ros.ament_cmake' and name 'moveit_calibration_demos'
[0.230s] Level 1:colcon.colcon_core.package_identification:_identify(moveit2_calibration/moveit_calibration_gui) by extensions ['ignore', 'ignore_ament_install']
[0.230s] Level 1:colcon.colcon_core.package_identification:_identify(moveit2_calibration/moveit_calibration_gui) by extension 'ignore'
[0.230s] Level 1:colcon.colcon_core.package_identification:_identify(moveit2_calibration/moveit_calibration_gui) by extension 'ignore_ament_install'
[0.230s] Level 1:colcon.colcon_core.package_identification:_identify(moveit2_calibration/moveit_calibration_gui) by extensions ['colcon_pkg']
[0.230s] Level 1:colcon.colcon_core.package_identification:_identify(moveit2_calibration/moveit_calibration_gui) by extension 'colcon_pkg'
[0.230s] Level 1:colcon.colcon_core.package_identification:_identify(moveit2_calibration/moveit_calibration_gui) by extensions ['colcon_meta']
[0.230s] Level 1:colcon.colcon_core.package_identification:_identify(moveit2_calibration/moveit_calibration_gui) by extension 'colcon_meta'
[0.231s] Level 1:colcon.colcon_core.package_identification:_identify(moveit2_calibration/moveit_calibration_gui) by extensions ['ros']
[0.231s] Level 1:colcon.colcon_core.package_identification:_identify(moveit2_calibration/moveit_calibration_gui) by extension 'ros'
[0.232s] DEBUG:colcon.colcon_core.package_identification:Package 'moveit2_calibration/moveit_calibration_gui' with type 'ros.ament_cmake' and name 'moveit_calibration_gui'
[0.232s] Level 1:colcon.colcon_core.package_identification:_identify(moveit2_calibration/moveit_calibration_plugins) by extensions ['ignore', 'ignore_ament_install']
[0.232s] Level 1:colcon.colcon_core.package_identification:_identify(moveit2_calibration/moveit_calibration_plugins) by extension 'ignore'
[0.232s] Level 1:colcon.colcon_core.package_identification:_identify(moveit2_calibration/moveit_calibration_plugins) by extension 'ignore_ament_install'
[0.232s] Level 1:colcon.colcon_core.package_identification:_identify(moveit2_calibration/moveit_calibration_plugins) by extensions ['colcon_pkg']
[0.232s] Level 1:colcon.colcon_core.package_identification:_identify(moveit2_calibration/moveit_calibration_plugins) by extension 'colcon_pkg'
[0.232s] Level 1:colcon.colcon_core.package_identification:_identify(moveit2_calibration/moveit_calibration_plugins) by extensions ['colcon_meta']
[0.232s] Level 1:colcon.colcon_core.package_identification:_identify(moveit2_calibration/moveit_calibration_plugins) by extension 'colcon_meta'
[0.232s] Level 1:colcon.colcon_core.package_identification:_identify(moveit2_calibration/moveit_calibration_plugins) by extensions ['ros']
[0.232s] Level 1:colcon.colcon_core.package_identification:_identify(moveit2_calibration/moveit_calibration_plugins) by extension 'ros'
[0.233s] DEBUG:colcon.colcon_core.package_identification:Package 'moveit2_calibration/moveit_calibration_plugins' with type 'ros.ament_cmake' and name 'moveit_calibration_plugins'
[0.233s] Level 1:colcon.colcon_core.package_discovery:discover_packages(recursive) using defaults
[0.233s] Level 1:colcon.colcon_core.package_discovery:discover_packages(ignore) discover
[0.233s] Level 1:colcon.colcon_core.package_discovery:discover_packages(ignore) using defaults
[0.233s] Level 1:colcon.colcon_core.package_discovery:discover_packages(path) discover
[0.233s] Level 1:colcon.colcon_core.package_discovery:discover_packages(path) using defaults
[0.251s] Level 1:colcon.colcon_core.package_discovery:discover_packages(prefix_path) check parameters
[0.252s] Level 1:colcon.colcon_core.package_discovery:discover_packages(prefix_path) discover
[0.253s] DEBUG:colcon.colcon_installed_package_information.package_discovery:Found 21 installed packages in /home/w/work/moveit2_handeye_calib/install
[0.254s] DEBUG:colcon.colcon_installed_package_information.package_discovery:Found 3 installed packages in /home/w/work/trac_ik_ws/install
[0.255s] DEBUG:colcon.colcon_installed_package_information.package_discovery:Found 364 installed packages in /opt/ros/humble
[0.256s] Level 1:colcon.colcon_core.package_discovery:discover_packages(prefix_path) using defaults
[0.286s] Level 5:colcon.colcon_core.verb:set package 'moveit_calibration_plugins' build argument 'cmake_args' from command line to 'None'
[0.286s] Level 5:colcon.colcon_core.verb:set package 'moveit_calibration_plugins' build argument 'cmake_target' from command line to 'None'
[0.286s] Level 5:colcon.colcon_core.verb:set package 'moveit_calibration_plugins' build argument 'cmake_target_skip_unavailable' from command line to 'False'
[0.286s] Level 5:colcon.colcon_core.verb:set package 'moveit_calibration_plugins' build argument 'cmake_clean_cache' from command line to 'False'
[0.286s] Level 5:colcon.colcon_core.verb:set package 'moveit_calibration_plugins' build argument 'cmake_clean_first' from command line to 'False'
[0.286s] Level 5:colcon.colcon_core.verb:set package 'moveit_calibration_plugins' build argument 'cmake_force_configure' from command line to 'False'
[0.286s] Level 5:colcon.colcon_core.verb:set package 'moveit_calibration_plugins' build argument 'ament_cmake_args' from command line to 'None'
[0.286s] Level 5:colcon.colcon_core.verb:set package 'moveit_calibration_plugins' build argument 'catkin_cmake_args' from command line to 'None'
[0.286s] Level 5:colcon.colcon_core.verb:set package 'moveit_calibration_plugins' build argument 'catkin_skip_building_tests' from command line to 'False'
[0.286s] DEBUG:colcon.colcon_core.verb:Building package 'moveit_calibration_plugins' with the following arguments: {'ament_cmake_args': None, 'build_base': '/home/w/work/moveit2_handeye_calib/build/moveit_calibration_plugins', 'catkin_cmake_args': None, 'catkin_skip_building_tests': False, 'cmake_args': None, 'cmake_clean_cache': False, 'cmake_clean_first': False, 'cmake_force_configure': False, 'cmake_target': None, 'cmake_target_skip_unavailable': False, 'install_base': '/home/w/work/moveit2_handeye_calib/install/moveit_calibration_plugins', 'merge_install': False, 'path': '/home/w/work/moveit2_handeye_calib/moveit2_calibration/moveit_calibration_plugins', 'symlink_install': False, 'test_result_base': None}
[0.286s] Level 5:colcon.colcon_core.verb:set package 'robot_bringup' build argument 'cmake_args' from command line to 'None'
[0.286s] Level 5:colcon.colcon_core.verb:set package 'robot_bringup' build argument 'cmake_target' from command line to 'None'
[0.286s] Level 5:colcon.colcon_core.verb:set package 'robot_bringup' build argument 'cmake_target_skip_unavailable' from command line to 'False'
[0.286s] Level 5:colcon.colcon_core.verb:set package 'robot_bringup' build argument 'cmake_clean_cache' from command line to 'False'
[0.286s] Level 5:colcon.colcon_core.verb:set package 'robot_bringup' build argument 'cmake_clean_first' from command line to 'False'
[0.286s] Level 5:colcon.colcon_core.verb:set package 'robot_bringup' build argument 'cmake_force_configure' from command line to 'False'
[0.286s] Level 5:colcon.colcon_core.verb:set package 'robot_bringup' build argument 'ament_cmake_args' from command line to 'None'
[0.286s] Level 5:colcon.colcon_core.verb:set package 'robot_bringup' build argument 'catkin_cmake_args' from command line to 'None'
[0.286s] Level 5:colcon.colcon_core.verb:set package 'robot_bringup' build argument 'catkin_skip_building_tests' from command line to 'False'
[0.286s] DEBUG:colcon.colcon_core.verb:Building package 'robot_bringup' with the following arguments: {'ament_cmake_args': None, 'build_base': '/home/w/work/moveit2_handeye_calib/build/robot_bringup', 'catkin_cmake_args': None, 'catkin_skip_building_tests': False, 'cmake_args': None, 'cmake_clean_cache': False, 'cmake_clean_first': False, 'cmake_force_configure': False, 'cmake_target': None, 'cmake_target_skip_unavailable': False, 'install_base': '/home/w/work/moveit2_handeye_calib/install/robot_bringup', 'merge_install': False, 'path': '/home/w/work/moveit2_handeye_calib/TG620/robot_bringup', 'symlink_install': False, 'test_result_base': None}
[0.287s] Level 5:colcon.colcon_core.verb:set package 'robot_description' build argument 'cmake_args' from command line to 'None'
[0.287s] Level 5:colcon.colcon_core.verb:set package 'robot_description' build argument 'cmake_target' from command line to 'None'
[0.287s] Level 5:colcon.colcon_core.verb:set package 'robot_description' build argument 'cmake_target_skip_unavailable' from command line to 'False'
[0.287s] Level 5:colcon.colcon_core.verb:set package 'robot_description' build argument 'cmake_clean_cache' from command line to 'False'
[0.287s] Level 5:colcon.colcon_core.verb:set package 'robot_description' build argument 'cmake_clean_first' from command line to 'False'
[0.287s] Level 5:colcon.colcon_core.verb:set package 'robot_description' build argument 'cmake_force_configure' from command line to 'False'
[0.287s] Level 5:colcon.colcon_core.verb:set package 'robot_description' build argument 'ament_cmake_args' from command line to 'None'
[0.287s] Level 5:colcon.colcon_core.verb:set package 'robot_description' build argument 'catkin_cmake_args' from command line to 'None'
[0.287s] Level 5:colcon.colcon_core.verb:set package 'robot_description' build argument 'catkin_skip_building_tests' from command line to 'False'
[0.287s] DEBUG:colcon.colcon_core.verb:Building package 'robot_description' with the following arguments: {'ament_cmake_args': None, 'build_base': '/home/w/work/moveit2_handeye_calib/build/robot_description', 'catkin_cmake_args': None, 'catkin_skip_building_tests': False, 'cmake_args': None, 'cmake_clean_cache': False, 'cmake_clean_first': False, 'cmake_force_configure': False, 'cmake_target': None, 'cmake_target_skip_unavailable': False, 'install_base': '/home/w/work/moveit2_handeye_calib/install/robot_description', 'merge_install': False, 'path': '/home/w/work/moveit2_handeye_calib/TG620/robot_description', 'symlink_install': False, 'test_result_base': None}
[0.287s] Level 5:colcon.colcon_core.verb:set package 'robot_dynamics' build argument 'cmake_args' from command line to 'None'
[0.287s] Level 5:colcon.colcon_core.verb:set package 'robot_dynamics' build argument 'cmake_target' from command line to 'None'
[0.287s] Level 5:colcon.colcon_core.verb:set package 'robot_dynamics' build argument 'cmake_target_skip_unavailable' from command line to 'False'
[0.287s] Level 5:colcon.colcon_core.verb:set package 'robot_dynamics' build argument 'cmake_clean_cache' from command line to 'False'
[0.287s] Level 5:colcon.colcon_core.verb:set package 'robot_dynamics' build argument 'cmake_clean_first' from command line to 'False'
[0.287s] Level 5:colcon.colcon_core.verb:set package 'robot_dynamics' build argument 'cmake_force_configure' from command line to 'False'
[0.287s] Level 5:colcon.colcon_core.verb:set package 'robot_dynamics' build argument 'ament_cmake_args' from command line to 'None'
[0.287s] Level 5:colcon.colcon_core.verb:set package 'robot_dynamics' build argument 'catkin_cmake_args' from command line to 'None'
[0.287s] Level 5:colcon.colcon_core.verb:set package 'robot_dynamics' build argument 'catkin_skip_building_tests' from command line to 'False'
[0.287s] DEBUG:colcon.colcon_core.verb:Building package 'robot_dynamics' with the following arguments: {'ament_cmake_args': None, 'build_base': '/home/w/work/moveit2_handeye_calib/build/robot_dynamics', 'catkin_cmake_args': None, 'catkin_skip_building_tests': False, 'cmake_args': None, 'cmake_clean_cache': False, 'cmake_clean_first': False, 'cmake_force_configure': False, 'cmake_target': None, 'cmake_target_skip_unavailable': False, 'install_base': '/home/w/work/moveit2_handeye_calib/install/robot_dynamics', 'merge_install': False, 'path': '/home/w/work/moveit2_handeye_calib/TG620/robot_dynamics', 'symlink_install': False, 'test_result_base': None}
[0.287s] Level 5:colcon.colcon_core.verb:set package 'robot_interfaces' build argument 'cmake_args' from command line to 'None'
[0.287s] Level 5:colcon.colcon_core.verb:set package 'robot_interfaces' build argument 'cmake_target' from command line to 'None'
[0.287s] Level 5:colcon.colcon_core.verb:set package 'robot_interfaces' build argument 'cmake_target_skip_unavailable' from command line to 'False'
[0.287s] Level 5:colcon.colcon_core.verb:set package 'robot_interfaces' build argument 'cmake_clean_cache' from command line to 'False'
[0.287s] Level 5:colcon.colcon_core.verb:set package 'robot_interfaces' build argument 'cmake_clean_first' from command line to 'False'
[0.287s] Level 5:colcon.colcon_core.verb:set package 'robot_interfaces' build argument 'cmake_force_configure' from command line to 'False'
[0.288s] Level 5:colcon.colcon_core.verb:set package 'robot_interfaces' build argument 'ament_cmake_args' from command line to 'None'
[0.288s] Level 5:colcon.colcon_core.verb:set package 'robot_interfaces' build argument 'catkin_cmake_args' from command line to 'None'
[0.288s] Level 5:colcon.colcon_core.verb:set package 'robot_interfaces' build argument 'catkin_skip_building_tests' from command line to 'False'
[0.288s] DEBUG:colcon.colcon_core.verb:Building package 'robot_interfaces' with the following arguments: {'ament_cmake_args': None, 'build_base': '/home/w/work/moveit2_handeye_calib/build/robot_interfaces', 'catkin_cmake_args': None, 'catkin_skip_building_tests': False, 'cmake_args': None, 'cmake_clean_cache': False, 'cmake_clean_first': False, 'cmake_force_configure': False, 'cmake_target': None, 'cmake_target_skip_unavailable': False, 'install_base': '/home/w/work/moveit2_handeye_calib/install/robot_interfaces', 'merge_install': False, 'path': '/home/w/work/moveit2_handeye_calib/TG620/robot_interfaces', 'symlink_install': False, 'test_result_base': None}
[0.288s] Level 5:colcon.colcon_core.verb:set package 'robot_virtual_fence' build argument 'cmake_args' from command line to 'None'
[0.288s] Level 5:colcon.colcon_core.verb:set package 'robot_virtual_fence' build argument 'cmake_target' from command line to 'None'
[0.288s] Level 5:colcon.colcon_core.verb:set package 'robot_virtual_fence' build argument 'cmake_target_skip_unavailable' from command line to 'False'
[0.288s] Level 5:colcon.colcon_core.verb:set package 'robot_virtual_fence' build argument 'cmake_clean_cache' from command line to 'False'
[0.288s] Level 5:colcon.colcon_core.verb:set package 'robot_virtual_fence' build argument 'cmake_clean_first' from command line to 'False'
[0.288s] Level 5:colcon.colcon_core.verb:set package 'robot_virtual_fence' build argument 'cmake_force_configure' from command line to 'False'
[0.288s] Level 5:colcon.colcon_core.verb:set package 'robot_virtual_fence' build argument 'ament_cmake_args' from command line to 'None'
[0.288s] Level 5:colcon.colcon_core.verb:set package 'robot_virtual_fence' build argument 'catkin_cmake_args' from command line to 'None'
[0.288s] Level 5:colcon.colcon_core.verb:set package 'robot_virtual_fence' build argument 'catkin_skip_building_tests' from command line to 'False'
[0.288s] DEBUG:colcon.colcon_core.verb:Building package 'robot_virtual_fence' with the following arguments: {'ament_cmake_args': None, 'build_base': '/home/w/work/moveit2_handeye_calib/build/robot_virtual_fence', 'catkin_cmake_args': None, 'catkin_skip_building_tests': False, 'cmake_args': None, 'cmake_clean_cache': False, 'cmake_clean_first': False, 'cmake_force_configure': False, 'cmake_target': None, 'cmake_target_skip_unavailable': False, 'install_base': '/home/w/work/moveit2_handeye_calib/install/robot_virtual_fence', 'merge_install': False, 'path': '/home/w/work/moveit2_handeye_calib/TG620/robot_virtual_fence', 'symlink_install': False, 'test_result_base': None}
[0.288s] Level 5:colcon.colcon_core.verb:set package 'ros2_socketcan_msgs' build argument 'cmake_args' from command line to 'None'
[0.288s] Level 5:colcon.colcon_core.verb:set package 'ros2_socketcan_msgs' build argument 'cmake_target' from command line to 'None'
[0.288s] Level 5:colcon.colcon_core.verb:set package 'ros2_socketcan_msgs' build argument 'cmake_target_skip_unavailable' from command line to 'False'
[0.288s] Level 5:colcon.colcon_core.verb:set package 'ros2_socketcan_msgs' build argument 'cmake_clean_cache' from command line to 'False'
[0.288s] Level 5:colcon.colcon_core.verb:set package 'ros2_socketcan_msgs' build argument 'cmake_clean_first' from command line to 'False'
[0.288s] Level 5:colcon.colcon_core.verb:set package 'ros2_socketcan_msgs' build argument 'cmake_force_configure' from command line to 'False'
[0.288s] Level 5:colcon.colcon_core.verb:set package 'ros2_socketcan_msgs' build argument 'ament_cmake_args' from command line to 'None'
[0.288s] Level 5:colcon.colcon_core.verb:set package 'ros2_socketcan_msgs' build argument 'catkin_cmake_args' from command line to 'None'
[0.288s] Level 5:colcon.colcon_core.verb:set package 'ros2_socketcan_msgs' build argument 'catkin_skip_building_tests' from command line to 'False'
[0.288s] DEBUG:colcon.colcon_core.verb:Building package 'ros2_socketcan_msgs' with the following arguments: {'ament_cmake_args': None, 'build_base': '/home/w/work/moveit2_handeye_calib/build/ros2_socketcan_msgs', 'catkin_cmake_args': None, 'catkin_skip_building_tests': False, 'cmake_args': None, 'cmake_clean_cache': False, 'cmake_clean_first': False, 'cmake_force_configure': False, 'cmake_target': None, 'cmake_target_skip_unavailable': False, 'install_base': '/home/w/work/moveit2_handeye_calib/install/ros2_socketcan_msgs', 'merge_install': False, 'path': '/home/w/work/moveit2_handeye_calib/TG620/ros2_socketcan/ros2_socketcan_msgs', 'symlink_install': False, 'test_result_base': None}
[0.288s] Level 5:colcon.colcon_core.verb:set package 'traj_smoother_py' build argument 'cmake_args' from command line to 'None'
[0.288s] Level 5:colcon.colcon_core.verb:set package 'traj_smoother_py' build argument 'cmake_target' from command line to 'None'
[0.288s] Level 5:colcon.colcon_core.verb:set package 'traj_smoother_py' build argument 'cmake_target_skip_unavailable' from command line to 'False'
[0.289s] Level 5:colcon.colcon_core.verb:set package 'traj_smoother_py' build argument 'cmake_clean_cache' from command line to 'False'
[0.289s] Level 5:colcon.colcon_core.verb:set package 'traj_smoother_py' build argument 'cmake_clean_first' from command line to 'False'
[0.289s] Level 5:colcon.colcon_core.verb:set package 'traj_smoother_py' build argument 'cmake_force_configure' from command line to 'False'
[0.289s] Level 5:colcon.colcon_core.verb:set package 'traj_smoother_py' build argument 'ament_cmake_args' from command line to 'None'
[0.289s] Level 5:colcon.colcon_core.verb:set package 'traj_smoother_py' build argument 'catkin_cmake_args' from command line to 'None'
[0.289s] Level 5:colcon.colcon_core.verb:set package 'traj_smoother_py' build argument 'catkin_skip_building_tests' from command line to 'False'
[0.289s] DEBUG:colcon.colcon_core.verb:Building package 'traj_smoother_py' with the following arguments: {'ament_cmake_args': None, 'build_base': '/home/w/work/moveit2_handeye_calib/build/traj_smoother_py', 'catkin_cmake_args': None, 'catkin_skip_building_tests': False, 'cmake_args': None, 'cmake_clean_cache': False, 'cmake_clean_first': False, 'cmake_force_configure': False, 'cmake_target': None, 'cmake_target_skip_unavailable': False, 'install_base': '/home/w/work/moveit2_handeye_calib/install/traj_smoother_py', 'merge_install': False, 'path': '/home/w/work/moveit2_handeye_calib/TG620/traj_smoother_py', 'symlink_install': False, 'test_result_base': None}
[0.289s] Level 5:colcon.colcon_core.verb:set package 'arm380_config' build argument 'cmake_args' from command line to 'None'
[0.289s] Level 5:colcon.colcon_core.verb:set package 'arm380_config' build argument 'cmake_target' from command line to 'None'
[0.289s] Level 5:colcon.colcon_core.verb:set package 'arm380_config' build argument 'cmake_target_skip_unavailable' from command line to 'False'
[0.289s] Level 5:colcon.colcon_core.verb:set package 'arm380_config' build argument 'cmake_clean_cache' from command line to 'False'
[0.289s] Level 5:colcon.colcon_core.verb:set package 'arm380_config' build argument 'cmake_clean_first' from command line to 'False'
[0.289s] Level 5:colcon.colcon_core.verb:set package 'arm380_config' build argument 'cmake_force_configure' from command line to 'False'
[0.289s] Level 5:colcon.colcon_core.verb:set package 'arm380_config' build argument 'ament_cmake_args' from command line to 'None'
[0.289s] Level 5:colcon.colcon_core.verb:set package 'arm380_config' build argument 'catkin_cmake_args' from command line to 'None'
[0.289s] Level 5:colcon.colcon_core.verb:set package 'arm380_config' build argument 'catkin_skip_building_tests' from command line to 'False'
[0.289s] DEBUG:colcon.colcon_core.verb:Building package 'arm380_config' with the following arguments: {'ament_cmake_args': None, 'build_base': '/home/w/work/moveit2_handeye_calib/build/arm380_config', 'catkin_cmake_args': None, 'catkin_skip_building_tests': False, 'cmake_args': None, 'cmake_clean_cache': False, 'cmake_clean_first': False, 'cmake_force_configure': False, 'cmake_target': None, 'cmake_target_skip_unavailable': False, 'install_base': '/home/w/work/moveit2_handeye_calib/install/arm380_config', 'merge_install': False, 'path': '/home/w/work/moveit2_handeye_calib/TG620/robot_config/arm380_config', 'symlink_install': False, 'test_result_base': None}
[0.289s] Level 5:colcon.colcon_core.verb:set package 'arm620_config' build argument 'cmake_args' from command line to 'None'
[0.289s] Level 5:colcon.colcon_core.verb:set package 'arm620_config' build argument 'cmake_target' from command line to 'None'
[0.289s] Level 5:colcon.colcon_core.verb:set package 'arm620_config' build argument 'cmake_target_skip_unavailable' from command line to 'False'
[0.289s] Level 5:colcon.colcon_core.verb:set package 'arm620_config' build argument 'cmake_clean_cache' from command line to 'False'
[0.289s] Level 5:colcon.colcon_core.verb:set package 'arm620_config' build argument 'cmake_clean_first' from command line to 'False'
[0.289s] Level 5:colcon.colcon_core.verb:set package 'arm620_config' build argument 'cmake_force_configure' from command line to 'False'
[0.289s] Level 5:colcon.colcon_core.verb:set package 'arm620_config' build argument 'ament_cmake_args' from command line to 'None'
[0.289s] Level 5:colcon.colcon_core.verb:set package 'arm620_config' build argument 'catkin_cmake_args' from command line to 'None'
[0.289s] Level 5:colcon.colcon_core.verb:set package 'arm620_config' build argument 'catkin_skip_building_tests' from command line to 'False'
[0.289s] DEBUG:colcon.colcon_core.verb:Building package 'arm620_config' with the following arguments: {'ament_cmake_args': None, 'build_base': '/home/w/work/moveit2_handeye_calib/build/arm620_config', 'catkin_cmake_args': None, 'catkin_skip_building_tests': False, 'cmake_args': None, 'cmake_clean_cache': False, 'cmake_clean_first': False, 'cmake_force_configure': False, 'cmake_target': None, 'cmake_target_skip_unavailable': False, 'install_base': '/home/w/work/moveit2_handeye_calib/install/arm620_config', 'merge_install': False, 'path': '/home/w/work/moveit2_handeye_calib/TG620/robot_config/arm620_config', 'symlink_install': False, 'test_result_base': None}
[0.290s] Level 5:colcon.colcon_core.verb:set package 'arm620_dh_config' build argument 'cmake_args' from command line to 'None'
[0.290s] Level 5:colcon.colcon_core.verb:set package 'arm620_dh_config' build argument 'cmake_target' from command line to 'None'
[0.290s] Level 5:colcon.colcon_core.verb:set package 'arm620_dh_config' build argument 'cmake_target_skip_unavailable' from command line to 'False'
[0.290s] Level 5:colcon.colcon_core.verb:set package 'arm620_dh_config' build argument 'cmake_clean_cache' from command line to 'False'
[0.290s] Level 5:colcon.colcon_core.verb:set package 'arm620_dh_config' build argument 'cmake_clean_first' from command line to 'False'
[0.290s] Level 5:colcon.colcon_core.verb:set package 'arm620_dh_config' build argument 'cmake_force_configure' from command line to 'False'
[0.290s] Level 5:colcon.colcon_core.verb:set package 'arm620_dh_config' build argument 'ament_cmake_args' from command line to 'None'
[0.290s] Level 5:colcon.colcon_core.verb:set package 'arm620_dh_config' build argument 'catkin_cmake_args' from command line to 'None'
[0.290s] Level 5:colcon.colcon_core.verb:set package 'arm620_dh_config' build argument 'catkin_skip_building_tests' from command line to 'False'
[0.290s] DEBUG:colcon.colcon_core.verb:Building package 'arm620_dh_config' with the following arguments: {'ament_cmake_args': None, 'build_base': '/home/w/work/moveit2_handeye_calib/build/arm620_dh_config', 'catkin_cmake_args': None, 'catkin_skip_building_tests': False, 'cmake_args': None, 'cmake_clean_cache': False, 'cmake_clean_first': False, 'cmake_force_configure': False, 'cmake_target': None, 'cmake_target_skip_unavailable': False, 'install_base': '/home/w/work/moveit2_handeye_calib/install/arm620_dh_config', 'merge_install': False, 'path': '/home/w/work/moveit2_handeye_calib/TG620/robot_config/arm620_dh_config', 'symlink_install': False, 'test_result_base': None}
[0.290s] Level 5:colcon.colcon_core.verb:set package 'motor_control_logger' build argument 'cmake_args' from command line to 'None'
[0.290s] Level 5:colcon.colcon_core.verb:set package 'motor_control_logger' build argument 'cmake_target' from command line to 'None'
[0.290s] Level 5:colcon.colcon_core.verb:set package 'motor_control_logger' build argument 'cmake_target_skip_unavailable' from command line to 'False'
[0.290s] Level 5:colcon.colcon_core.verb:set package 'motor_control_logger' build argument 'cmake_clean_cache' from command line to 'False'
[0.290s] Level 5:colcon.colcon_core.verb:set package 'motor_control_logger' build argument 'cmake_clean_first' from command line to 'False'
[0.290s] Level 5:colcon.colcon_core.verb:set package 'motor_control_logger' build argument 'cmake_force_configure' from command line to 'False'
[0.290s] Level 5:colcon.colcon_core.verb:set package 'motor_control_logger' build argument 'ament_cmake_args' from command line to 'None'
[0.290s] Level 5:colcon.colcon_core.verb:set package 'motor_control_logger' build argument 'catkin_cmake_args' from command line to 'None'
[0.290s] Level 5:colcon.colcon_core.verb:set package 'motor_control_logger' build argument 'catkin_skip_building_tests' from command line to 'False'
[0.290s] DEBUG:colcon.colcon_core.verb:Building package 'motor_control_logger' with the following arguments: {'ament_cmake_args': None, 'build_base': '/home/w/work/moveit2_handeye_calib/build/motor_control_logger', 'catkin_cmake_args': None, 'catkin_skip_building_tests': False, 'cmake_args': None, 'cmake_clean_cache': False, 'cmake_clean_first': False, 'cmake_force_configure': False, 'cmake_target': None, 'cmake_target_skip_unavailable': False, 'install_base': '/home/w/work/moveit2_handeye_calib/install/motor_control_logger', 'merge_install': False, 'path': '/home/w/work/moveit2_handeye_calib/TG620/motor_control_logger', 'symlink_install': False, 'test_result_base': None}
[0.290s] Level 5:colcon.colcon_core.verb:set package 'moveit_calibration_gui' build argument 'cmake_args' from command line to 'None'
[0.290s] Level 5:colcon.colcon_core.verb:set package 'moveit_calibration_gui' build argument 'cmake_target' from command line to 'None'
[0.290s] Level 5:colcon.colcon_core.verb:set package 'moveit_calibration_gui' build argument 'cmake_target_skip_unavailable' from command line to 'False'
[0.290s] Level 5:colcon.colcon_core.verb:set package 'moveit_calibration_gui' build argument 'cmake_clean_cache' from command line to 'False'
[0.290s] Level 5:colcon.colcon_core.verb:set package 'moveit_calibration_gui' build argument 'cmake_clean_first' from command line to 'False'
[0.290s] Level 5:colcon.colcon_core.verb:set package 'moveit_calibration_gui' build argument 'cmake_force_configure' from command line to 'False'
[0.290s] Level 5:colcon.colcon_core.verb:set package 'moveit_calibration_gui' build argument 'ament_cmake_args' from command line to 'None'
[0.290s] Level 5:colcon.colcon_core.verb:set package 'moveit_calibration_gui' build argument 'catkin_cmake_args' from command line to 'None'
[0.290s] Level 5:colcon.colcon_core.verb:set package 'moveit_calibration_gui' build argument 'catkin_skip_building_tests' from command line to 'False'
[0.290s] DEBUG:colcon.colcon_core.verb:Building package 'moveit_calibration_gui' with the following arguments: {'ament_cmake_args': None, 'build_base': '/home/w/work/moveit2_handeye_calib/build/moveit_calibration_gui', 'catkin_cmake_args': None, 'catkin_skip_building_tests': False, 'cmake_args': None, 'cmake_clean_cache': False, 'cmake_clean_first': False, 'cmake_force_configure': False, 'cmake_target': None, 'cmake_target_skip_unavailable': False, 'install_base': '/home/w/work/moveit2_handeye_calib/install/moveit_calibration_gui', 'merge_install': False, 'path': '/home/w/work/moveit2_handeye_calib/moveit2_calibration/moveit_calibration_gui', 'symlink_install': False, 'test_result_base': None}
[0.291s] Level 5:colcon.colcon_core.verb:set package 'robot_control' build argument 'cmake_args' from command line to 'None'
[0.291s] Level 5:colcon.colcon_core.verb:set package 'robot_control' build argument 'cmake_target' from command line to 'None'
[0.291s] Level 5:colcon.colcon_core.verb:set package 'robot_control' build argument 'cmake_target_skip_unavailable' from command line to 'False'
[0.291s] Level 5:colcon.colcon_core.verb:set package 'robot_control' build argument 'cmake_clean_cache' from command line to 'False'
[0.291s] Level 5:colcon.colcon_core.verb:set package 'robot_control' build argument 'cmake_clean_first' from command line to 'False'
[0.291s] Level 5:colcon.colcon_core.verb:set package 'robot_control' build argument 'cmake_force_configure' from command line to 'False'
[0.291s] Level 5:colcon.colcon_core.verb:set package 'robot_control' build argument 'ament_cmake_args' from command line to 'None'
[0.291s] Level 5:colcon.colcon_core.verb:set package 'robot_control' build argument 'catkin_cmake_args' from command line to 'None'
[0.291s] Level 5:colcon.colcon_core.verb:set package 'robot_control' build argument 'catkin_skip_building_tests' from command line to 'False'
[0.291s] DEBUG:colcon.colcon_core.verb:Building package 'robot_control' with the following arguments: {'ament_cmake_args': None, 'build_base': '/home/w/work/moveit2_handeye_calib/build/robot_control', 'catkin_cmake_args': None, 'catkin_skip_building_tests': False, 'cmake_args': None, 'cmake_clean_cache': False, 'cmake_clean_first': False, 'cmake_force_configure': False, 'cmake_target': None, 'cmake_target_skip_unavailable': False, 'install_base': '/home/w/work/moveit2_handeye_calib/install/robot_control', 'merge_install': False, 'path': '/home/w/work/moveit2_handeye_calib/TG620/robot_control', 'symlink_install': False, 'test_result_base': None}
[0.291s] Level 5:colcon.colcon_core.verb:set package 'robot_input' build argument 'cmake_args' from command line to 'None'
[0.291s] Level 5:colcon.colcon_core.verb:set package 'robot_input' build argument 'cmake_target' from command line to 'None'
[0.291s] Level 5:colcon.colcon_core.verb:set package 'robot_input' build argument 'cmake_target_skip_unavailable' from command line to 'False'
[0.291s] Level 5:colcon.colcon_core.verb:set package 'robot_input' build argument 'cmake_clean_cache' from command line to 'False'
[0.291s] Level 5:colcon.colcon_core.verb:set package 'robot_input' build argument 'cmake_clean_first' from command line to 'False'
[0.291s] Level 5:colcon.colcon_core.verb:set package 'robot_input' build argument 'cmake_force_configure' from command line to 'False'
[0.291s] Level 5:colcon.colcon_core.verb:set package 'robot_input' build argument 'ament_cmake_args' from command line to 'None'
[0.291s] Level 5:colcon.colcon_core.verb:set package 'robot_input' build argument 'catkin_cmake_args' from command line to 'None'
[0.291s] Level 5:colcon.colcon_core.verb:set package 'robot_input' build argument 'catkin_skip_building_tests' from command line to 'False'
[0.291s] DEBUG:colcon.colcon_core.verb:Building package 'robot_input' with the following arguments: {'ament_cmake_args': None, 'build_base': '/home/w/work/moveit2_handeye_calib/build/robot_input', 'catkin_cmake_args': None, 'catkin_skip_building_tests': False, 'cmake_args': None, 'cmake_clean_cache': False, 'cmake_clean_first': False, 'cmake_force_configure': False, 'cmake_target': None, 'cmake_target_skip_unavailable': False, 'install_base': '/home/w/work/moveit2_handeye_calib/install/robot_input', 'merge_install': False, 'path': '/home/w/work/moveit2_handeye_calib/TG620/robot_input', 'symlink_install': False, 'test_result_base': None}
[0.291s] Level 5:colcon.colcon_core.verb:set package 'robot_sdk' build argument 'cmake_args' from command line to 'None'
[0.291s] Level 5:colcon.colcon_core.verb:set package 'robot_sdk' build argument 'cmake_target' from command line to 'None'
[0.291s] Level 5:colcon.colcon_core.verb:set package 'robot_sdk' build argument 'cmake_target_skip_unavailable' from command line to 'False'
[0.291s] Level 5:colcon.colcon_core.verb:set package 'robot_sdk' build argument 'cmake_clean_cache' from command line to 'False'
[0.291s] Level 5:colcon.colcon_core.verb:set package 'robot_sdk' build argument 'cmake_clean_first' from command line to 'False'
[0.291s] Level 5:colcon.colcon_core.verb:set package 'robot_sdk' build argument 'cmake_force_configure' from command line to 'False'
[0.291s] Level 5:colcon.colcon_core.verb:set package 'robot_sdk' build argument 'ament_cmake_args' from command line to 'None'
[0.291s] Level 5:colcon.colcon_core.verb:set package 'robot_sdk' build argument 'catkin_cmake_args' from command line to 'None'
[0.291s] Level 5:colcon.colcon_core.verb:set package 'robot_sdk' build argument 'catkin_skip_building_tests' from command line to 'False'
[0.291s] DEBUG:colcon.colcon_core.verb:Building package 'robot_sdk' with the following arguments: {'ament_cmake_args': None, 'build_base': '/home/w/work/moveit2_handeye_calib/build/robot_sdk', 'catkin_cmake_args': None, 'catkin_skip_building_tests': False, 'cmake_args': None, 'cmake_clean_cache': False, 'cmake_clean_first': False, 'cmake_force_configure': False, 'cmake_target': None, 'cmake_target_skip_unavailable': False, 'install_base': '/home/w/work/moveit2_handeye_calib/install/robot_sdk', 'merge_install': False, 'path': '/home/w/work/moveit2_handeye_calib/TG620/robot_sdk', 'symlink_install': False, 'test_result_base': None}
[0.292s] Level 5:colcon.colcon_core.verb:set package 'robot_test_py' build argument 'cmake_args' from command line to 'None'
[0.292s] Level 5:colcon.colcon_core.verb:set package 'robot_test_py' build argument 'cmake_target' from command line to 'None'
[0.292s] Level 5:colcon.colcon_core.verb:set package 'robot_test_py' build argument 'cmake_target_skip_unavailable' from command line to 'False'
[0.292s] Level 5:colcon.colcon_core.verb:set package 'robot_test_py' build argument 'cmake_clean_cache' from command line to 'False'
[0.292s] Level 5:colcon.colcon_core.verb:set package 'robot_test_py' build argument 'cmake_clean_first' from command line to 'False'
[0.292s] Level 5:colcon.colcon_core.verb:set package 'robot_test_py' build argument 'cmake_force_configure' from command line to 'False'
[0.292s] Level 5:colcon.colcon_core.verb:set package 'robot_test_py' build argument 'ament_cmake_args' from command line to 'None'
[0.292s] Level 5:colcon.colcon_core.verb:set package 'robot_test_py' build argument 'catkin_cmake_args' from command line to 'None'
[0.292s] Level 5:colcon.colcon_core.verb:set package 'robot_test_py' build argument 'catkin_skip_building_tests' from command line to 'False'
[0.292s] DEBUG:colcon.colcon_core.verb:Building package 'robot_test_py' with the following arguments: {'ament_cmake_args': None, 'build_base': '/home/w/work/moveit2_handeye_calib/build/robot_test_py', 'catkin_cmake_args': None, 'catkin_skip_building_tests': False, 'cmake_args': None, 'cmake_clean_cache': False, 'cmake_clean_first': False, 'cmake_force_configure': False, 'cmake_target': None, 'cmake_target_skip_unavailable': False, 'install_base': '/home/w/work/moveit2_handeye_calib/install/robot_test_py', 'merge_install': False, 'path': '/home/w/work/moveit2_handeye_calib/TG620/robot_test_py', 'symlink_install': False, 'test_result_base': None}
[0.292s] Level 5:colcon.colcon_core.verb:set package 'ros2_socketcan' build argument 'cmake_args' from command line to 'None'
[0.292s] Level 5:colcon.colcon_core.verb:set package 'ros2_socketcan' build argument 'cmake_target' from command line to 'None'
[0.292s] Level 5:colcon.colcon_core.verb:set package 'ros2_socketcan' build argument 'cmake_target_skip_unavailable' from command line to 'False'
[0.292s] Level 5:colcon.colcon_core.verb:set package 'ros2_socketcan' build argument 'cmake_clean_cache' from command line to 'False'
[0.292s] Level 5:colcon.colcon_core.verb:set package 'ros2_socketcan' build argument 'cmake_clean_first' from command line to 'False'
[0.292s] Level 5:colcon.colcon_core.verb:set package 'ros2_socketcan' build argument 'cmake_force_configure' from command line to 'False'
[0.292s] Level 5:colcon.colcon_core.verb:set package 'ros2_socketcan' build argument 'ament_cmake_args' from command line to 'None'
[0.292s] Level 5:colcon.colcon_core.verb:set package 'ros2_socketcan' build argument 'catkin_cmake_args' from command line to 'None'
[0.292s] Level 5:colcon.colcon_core.verb:set package 'ros2_socketcan' build argument 'catkin_skip_building_tests' from command line to 'False'
[0.292s] DEBUG:colcon.colcon_core.verb:Building package 'ros2_socketcan' with the following arguments: {'ament_cmake_args': None, 'build_base': '/home/w/work/moveit2_handeye_calib/build/ros2_socketcan', 'catkin_cmake_args': None, 'catkin_skip_building_tests': False, 'cmake_args': None, 'cmake_clean_cache': False, 'cmake_clean_first': False, 'cmake_force_configure': False, 'cmake_target': None, 'cmake_target_skip_unavailable': False, 'install_base': '/home/w/work/moveit2_handeye_calib/install/ros2_socketcan', 'merge_install': False, 'path': '/home/w/work/moveit2_handeye_calib/TG620/ros2_socketcan/ros2_socketcan', 'symlink_install': False, 'test_result_base': None}
[0.292s] Level 5:colcon.colcon_core.verb:set package 'moveit_calibration_demos' build argument 'cmake_args' from command line to 'None'
[0.292s] Level 5:colcon.colcon_core.verb:set package 'moveit_calibration_demos' build argument 'cmake_target' from command line to 'None'
[0.292s] Level 5:colcon.colcon_core.verb:set package 'moveit_calibration_demos' build argument 'cmake_target_skip_unavailable' from command line to 'False'
[0.292s] Level 5:colcon.colcon_core.verb:set package 'moveit_calibration_demos' build argument 'cmake_clean_cache' from command line to 'False'
[0.292s] Level 5:colcon.colcon_core.verb:set package 'moveit_calibration_demos' build argument 'cmake_clean_first' from command line to 'False'
[0.292s] Level 5:colcon.colcon_core.verb:set package 'moveit_calibration_demos' build argument 'cmake_force_configure' from command line to 'False'
[0.292s] Level 5:colcon.colcon_core.verb:set package 'moveit_calibration_demos' build argument 'ament_cmake_args' from command line to 'None'
[0.292s] Level 5:colcon.colcon_core.verb:set package 'moveit_calibration_demos' build argument 'catkin_cmake_args' from command line to 'None'
[0.292s] Level 5:colcon.colcon_core.verb:set package 'moveit_calibration_demos' build argument 'catkin_skip_building_tests' from command line to 'False'
[0.292s] DEBUG:colcon.colcon_core.verb:Building package 'moveit_calibration_demos' with the following arguments: {'ament_cmake_args': None, 'build_base': '/home/w/work/moveit2_handeye_calib/build/moveit_calibration_demos', 'catkin_cmake_args': None, 'catkin_skip_building_tests': False, 'cmake_args': None, 'cmake_clean_cache': False, 'cmake_clean_first': False, 'cmake_force_configure': False, 'cmake_target': None, 'cmake_target_skip_unavailable': False, 'install_base': '/home/w/work/moveit2_handeye_calib/install/moveit_calibration_demos', 'merge_install': False, 'path': '/home/w/work/moveit2_handeye_calib/moveit2_calibration/moveit_calibration_demos', 'symlink_install': False, 'test_result_base': None}
[0.293s] Level 5:colcon.colcon_core.verb:set package 'robot_driver' build argument 'cmake_args' from command line to 'None'
[0.293s] Level 5:colcon.colcon_core.verb:set package 'robot_driver' build argument 'cmake_target' from command line to 'None'
[0.293s] Level 5:colcon.colcon_core.verb:set package 'robot_driver' build argument 'cmake_target_skip_unavailable' from command line to 'False'
[0.293s] Level 5:colcon.colcon_core.verb:set package 'robot_driver' build argument 'cmake_clean_cache' from command line to 'False'
[0.293s] Level 5:colcon.colcon_core.verb:set package 'robot_driver' build argument 'cmake_clean_first' from command line to 'False'
[0.293s] Level 5:colcon.colcon_core.verb:set package 'robot_driver' build argument 'cmake_force_configure' from command line to 'False'
[0.293s] Level 5:colcon.colcon_core.verb:set package 'robot_driver' build argument 'ament_cmake_args' from command line to 'None'
[0.293s] Level 5:colcon.colcon_core.verb:set package 'robot_driver' build argument 'catkin_cmake_args' from command line to 'None'
[0.293s] Level 5:colcon.colcon_core.verb:set package 'robot_driver' build argument 'catkin_skip_building_tests' from command line to 'False'
[0.293s] DEBUG:colcon.colcon_core.verb:Building package 'robot_driver' with the following arguments: {'ament_cmake_args': None, 'build_base': '/home/w/work/moveit2_handeye_calib/build/robot_driver', 'catkin_cmake_args': None, 'catkin_skip_building_tests': False, 'cmake_args': None, 'cmake_clean_cache': False, 'cmake_clean_first': False, 'cmake_force_configure': False, 'cmake_target': None, 'cmake_target_skip_unavailable': False, 'install_base': '/home/w/work/moveit2_handeye_calib/install/robot_driver', 'merge_install': False, 'path': '/home/w/work/moveit2_handeye_calib/TG620/robot_driver', 'symlink_install': False, 'test_result_base': None}
[0.293s] Level 5:colcon.colcon_core.verb:set package 'robot_state_machine' build argument 'cmake_args' from command line to 'None'
[0.293s] Level 5:colcon.colcon_core.verb:set package 'robot_state_machine' build argument 'cmake_target' from command line to 'None'
[0.293s] Level 5:colcon.colcon_core.verb:set package 'robot_state_machine' build argument 'cmake_target_skip_unavailable' from command line to 'False'
[0.293s] Level 5:colcon.colcon_core.verb:set package 'robot_state_machine' build argument 'cmake_clean_cache' from command line to 'False'
[0.293s] Level 5:colcon.colcon_core.verb:set package 'robot_state_machine' build argument 'cmake_clean_first' from command line to 'False'
[0.293s] Level 5:colcon.colcon_core.verb:set package 'robot_state_machine' build argument 'cmake_force_configure' from command line to 'False'
[0.293s] Level 5:colcon.colcon_core.verb:set package 'robot_state_machine' build argument 'ament_cmake_args' from command line to 'None'
[0.293s] Level 5:colcon.colcon_core.verb:set package 'robot_state_machine' build argument 'catkin_cmake_args' from command line to 'None'
[0.293s] Level 5:colcon.colcon_core.verb:set package 'robot_state_machine' build argument 'catkin_skip_building_tests' from command line to 'False'
[0.293s] DEBUG:colcon.colcon_core.verb:Building package 'robot_state_machine' with the following arguments: {'ament_cmake_args': None, 'build_base': '/home/w/work/moveit2_handeye_calib/build/robot_state_machine', 'catkin_cmake_args': None, 'catkin_skip_building_tests': False, 'cmake_args': None, 'cmake_clean_cache': False, 'cmake_clean_first': False, 'cmake_force_configure': False, 'cmake_target': None, 'cmake_target_skip_unavailable': False, 'install_base': '/home/w/work/moveit2_handeye_calib/install/robot_state_machine', 'merge_install': False, 'path': '/home/w/work/moveit2_handeye_calib/TG620/robot_state_machine', 'symlink_install': False, 'test_result_base': None}
[0.293s] INFO:colcon.colcon_core.executor:Executing jobs using 'parallel' executor
[0.294s] DEBUG:colcon.colcon_parallel_executor.executor.parallel:run_until_complete
[0.294s] INFO:colcon.colcon_ros.task.ament_cmake.build:Building ROS package in '/home/w/work/moveit2_handeye_calib/TG620/robot_interfaces' with build type 'ament_cmake'
[0.294s] INFO:colcon.colcon_cmake.task.cmake.build:Building CMake package in '/home/w/work/moveit2_handeye_calib/TG620/robot_interfaces'
[0.296s] INFO:colcon.colcon_core.plugin_system:Skipping extension 'colcon_core.shell.bat': Not used on non-Windows systems
[0.296s] INFO:colcon.colcon_core.shell:Skip shell extension 'powershell' for command environment: Not usable outside of PowerShell
[0.296s] DEBUG:colcon.colcon_core.shell:Skip shell extension 'dsv' for command environment
[0.299s] INFO:colcon.colcon_ros.task.ament_cmake.build:Building ROS package in '/home/w/work/moveit2_handeye_calib/TG620/robot_description' with build type 'ament_cmake'
[0.299s] INFO:colcon.colcon_cmake.task.cmake.build:Building CMake package in '/home/w/work/moveit2_handeye_calib/TG620/robot_description'
[0.299s] INFO:colcon.colcon_core.shell:Skip shell extension 'powershell' for command environment: Not usable outside of PowerShell
[0.299s] DEBUG:colcon.colcon_core.shell:Skip shell extension 'dsv' for command environment
[0.302s] INFO:colcon.colcon_ros.task.ament_cmake.build:Building ROS package in '/home/w/work/moveit2_handeye_calib/TG620/ros2_socketcan/ros2_socketcan_msgs' with build type 'ament_cmake'
[0.302s] INFO:colcon.colcon_cmake.task.cmake.build:Building CMake package in '/home/w/work/moveit2_handeye_calib/TG620/ros2_socketcan/ros2_socketcan_msgs'
[0.302s] INFO:colcon.colcon_core.shell:Skip shell extension 'powershell' for command environment: Not usable outside of PowerShell
[0.302s] DEBUG:colcon.colcon_core.shell:Skip shell extension 'dsv' for command environment
[0.305s] INFO:colcon.colcon_ros.task.ament_cmake.build:Building ROS package in '/home/w/work/moveit2_handeye_calib/moveit2_calibration/moveit_calibration_plugins' with build type 'ament_cmake'
[0.305s] INFO:colcon.colcon_cmake.task.cmake.build:Building CMake package in '/home/w/work/moveit2_handeye_calib/moveit2_calibration/moveit_calibration_plugins'
[0.305s] INFO:colcon.colcon_core.shell:Skip shell extension 'powershell' for command environment: Not usable outside of PowerShell
[0.305s] DEBUG:colcon.colcon_core.shell:Skip shell extension 'dsv' for command environment
[0.307s] INFO:colcon.colcon_ros.task.ament_cmake.build:Building ROS package in '/home/w/work/moveit2_handeye_calib/TG620/robot_bringup' with build type 'ament_cmake'
[0.307s] INFO:colcon.colcon_cmake.task.cmake.build:Building CMake package in '/home/w/work/moveit2_handeye_calib/TG620/robot_bringup'
[0.308s] INFO:colcon.colcon_core.shell:Skip shell extension 'powershell' for command environment: Not usable outside of PowerShell
[0.308s] DEBUG:colcon.colcon_core.shell:Skip shell extension 'dsv' for command environment
[0.310s] INFO:colcon.colcon_ros.task.ament_python.build:Building ROS package in '/home/w/work/moveit2_handeye_calib/TG620/robot_dynamics' with build type 'ament_python'
[0.310s] Level 1:colcon.colcon_core.shell:create_environment_hook('robot_dynamics', 'ament_prefix_path')
[0.310s] INFO:colcon.colcon_core.shell:Creating environment hook '/home/w/work/moveit2_handeye_calib/install/robot_dynamics/share/robot_dynamics/hook/ament_prefix_path.ps1'
[0.311s] INFO:colcon.colcon_core.shell:Creating environment descriptor '/home/w/work/moveit2_handeye_calib/install/robot_dynamics/share/robot_dynamics/hook/ament_prefix_path.dsv'
[0.311s] INFO:colcon.colcon_core.shell:Creating environment hook '/home/w/work/moveit2_handeye_calib/install/robot_dynamics/share/robot_dynamics/hook/ament_prefix_path.sh'
[0.311s] INFO:colcon.colcon_core.shell:Skip shell extension 'powershell' for command environment: Not usable outside of PowerShell
[0.311s] DEBUG:colcon.colcon_core.shell:Skip shell extension 'dsv' for command environment
[0.314s] INFO:colcon.colcon_ros.task.ament_cmake.build:Building ROS package in '/home/w/work/moveit2_handeye_calib/TG620/robot_virtual_fence' with build type 'ament_cmake'
[0.314s] INFO:colcon.colcon_cmake.task.cmake.build:Building CMake package in '/home/w/work/moveit2_handeye_calib/TG620/robot_virtual_fence'
[0.314s] INFO:colcon.colcon_core.shell:Skip shell extension 'powershell' for command environment: Not usable outside of PowerShell
[0.314s] DEBUG:colcon.colcon_core.shell:Skip shell extension 'dsv' for command environment
[0.316s] INFO:colcon.colcon_ros.task.ament_python.build:Building ROS package in '/home/w/work/moveit2_handeye_calib/TG620/traj_smoother_py' with build type 'ament_python'
[0.316s] Level 1:colcon.colcon_core.shell:create_environment_hook('traj_smoother_py', 'ament_prefix_path')
[0.316s] INFO:colcon.colcon_core.shell:Creating environment hook '/home/w/work/moveit2_handeye_calib/install/traj_smoother_py/share/traj_smoother_py/hook/ament_prefix_path.ps1'
[0.317s] INFO:colcon.colcon_core.shell:Creating environment descriptor '/home/w/work/moveit2_handeye_calib/install/traj_smoother_py/share/traj_smoother_py/hook/ament_prefix_path.dsv'
[0.317s] INFO:colcon.colcon_core.shell:Creating environment hook '/home/w/work/moveit2_handeye_calib/install/traj_smoother_py/share/traj_smoother_py/hook/ament_prefix_path.sh'
[0.317s] INFO:colcon.colcon_core.shell:Skip shell extension 'powershell' for command environment: Not usable outside of PowerShell
[0.317s] DEBUG:colcon.colcon_core.shell:Skip shell extension 'dsv' for command environment
[0.323s] DEBUG:colcon.colcon_core.event_handler.log_command:Invoking command in '/home/w/work/moveit2_handeye_calib/build/robot_interfaces': CMAKE_PREFIX_PATH=${CMAKE_PREFIX_PATH}:/home/w/work/moveit2_handeye_calib/install/traj_smoother_py:/home/w/work/moveit2_handeye_calib/install/robot_test_py:/home/w/work/moveit2_handeye_calib/install/robot_input:/home/w/work/moveit2_handeye_calib/install/robot_dynamics:/opt/ros/humble /usr/bin/cmake --build /home/w/work/moveit2_handeye_calib/build/robot_interfaces -- -j28 -l28
[0.324s] DEBUG:colcon.colcon_core.event_handler.log_command:Invoking command in '/home/w/work/moveit2_handeye_calib/build/robot_description': CMAKE_PREFIX_PATH=${CMAKE_PREFIX_PATH}:/home/w/work/moveit2_handeye_calib/install/traj_smoother_py:/home/w/work/moveit2_handeye_calib/install/robot_test_py:/home/w/work/moveit2_handeye_calib/install/robot_input:/home/w/work/moveit2_handeye_calib/install/robot_dynamics:/opt/ros/humble /usr/bin/cmake --build /home/w/work/moveit2_handeye_calib/build/robot_description -- -j28 -l28
[0.326s] DEBUG:colcon.colcon_core.event_handler.log_command:Invoking command in '/home/w/work/moveit2_handeye_calib/build/ros2_socketcan_msgs': CMAKE_PREFIX_PATH=${CMAKE_PREFIX_PATH}:/home/w/work/moveit2_handeye_calib/install/traj_smoother_py:/home/w/work/moveit2_handeye_calib/install/robot_test_py:/home/w/work/moveit2_handeye_calib/install/robot_input:/home/w/work/moveit2_handeye_calib/install/robot_dynamics:/opt/ros/humble /usr/bin/cmake --build /home/w/work/moveit2_handeye_calib/build/ros2_socketcan_msgs -- -j28 -l28
[0.327s] DEBUG:colcon.colcon_core.event_handler.log_command:Invoking command in '/home/w/work/moveit2_handeye_calib/build/moveit_calibration_plugins': CMAKE_PREFIX_PATH=${CMAKE_PREFIX_PATH}:/home/w/work/moveit2_handeye_calib/install/traj_smoother_py:/home/w/work/moveit2_handeye_calib/install/robot_test_py:/home/w/work/moveit2_handeye_calib/install/robot_input:/home/w/work/moveit2_handeye_calib/install/robot_dynamics:/opt/ros/humble /usr/bin/cmake --build /home/w/work/moveit2_handeye_calib/build/moveit_calibration_plugins -- -j28 -l28
[0.329s] DEBUG:colcon.colcon_core.event_handler.log_command:Invoking command in '/home/w/work/moveit2_handeye_calib/build/robot_bringup': CMAKE_PREFIX_PATH=${CMAKE_PREFIX_PATH}:/home/w/work/moveit2_handeye_calib/install/traj_smoother_py:/home/w/work/moveit2_handeye_calib/install/robot_test_py:/home/w/work/moveit2_handeye_calib/install/robot_input:/home/w/work/moveit2_handeye_calib/install/robot_dynamics:/opt/ros/humble /usr/bin/cmake --build /home/w/work/moveit2_handeye_calib/build/robot_bringup -- -j28 -l28
[0.492s] INFO:colcon.colcon_core.task.python.build:Building Python package in '/home/w/work/moveit2_handeye_calib/TG620/robot_dynamics'
[0.492s] INFO:colcon.colcon_core.shell:Skip shell extension 'powershell' for command environment: Not usable outside of PowerShell
[0.492s] DEBUG:colcon.colcon_core.shell:Skip shell extension 'dsv' for command environment
[0.498s] DEBUG:colcon.colcon_core.event_handler.log_command:Invoking command in '/home/w/work/moveit2_handeye_calib/build/robot_virtual_fence': CMAKE_PREFIX_PATH=${CMAKE_PREFIX_PATH}:/home/w/work/moveit2_handeye_calib/install/traj_smoother_py:/home/w/work/moveit2_handeye_calib/install/robot_test_py:/home/w/work/moveit2_handeye_calib/install/robot_input:/home/w/work/moveit2_handeye_calib/install/robot_dynamics:/opt/ros/humble /usr/bin/cmake --build /home/w/work/moveit2_handeye_calib/build/robot_virtual_fence -- -j28 -l28
[0.660s] INFO:colcon.colcon_core.task.python.build:Building Python package in '/home/w/work/moveit2_handeye_calib/TG620/traj_smoother_py'
[0.660s] INFO:colcon.colcon_core.shell:Skip shell extension 'powershell' for command environment: Not usable outside of PowerShell
[0.660s] DEBUG:colcon.colcon_core.shell:Skip shell extension 'dsv' for command environment
[0.668s] DEBUG:colcon.colcon_core.event_handler.log_command:Invoked command in '/home/w/work/moveit2_handeye_calib/build/robot_description' returned '0': CMAKE_PREFIX_PATH=${CMAKE_PREFIX_PATH}:/home/w/work/moveit2_handeye_calib/install/traj_smoother_py:/home/w/work/moveit2_handeye_calib/install/robot_test_py:/home/w/work/moveit2_handeye_calib/install/robot_input:/home/w/work/moveit2_handeye_calib/install/robot_dynamics:/opt/ros/humble /usr/bin/cmake --build /home/w/work/moveit2_handeye_calib/build/robot_description -- -j28 -l28
[0.676s] DEBUG:colcon.colcon_core.event_handler.log_command:Invoking command in '/home/w/work/moveit2_handeye_calib/build/robot_description': CMAKE_PREFIX_PATH=${CMAKE_PREFIX_PATH}:/home/w/work/moveit2_handeye_calib/install/traj_smoother_py:/home/w/work/moveit2_handeye_calib/install/robot_test_py:/home/w/work/moveit2_handeye_calib/install/robot_input:/home/w/work/moveit2_handeye_calib/install/robot_dynamics:/opt/ros/humble /usr/bin/cmake --install /home/w/work/moveit2_handeye_calib/build/robot_description
[0.676s] DEBUG:colcon.colcon_core.event_handler.log_command:Invoked command in '/home/w/work/moveit2_handeye_calib/build/robot_bringup' returned '0': CMAKE_PREFIX_PATH=${CMAKE_PREFIX_PATH}:/home/w/work/moveit2_handeye_calib/install/traj_smoother_py:/home/w/work/moveit2_handeye_calib/install/robot_test_py:/home/w/work/moveit2_handeye_calib/install/robot_input:/home/w/work/moveit2_handeye_calib/install/robot_dynamics:/opt/ros/humble /usr/bin/cmake --build /home/w/work/moveit2_handeye_calib/build/robot_bringup -- -j28 -l28
[0.676s] DEBUG:colcon.colcon_core.event_handler.log_command:Invoking command in '/home/w/work/moveit2_handeye_calib/build/robot_bringup': CMAKE_PREFIX_PATH=${CMAKE_PREFIX_PATH}:/home/w/work/moveit2_handeye_calib/install/traj_smoother_py:/home/w/work/moveit2_handeye_calib/install/robot_test_py:/home/w/work/moveit2_handeye_calib/install/robot_input:/home/w/work/moveit2_handeye_calib/install/robot_dynamics:/opt/ros/humble /usr/bin/cmake --install /home/w/work/moveit2_handeye_calib/build/robot_bringup
[0.676s] DEBUG:colcon.colcon_core.event_handler.log_command:Invoked command in '/home/w/work/moveit2_handeye_calib/build/moveit_calibration_plugins' returned '0': CMAKE_PREFIX_PATH=${CMAKE_PREFIX_PATH}:/home/w/work/moveit2_handeye_calib/install/traj_smoother_py:/home/w/work/moveit2_handeye_calib/install/robot_test_py:/home/w/work/moveit2_handeye_calib/install/robot_input:/home/w/work/moveit2_handeye_calib/install/robot_dynamics:/opt/ros/humble /usr/bin/cmake --build /home/w/work/moveit2_handeye_calib/build/moveit_calibration_plugins -- -j28 -l28
[0.678s] DEBUG:colcon.colcon_core.event_handler.log_command:Invoking command in '/home/w/work/moveit2_handeye_calib/build/moveit_calibration_plugins': CMAKE_PREFIX_PATH=${CMAKE_PREFIX_PATH}:/home/w/work/moveit2_handeye_calib/install/traj_smoother_py:/home/w/work/moveit2_handeye_calib/install/robot_test_py:/home/w/work/moveit2_handeye_calib/install/robot_input:/home/w/work/moveit2_handeye_calib/install/robot_dynamics:/opt/ros/humble /usr/bin/cmake --install /home/w/work/moveit2_handeye_calib/build/moveit_calibration_plugins
[0.683s] DEBUG:colcon.colcon_core.event_handler.log_command:Invoked command in '/home/w/work/moveit2_handeye_calib/build/ros2_socketcan_msgs' returned '0': CMAKE_PREFIX_PATH=${CMAKE_PREFIX_PATH}:/home/w/work/moveit2_handeye_calib/install/traj_smoother_py:/home/w/work/moveit2_handeye_calib/install/robot_test_py:/home/w/work/moveit2_handeye_calib/install/robot_input:/home/w/work/moveit2_handeye_calib/install/robot_dynamics:/opt/ros/humble /usr/bin/cmake --build /home/w/work/moveit2_handeye_calib/build/ros2_socketcan_msgs -- -j28 -l28
[0.688s] DEBUG:colcon.colcon_core.event_handler.log_command:Invoking command in '/home/w/work/moveit2_handeye_calib/build/ros2_socketcan_msgs': CMAKE_PREFIX_PATH=${CMAKE_PREFIX_PATH}:/home/w/work/moveit2_handeye_calib/install/traj_smoother_py:/home/w/work/moveit2_handeye_calib/install/robot_test_py:/home/w/work/moveit2_handeye_calib/install/robot_input:/home/w/work/moveit2_handeye_calib/install/robot_dynamics:/opt/ros/humble /usr/bin/cmake --install /home/w/work/moveit2_handeye_calib/build/ros2_socketcan_msgs
[0.688s] DEBUG:colcon.colcon_core.event_handler.log_command:Invoked command in '/home/w/work/moveit2_handeye_calib/build/robot_interfaces' returned '0': CMAKE_PREFIX_PATH=${CMAKE_PREFIX_PATH}:/home/w/work/moveit2_handeye_calib/install/traj_smoother_py:/home/w/work/moveit2_handeye_calib/install/robot_test_py:/home/w/work/moveit2_handeye_calib/install/robot_input:/home/w/work/moveit2_handeye_calib/install/robot_dynamics:/opt/ros/humble /usr/bin/cmake --build /home/w/work/moveit2_handeye_calib/build/robot_interfaces -- -j28 -l28
[0.690s] DEBUG:colcon.colcon_core.event_handler.log_command:Invoking command in '/home/w/work/moveit2_handeye_calib/build/robot_interfaces': CMAKE_PREFIX_PATH=${CMAKE_PREFIX_PATH}:/home/w/work/moveit2_handeye_calib/install/traj_smoother_py:/home/w/work/moveit2_handeye_calib/install/robot_test_py:/home/w/work/moveit2_handeye_calib/install/robot_input:/home/w/work/moveit2_handeye_calib/install/robot_dynamics:/opt/ros/humble /usr/bin/cmake --install /home/w/work/moveit2_handeye_calib/build/robot_interfaces
[0.690s] DEBUG:colcon.colcon_core.event_handler.log_command:Invoked command in '/home/w/work/moveit2_handeye_calib/build/robot_virtual_fence' returned '0': CMAKE_PREFIX_PATH=${CMAKE_PREFIX_PATH}:/home/w/work/moveit2_handeye_calib/install/traj_smoother_py:/home/w/work/moveit2_handeye_calib/install/robot_test_py:/home/w/work/moveit2_handeye_calib/install/robot_input:/home/w/work/moveit2_handeye_calib/install/robot_dynamics:/opt/ros/humble /usr/bin/cmake --build /home/w/work/moveit2_handeye_calib/build/robot_virtual_fence -- -j28 -l28
[0.692s] DEBUG:colcon.colcon_core.event_handler.log_command:Invoking command in '/home/w/work/moveit2_handeye_calib/build/robot_virtual_fence': CMAKE_PREFIX_PATH=${CMAKE_PREFIX_PATH}:/home/w/work/moveit2_handeye_calib/install/traj_smoother_py:/home/w/work/moveit2_handeye_calib/install/robot_test_py:/home/w/work/moveit2_handeye_calib/install/robot_input:/home/w/work/moveit2_handeye_calib/install/robot_dynamics:/opt/ros/humble /usr/bin/cmake --install /home/w/work/moveit2_handeye_calib/build/robot_virtual_fence
[0.694s] Level 1:colcon.colcon_core.environment:create_environment_scripts_only(robot_description)
[0.695s] DEBUG:colcon.colcon_core.event_handler.log_command:Invoked command in '/home/w/work/moveit2_handeye_calib/build/robot_description' returned '0': CMAKE_PREFIX_PATH=${CMAKE_PREFIX_PATH}:/home/w/work/moveit2_handeye_calib/install/traj_smoother_py:/home/w/work/moveit2_handeye_calib/install/robot_test_py:/home/w/work/moveit2_handeye_calib/install/robot_input:/home/w/work/moveit2_handeye_calib/install/robot_dynamics:/opt/ros/humble /usr/bin/cmake --install /home/w/work/moveit2_handeye_calib/build/robot_description
[0.696s] Level 1:colcon.colcon_core.environment:checking '/home/w/work/moveit2_handeye_calib/install/robot_description' for CMake module files
[0.696s] Level 1:colcon.colcon_core.environment:checking '/home/w/work/moveit2_handeye_calib/install/robot_description' for CMake config files
[0.696s] Level 1:colcon.colcon_core.shell:create_environment_hook('robot_description', 'cmake_prefix_path')
[0.696s] INFO:colcon.colcon_core.shell:Creating environment hook '/home/w/work/moveit2_handeye_calib/install/robot_description/share/robot_description/hook/cmake_prefix_path.ps1'
[0.697s] INFO:colcon.colcon_core.shell:Creating environment descriptor '/home/w/work/moveit2_handeye_calib/install/robot_description/share/robot_description/hook/cmake_prefix_path.dsv'
[0.698s] INFO:colcon.colcon_core.shell:Creating environment hook '/home/w/work/moveit2_handeye_calib/install/robot_description/share/robot_description/hook/cmake_prefix_path.sh'
[0.698s] Level 1:colcon.colcon_core.environment:checking '/home/w/work/moveit2_handeye_calib/install/robot_description/bin'
[0.698s] Level 1:colcon.colcon_core.environment:checking '/home/w/work/moveit2_handeye_calib/install/robot_description/lib/pkgconfig/robot_description.pc'
[0.698s] Level 1:colcon.colcon_core.environment:checking '/home/w/work/moveit2_handeye_calib/install/robot_description/lib/python3.10/site-packages'
[0.699s] Level 1:colcon.colcon_core.environment:checking '/home/w/work/moveit2_handeye_calib/install/robot_description/bin'
[0.699s] INFO:colcon.colcon_core.shell:Creating package script '/home/w/work/moveit2_handeye_calib/install/robot_description/share/robot_description/package.ps1'
[0.700s] INFO:colcon.colcon_core.shell:Creating package descriptor '/home/w/work/moveit2_handeye_calib/install/robot_description/share/robot_description/package.dsv'
[0.700s] INFO:colcon.colcon_core.shell:Creating package script '/home/w/work/moveit2_handeye_calib/install/robot_description/share/robot_description/package.sh'
[0.701s] INFO:colcon.colcon_core.shell:Creating package script '/home/w/work/moveit2_handeye_calib/install/robot_description/share/robot_description/package.bash'
[0.702s] INFO:colcon.colcon_core.shell:Creating package script '/home/w/work/moveit2_handeye_calib/install/robot_description/share/robot_description/package.zsh'
[0.702s] Level 1:colcon.colcon_core.environment:create_file_with_runtime_dependencies(/home/w/work/moveit2_handeye_calib/install/robot_description/share/colcon-core/packages/robot_description)
[0.703s] Level 1:colcon.colcon_core.environment:create_environment_scripts_only(robot_description)
[0.703s] Level 1:colcon.colcon_core.environment:checking '/home/w/work/moveit2_handeye_calib/install/robot_description' for CMake module files
[0.704s] Level 1:colcon.colcon_core.environment:checking '/home/w/work/moveit2_handeye_calib/install/robot_description' for CMake config files
[0.704s] Level 1:colcon.colcon_core.shell:create_environment_hook('robot_description', 'cmake_prefix_path')
[0.705s] INFO:colcon.colcon_core.shell:Creating environment hook '/home/w/work/moveit2_handeye_calib/install/robot_description/share/robot_description/hook/cmake_prefix_path.ps1'
[0.770s] INFO:colcon.colcon_core.shell:Creating environment descriptor '/home/w/work/moveit2_handeye_calib/install/robot_description/share/robot_description/hook/cmake_prefix_path.dsv'
[0.771s] INFO:colcon.colcon_core.shell:Creating environment hook '/home/w/work/moveit2_handeye_calib/install/robot_description/share/robot_description/hook/cmake_prefix_path.sh'
[0.771s] Level 1:colcon.colcon_core.environment:checking '/home/w/work/moveit2_handeye_calib/install/robot_description/bin'
[0.771s] Level 1:colcon.colcon_core.environment:checking '/home/w/work/moveit2_handeye_calib/install/robot_description/lib/pkgconfig/robot_description.pc'
[0.771s] Level 1:colcon.colcon_core.environment:checking '/home/w/work/moveit2_handeye_calib/install/robot_description/lib/python3.10/site-packages'
[0.771s] Level 1:colcon.colcon_core.environment:checking '/home/w/work/moveit2_handeye_calib/install/robot_description/bin'
[0.772s] INFO:colcon.colcon_core.shell:Creating package script '/home/w/work/moveit2_handeye_calib/install/robot_description/share/robot_description/package.ps1'
[0.772s] INFO:colcon.colcon_core.shell:Creating package descriptor '/home/w/work/moveit2_handeye_calib/install/robot_description/share/robot_description/package.dsv'
[0.772s] INFO:colcon.colcon_core.shell:Creating package script '/home/w/work/moveit2_handeye_calib/install/robot_description/share/robot_description/package.sh'
[0.772s] INFO:colcon.colcon_core.shell:Creating package script '/home/w/work/moveit2_handeye_calib/install/robot_description/share/robot_description/package.bash'
[0.773s] INFO:colcon.colcon_core.shell:Creating package script '/home/w/work/moveit2_handeye_calib/install/robot_description/share/robot_description/package.zsh'
[0.773s] Level 1:colcon.colcon_core.environment:create_file_with_runtime_dependencies(/home/w/work/moveit2_handeye_calib/install/robot_description/share/colcon-core/packages/robot_description)
[0.773s] Level 1:colcon.colcon_core.environment:create_environment_scripts_only(robot_bringup)
[0.773s] Level 1:colcon.colcon_core.environment:checking '/home/w/work/moveit2_handeye_calib/install/robot_bringup' for CMake module files
[0.774s] Level 1:colcon.colcon_core.environment:checking '/home/w/work/moveit2_handeye_calib/install/robot_bringup' for CMake config files
[0.774s] DEBUG:colcon.colcon_core.event_handler.log_command:Invoked command in '/home/w/work/moveit2_handeye_calib/build/robot_bringup' returned '0': CMAKE_PREFIX_PATH=${CMAKE_PREFIX_PATH}:/home/w/work/moveit2_handeye_calib/install/traj_smoother_py:/home/w/work/moveit2_handeye_calib/install/robot_test_py:/home/w/work/moveit2_handeye_calib/install/robot_input:/home/w/work/moveit2_handeye_calib/install/robot_dynamics:/opt/ros/humble /usr/bin/cmake --install /home/w/work/moveit2_handeye_calib/build/robot_bringup
[0.774s] Level 1:colcon.colcon_core.shell:create_environment_hook('robot_bringup', 'cmake_prefix_path')
[0.774s] INFO:colcon.colcon_core.shell:Creating environment hook '/home/w/work/moveit2_handeye_calib/install/robot_bringup/share/robot_bringup/hook/cmake_prefix_path.ps1'
[0.774s] INFO:colcon.colcon_core.shell:Creating environment descriptor '/home/w/work/moveit2_handeye_calib/install/robot_bringup/share/robot_bringup/hook/cmake_prefix_path.dsv'
[0.774s] INFO:colcon.colcon_core.shell:Creating environment hook '/home/w/work/moveit2_handeye_calib/install/robot_bringup/share/robot_bringup/hook/cmake_prefix_path.sh'
[0.775s] Level 1:colcon.colcon_core.environment:checking '/home/w/work/moveit2_handeye_calib/install/robot_bringup/bin'
[0.775s] Level 1:colcon.colcon_core.environment:checking '/home/w/work/moveit2_handeye_calib/install/robot_bringup/lib/pkgconfig/robot_bringup.pc'
[0.775s] Level 1:colcon.colcon_core.environment:checking '/home/w/work/moveit2_handeye_calib/install/robot_bringup/lib/python3.10/site-packages'
[0.775s] Level 1:colcon.colcon_core.environment:checking '/home/w/work/moveit2_handeye_calib/install/robot_bringup/bin'
[0.775s] INFO:colcon.colcon_core.shell:Creating package script '/home/w/work/moveit2_handeye_calib/install/robot_bringup/share/robot_bringup/package.ps1'
[0.776s] INFO:colcon.colcon_core.shell:Creating package descriptor '/home/w/work/moveit2_handeye_calib/install/robot_bringup/share/robot_bringup/package.dsv'
[0.776s] INFO:colcon.colcon_core.shell:Creating package script '/home/w/work/moveit2_handeye_calib/install/robot_bringup/share/robot_bringup/package.sh'
[0.776s] INFO:colcon.colcon_core.shell:Creating package script '/home/w/work/moveit2_handeye_calib/install/robot_bringup/share/robot_bringup/package.bash'
[0.776s] INFO:colcon.colcon_core.shell:Creating package script '/home/w/work/moveit2_handeye_calib/install/robot_bringup/share/robot_bringup/package.zsh'
[0.776s] Level 1:colcon.colcon_core.environment:create_file_with_runtime_dependencies(/home/w/work/moveit2_handeye_calib/install/robot_bringup/share/colcon-core/packages/robot_bringup)
[0.777s] Level 1:colcon.colcon_core.environment:create_environment_scripts_only(robot_bringup)
[0.777s] Level 1:colcon.colcon_core.environment:checking '/home/w/work/moveit2_handeye_calib/install/robot_bringup' for CMake module files
[0.777s] Level 1:colcon.colcon_core.environment:checking '/home/w/work/moveit2_handeye_calib/install/robot_bringup' for CMake config files
[0.777s] Level 1:colcon.colcon_core.shell:create_environment_hook('robot_bringup', 'cmake_prefix_path')
[0.777s] INFO:colcon.colcon_core.shell:Creating environment hook '/home/w/work/moveit2_handeye_calib/install/robot_bringup/share/robot_bringup/hook/cmake_prefix_path.ps1'
[0.777s] INFO:colcon.colcon_core.shell:Creating environment descriptor '/home/w/work/moveit2_handeye_calib/install/robot_bringup/share/robot_bringup/hook/cmake_prefix_path.dsv'
[0.777s] INFO:colcon.colcon_core.shell:Creating environment hook '/home/w/work/moveit2_handeye_calib/install/robot_bringup/share/robot_bringup/hook/cmake_prefix_path.sh'
[0.778s] Level 1:colcon.colcon_core.environment:checking '/home/w/work/moveit2_handeye_calib/install/robot_bringup/bin'
[0.778s] Level 1:colcon.colcon_core.environment:checking '/home/w/work/moveit2_handeye_calib/install/robot_bringup/lib/pkgconfig/robot_bringup.pc'
[0.778s] Level 1:colcon.colcon_core.environment:checking '/home/w/work/moveit2_handeye_calib/install/robot_bringup/lib/python3.10/site-packages'
[0.778s] Level 1:colcon.colcon_core.environment:checking '/home/w/work/moveit2_handeye_calib/install/robot_bringup/bin'
[0.778s] INFO:colcon.colcon_core.shell:Creating package script '/home/w/work/moveit2_handeye_calib/install/robot_bringup/share/robot_bringup/package.ps1'
[0.779s] INFO:colcon.colcon_core.shell:Creating package descriptor '/home/w/work/moveit2_handeye_calib/install/robot_bringup/share/robot_bringup/package.dsv'
[0.779s] INFO:colcon.colcon_core.shell:Creating package script '/home/w/work/moveit2_handeye_calib/install/robot_bringup/share/robot_bringup/package.sh'
[0.779s] INFO:colcon.colcon_core.shell:Creating package script '/home/w/work/moveit2_handeye_calib/install/robot_bringup/share/robot_bringup/package.bash'
[0.779s] INFO:colcon.colcon_core.shell:Creating package script '/home/w/work/moveit2_handeye_calib/install/robot_bringup/share/robot_bringup/package.zsh'
[0.779s] Level 1:colcon.colcon_core.environment:create_file_with_runtime_dependencies(/home/w/work/moveit2_handeye_calib/install/robot_bringup/share/colcon-core/packages/robot_bringup)
[0.780s] INFO:colcon.colcon_ros.task.ament_cmake.build:Building ROS package in '/home/w/work/moveit2_handeye_calib/TG620/robot_config/arm380_config' with build type 'ament_cmake'
[0.780s] INFO:colcon.colcon_cmake.task.cmake.build:Building CMake package in '/home/w/work/moveit2_handeye_calib/TG620/robot_config/arm380_config'
[0.780s] INFO:colcon.colcon_core.shell:Skip shell extension 'powershell' for command environment: Not usable outside of PowerShell
[0.780s] DEBUG:colcon.colcon_core.shell:Skip shell extension 'dsv' for command environment
[0.783s] INFO:colcon.colcon_ros.task.ament_cmake.build:Building ROS package in '/home/w/work/moveit2_handeye_calib/TG620/robot_config/arm620_config' with build type 'ament_cmake'
[0.783s] INFO:colcon.colcon_cmake.task.cmake.build:Building CMake package in '/home/w/work/moveit2_handeye_calib/TG620/robot_config/arm620_config'
[0.783s] INFO:colcon.colcon_core.shell:Skip shell extension 'powershell' for command environment: Not usable outside of PowerShell
[0.783s] DEBUG:colcon.colcon_core.shell:Skip shell extension 'dsv' for command environment
[0.786s] INFO:colcon.colcon_ros.task.ament_cmake.build:Building ROS package in '/home/w/work/moveit2_handeye_calib/TG620/robot_config/arm620_dh_config' with build type 'ament_cmake'
[0.786s] INFO:colcon.colcon_cmake.task.cmake.build:Building CMake package in '/home/w/work/moveit2_handeye_calib/TG620/robot_config/arm620_dh_config'
[0.786s] INFO:colcon.colcon_core.shell:Skip shell extension 'powershell' for command environment: Not usable outside of PowerShell
[0.786s] DEBUG:colcon.colcon_core.shell:Skip shell extension 'dsv' for command environment
[0.789s] Level 1:colcon.colcon_core.environment:create_environment_scripts_only(moveit_calibration_plugins)
[0.789s] Level 1:colcon.colcon_core.environment:checking '/home/w/work/moveit2_handeye_calib/install/moveit_calibration_plugins' for CMake module files
[0.789s] DEBUG:colcon.colcon_core.event_handler.log_command:Invoked command in '/home/w/work/moveit2_handeye_calib/build/moveit_calibration_plugins' returned '0': CMAKE_PREFIX_PATH=${CMAKE_PREFIX_PATH}:/home/w/work/moveit2_handeye_calib/install/traj_smoother_py:/home/w/work/moveit2_handeye_calib/install/robot_test_py:/home/w/work/moveit2_handeye_calib/install/robot_input:/home/w/work/moveit2_handeye_calib/install/robot_dynamics:/opt/ros/humble /usr/bin/cmake --install /home/w/work/moveit2_handeye_calib/build/moveit_calibration_plugins
[0.789s] Level 1:colcon.colcon_core.environment:checking '/home/w/work/moveit2_handeye_calib/install/moveit_calibration_plugins' for CMake config files
[0.790s] Level 1:colcon.colcon_core.shell:create_environment_hook('moveit_calibration_plugins', 'cmake_prefix_path')
[0.790s] INFO:colcon.colcon_core.shell:Creating environment hook '/home/w/work/moveit2_handeye_calib/install/moveit_calibration_plugins/share/moveit_calibration_plugins/hook/cmake_prefix_path.ps1'
[0.790s] INFO:colcon.colcon_core.shell:Creating environment descriptor '/home/w/work/moveit2_handeye_calib/install/moveit_calibration_plugins/share/moveit_calibration_plugins/hook/cmake_prefix_path.dsv'
[0.790s] INFO:colcon.colcon_core.shell:Creating environment hook '/home/w/work/moveit2_handeye_calib/install/moveit_calibration_plugins/share/moveit_calibration_plugins/hook/cmake_prefix_path.sh'
[0.790s] Level 1:colcon.colcon_core.environment:checking '/home/w/work/moveit2_handeye_calib/install/moveit_calibration_plugins/lib'
[0.791s] Level 1:colcon.colcon_core.shell:create_environment_hook('moveit_calibration_plugins', 'ld_library_path_lib')
[0.791s] INFO:colcon.colcon_core.shell:Creating environment hook '/home/w/work/moveit2_handeye_calib/install/moveit_calibration_plugins/share/moveit_calibration_plugins/hook/ld_library_path_lib.ps1'
[0.791s] INFO:colcon.colcon_core.shell:Creating environment descriptor '/home/w/work/moveit2_handeye_calib/install/moveit_calibration_plugins/share/moveit_calibration_plugins/hook/ld_library_path_lib.dsv'
[0.791s] INFO:colcon.colcon_core.shell:Creating environment hook '/home/w/work/moveit2_handeye_calib/install/moveit_calibration_plugins/share/moveit_calibration_plugins/hook/ld_library_path_lib.sh'
[0.791s] Level 1:colcon.colcon_core.environment:checking '/home/w/work/moveit2_handeye_calib/install/moveit_calibration_plugins/bin'
[0.791s] Level 1:colcon.colcon_core.environment:checking '/home/w/work/moveit2_handeye_calib/install/moveit_calibration_plugins/lib/pkgconfig/moveit_calibration_plugins.pc'
[0.791s] Level 1:colcon.colcon_core.environment:checking '/home/w/work/moveit2_handeye_calib/install/moveit_calibration_plugins/lib/python3.10/site-packages'
[0.792s] Level 1:colcon.colcon_core.environment:checking '/home/w/work/moveit2_handeye_calib/install/moveit_calibration_plugins/bin'
[0.792s] INFO:colcon.colcon_core.shell:Creating package script '/home/w/work/moveit2_handeye_calib/install/moveit_calibration_plugins/share/moveit_calibration_plugins/package.ps1'
[0.792s] INFO:colcon.colcon_core.shell:Creating package descriptor '/home/w/work/moveit2_handeye_calib/install/moveit_calibration_plugins/share/moveit_calibration_plugins/package.dsv'
[0.792s] INFO:colcon.colcon_core.shell:Creating package script '/home/w/work/moveit2_handeye_calib/install/moveit_calibration_plugins/share/moveit_calibration_plugins/package.sh'
[0.793s] INFO:colcon.colcon_core.shell:Creating package script '/home/w/work/moveit2_handeye_calib/install/moveit_calibration_plugins/share/moveit_calibration_plugins/package.bash'
[0.793s] INFO:colcon.colcon_core.shell:Creating package script '/home/w/work/moveit2_handeye_calib/install/moveit_calibration_plugins/share/moveit_calibration_plugins/package.zsh'
[0.793s] Level 1:colcon.colcon_core.environment:create_file_with_runtime_dependencies(/home/w/work/moveit2_handeye_calib/install/moveit_calibration_plugins/share/colcon-core/packages/moveit_calibration_plugins)
[0.793s] Level 1:colcon.colcon_core.environment:create_environment_scripts_only(moveit_calibration_plugins)
[0.793s] Level 1:colcon.colcon_core.environment:checking '/home/w/work/moveit2_handeye_calib/install/moveit_calibration_plugins' for CMake module files
[0.794s] Level 1:colcon.colcon_core.environment:checking '/home/w/work/moveit2_handeye_calib/install/moveit_calibration_plugins' for CMake config files
[0.794s] Level 1:colcon.colcon_core.shell:create_environment_hook('moveit_calibration_plugins', 'cmake_prefix_path')
[0.794s] INFO:colcon.colcon_core.shell:Creating environment hook '/home/w/work/moveit2_handeye_calib/install/moveit_calibration_plugins/share/moveit_calibration_plugins/hook/cmake_prefix_path.ps1'
[0.794s] INFO:colcon.colcon_core.shell:Creating environment descriptor '/home/w/work/moveit2_handeye_calib/install/moveit_calibration_plugins/share/moveit_calibration_plugins/hook/cmake_prefix_path.dsv'
[0.794s] INFO:colcon.colcon_core.shell:Creating environment hook '/home/w/work/moveit2_handeye_calib/install/moveit_calibration_plugins/share/moveit_calibration_plugins/hook/cmake_prefix_path.sh'
[0.794s] Level 1:colcon.colcon_core.environment:checking '/home/w/work/moveit2_handeye_calib/install/moveit_calibration_plugins/lib'
[0.795s] Level 1:colcon.colcon_core.shell:create_environment_hook('moveit_calibration_plugins', 'ld_library_path_lib')
[0.795s] INFO:colcon.colcon_core.shell:Creating environment hook '/home/w/work/moveit2_handeye_calib/install/moveit_calibration_plugins/share/moveit_calibration_plugins/hook/ld_library_path_lib.ps1'
[0.795s] INFO:colcon.colcon_core.shell:Creating environment descriptor '/home/w/work/moveit2_handeye_calib/install/moveit_calibration_plugins/share/moveit_calibration_plugins/hook/ld_library_path_lib.dsv'
[0.795s] INFO:colcon.colcon_core.shell:Creating environment hook '/home/w/work/moveit2_handeye_calib/install/moveit_calibration_plugins/share/moveit_calibration_plugins/hook/ld_library_path_lib.sh'
[0.795s] Level 1:colcon.colcon_core.environment:checking '/home/w/work/moveit2_handeye_calib/install/moveit_calibration_plugins/bin'
[0.795s] Level 1:colcon.colcon_core.environment:checking '/home/w/work/moveit2_handeye_calib/install/moveit_calibration_plugins/lib/pkgconfig/moveit_calibration_plugins.pc'
[0.795s] Level 1:colcon.colcon_core.environment:checking '/home/w/work/moveit2_handeye_calib/install/moveit_calibration_plugins/lib/python3.10/site-packages'
[0.796s] Level 1:colcon.colcon_core.environment:checking '/home/w/work/moveit2_handeye_calib/install/moveit_calibration_plugins/bin'
[0.796s] INFO:colcon.colcon_core.shell:Creating package script '/home/w/work/moveit2_handeye_calib/install/moveit_calibration_plugins/share/moveit_calibration_plugins/package.ps1'
[0.796s] INFO:colcon.colcon_core.shell:Creating package descriptor '/home/w/work/moveit2_handeye_calib/install/moveit_calibration_plugins/share/moveit_calibration_plugins/package.dsv'
[0.796s] INFO:colcon.colcon_core.shell:Creating package script '/home/w/work/moveit2_handeye_calib/install/moveit_calibration_plugins/share/moveit_calibration_plugins/package.sh'
[0.797s] INFO:colcon.colcon_core.shell:Creating package script '/home/w/work/moveit2_handeye_calib/install/moveit_calibration_plugins/share/moveit_calibration_plugins/package.bash'
[0.797s] INFO:colcon.colcon_core.shell:Creating package script '/home/w/work/moveit2_handeye_calib/install/moveit_calibration_plugins/share/moveit_calibration_plugins/package.zsh'
[0.797s] Level 1:colcon.colcon_core.environment:create_file_with_runtime_dependencies(/home/w/work/moveit2_handeye_calib/install/moveit_calibration_plugins/share/colcon-core/packages/moveit_calibration_plugins)
[0.798s] INFO:colcon.colcon_ros.task.ament_cmake.build:Building ROS package in '/home/w/work/moveit2_handeye_calib/moveit2_calibration/moveit_calibration_gui' with build type 'ament_cmake'
[0.799s] INFO:colcon.colcon_cmake.task.cmake.build:Building CMake package in '/home/w/work/moveit2_handeye_calib/moveit2_calibration/moveit_calibration_gui'
[0.799s] INFO:colcon.colcon_core.shell:Skip shell extension 'powershell' for command environment: Not usable outside of PowerShell
[0.799s] DEBUG:colcon.colcon_core.shell:Skip shell extension 'dsv' for command environment
[0.803s] Level 1:colcon.colcon_core.environment:create_environment_scripts_only(robot_virtual_fence)
[0.803s] Level 1:colcon.colcon_core.environment:checking '/home/w/work/moveit2_handeye_calib/install/robot_virtual_fence' for CMake module files
[0.803s] DEBUG:colcon.colcon_core.event_handler.log_command:Invoked command in '/home/w/work/moveit2_handeye_calib/build/robot_virtual_fence' returned '0': CMAKE_PREFIX_PATH=${CMAKE_PREFIX_PATH}:/home/w/work/moveit2_handeye_calib/install/traj_smoother_py:/home/w/work/moveit2_handeye_calib/install/robot_test_py:/home/w/work/moveit2_handeye_calib/install/robot_input:/home/w/work/moveit2_handeye_calib/install/robot_dynamics:/opt/ros/humble /usr/bin/cmake --install /home/w/work/moveit2_handeye_calib/build/robot_virtual_fence
[0.803s] Level 1:colcon.colcon_core.environment:checking '/home/w/work/moveit2_handeye_calib/install/robot_virtual_fence' for CMake config files
[0.804s] Level 1:colcon.colcon_core.shell:create_environment_hook('robot_virtual_fence', 'cmake_prefix_path')
[0.804s] INFO:colcon.colcon_core.shell:Creating environment hook '/home/w/work/moveit2_handeye_calib/install/robot_virtual_fence/share/robot_virtual_fence/hook/cmake_prefix_path.ps1'
[0.804s] INFO:colcon.colcon_core.shell:Creating environment descriptor '/home/w/work/moveit2_handeye_calib/install/robot_virtual_fence/share/robot_virtual_fence/hook/cmake_prefix_path.dsv'
[0.804s] INFO:colcon.colcon_core.shell:Creating environment hook '/home/w/work/moveit2_handeye_calib/install/robot_virtual_fence/share/robot_virtual_fence/hook/cmake_prefix_path.sh'
[0.804s] Level 1:colcon.colcon_core.environment:checking '/home/w/work/moveit2_handeye_calib/install/robot_virtual_fence/lib'
[0.804s] Level 1:colcon.colcon_core.environment:checking '/home/w/work/moveit2_handeye_calib/install/robot_virtual_fence/bin'
[0.804s] Level 1:colcon.colcon_core.environment:checking '/home/w/work/moveit2_handeye_calib/install/robot_virtual_fence/lib/pkgconfig/robot_virtual_fence.pc'
[0.805s] Level 1:colcon.colcon_core.environment:checking '/home/w/work/moveit2_handeye_calib/install/robot_virtual_fence/lib/python3.10/site-packages'
[0.805s] Level 1:colcon.colcon_core.environment:checking '/home/w/work/moveit2_handeye_calib/install/robot_virtual_fence/bin'
[0.805s] INFO:colcon.colcon_core.shell:Creating package script '/home/w/work/moveit2_handeye_calib/install/robot_virtual_fence/share/robot_virtual_fence/package.ps1'
[0.805s] INFO:colcon.colcon_core.shell:Creating package descriptor '/home/w/work/moveit2_handeye_calib/install/robot_virtual_fence/share/robot_virtual_fence/package.dsv'
[0.805s] INFO:colcon.colcon_core.shell:Creating package script '/home/w/work/moveit2_handeye_calib/install/robot_virtual_fence/share/robot_virtual_fence/package.sh'
[0.806s] INFO:colcon.colcon_core.shell:Creating package script '/home/w/work/moveit2_handeye_calib/install/robot_virtual_fence/share/robot_virtual_fence/package.bash'
[0.806s] INFO:colcon.colcon_core.shell:Creating package script '/home/w/work/moveit2_handeye_calib/install/robot_virtual_fence/share/robot_virtual_fence/package.zsh'
[0.806s] Level 1:colcon.colcon_core.environment:create_file_with_runtime_dependencies(/home/w/work/moveit2_handeye_calib/install/robot_virtual_fence/share/colcon-core/packages/robot_virtual_fence)
[0.806s] Level 1:colcon.colcon_core.environment:create_environment_scripts_only(robot_virtual_fence)
[0.806s] Level 1:colcon.colcon_core.environment:checking '/home/w/work/moveit2_handeye_calib/install/robot_virtual_fence' for CMake module files
[0.806s] Level 1:colcon.colcon_core.environment:checking '/home/w/work/moveit2_handeye_calib/install/robot_virtual_fence' for CMake config files
[0.807s] Level 1:colcon.colcon_core.shell:create_environment_hook('robot_virtual_fence', 'cmake_prefix_path')
[0.807s] INFO:colcon.colcon_core.shell:Creating environment hook '/home/w/work/moveit2_handeye_calib/install/robot_virtual_fence/share/robot_virtual_fence/hook/cmake_prefix_path.ps1'
[0.807s] INFO:colcon.colcon_core.shell:Creating environment descriptor '/home/w/work/moveit2_handeye_calib/install/robot_virtual_fence/share/robot_virtual_fence/hook/cmake_prefix_path.dsv'
[0.807s] INFO:colcon.colcon_core.shell:Creating environment hook '/home/w/work/moveit2_handeye_calib/install/robot_virtual_fence/share/robot_virtual_fence/hook/cmake_prefix_path.sh'
[0.807s] Level 1:colcon.colcon_core.environment:checking '/home/w/work/moveit2_handeye_calib/install/robot_virtual_fence/lib'
[0.807s] Level 1:colcon.colcon_core.environment:checking '/home/w/work/moveit2_handeye_calib/install/robot_virtual_fence/bin'
[0.807s] Level 1:colcon.colcon_core.environment:checking '/home/w/work/moveit2_handeye_calib/install/robot_virtual_fence/lib/pkgconfig/robot_virtual_fence.pc'
[0.808s] Level 1:colcon.colcon_core.environment:checking '/home/w/work/moveit2_handeye_calib/install/robot_virtual_fence/lib/python3.10/site-packages'
[0.808s] Level 1:colcon.colcon_core.environment:checking '/home/w/work/moveit2_handeye_calib/install/robot_virtual_fence/bin'
[0.808s] INFO:colcon.colcon_core.shell:Creating package script '/home/w/work/moveit2_handeye_calib/install/robot_virtual_fence/share/robot_virtual_fence/package.ps1'
[0.808s] INFO:colcon.colcon_core.shell:Creating package descriptor '/home/w/work/moveit2_handeye_calib/install/robot_virtual_fence/share/robot_virtual_fence/package.dsv'
[0.808s] INFO:colcon.colcon_core.shell:Creating package script '/home/w/work/moveit2_handeye_calib/install/robot_virtual_fence/share/robot_virtual_fence/package.sh'
[0.809s] INFO:colcon.colcon_core.shell:Creating package script '/home/w/work/moveit2_handeye_calib/install/robot_virtual_fence/share/robot_virtual_fence/package.bash'
[0.809s] INFO:colcon.colcon_core.shell:Creating package script '/home/w/work/moveit2_handeye_calib/install/robot_virtual_fence/share/robot_virtual_fence/package.zsh'
[0.809s] Level 1:colcon.colcon_core.environment:create_file_with_runtime_dependencies(/home/w/work/moveit2_handeye_calib/install/robot_virtual_fence/share/colcon-core/packages/robot_virtual_fence)
[0.809s] Level 1:colcon.colcon_core.environment:create_environment_scripts_only(ros2_socketcan_msgs)
[0.809s] Level 1:colcon.colcon_core.environment:checking '/home/w/work/moveit2_handeye_calib/install/ros2_socketcan_msgs' for CMake module files
[0.810s] Level 1:colcon.colcon_core.environment:checking '/home/w/work/moveit2_handeye_calib/install/ros2_socketcan_msgs' for CMake config files
[0.810s] DEBUG:colcon.colcon_core.event_handler.log_command:Invoked command in '/home/w/work/moveit2_handeye_calib/build/ros2_socketcan_msgs' returned '0': CMAKE_PREFIX_PATH=${CMAKE_PREFIX_PATH}:/home/w/work/moveit2_handeye_calib/install/traj_smoother_py:/home/w/work/moveit2_handeye_calib/install/robot_test_py:/home/w/work/moveit2_handeye_calib/install/robot_input:/home/w/work/moveit2_handeye_calib/install/robot_dynamics:/opt/ros/humble /usr/bin/cmake --install /home/w/work/moveit2_handeye_calib/build/ros2_socketcan_msgs
[0.810s] Level 1:colcon.colcon_core.shell:create_environment_hook('ros2_socketcan_msgs', 'cmake_prefix_path')
[0.810s] INFO:colcon.colcon_core.shell:Creating environment hook '/home/w/work/moveit2_handeye_calib/install/ros2_socketcan_msgs/share/ros2_socketcan_msgs/hook/cmake_prefix_path.ps1'
[0.811s] INFO:colcon.colcon_core.shell:Creating environment descriptor '/home/w/work/moveit2_handeye_calib/install/ros2_socketcan_msgs/share/ros2_socketcan_msgs/hook/cmake_prefix_path.dsv'
[0.811s] INFO:colcon.colcon_core.shell:Creating environment hook '/home/w/work/moveit2_handeye_calib/install/ros2_socketcan_msgs/share/ros2_socketcan_msgs/hook/cmake_prefix_path.sh'
[0.812s] Level 1:colcon.colcon_core.environment:checking '/home/w/work/moveit2_handeye_calib/install/ros2_socketcan_msgs/lib'
[0.812s] Level 1:colcon.colcon_core.shell:create_environment_hook('ros2_socketcan_msgs', 'ld_library_path_lib')
[0.812s] INFO:colcon.colcon_core.shell:Creating environment hook '/home/w/work/moveit2_handeye_calib/install/ros2_socketcan_msgs/share/ros2_socketcan_msgs/hook/ld_library_path_lib.ps1'
[0.812s] INFO:colcon.colcon_core.shell:Creating environment descriptor '/home/w/work/moveit2_handeye_calib/install/ros2_socketcan_msgs/share/ros2_socketcan_msgs/hook/ld_library_path_lib.dsv'
[0.812s] INFO:colcon.colcon_core.shell:Creating environment hook '/home/w/work/moveit2_handeye_calib/install/ros2_socketcan_msgs/share/ros2_socketcan_msgs/hook/ld_library_path_lib.sh'
[0.813s] Level 1:colcon.colcon_core.environment:checking '/home/w/work/moveit2_handeye_calib/install/ros2_socketcan_msgs/bin'
[0.813s] Level 1:colcon.colcon_core.environment:checking '/home/w/work/moveit2_handeye_calib/install/ros2_socketcan_msgs/lib/pkgconfig/ros2_socketcan_msgs.pc'
[0.813s] Level 1:colcon.colcon_core.environment:checking '/home/w/work/moveit2_handeye_calib/install/ros2_socketcan_msgs/lib/python3.10/site-packages'
[0.813s] Level 1:colcon.colcon_core.environment:checking '/home/w/work/moveit2_handeye_calib/install/ros2_socketcan_msgs/bin'
[0.813s] INFO:colcon.colcon_core.shell:Creating package script '/home/w/work/moveit2_handeye_calib/install/ros2_socketcan_msgs/share/ros2_socketcan_msgs/package.ps1'
[0.814s] INFO:colcon.colcon_core.shell:Creating package descriptor '/home/w/work/moveit2_handeye_calib/install/ros2_socketcan_msgs/share/ros2_socketcan_msgs/package.dsv'
[0.814s] INFO:colcon.colcon_core.shell:Creating package script '/home/w/work/moveit2_handeye_calib/install/ros2_socketcan_msgs/share/ros2_socketcan_msgs/package.sh'
[0.814s] INFO:colcon.colcon_core.shell:Creating package script '/home/w/work/moveit2_handeye_calib/install/ros2_socketcan_msgs/share/ros2_socketcan_msgs/package.bash'
[0.814s] INFO:colcon.colcon_core.shell:Creating package script '/home/w/work/moveit2_handeye_calib/install/ros2_socketcan_msgs/share/ros2_socketcan_msgs/package.zsh'
[0.814s] Level 1:colcon.colcon_core.environment:create_file_with_runtime_dependencies(/home/w/work/moveit2_handeye_calib/install/ros2_socketcan_msgs/share/colcon-core/packages/ros2_socketcan_msgs)
[0.815s] Level 1:colcon.colcon_core.environment:create_environment_scripts_only(ros2_socketcan_msgs)
[0.815s] Level 1:colcon.colcon_core.environment:checking '/home/w/work/moveit2_handeye_calib/install/ros2_socketcan_msgs' for CMake module files
[0.815s] Level 1:colcon.colcon_core.environment:checking '/home/w/work/moveit2_handeye_calib/install/ros2_socketcan_msgs' for CMake config files
[0.815s] Level 1:colcon.colcon_core.shell:create_environment_hook('ros2_socketcan_msgs', 'cmake_prefix_path')
[0.816s] INFO:colcon.colcon_core.shell:Creating environment hook '/home/w/work/moveit2_handeye_calib/install/ros2_socketcan_msgs/share/ros2_socketcan_msgs/hook/cmake_prefix_path.ps1'
[0.816s] INFO:colcon.colcon_core.shell:Creating environment descriptor '/home/w/work/moveit2_handeye_calib/install/ros2_socketcan_msgs/share/ros2_socketcan_msgs/hook/cmake_prefix_path.dsv'
[0.816s] INFO:colcon.colcon_core.shell:Creating environment hook '/home/w/work/moveit2_handeye_calib/install/ros2_socketcan_msgs/share/ros2_socketcan_msgs/hook/cmake_prefix_path.sh'
[0.816s] Level 1:colcon.colcon_core.environment:checking '/home/w/work/moveit2_handeye_calib/install/ros2_socketcan_msgs/lib'
[0.816s] Level 1:colcon.colcon_core.shell:create_environment_hook('ros2_socketcan_msgs', 'ld_library_path_lib')
[0.816s] INFO:colcon.colcon_core.shell:Creating environment hook '/home/w/work/moveit2_handeye_calib/install/ros2_socketcan_msgs/share/ros2_socketcan_msgs/hook/ld_library_path_lib.ps1'
[0.817s] INFO:colcon.colcon_core.shell:Creating environment descriptor '/home/w/work/moveit2_handeye_calib/install/ros2_socketcan_msgs/share/ros2_socketcan_msgs/hook/ld_library_path_lib.dsv'
[0.817s] INFO:colcon.colcon_core.shell:Creating environment hook '/home/w/work/moveit2_handeye_calib/install/ros2_socketcan_msgs/share/ros2_socketcan_msgs/hook/ld_library_path_lib.sh'
[0.817s] Level 1:colcon.colcon_core.environment:checking '/home/w/work/moveit2_handeye_calib/install/ros2_socketcan_msgs/bin'
[0.817s] Level 1:colcon.colcon_core.environment:checking '/home/w/work/moveit2_handeye_calib/install/ros2_socketcan_msgs/lib/pkgconfig/ros2_socketcan_msgs.pc'
[0.817s] Level 1:colcon.colcon_core.environment:checking '/home/w/work/moveit2_handeye_calib/install/ros2_socketcan_msgs/lib/python3.10/site-packages'
[0.818s] Level 1:colcon.colcon_core.environment:checking '/home/w/work/moveit2_handeye_calib/install/ros2_socketcan_msgs/bin'
[0.818s] INFO:colcon.colcon_core.shell:Creating package script '/home/w/work/moveit2_handeye_calib/install/ros2_socketcan_msgs/share/ros2_socketcan_msgs/package.ps1'
[0.818s] INFO:colcon.colcon_core.shell:Creating package descriptor '/home/w/work/moveit2_handeye_calib/install/ros2_socketcan_msgs/share/ros2_socketcan_msgs/package.dsv'
[0.818s] INFO:colcon.colcon_core.shell:Creating package script '/home/w/work/moveit2_handeye_calib/install/ros2_socketcan_msgs/share/ros2_socketcan_msgs/package.sh'
[0.819s] INFO:colcon.colcon_core.shell:Creating package script '/home/w/work/moveit2_handeye_calib/install/ros2_socketcan_msgs/share/ros2_socketcan_msgs/package.bash'
[0.819s] INFO:colcon.colcon_core.shell:Creating package script '/home/w/work/moveit2_handeye_calib/install/ros2_socketcan_msgs/share/ros2_socketcan_msgs/package.zsh'
[0.819s] Level 1:colcon.colcon_core.environment:create_file_with_runtime_dependencies(/home/w/work/moveit2_handeye_calib/install/ros2_socketcan_msgs/share/colcon-core/packages/ros2_socketcan_msgs)
[0.819s] Level 1:colcon.colcon_core.environment:create_environment_scripts_only(robot_interfaces)
[0.819s] Level 1:colcon.colcon_core.environment:checking '/home/w/work/moveit2_handeye_calib/install/robot_interfaces' for CMake module files
[0.820s] DEBUG:colcon.colcon_core.event_handler.log_command:Invoked command in '/home/w/work/moveit2_handeye_calib/build/robot_interfaces' returned '0': CMAKE_PREFIX_PATH=${CMAKE_PREFIX_PATH}:/home/w/work/moveit2_handeye_calib/install/traj_smoother_py:/home/w/work/moveit2_handeye_calib/install/robot_test_py:/home/w/work/moveit2_handeye_calib/install/robot_input:/home/w/work/moveit2_handeye_calib/install/robot_dynamics:/opt/ros/humble /usr/bin/cmake --install /home/w/work/moveit2_handeye_calib/build/robot_interfaces
[0.820s] Level 1:colcon.colcon_core.environment:checking '/home/w/work/moveit2_handeye_calib/install/robot_interfaces' for CMake config files
[0.820s] Level 1:colcon.colcon_core.shell:create_environment_hook('robot_interfaces', 'cmake_prefix_path')
[0.820s] INFO:colcon.colcon_core.shell:Creating environment hook '/home/w/work/moveit2_handeye_calib/install/robot_interfaces/share/robot_interfaces/hook/cmake_prefix_path.ps1'
[0.821s] INFO:colcon.colcon_core.shell:Creating environment descriptor '/home/w/work/moveit2_handeye_calib/install/robot_interfaces/share/robot_interfaces/hook/cmake_prefix_path.dsv'
[0.821s] INFO:colcon.colcon_core.shell:Creating environment hook '/home/w/work/moveit2_handeye_calib/install/robot_interfaces/share/robot_interfaces/hook/cmake_prefix_path.sh'
[0.821s] Level 1:colcon.colcon_core.environment:checking '/home/w/work/moveit2_handeye_calib/install/robot_interfaces/lib'
[0.821s] Level 1:colcon.colcon_core.shell:create_environment_hook('robot_interfaces', 'ld_library_path_lib')
[0.821s] INFO:colcon.colcon_core.shell:Creating environment hook '/home/w/work/moveit2_handeye_calib/install/robot_interfaces/share/robot_interfaces/hook/ld_library_path_lib.ps1'
[0.822s] INFO:colcon.colcon_core.shell:Creating environment descriptor '/home/w/work/moveit2_handeye_calib/install/robot_interfaces/share/robot_interfaces/hook/ld_library_path_lib.dsv'
[0.822s] INFO:colcon.colcon_core.shell:Creating environment hook '/home/w/work/moveit2_handeye_calib/install/robot_interfaces/share/robot_interfaces/hook/ld_library_path_lib.sh'
[0.822s] Level 1:colcon.colcon_core.environment:checking '/home/w/work/moveit2_handeye_calib/install/robot_interfaces/bin'
[0.822s] Level 1:colcon.colcon_core.environment:checking '/home/w/work/moveit2_handeye_calib/install/robot_interfaces/lib/pkgconfig/robot_interfaces.pc'
[0.822s] Level 1:colcon.colcon_core.environment:checking '/home/w/work/moveit2_handeye_calib/install/robot_interfaces/lib/python3.10/site-packages'
[0.822s] Level 1:colcon.colcon_core.environment:checking '/home/w/work/moveit2_handeye_calib/install/robot_interfaces/bin'
[0.823s] INFO:colcon.colcon_core.shell:Creating package script '/home/w/work/moveit2_handeye_calib/install/robot_interfaces/share/robot_interfaces/package.ps1'
[0.823s] INFO:colcon.colcon_core.shell:Creating package descriptor '/home/w/work/moveit2_handeye_calib/install/robot_interfaces/share/robot_interfaces/package.dsv'
[0.823s] INFO:colcon.colcon_core.shell:Creating package script '/home/w/work/moveit2_handeye_calib/install/robot_interfaces/share/robot_interfaces/package.sh'
[0.823s] INFO:colcon.colcon_core.shell:Creating package script '/home/w/work/moveit2_handeye_calib/install/robot_interfaces/share/robot_interfaces/package.bash'
[0.824s] INFO:colcon.colcon_core.shell:Creating package script '/home/w/work/moveit2_handeye_calib/install/robot_interfaces/share/robot_interfaces/package.zsh'
[0.824s] Level 1:colcon.colcon_core.environment:create_file_with_runtime_dependencies(/home/w/work/moveit2_handeye_calib/install/robot_interfaces/share/colcon-core/packages/robot_interfaces)
[0.824s] Level 1:colcon.colcon_core.environment:create_environment_scripts_only(robot_interfaces)
[0.824s] Level 1:colcon.colcon_core.environment:checking '/home/w/work/moveit2_handeye_calib/install/robot_interfaces' for CMake module files
[0.825s] Level 1:colcon.colcon_core.environment:checking '/home/w/work/moveit2_handeye_calib/install/robot_interfaces' for CMake config files
[0.825s] Level 1:colcon.colcon_core.shell:create_environment_hook('robot_interfaces', 'cmake_prefix_path')
[0.825s] INFO:colcon.colcon_core.shell:Creating environment hook '/home/w/work/moveit2_handeye_calib/install/robot_interfaces/share/robot_interfaces/hook/cmake_prefix_path.ps1'
[0.825s] INFO:colcon.colcon_core.shell:Creating environment descriptor '/home/w/work/moveit2_handeye_calib/install/robot_interfaces/share/robot_interfaces/hook/cmake_prefix_path.dsv'
[0.825s] INFO:colcon.colcon_core.shell:Creating environment hook '/home/w/work/moveit2_handeye_calib/install/robot_interfaces/share/robot_interfaces/hook/cmake_prefix_path.sh'
[0.826s] Level 1:colcon.colcon_core.environment:checking '/home/w/work/moveit2_handeye_calib/install/robot_interfaces/lib'
[0.826s] Level 1:colcon.colcon_core.shell:create_environment_hook('robot_interfaces', 'ld_library_path_lib')
[0.826s] INFO:colcon.colcon_core.shell:Creating environment hook '/home/w/work/moveit2_handeye_calib/install/robot_interfaces/share/robot_interfaces/hook/ld_library_path_lib.ps1'
[0.826s] INFO:colcon.colcon_core.shell:Creating environment descriptor '/home/w/work/moveit2_handeye_calib/install/robot_interfaces/share/robot_interfaces/hook/ld_library_path_lib.dsv'
[0.826s] INFO:colcon.colcon_core.shell:Creating environment hook '/home/w/work/moveit2_handeye_calib/install/robot_interfaces/share/robot_interfaces/hook/ld_library_path_lib.sh'
[0.826s] Level 1:colcon.colcon_core.environment:checking '/home/w/work/moveit2_handeye_calib/install/robot_interfaces/bin'
[0.826s] Level 1:colcon.colcon_core.environment:checking '/home/w/work/moveit2_handeye_calib/install/robot_interfaces/lib/pkgconfig/robot_interfaces.pc'
[0.827s] Level 1:colcon.colcon_core.environment:checking '/home/w/work/moveit2_handeye_calib/install/robot_interfaces/lib/python3.10/site-packages'
[0.827s] Level 1:colcon.colcon_core.environment:checking '/home/w/work/moveit2_handeye_calib/install/robot_interfaces/bin'
[0.827s] INFO:colcon.colcon_core.shell:Creating package script '/home/w/work/moveit2_handeye_calib/install/robot_interfaces/share/robot_interfaces/package.ps1'
[0.827s] INFO:colcon.colcon_core.shell:Creating package descriptor '/home/w/work/moveit2_handeye_calib/install/robot_interfaces/share/robot_interfaces/package.dsv'
[0.828s] INFO:colcon.colcon_core.shell:Creating package script '/home/w/work/moveit2_handeye_calib/install/robot_interfaces/share/robot_interfaces/package.sh'
[0.828s] INFO:colcon.colcon_core.shell:Creating package script '/home/w/work/moveit2_handeye_calib/install/robot_interfaces/share/robot_interfaces/package.bash'
[0.828s] INFO:colcon.colcon_core.shell:Creating package script '/home/w/work/moveit2_handeye_calib/install/robot_interfaces/share/robot_interfaces/package.zsh'
[0.828s] Level 1:colcon.colcon_core.environment:create_file_with_runtime_dependencies(/home/w/work/moveit2_handeye_calib/install/robot_interfaces/share/colcon-core/packages/robot_interfaces)
[0.829s] INFO:colcon.colcon_ros.task.ament_cmake.build:Building ROS package in '/home/w/work/moveit2_handeye_calib/TG620/ros2_socketcan/ros2_socketcan' with build type 'ament_cmake'
[0.829s] INFO:colcon.colcon_cmake.task.cmake.build:Building CMake package in '/home/w/work/moveit2_handeye_calib/TG620/ros2_socketcan/ros2_socketcan'
[0.829s] INFO:colcon.colcon_core.shell:Skip shell extension 'powershell' for command environment: Not usable outside of PowerShell
[0.829s] DEBUG:colcon.colcon_core.shell:Skip shell extension 'dsv' for command environment
[0.832s] INFO:colcon.colcon_ros.task.ament_cmake.build:Building ROS package in '/home/w/work/moveit2_handeye_calib/TG620/motor_control_logger' with build type 'ament_cmake'
[0.832s] INFO:colcon.colcon_cmake.task.cmake.build:Building CMake package in '/home/w/work/moveit2_handeye_calib/TG620/motor_control_logger'
[0.832s] INFO:colcon.colcon_core.shell:Skip shell extension 'powershell' for command environment: Not usable outside of PowerShell
[0.832s] DEBUG:colcon.colcon_core.shell:Skip shell extension 'dsv' for command environment
[0.835s] INFO:colcon.colcon_ros.task.ament_cmake.build:Building ROS package in '/home/w/work/moveit2_handeye_calib/TG620/robot_control' with build type 'ament_cmake'
[0.835s] INFO:colcon.colcon_cmake.task.cmake.build:Building CMake package in '/home/w/work/moveit2_handeye_calib/TG620/robot_control'
[0.835s] INFO:colcon.colcon_core.shell:Skip shell extension 'powershell' for command environment: Not usable outside of PowerShell
[0.835s] DEBUG:colcon.colcon_core.shell:Skip shell extension 'dsv' for command environment
[0.838s] INFO:colcon.colcon_ros.task.ament_python.build:Building ROS package in '/home/w/work/moveit2_handeye_calib/TG620/robot_input' with build type 'ament_python'
[0.838s] Level 1:colcon.colcon_core.shell:create_environment_hook('robot_input', 'ament_prefix_path')
[0.838s] INFO:colcon.colcon_core.shell:Creating environment hook '/home/w/work/moveit2_handeye_calib/install/robot_input/share/robot_input/hook/ament_prefix_path.ps1'
[0.838s] INFO:colcon.colcon_core.shell:Creating environment descriptor '/home/w/work/moveit2_handeye_calib/install/robot_input/share/robot_input/hook/ament_prefix_path.dsv'
[0.838s] INFO:colcon.colcon_core.shell:Creating environment hook '/home/w/work/moveit2_handeye_calib/install/robot_input/share/robot_input/hook/ament_prefix_path.sh'
[0.839s] INFO:colcon.colcon_core.shell:Skip shell extension 'powershell' for command environment: Not usable outside of PowerShell
[0.839s] DEBUG:colcon.colcon_core.shell:Skip shell extension 'dsv' for command environment
[0.841s] INFO:colcon.colcon_ros.task.ament_cmake.build:Building ROS package in '/home/w/work/moveit2_handeye_calib/TG620/robot_sdk' with build type 'ament_cmake'
[0.841s] INFO:colcon.colcon_cmake.task.cmake.build:Building CMake package in '/home/w/work/moveit2_handeye_calib/TG620/robot_sdk'
[0.841s] INFO:colcon.colcon_core.shell:Skip shell extension 'powershell' for command environment: Not usable outside of PowerShell
[0.841s] DEBUG:colcon.colcon_core.shell:Skip shell extension 'dsv' for command environment
[0.844s] INFO:colcon.colcon_ros.task.ament_python.build:Building ROS package in '/home/w/work/moveit2_handeye_calib/TG620/robot_test_py' with build type 'ament_python'
[0.844s] Level 1:colcon.colcon_core.shell:create_environment_hook('robot_test_py', 'ament_prefix_path')
[0.844s] INFO:colcon.colcon_core.shell:Creating environment hook '/home/w/work/moveit2_handeye_calib/install/robot_test_py/share/robot_test_py/hook/ament_prefix_path.ps1'
[0.845s] INFO:colcon.colcon_core.shell:Creating environment descriptor '/home/w/work/moveit2_handeye_calib/install/robot_test_py/share/robot_test_py/hook/ament_prefix_path.dsv'
[0.845s] INFO:colcon.colcon_core.shell:Creating environment hook '/home/w/work/moveit2_handeye_calib/install/robot_test_py/share/robot_test_py/hook/ament_prefix_path.sh'
[0.845s] INFO:colcon.colcon_core.shell:Skip shell extension 'powershell' for command environment: Not usable outside of PowerShell
[0.845s] DEBUG:colcon.colcon_core.shell:Skip shell extension 'dsv' for command environment
[0.850s] DEBUG:colcon.colcon_core.event_handler.log_command:Invoking command in '/home/w/work/moveit2_handeye_calib/build/arm380_config': CMAKE_PREFIX_PATH=/home/w/work/moveit2_handeye_calib/install/robot_description:/home/w/work/moveit2_handeye_calib/install/robot_driver:/home/w/work/moveit2_handeye_calib/install/ros2_socketcan:/home/w/work/moveit2_handeye_calib/install/ros2_socketcan_msgs:/home/w/work/moveit2_handeye_calib/install/robot_virtual_fence:/home/w/work/moveit2_handeye_calib/install/robot_state_machine:/home/w/work/moveit2_handeye_calib/install/robot_sdk:/home/w/work/moveit2_handeye_calib/install/robot_control:/home/w/work/moveit2_handeye_calib/install/motor_control_logger:/home/w/work/moveit2_handeye_calib/install/robot_interfaces:/home/w/work/moveit2_handeye_calib/install/arm620_dh_config:/home/w/work/moveit2_handeye_calib/install/arm620_config:/home/w/work/moveit2_handeye_calib/install/arm380_config:/home/w/work/moveit2_handeye_calib/install/robot_bringup:/home/w/work/moveit2_handeye_calib/install/moveit_calibration_demos:/home/w/work/moveit2_handeye_calib/install/moveit_calibration_gui:/home/w/work/moveit2_handeye_calib/install/moveit_calibration_plugins:/home/w/work/trac_ik_ws/install/trac_ik:/home/w/work/trac_ik_ws/install/trac_ik_examples:/home/w/work/trac_ik_ws/install/trac_ik_lib:/home/w/work/moveit2_handeye_calib/install/traj_smoother_py:/home/w/work/moveit2_handeye_calib/install/robot_test_py:/home/w/work/moveit2_handeye_calib/install/robot_input:/home/w/work/moveit2_handeye_calib/install/robot_dynamics:/opt/ros/humble /usr/bin/cmake --build /home/w/work/moveit2_handeye_calib/build/arm380_config -- -j28 -l28
[0.851s] DEBUG:colcon.colcon_core.event_handler.log_command:Invoking command in '/home/w/work/moveit2_handeye_calib/build/arm620_config': CMAKE_PREFIX_PATH=/home/w/work/moveit2_handeye_calib/install/robot_description:/home/w/work/moveit2_handeye_calib/install/robot_driver:/home/w/work/moveit2_handeye_calib/install/ros2_socketcan:/home/w/work/moveit2_handeye_calib/install/ros2_socketcan_msgs:/home/w/work/moveit2_handeye_calib/install/robot_virtual_fence:/home/w/work/moveit2_handeye_calib/install/robot_state_machine:/home/w/work/moveit2_handeye_calib/install/robot_sdk:/home/w/work/moveit2_handeye_calib/install/robot_control:/home/w/work/moveit2_handeye_calib/install/motor_control_logger:/home/w/work/moveit2_handeye_calib/install/robot_interfaces:/home/w/work/moveit2_handeye_calib/install/arm620_dh_config:/home/w/work/moveit2_handeye_calib/install/arm620_config:/home/w/work/moveit2_handeye_calib/install/arm380_config:/home/w/work/moveit2_handeye_calib/install/robot_bringup:/home/w/work/moveit2_handeye_calib/install/moveit_calibration_demos:/home/w/work/moveit2_handeye_calib/install/moveit_calibration_gui:/home/w/work/moveit2_handeye_calib/install/moveit_calibration_plugins:/home/w/work/trac_ik_ws/install/trac_ik:/home/w/work/trac_ik_ws/install/trac_ik_examples:/home/w/work/trac_ik_ws/install/trac_ik_lib:/home/w/work/moveit2_handeye_calib/install/traj_smoother_py:/home/w/work/moveit2_handeye_calib/install/robot_test_py:/home/w/work/moveit2_handeye_calib/install/robot_input:/home/w/work/moveit2_handeye_calib/install/robot_dynamics:/opt/ros/humble /usr/bin/cmake --build /home/w/work/moveit2_handeye_calib/build/arm620_config -- -j28 -l28
[0.852s] DEBUG:colcon.colcon_core.event_handler.log_command:Invoking command in '/home/w/work/moveit2_handeye_calib/build/arm620_dh_config': CMAKE_PREFIX_PATH=/home/w/work/moveit2_handeye_calib/install/robot_description:/home/w/work/moveit2_handeye_calib/install/robot_driver:/home/w/work/moveit2_handeye_calib/install/ros2_socketcan:/home/w/work/moveit2_handeye_calib/install/ros2_socketcan_msgs:/home/w/work/moveit2_handeye_calib/install/robot_virtual_fence:/home/w/work/moveit2_handeye_calib/install/robot_state_machine:/home/w/work/moveit2_handeye_calib/install/robot_sdk:/home/w/work/moveit2_handeye_calib/install/robot_control:/home/w/work/moveit2_handeye_calib/install/motor_control_logger:/home/w/work/moveit2_handeye_calib/install/robot_interfaces:/home/w/work/moveit2_handeye_calib/install/arm620_dh_config:/home/w/work/moveit2_handeye_calib/install/arm620_config:/home/w/work/moveit2_handeye_calib/install/arm380_config:/home/w/work/moveit2_handeye_calib/install/robot_bringup:/home/w/work/moveit2_handeye_calib/install/moveit_calibration_demos:/home/w/work/moveit2_handeye_calib/install/moveit_calibration_gui:/home/w/work/moveit2_handeye_calib/install/moveit_calibration_plugins:/home/w/work/trac_ik_ws/install/trac_ik:/home/w/work/trac_ik_ws/install/trac_ik_examples:/home/w/work/trac_ik_ws/install/trac_ik_lib:/home/w/work/moveit2_handeye_calib/install/traj_smoother_py:/home/w/work/moveit2_handeye_calib/install/robot_test_py:/home/w/work/moveit2_handeye_calib/install/robot_input:/home/w/work/moveit2_handeye_calib/install/robot_dynamics:/opt/ros/humble /usr/bin/cmake --build /home/w/work/moveit2_handeye_calib/build/arm620_dh_config -- -j28 -l28
[0.856s] DEBUG:colcon.colcon_core.event_handler.log_command:Invoking command in '/home/w/work/moveit2_handeye_calib/build/moveit_calibration_gui': CMAKE_PREFIX_PATH=/home/w/work/moveit2_handeye_calib/install/moveit_calibration_plugins:/home/w/work/moveit2_handeye_calib/install/robot_driver:/home/w/work/moveit2_handeye_calib/install/ros2_socketcan:/home/w/work/moveit2_handeye_calib/install/ros2_socketcan_msgs:/home/w/work/moveit2_handeye_calib/install/robot_virtual_fence:/home/w/work/moveit2_handeye_calib/install/robot_state_machine:/home/w/work/moveit2_handeye_calib/install/robot_sdk:/home/w/work/moveit2_handeye_calib/install/robot_control:/home/w/work/moveit2_handeye_calib/install/motor_control_logger:/home/w/work/moveit2_handeye_calib/install/robot_interfaces:/home/w/work/moveit2_handeye_calib/install/arm620_dh_config:/home/w/work/moveit2_handeye_calib/install/arm620_config:/home/w/work/moveit2_handeye_calib/install/arm380_config:/home/w/work/moveit2_handeye_calib/install/robot_description:/home/w/work/moveit2_handeye_calib/install/robot_bringup:/home/w/work/moveit2_handeye_calib/install/moveit_calibration_demos:/home/w/work/moveit2_handeye_calib/install/moveit_calibration_gui:/home/w/work/trac_ik_ws/install/trac_ik:/home/w/work/trac_ik_ws/install/trac_ik_examples:/home/w/work/trac_ik_ws/install/trac_ik_lib:/home/w/work/moveit2_handeye_calib/install/traj_smoother_py:/home/w/work/moveit2_handeye_calib/install/robot_test_py:/home/w/work/moveit2_handeye_calib/install/robot_input:/home/w/work/moveit2_handeye_calib/install/robot_dynamics:/opt/ros/humble LD_LIBRARY_PATH=/home/w/work/moveit2_handeye_calib/install/moveit_calibration_plugins/lib:/home/w/work/moveit2_handeye_calib/install/robot_driver/lib:/home/w/work/moveit2_handeye_calib/install/ros2_socketcan/lib:/home/w/work/moveit2_handeye_calib/install/ros2_socketcan_msgs/lib:/home/w/work/moveit2_handeye_calib/install/robot_interfaces/lib:/home/w/work/moveit2_handeye_calib/install/moveit_calibration_gui/lib:/home/w/work/trac_ik_ws/install/trac_ik_lib/lib:/opt/ros/humble/opt/rviz_ogre_vendor/lib:/opt/ros/humble/lib/x86_64-linux-gnu:/opt/ros/humble/lib /usr/bin/cmake --build /home/w/work/moveit2_handeye_calib/build/moveit_calibration_gui -- -j28 -l28
[0.858s] DEBUG:colcon.colcon_core.event_handler.log_command:Invoking command in '/home/w/work/moveit2_handeye_calib/build/ros2_socketcan': CMAKE_PREFIX_PATH=/home/w/work/moveit2_handeye_calib/install/ros2_socketcan_msgs:/home/w/work/moveit2_handeye_calib/install/robot_driver:/home/w/work/moveit2_handeye_calib/install/ros2_socketcan:/home/w/work/moveit2_handeye_calib/install/robot_virtual_fence:/home/w/work/moveit2_handeye_calib/install/robot_state_machine:/home/w/work/moveit2_handeye_calib/install/robot_sdk:/home/w/work/moveit2_handeye_calib/install/robot_control:/home/w/work/moveit2_handeye_calib/install/motor_control_logger:/home/w/work/moveit2_handeye_calib/install/robot_interfaces:/home/w/work/moveit2_handeye_calib/install/arm620_dh_config:/home/w/work/moveit2_handeye_calib/install/arm620_config:/home/w/work/moveit2_handeye_calib/install/arm380_config:/home/w/work/moveit2_handeye_calib/install/robot_description:/home/w/work/moveit2_handeye_calib/install/robot_bringup:/home/w/work/moveit2_handeye_calib/install/moveit_calibration_demos:/home/w/work/moveit2_handeye_calib/install/moveit_calibration_gui:/home/w/work/moveit2_handeye_calib/install/moveit_calibration_plugins:/home/w/work/trac_ik_ws/install/trac_ik:/home/w/work/trac_ik_ws/install/trac_ik_examples:/home/w/work/trac_ik_ws/install/trac_ik_lib:/home/w/work/moveit2_handeye_calib/install/traj_smoother_py:/home/w/work/moveit2_handeye_calib/install/robot_test_py:/home/w/work/moveit2_handeye_calib/install/robot_input:/home/w/work/moveit2_handeye_calib/install/robot_dynamics:/opt/ros/humble LD_LIBRARY_PATH=/home/w/work/moveit2_handeye_calib/install/ros2_socketcan_msgs/lib:/home/w/work/moveit2_handeye_calib/install/robot_driver/lib:/home/w/work/moveit2_handeye_calib/install/ros2_socketcan/lib:/home/w/work/moveit2_handeye_calib/install/robot_interfaces/lib:/home/w/work/moveit2_handeye_calib/install/moveit_calibration_gui/lib:/home/w/work/moveit2_handeye_calib/install/moveit_calibration_plugins/lib:/home/w/work/trac_ik_ws/install/trac_ik_lib/lib:/opt/ros/humble/opt/rviz_ogre_vendor/lib:/opt/ros/humble/lib/x86_64-linux-gnu:/opt/ros/humble/lib /usr/bin/cmake --build /home/w/work/moveit2_handeye_calib/build/ros2_socketcan -- -j28 -l28
[0.859s] DEBUG:colcon.colcon_core.event_handler.log_command:Invoking command in '/home/w/work/moveit2_handeye_calib/build/motor_control_logger': CMAKE_PREFIX_PATH=/home/w/work/moveit2_handeye_calib/install/robot_interfaces:/home/w/work/moveit2_handeye_calib/install/robot_driver:/home/w/work/moveit2_handeye_calib/install/ros2_socketcan:/home/w/work/moveit2_handeye_calib/install/ros2_socketcan_msgs:/home/w/work/moveit2_handeye_calib/install/robot_virtual_fence:/home/w/work/moveit2_handeye_calib/install/robot_state_machine:/home/w/work/moveit2_handeye_calib/install/robot_sdk:/home/w/work/moveit2_handeye_calib/install/robot_control:/home/w/work/moveit2_handeye_calib/install/motor_control_logger:/home/w/work/moveit2_handeye_calib/install/arm620_dh_config:/home/w/work/moveit2_handeye_calib/install/arm620_config:/home/w/work/moveit2_handeye_calib/install/arm380_config:/home/w/work/moveit2_handeye_calib/install/robot_description:/home/w/work/moveit2_handeye_calib/install/robot_bringup:/home/w/work/moveit2_handeye_calib/install/moveit_calibration_demos:/home/w/work/moveit2_handeye_calib/install/moveit_calibration_gui:/home/w/work/moveit2_handeye_calib/install/moveit_calibration_plugins:/home/w/work/trac_ik_ws/install/trac_ik:/home/w/work/trac_ik_ws/install/trac_ik_examples:/home/w/work/trac_ik_ws/install/trac_ik_lib:/home/w/work/moveit2_handeye_calib/install/traj_smoother_py:/home/w/work/moveit2_handeye_calib/install/robot_test_py:/home/w/work/moveit2_handeye_calib/install/robot_input:/home/w/work/moveit2_handeye_calib/install/robot_dynamics:/opt/ros/humble LD_LIBRARY_PATH=/home/w/work/moveit2_handeye_calib/install/robot_interfaces/lib:/home/w/work/moveit2_handeye_calib/install/robot_driver/lib:/home/w/work/moveit2_handeye_calib/install/ros2_socketcan/lib:/home/w/work/moveit2_handeye_calib/install/ros2_socketcan_msgs/lib:/home/w/work/moveit2_handeye_calib/install/moveit_calibration_gui/lib:/home/w/work/moveit2_handeye_calib/install/moveit_calibration_plugins/lib:/home/w/work/trac_ik_ws/install/trac_ik_lib/lib:/opt/ros/humble/opt/rviz_ogre_vendor/lib:/opt/ros/humble/lib/x86_64-linux-gnu:/opt/ros/humble/lib /usr/bin/cmake --build /home/w/work/moveit2_handeye_calib/build/motor_control_logger -- -j28 -l28
[0.860s] DEBUG:colcon.colcon_core.event_handler.log_command:Invoking command in '/home/w/work/moveit2_handeye_calib/build/robot_control': CMAKE_PREFIX_PATH=/home/w/work/moveit2_handeye_calib/install/robot_interfaces:/home/w/work/moveit2_handeye_calib/install/robot_driver:/home/w/work/moveit2_handeye_calib/install/ros2_socketcan:/home/w/work/moveit2_handeye_calib/install/ros2_socketcan_msgs:/home/w/work/moveit2_handeye_calib/install/robot_virtual_fence:/home/w/work/moveit2_handeye_calib/install/robot_state_machine:/home/w/work/moveit2_handeye_calib/install/robot_sdk:/home/w/work/moveit2_handeye_calib/install/robot_control:/home/w/work/moveit2_handeye_calib/install/motor_control_logger:/home/w/work/moveit2_handeye_calib/install/arm620_dh_config:/home/w/work/moveit2_handeye_calib/install/arm620_config:/home/w/work/moveit2_handeye_calib/install/arm380_config:/home/w/work/moveit2_handeye_calib/install/robot_description:/home/w/work/moveit2_handeye_calib/install/robot_bringup:/home/w/work/moveit2_handeye_calib/install/moveit_calibration_demos:/home/w/work/moveit2_handeye_calib/install/moveit_calibration_gui:/home/w/work/moveit2_handeye_calib/install/moveit_calibration_plugins:/home/w/work/trac_ik_ws/install/trac_ik:/home/w/work/trac_ik_ws/install/trac_ik_examples:/home/w/work/trac_ik_ws/install/trac_ik_lib:/home/w/work/moveit2_handeye_calib/install/traj_smoother_py:/home/w/work/moveit2_handeye_calib/install/robot_test_py:/home/w/work/moveit2_handeye_calib/install/robot_input:/home/w/work/moveit2_handeye_calib/install/robot_dynamics:/opt/ros/humble LD_LIBRARY_PATH=/home/w/work/moveit2_handeye_calib/install/robot_interfaces/lib:/home/w/work/moveit2_handeye_calib/install/robot_driver/lib:/home/w/work/moveit2_handeye_calib/install/ros2_socketcan/lib:/home/w/work/moveit2_handeye_calib/install/ros2_socketcan_msgs/lib:/home/w/work/moveit2_handeye_calib/install/moveit_calibration_gui/lib:/home/w/work/moveit2_handeye_calib/install/moveit_calibration_plugins/lib:/home/w/work/trac_ik_ws/install/trac_ik_lib/lib:/opt/ros/humble/opt/rviz_ogre_vendor/lib:/opt/ros/humble/lib/x86_64-linux-gnu:/opt/ros/humble/lib /usr/bin/cmake --build /home/w/work/moveit2_handeye_calib/build/robot_control -- -j28 -l28
[1.033s] INFO:colcon.colcon_core.task.python.build:Building Python package in '/home/w/work/moveit2_handeye_calib/TG620/robot_input'
[1.033s] INFO:colcon.colcon_core.shell:Skip shell extension 'powershell' for command environment: Not usable outside of PowerShell
[1.033s] DEBUG:colcon.colcon_core.shell:Skip shell extension 'dsv' for command environment
[1.038s] DEBUG:colcon.colcon_core.event_handler.log_command:Invoking command in '/home/w/work/moveit2_handeye_calib/build/robot_sdk': CMAKE_PREFIX_PATH=/home/w/work/moveit2_handeye_calib/install/robot_interfaces:/home/w/work/moveit2_handeye_calib/install/robot_driver:/home/w/work/moveit2_handeye_calib/install/ros2_socketcan:/home/w/work/moveit2_handeye_calib/install/ros2_socketcan_msgs:/home/w/work/moveit2_handeye_calib/install/robot_virtual_fence:/home/w/work/moveit2_handeye_calib/install/robot_state_machine:/home/w/work/moveit2_handeye_calib/install/robot_sdk:/home/w/work/moveit2_handeye_calib/install/robot_control:/home/w/work/moveit2_handeye_calib/install/motor_control_logger:/home/w/work/moveit2_handeye_calib/install/arm620_dh_config:/home/w/work/moveit2_handeye_calib/install/arm620_config:/home/w/work/moveit2_handeye_calib/install/arm380_config:/home/w/work/moveit2_handeye_calib/install/robot_description:/home/w/work/moveit2_handeye_calib/install/robot_bringup:/home/w/work/moveit2_handeye_calib/install/moveit_calibration_demos:/home/w/work/moveit2_handeye_calib/install/moveit_calibration_gui:/home/w/work/moveit2_handeye_calib/install/moveit_calibration_plugins:/home/w/work/trac_ik_ws/install/trac_ik:/home/w/work/trac_ik_ws/install/trac_ik_examples:/home/w/work/trac_ik_ws/install/trac_ik_lib:/home/w/work/moveit2_handeye_calib/install/traj_smoother_py:/home/w/work/moveit2_handeye_calib/install/robot_test_py:/home/w/work/moveit2_handeye_calib/install/robot_input:/home/w/work/moveit2_handeye_calib/install/robot_dynamics:/opt/ros/humble LD_LIBRARY_PATH=/home/w/work/moveit2_handeye_calib/install/robot_interfaces/lib:/home/w/work/moveit2_handeye_calib/install/robot_driver/lib:/home/w/work/moveit2_handeye_calib/install/ros2_socketcan/lib:/home/w/work/moveit2_handeye_calib/install/ros2_socketcan_msgs/lib:/home/w/work/moveit2_handeye_calib/install/moveit_calibration_gui/lib:/home/w/work/moveit2_handeye_calib/install/moveit_calibration_plugins/lib:/home/w/work/trac_ik_ws/install/trac_ik_lib/lib:/opt/ros/humble/opt/rviz_ogre_vendor/lib:/opt/ros/humble/lib/x86_64-linux-gnu:/opt/ros/humble/lib /usr/bin/cmake --build /home/w/work/moveit2_handeye_calib/build/robot_sdk -- -j28 -l28
[1.199s] INFO:colcon.colcon_core.task.python.build:Building Python package in '/home/w/work/moveit2_handeye_calib/TG620/robot_test_py'
[1.200s] INFO:colcon.colcon_core.shell:Skip shell extension 'powershell' for command environment: Not usable outside of PowerShell
[1.200s] DEBUG:colcon.colcon_core.shell:Skip shell extension 'dsv' for command environment
[1.209s] DEBUG:colcon.colcon_core.event_handler.log_command:Invoked command in '/home/w/work/moveit2_handeye_calib/build/arm380_config' returned '0': CMAKE_PREFIX_PATH=/home/w/work/moveit2_handeye_calib/install/robot_description:/home/w/work/moveit2_handeye_calib/install/robot_driver:/home/w/work/moveit2_handeye_calib/install/ros2_socketcan:/home/w/work/moveit2_handeye_calib/install/ros2_socketcan_msgs:/home/w/work/moveit2_handeye_calib/install/robot_virtual_fence:/home/w/work/moveit2_handeye_calib/install/robot_state_machine:/home/w/work/moveit2_handeye_calib/install/robot_sdk:/home/w/work/moveit2_handeye_calib/install/robot_control:/home/w/work/moveit2_handeye_calib/install/motor_control_logger:/home/w/work/moveit2_handeye_calib/install/robot_interfaces:/home/w/work/moveit2_handeye_calib/install/arm620_dh_config:/home/w/work/moveit2_handeye_calib/install/arm620_config:/home/w/work/moveit2_handeye_calib/install/arm380_config:/home/w/work/moveit2_handeye_calib/install/robot_bringup:/home/w/work/moveit2_handeye_calib/install/moveit_calibration_demos:/home/w/work/moveit2_handeye_calib/install/moveit_calibration_gui:/home/w/work/moveit2_handeye_calib/install/moveit_calibration_plugins:/home/w/work/trac_ik_ws/install/trac_ik:/home/w/work/trac_ik_ws/install/trac_ik_examples:/home/w/work/trac_ik_ws/install/trac_ik_lib:/home/w/work/moveit2_handeye_calib/install/traj_smoother_py:/home/w/work/moveit2_handeye_calib/install/robot_test_py:/home/w/work/moveit2_handeye_calib/install/robot_input:/home/w/work/moveit2_handeye_calib/install/robot_dynamics:/opt/ros/humble /usr/bin/cmake --build /home/w/work/moveit2_handeye_calib/build/arm380_config -- -j28 -l28
[1.210s] DEBUG:colcon.colcon_core.event_handler.log_command:Invoking command in '/home/w/work/moveit2_handeye_calib/build/arm380_config': CMAKE_PREFIX_PATH=/home/w/work/moveit2_handeye_calib/install/robot_description:/home/w/work/moveit2_handeye_calib/install/robot_driver:/home/w/work/moveit2_handeye_calib/install/ros2_socketcan:/home/w/work/moveit2_handeye_calib/install/ros2_socketcan_msgs:/home/w/work/moveit2_handeye_calib/install/robot_virtual_fence:/home/w/work/moveit2_handeye_calib/install/robot_state_machine:/home/w/work/moveit2_handeye_calib/install/robot_sdk:/home/w/work/moveit2_handeye_calib/install/robot_control:/home/w/work/moveit2_handeye_calib/install/motor_control_logger:/home/w/work/moveit2_handeye_calib/install/robot_interfaces:/home/w/work/moveit2_handeye_calib/install/arm620_dh_config:/home/w/work/moveit2_handeye_calib/install/arm620_config:/home/w/work/moveit2_handeye_calib/install/arm380_config:/home/w/work/moveit2_handeye_calib/install/robot_bringup:/home/w/work/moveit2_handeye_calib/install/moveit_calibration_demos:/home/w/work/moveit2_handeye_calib/install/moveit_calibration_gui:/home/w/work/moveit2_handeye_calib/install/moveit_calibration_plugins:/home/w/work/trac_ik_ws/install/trac_ik:/home/w/work/trac_ik_ws/install/trac_ik_examples:/home/w/work/trac_ik_ws/install/trac_ik_lib:/home/w/work/moveit2_handeye_calib/install/traj_smoother_py:/home/w/work/moveit2_handeye_calib/install/robot_test_py:/home/w/work/moveit2_handeye_calib/install/robot_input:/home/w/work/moveit2_handeye_calib/install/robot_dynamics:/opt/ros/humble /usr/bin/cmake --install /home/w/work/moveit2_handeye_calib/build/arm380_config
[1.210s] DEBUG:colcon.colcon_core.event_handler.log_command:Invoked command in '/home/w/work/moveit2_handeye_calib/build/robot_control' returned '0': CMAKE_PREFIX_PATH=/home/w/work/moveit2_handeye_calib/install/robot_interfaces:/home/w/work/moveit2_handeye_calib/install/robot_driver:/home/w/work/moveit2_handeye_calib/install/ros2_socketcan:/home/w/work/moveit2_handeye_calib/install/ros2_socketcan_msgs:/home/w/work/moveit2_handeye_calib/install/robot_virtual_fence:/home/w/work/moveit2_handeye_calib/install/robot_state_machine:/home/w/work/moveit2_handeye_calib/install/robot_sdk:/home/w/work/moveit2_handeye_calib/install/robot_control:/home/w/work/moveit2_handeye_calib/install/motor_control_logger:/home/w/work/moveit2_handeye_calib/install/arm620_dh_config:/home/w/work/moveit2_handeye_calib/install/arm620_config:/home/w/work/moveit2_handeye_calib/install/arm380_config:/home/w/work/moveit2_handeye_calib/install/robot_description:/home/w/work/moveit2_handeye_calib/install/robot_bringup:/home/w/work/moveit2_handeye_calib/install/moveit_calibration_demos:/home/w/work/moveit2_handeye_calib/install/moveit_calibration_gui:/home/w/work/moveit2_handeye_calib/install/moveit_calibration_plugins:/home/w/work/trac_ik_ws/install/trac_ik:/home/w/work/trac_ik_ws/install/trac_ik_examples:/home/w/work/trac_ik_ws/install/trac_ik_lib:/home/w/work/moveit2_handeye_calib/install/traj_smoother_py:/home/w/work/moveit2_handeye_calib/install/robot_test_py:/home/w/work/moveit2_handeye_calib/install/robot_input:/home/w/work/moveit2_handeye_calib/install/robot_dynamics:/opt/ros/humble LD_LIBRARY_PATH=/home/w/work/moveit2_handeye_calib/install/robot_interfaces/lib:/home/w/work/moveit2_handeye_calib/install/robot_driver/lib:/home/w/work/moveit2_handeye_calib/install/ros2_socketcan/lib:/home/w/work/moveit2_handeye_calib/install/ros2_socketcan_msgs/lib:/home/w/work/moveit2_handeye_calib/install/moveit_calibration_gui/lib:/home/w/work/moveit2_handeye_calib/install/moveit_calibration_plugins/lib:/home/w/work/trac_ik_ws/install/trac_ik_lib/lib:/opt/ros/humble/opt/rviz_ogre_vendor/lib:/opt/ros/humble/lib/x86_64-linux-gnu:/opt/ros/humble/lib /usr/bin/cmake --build /home/w/work/moveit2_handeye_calib/build/robot_control -- -j28 -l28
[1.211s] DEBUG:colcon.colcon_core.event_handler.log_command:Invoking command in '/home/w/work/moveit2_handeye_calib/build/robot_control': CMAKE_PREFIX_PATH=/home/w/work/moveit2_handeye_calib/install/robot_interfaces:/home/w/work/moveit2_handeye_calib/install/robot_driver:/home/w/work/moveit2_handeye_calib/install/ros2_socketcan:/home/w/work/moveit2_handeye_calib/install/ros2_socketcan_msgs:/home/w/work/moveit2_handeye_calib/install/robot_virtual_fence:/home/w/work/moveit2_handeye_calib/install/robot_state_machine:/home/w/work/moveit2_handeye_calib/install/robot_sdk:/home/w/work/moveit2_handeye_calib/install/robot_control:/home/w/work/moveit2_handeye_calib/install/motor_control_logger:/home/w/work/moveit2_handeye_calib/install/arm620_dh_config:/home/w/work/moveit2_handeye_calib/install/arm620_config:/home/w/work/moveit2_handeye_calib/install/arm380_config:/home/w/work/moveit2_handeye_calib/install/robot_description:/home/w/work/moveit2_handeye_calib/install/robot_bringup:/home/w/work/moveit2_handeye_calib/install/moveit_calibration_demos:/home/w/work/moveit2_handeye_calib/install/moveit_calibration_gui:/home/w/work/moveit2_handeye_calib/install/moveit_calibration_plugins:/home/w/work/trac_ik_ws/install/trac_ik:/home/w/work/trac_ik_ws/install/trac_ik_examples:/home/w/work/trac_ik_ws/install/trac_ik_lib:/home/w/work/moveit2_handeye_calib/install/traj_smoother_py:/home/w/work/moveit2_handeye_calib/install/robot_test_py:/home/w/work/moveit2_handeye_calib/install/robot_input:/home/w/work/moveit2_handeye_calib/install/robot_dynamics:/opt/ros/humble LD_LIBRARY_PATH=/home/w/work/moveit2_handeye_calib/install/robot_interfaces/lib:/home/w/work/moveit2_handeye_calib/install/robot_driver/lib:/home/w/work/moveit2_handeye_calib/install/ros2_socketcan/lib:/home/w/work/moveit2_handeye_calib/install/ros2_socketcan_msgs/lib:/home/w/work/moveit2_handeye_calib/install/moveit_calibration_gui/lib:/home/w/work/moveit2_handeye_calib/install/moveit_calibration_plugins/lib:/home/w/work/trac_ik_ws/install/trac_ik_lib/lib:/opt/ros/humble/opt/rviz_ogre_vendor/lib:/opt/ros/humble/lib/x86_64-linux-gnu:/opt/ros/humble/lib /usr/bin/cmake --install /home/w/work/moveit2_handeye_calib/build/robot_control
[1.211s] DEBUG:colcon.colcon_core.event_handler.log_command:Invoked command in '/home/w/work/moveit2_handeye_calib/build/arm620_dh_config' returned '0': CMAKE_PREFIX_PATH=/home/w/work/moveit2_handeye_calib/install/robot_description:/home/w/work/moveit2_handeye_calib/install/robot_driver:/home/w/work/moveit2_handeye_calib/install/ros2_socketcan:/home/w/work/moveit2_handeye_calib/install/ros2_socketcan_msgs:/home/w/work/moveit2_handeye_calib/install/robot_virtual_fence:/home/w/work/moveit2_handeye_calib/install/robot_state_machine:/home/w/work/moveit2_handeye_calib/install/robot_sdk:/home/w/work/moveit2_handeye_calib/install/robot_control:/home/w/work/moveit2_handeye_calib/install/motor_control_logger:/home/w/work/moveit2_handeye_calib/install/robot_interfaces:/home/w/work/moveit2_handeye_calib/install/arm620_dh_config:/home/w/work/moveit2_handeye_calib/install/arm620_config:/home/w/work/moveit2_handeye_calib/install/arm380_config:/home/w/work/moveit2_handeye_calib/install/robot_bringup:/home/w/work/moveit2_handeye_calib/install/moveit_calibration_demos:/home/w/work/moveit2_handeye_calib/install/moveit_calibration_gui:/home/w/work/moveit2_handeye_calib/install/moveit_calibration_plugins:/home/w/work/trac_ik_ws/install/trac_ik:/home/w/work/trac_ik_ws/install/trac_ik_examples:/home/w/work/trac_ik_ws/install/trac_ik_lib:/home/w/work/moveit2_handeye_calib/install/traj_smoother_py:/home/w/work/moveit2_handeye_calib/install/robot_test_py:/home/w/work/moveit2_handeye_calib/install/robot_input:/home/w/work/moveit2_handeye_calib/install/robot_dynamics:/opt/ros/humble /usr/bin/cmake --build /home/w/work/moveit2_handeye_calib/build/arm620_dh_config -- -j28 -l28
[1.212s] DEBUG:colcon.colcon_core.event_handler.log_command:Invoking command in '/home/w/work/moveit2_handeye_calib/build/arm620_dh_config': CMAKE_PREFIX_PATH=/home/w/work/moveit2_handeye_calib/install/robot_description:/home/w/work/moveit2_handeye_calib/install/robot_driver:/home/w/work/moveit2_handeye_calib/install/ros2_socketcan:/home/w/work/moveit2_handeye_calib/install/ros2_socketcan_msgs:/home/w/work/moveit2_handeye_calib/install/robot_virtual_fence:/home/w/work/moveit2_handeye_calib/install/robot_state_machine:/home/w/work/moveit2_handeye_calib/install/robot_sdk:/home/w/work/moveit2_handeye_calib/install/robot_control:/home/w/work/moveit2_handeye_calib/install/motor_control_logger:/home/w/work/moveit2_handeye_calib/install/robot_interfaces:/home/w/work/moveit2_handeye_calib/install/arm620_dh_config:/home/w/work/moveit2_handeye_calib/install/arm620_config:/home/w/work/moveit2_handeye_calib/install/arm380_config:/home/w/work/moveit2_handeye_calib/install/robot_bringup:/home/w/work/moveit2_handeye_calib/install/moveit_calibration_demos:/home/w/work/moveit2_handeye_calib/install/moveit_calibration_gui:/home/w/work/moveit2_handeye_calib/install/moveit_calibration_plugins:/home/w/work/trac_ik_ws/install/trac_ik:/home/w/work/trac_ik_ws/install/trac_ik_examples:/home/w/work/trac_ik_ws/install/trac_ik_lib:/home/w/work/moveit2_handeye_calib/install/traj_smoother_py:/home/w/work/moveit2_handeye_calib/install/robot_test_py:/home/w/work/moveit2_handeye_calib/install/robot_input:/home/w/work/moveit2_handeye_calib/install/robot_dynamics:/opt/ros/humble /usr/bin/cmake --install /home/w/work/moveit2_handeye_calib/build/arm620_dh_config
[1.212s] DEBUG:colcon.colcon_core.event_handler.log_command:Invoked command in '/home/w/work/moveit2_handeye_calib/build/arm620_config' returned '0': CMAKE_PREFIX_PATH=/home/w/work/moveit2_handeye_calib/install/robot_description:/home/w/work/moveit2_handeye_calib/install/robot_driver:/home/w/work/moveit2_handeye_calib/install/ros2_socketcan:/home/w/work/moveit2_handeye_calib/install/ros2_socketcan_msgs:/home/w/work/moveit2_handeye_calib/install/robot_virtual_fence:/home/w/work/moveit2_handeye_calib/install/robot_state_machine:/home/w/work/moveit2_handeye_calib/install/robot_sdk:/home/w/work/moveit2_handeye_calib/install/robot_control:/home/w/work/moveit2_handeye_calib/install/motor_control_logger:/home/w/work/moveit2_handeye_calib/install/robot_interfaces:/home/w/work/moveit2_handeye_calib/install/arm620_dh_config:/home/w/work/moveit2_handeye_calib/install/arm620_config:/home/w/work/moveit2_handeye_calib/install/arm380_config:/home/w/work/moveit2_handeye_calib/install/robot_bringup:/home/w/work/moveit2_handeye_calib/install/moveit_calibration_demos:/home/w/work/moveit2_handeye_calib/install/moveit_calibration_gui:/home/w/work/moveit2_handeye_calib/install/moveit_calibration_plugins:/home/w/work/trac_ik_ws/install/trac_ik:/home/w/work/trac_ik_ws/install/trac_ik_examples:/home/w/work/trac_ik_ws/install/trac_ik_lib:/home/w/work/moveit2_handeye_calib/install/traj_smoother_py:/home/w/work/moveit2_handeye_calib/install/robot_test_py:/home/w/work/moveit2_handeye_calib/install/robot_input:/home/w/work/moveit2_handeye_calib/install/robot_dynamics:/opt/ros/humble /usr/bin/cmake --build /home/w/work/moveit2_handeye_calib/build/arm620_config -- -j28 -l28
[1.213s] DEBUG:colcon.colcon_core.event_handler.log_command:Invoking command in '/home/w/work/moveit2_handeye_calib/build/arm620_config': CMAKE_PREFIX_PATH=/home/w/work/moveit2_handeye_calib/install/robot_description:/home/w/work/moveit2_handeye_calib/install/robot_driver:/home/w/work/moveit2_handeye_calib/install/ros2_socketcan:/home/w/work/moveit2_handeye_calib/install/ros2_socketcan_msgs:/home/w/work/moveit2_handeye_calib/install/robot_virtual_fence:/home/w/work/moveit2_handeye_calib/install/robot_state_machine:/home/w/work/moveit2_handeye_calib/install/robot_sdk:/home/w/work/moveit2_handeye_calib/install/robot_control:/home/w/work/moveit2_handeye_calib/install/motor_control_logger:/home/w/work/moveit2_handeye_calib/install/robot_interfaces:/home/w/work/moveit2_handeye_calib/install/arm620_dh_config:/home/w/work/moveit2_handeye_calib/install/arm620_config:/home/w/work/moveit2_handeye_calib/install/arm380_config:/home/w/work/moveit2_handeye_calib/install/robot_bringup:/home/w/work/moveit2_handeye_calib/install/moveit_calibration_demos:/home/w/work/moveit2_handeye_calib/install/moveit_calibration_gui:/home/w/work/moveit2_handeye_calib/install/moveit_calibration_plugins:/home/w/work/trac_ik_ws/install/trac_ik:/home/w/work/trac_ik_ws/install/trac_ik_examples:/home/w/work/trac_ik_ws/install/trac_ik_lib:/home/w/work/moveit2_handeye_calib/install/traj_smoother_py:/home/w/work/moveit2_handeye_calib/install/robot_test_py:/home/w/work/moveit2_handeye_calib/install/robot_input:/home/w/work/moveit2_handeye_calib/install/robot_dynamics:/opt/ros/humble /usr/bin/cmake --install /home/w/work/moveit2_handeye_calib/build/arm620_config
[1.215s] DEBUG:colcon.colcon_core.event_handler.log_command:Invoked command in '/home/w/work/moveit2_handeye_calib/build/motor_control_logger' returned '0': CMAKE_PREFIX_PATH=/home/w/work/moveit2_handeye_calib/install/robot_interfaces:/home/w/work/moveit2_handeye_calib/install/robot_driver:/home/w/work/moveit2_handeye_calib/install/ros2_socketcan:/home/w/work/moveit2_handeye_calib/install/ros2_socketcan_msgs:/home/w/work/moveit2_handeye_calib/install/robot_virtual_fence:/home/w/work/moveit2_handeye_calib/install/robot_state_machine:/home/w/work/moveit2_handeye_calib/install/robot_sdk:/home/w/work/moveit2_handeye_calib/install/robot_control:/home/w/work/moveit2_handeye_calib/install/motor_control_logger:/home/w/work/moveit2_handeye_calib/install/arm620_dh_config:/home/w/work/moveit2_handeye_calib/install/arm620_config:/home/w/work/moveit2_handeye_calib/install/arm380_config:/home/w/work/moveit2_handeye_calib/install/robot_description:/home/w/work/moveit2_handeye_calib/install/robot_bringup:/home/w/work/moveit2_handeye_calib/install/moveit_calibration_demos:/home/w/work/moveit2_handeye_calib/install/moveit_calibration_gui:/home/w/work/moveit2_handeye_calib/install/moveit_calibration_plugins:/home/w/work/trac_ik_ws/install/trac_ik:/home/w/work/trac_ik_ws/install/trac_ik_examples:/home/w/work/trac_ik_ws/install/trac_ik_lib:/home/w/work/moveit2_handeye_calib/install/traj_smoother_py:/home/w/work/moveit2_handeye_calib/install/robot_test_py:/home/w/work/moveit2_handeye_calib/install/robot_input:/home/w/work/moveit2_handeye_calib/install/robot_dynamics:/opt/ros/humble LD_LIBRARY_PATH=/home/w/work/moveit2_handeye_calib/install/robot_interfaces/lib:/home/w/work/moveit2_handeye_calib/install/robot_driver/lib:/home/w/work/moveit2_handeye_calib/install/ros2_socketcan/lib:/home/w/work/moveit2_handeye_calib/install/ros2_socketcan_msgs/lib:/home/w/work/moveit2_handeye_calib/install/moveit_calibration_gui/lib:/home/w/work/moveit2_handeye_calib/install/moveit_calibration_plugins/lib:/home/w/work/trac_ik_ws/install/trac_ik_lib/lib:/opt/ros/humble/opt/rviz_ogre_vendor/lib:/opt/ros/humble/lib/x86_64-linux-gnu:/opt/ros/humble/lib /usr/bin/cmake --build /home/w/work/moveit2_handeye_calib/build/motor_control_logger -- -j28 -l28
[1.215s] DEBUG:colcon.colcon_core.event_handler.log_command:Invoking command in '/home/w/work/moveit2_handeye_calib/build/motor_control_logger': CMAKE_PREFIX_PATH=/home/w/work/moveit2_handeye_calib/install/robot_interfaces:/home/w/work/moveit2_handeye_calib/install/robot_driver:/home/w/work/moveit2_handeye_calib/install/ros2_socketcan:/home/w/work/moveit2_handeye_calib/install/ros2_socketcan_msgs:/home/w/work/moveit2_handeye_calib/install/robot_virtual_fence:/home/w/work/moveit2_handeye_calib/install/robot_state_machine:/home/w/work/moveit2_handeye_calib/install/robot_sdk:/home/w/work/moveit2_handeye_calib/install/robot_control:/home/w/work/moveit2_handeye_calib/install/motor_control_logger:/home/w/work/moveit2_handeye_calib/install/arm620_dh_config:/home/w/work/moveit2_handeye_calib/install/arm620_config:/home/w/work/moveit2_handeye_calib/install/arm380_config:/home/w/work/moveit2_handeye_calib/install/robot_description:/home/w/work/moveit2_handeye_calib/install/robot_bringup:/home/w/work/moveit2_handeye_calib/install/moveit_calibration_demos:/home/w/work/moveit2_handeye_calib/install/moveit_calibration_gui:/home/w/work/moveit2_handeye_calib/install/moveit_calibration_plugins:/home/w/work/trac_ik_ws/install/trac_ik:/home/w/work/trac_ik_ws/install/trac_ik_examples:/home/w/work/trac_ik_ws/install/trac_ik_lib:/home/w/work/moveit2_handeye_calib/install/traj_smoother_py:/home/w/work/moveit2_handeye_calib/install/robot_test_py:/home/w/work/moveit2_handeye_calib/install/robot_input:/home/w/work/moveit2_handeye_calib/install/robot_dynamics:/opt/ros/humble LD_LIBRARY_PATH=/home/w/work/moveit2_handeye_calib/install/robot_interfaces/lib:/home/w/work/moveit2_handeye_calib/install/robot_driver/lib:/home/w/work/moveit2_handeye_calib/install/ros2_socketcan/lib:/home/w/work/moveit2_handeye_calib/install/ros2_socketcan_msgs/lib:/home/w/work/moveit2_handeye_calib/install/moveit_calibration_gui/lib:/home/w/work/moveit2_handeye_calib/install/moveit_calibration_plugins/lib:/home/w/work/trac_ik_ws/install/trac_ik_lib/lib:/opt/ros/humble/opt/rviz_ogre_vendor/lib:/opt/ros/humble/lib/x86_64-linux-gnu:/opt/ros/humble/lib /usr/bin/cmake --install /home/w/work/moveit2_handeye_calib/build/motor_control_logger
[1.215s] DEBUG:colcon.colcon_core.event_handler.log_command:Invoked command in '/home/w/work/moveit2_handeye_calib/build/ros2_socketcan' returned '0': CMAKE_PREFIX_PATH=/home/w/work/moveit2_handeye_calib/install/ros2_socketcan_msgs:/home/w/work/moveit2_handeye_calib/install/robot_driver:/home/w/work/moveit2_handeye_calib/install/ros2_socketcan:/home/w/work/moveit2_handeye_calib/install/robot_virtual_fence:/home/w/work/moveit2_handeye_calib/install/robot_state_machine:/home/w/work/moveit2_handeye_calib/install/robot_sdk:/home/w/work/moveit2_handeye_calib/install/robot_control:/home/w/work/moveit2_handeye_calib/install/motor_control_logger:/home/w/work/moveit2_handeye_calib/install/robot_interfaces:/home/w/work/moveit2_handeye_calib/install/arm620_dh_config:/home/w/work/moveit2_handeye_calib/install/arm620_config:/home/w/work/moveit2_handeye_calib/install/arm380_config:/home/w/work/moveit2_handeye_calib/install/robot_description:/home/w/work/moveit2_handeye_calib/install/robot_bringup:/home/w/work/moveit2_handeye_calib/install/moveit_calibration_demos:/home/w/work/moveit2_handeye_calib/install/moveit_calibration_gui:/home/w/work/moveit2_handeye_calib/install/moveit_calibration_plugins:/home/w/work/trac_ik_ws/install/trac_ik:/home/w/work/trac_ik_ws/install/trac_ik_examples:/home/w/work/trac_ik_ws/install/trac_ik_lib:/home/w/work/moveit2_handeye_calib/install/traj_smoother_py:/home/w/work/moveit2_handeye_calib/install/robot_test_py:/home/w/work/moveit2_handeye_calib/install/robot_input:/home/w/work/moveit2_handeye_calib/install/robot_dynamics:/opt/ros/humble LD_LIBRARY_PATH=/home/w/work/moveit2_handeye_calib/install/ros2_socketcan_msgs/lib:/home/w/work/moveit2_handeye_calib/install/robot_driver/lib:/home/w/work/moveit2_handeye_calib/install/ros2_socketcan/lib:/home/w/work/moveit2_handeye_calib/install/robot_interfaces/lib:/home/w/work/moveit2_handeye_calib/install/moveit_calibration_gui/lib:/home/w/work/moveit2_handeye_calib/install/moveit_calibration_plugins/lib:/home/w/work/trac_ik_ws/install/trac_ik_lib/lib:/opt/ros/humble/opt/rviz_ogre_vendor/lib:/opt/ros/humble/lib/x86_64-linux-gnu:/opt/ros/humble/lib /usr/bin/cmake --build /home/w/work/moveit2_handeye_calib/build/ros2_socketcan -- -j28 -l28
[1.216s] DEBUG:colcon.colcon_core.event_handler.log_command:Invoking command in '/home/w/work/moveit2_handeye_calib/build/ros2_socketcan': CMAKE_PREFIX_PATH=/home/w/work/moveit2_handeye_calib/install/ros2_socketcan_msgs:/home/w/work/moveit2_handeye_calib/install/robot_driver:/home/w/work/moveit2_handeye_calib/install/ros2_socketcan:/home/w/work/moveit2_handeye_calib/install/robot_virtual_fence:/home/w/work/moveit2_handeye_calib/install/robot_state_machine:/home/w/work/moveit2_handeye_calib/install/robot_sdk:/home/w/work/moveit2_handeye_calib/install/robot_control:/home/w/work/moveit2_handeye_calib/install/motor_control_logger:/home/w/work/moveit2_handeye_calib/install/robot_interfaces:/home/w/work/moveit2_handeye_calib/install/arm620_dh_config:/home/w/work/moveit2_handeye_calib/install/arm620_config:/home/w/work/moveit2_handeye_calib/install/arm380_config:/home/w/work/moveit2_handeye_calib/install/robot_description:/home/w/work/moveit2_handeye_calib/install/robot_bringup:/home/w/work/moveit2_handeye_calib/install/moveit_calibration_demos:/home/w/work/moveit2_handeye_calib/install/moveit_calibration_gui:/home/w/work/moveit2_handeye_calib/install/moveit_calibration_plugins:/home/w/work/trac_ik_ws/install/trac_ik:/home/w/work/trac_ik_ws/install/trac_ik_examples:/home/w/work/trac_ik_ws/install/trac_ik_lib:/home/w/work/moveit2_handeye_calib/install/traj_smoother_py:/home/w/work/moveit2_handeye_calib/install/robot_test_py:/home/w/work/moveit2_handeye_calib/install/robot_input:/home/w/work/moveit2_handeye_calib/install/robot_dynamics:/opt/ros/humble LD_LIBRARY_PATH=/home/w/work/moveit2_handeye_calib/install/ros2_socketcan_msgs/lib:/home/w/work/moveit2_handeye_calib/install/robot_driver/lib:/home/w/work/moveit2_handeye_calib/install/ros2_socketcan/lib:/home/w/work/moveit2_handeye_calib/install/robot_interfaces/lib:/home/w/work/moveit2_handeye_calib/install/moveit_calibration_gui/lib:/home/w/work/moveit2_handeye_calib/install/moveit_calibration_plugins/lib:/home/w/work/trac_ik_ws/install/trac_ik_lib/lib:/opt/ros/humble/opt/rviz_ogre_vendor/lib:/opt/ros/humble/lib/x86_64-linux-gnu:/opt/ros/humble/lib /usr/bin/cmake --install /home/w/work/moveit2_handeye_calib/build/ros2_socketcan
[1.217s] DEBUG:colcon.colcon_core.event_handler.log_command:Invoked command in '/home/w/work/moveit2_handeye_calib/build/moveit_calibration_gui' returned '0': CMAKE_PREFIX_PATH=/home/w/work/moveit2_handeye_calib/install/moveit_calibration_plugins:/home/w/work/moveit2_handeye_calib/install/robot_driver:/home/w/work/moveit2_handeye_calib/install/ros2_socketcan:/home/w/work/moveit2_handeye_calib/install/ros2_socketcan_msgs:/home/w/work/moveit2_handeye_calib/install/robot_virtual_fence:/home/w/work/moveit2_handeye_calib/install/robot_state_machine:/home/w/work/moveit2_handeye_calib/install/robot_sdk:/home/w/work/moveit2_handeye_calib/install/robot_control:/home/w/work/moveit2_handeye_calib/install/motor_control_logger:/home/w/work/moveit2_handeye_calib/install/robot_interfaces:/home/w/work/moveit2_handeye_calib/install/arm620_dh_config:/home/w/work/moveit2_handeye_calib/install/arm620_config:/home/w/work/moveit2_handeye_calib/install/arm380_config:/home/w/work/moveit2_handeye_calib/install/robot_description:/home/w/work/moveit2_handeye_calib/install/robot_bringup:/home/w/work/moveit2_handeye_calib/install/moveit_calibration_demos:/home/w/work/moveit2_handeye_calib/install/moveit_calibration_gui:/home/w/work/trac_ik_ws/install/trac_ik:/home/w/work/trac_ik_ws/install/trac_ik_examples:/home/w/work/trac_ik_ws/install/trac_ik_lib:/home/w/work/moveit2_handeye_calib/install/traj_smoother_py:/home/w/work/moveit2_handeye_calib/install/robot_test_py:/home/w/work/moveit2_handeye_calib/install/robot_input:/home/w/work/moveit2_handeye_calib/install/robot_dynamics:/opt/ros/humble LD_LIBRARY_PATH=/home/w/work/moveit2_handeye_calib/install/moveit_calibration_plugins/lib:/home/w/work/moveit2_handeye_calib/install/robot_driver/lib:/home/w/work/moveit2_handeye_calib/install/ros2_socketcan/lib:/home/w/work/moveit2_handeye_calib/install/ros2_socketcan_msgs/lib:/home/w/work/moveit2_handeye_calib/install/robot_interfaces/lib:/home/w/work/moveit2_handeye_calib/install/moveit_calibration_gui/lib:/home/w/work/trac_ik_ws/install/trac_ik_lib/lib:/opt/ros/humble/opt/rviz_ogre_vendor/lib:/opt/ros/humble/lib/x86_64-linux-gnu:/opt/ros/humble/lib /usr/bin/cmake --build /home/w/work/moveit2_handeye_calib/build/moveit_calibration_gui -- -j28 -l28
[1.218s] DEBUG:colcon.colcon_core.event_handler.log_command:Invoking command in '/home/w/work/moveit2_handeye_calib/build/moveit_calibration_gui': CMAKE_PREFIX_PATH=/home/w/work/moveit2_handeye_calib/install/moveit_calibration_plugins:/home/w/work/moveit2_handeye_calib/install/robot_driver:/home/w/work/moveit2_handeye_calib/install/ros2_socketcan:/home/w/work/moveit2_handeye_calib/install/ros2_socketcan_msgs:/home/w/work/moveit2_handeye_calib/install/robot_virtual_fence:/home/w/work/moveit2_handeye_calib/install/robot_state_machine:/home/w/work/moveit2_handeye_calib/install/robot_sdk:/home/w/work/moveit2_handeye_calib/install/robot_control:/home/w/work/moveit2_handeye_calib/install/motor_control_logger:/home/w/work/moveit2_handeye_calib/install/robot_interfaces:/home/w/work/moveit2_handeye_calib/install/arm620_dh_config:/home/w/work/moveit2_handeye_calib/install/arm620_config:/home/w/work/moveit2_handeye_calib/install/arm380_config:/home/w/work/moveit2_handeye_calib/install/robot_description:/home/w/work/moveit2_handeye_calib/install/robot_bringup:/home/w/work/moveit2_handeye_calib/install/moveit_calibration_demos:/home/w/work/moveit2_handeye_calib/install/moveit_calibration_gui:/home/w/work/trac_ik_ws/install/trac_ik:/home/w/work/trac_ik_ws/install/trac_ik_examples:/home/w/work/trac_ik_ws/install/trac_ik_lib:/home/w/work/moveit2_handeye_calib/install/traj_smoother_py:/home/w/work/moveit2_handeye_calib/install/robot_test_py:/home/w/work/moveit2_handeye_calib/install/robot_input:/home/w/work/moveit2_handeye_calib/install/robot_dynamics:/opt/ros/humble LD_LIBRARY_PATH=/home/w/work/moveit2_handeye_calib/install/moveit_calibration_plugins/lib:/home/w/work/moveit2_handeye_calib/install/robot_driver/lib:/home/w/work/moveit2_handeye_calib/install/ros2_socketcan/lib:/home/w/work/moveit2_handeye_calib/install/ros2_socketcan_msgs/lib:/home/w/work/moveit2_handeye_calib/install/robot_interfaces/lib:/home/w/work/moveit2_handeye_calib/install/moveit_calibration_gui/lib:/home/w/work/trac_ik_ws/install/trac_ik_lib/lib:/opt/ros/humble/opt/rviz_ogre_vendor/lib:/opt/ros/humble/lib/x86_64-linux-gnu:/opt/ros/humble/lib /usr/bin/cmake --install /home/w/work/moveit2_handeye_calib/build/moveit_calibration_gui
[1.221s] DEBUG:colcon.colcon_core.event_handler.log_command:Invoking command in '/home/w/work/moveit2_handeye_calib/TG620/robot_dynamics': PYTHONPATH=/home/w/work/moveit2_handeye_calib/build/robot_dynamics/prefix_override:/usr/lib/python3/dist-packages/colcon_core/task/python/colcon_distutils_commands:/home/w/work/moveit2_handeye_calib/install/robot_dynamics/lib/python3.10/site-packages:${PYTHONPATH} /usr/bin/python3 -W ignore:setup.py install is deprecated -W ignore:easy_install command is deprecated setup.py egg_info --egg-base ../../build/robot_dynamics build --build-base /home/w/work/moveit2_handeye_calib/build/robot_dynamics/build install --record /home/w/work/moveit2_handeye_calib/build/robot_dynamics/install.log --single-version-externally-managed install_data
[1.223s] DEBUG:colcon.colcon_core.event_handler.log_command:Invoking command in '/home/w/work/moveit2_handeye_calib/TG620/traj_smoother_py': PYTHONPATH=/home/w/work/moveit2_handeye_calib/build/traj_smoother_py/prefix_override:/usr/lib/python3/dist-packages/colcon_core/task/python/colcon_distutils_commands:/home/w/work/moveit2_handeye_calib/install/traj_smoother_py/lib/python3.10/site-packages:${PYTHONPATH} /usr/bin/python3 -W ignore:setup.py install is deprecated -W ignore:easy_install command is deprecated setup.py egg_info --egg-base ../../build/traj_smoother_py build --build-base /home/w/work/moveit2_handeye_calib/build/traj_smoother_py/build install --record /home/w/work/moveit2_handeye_calib/build/traj_smoother_py/install.log --single-version-externally-managed install_data
[1.223s] DEBUG:colcon.colcon_core.event_handler.log_command:Invoked command in '/home/w/work/moveit2_handeye_calib/build/robot_sdk' returned '0': CMAKE_PREFIX_PATH=/home/w/work/moveit2_handeye_calib/install/robot_interfaces:/home/w/work/moveit2_handeye_calib/install/robot_driver:/home/w/work/moveit2_handeye_calib/install/ros2_socketcan:/home/w/work/moveit2_handeye_calib/install/ros2_socketcan_msgs:/home/w/work/moveit2_handeye_calib/install/robot_virtual_fence:/home/w/work/moveit2_handeye_calib/install/robot_state_machine:/home/w/work/moveit2_handeye_calib/install/robot_sdk:/home/w/work/moveit2_handeye_calib/install/robot_control:/home/w/work/moveit2_handeye_calib/install/motor_control_logger:/home/w/work/moveit2_handeye_calib/install/arm620_dh_config:/home/w/work/moveit2_handeye_calib/install/arm620_config:/home/w/work/moveit2_handeye_calib/install/arm380_config:/home/w/work/moveit2_handeye_calib/install/robot_description:/home/w/work/moveit2_handeye_calib/install/robot_bringup:/home/w/work/moveit2_handeye_calib/install/moveit_calibration_demos:/home/w/work/moveit2_handeye_calib/install/moveit_calibration_gui:/home/w/work/moveit2_handeye_calib/install/moveit_calibration_plugins:/home/w/work/trac_ik_ws/install/trac_ik:/home/w/work/trac_ik_ws/install/trac_ik_examples:/home/w/work/trac_ik_ws/install/trac_ik_lib:/home/w/work/moveit2_handeye_calib/install/traj_smoother_py:/home/w/work/moveit2_handeye_calib/install/robot_test_py:/home/w/work/moveit2_handeye_calib/install/robot_input:/home/w/work/moveit2_handeye_calib/install/robot_dynamics:/opt/ros/humble LD_LIBRARY_PATH=/home/w/work/moveit2_handeye_calib/install/robot_interfaces/lib:/home/w/work/moveit2_handeye_calib/install/robot_driver/lib:/home/w/work/moveit2_handeye_calib/install/ros2_socketcan/lib:/home/w/work/moveit2_handeye_calib/install/ros2_socketcan_msgs/lib:/home/w/work/moveit2_handeye_calib/install/moveit_calibration_gui/lib:/home/w/work/moveit2_handeye_calib/install/moveit_calibration_plugins/lib:/home/w/work/trac_ik_ws/install/trac_ik_lib/lib:/opt/ros/humble/opt/rviz_ogre_vendor/lib:/opt/ros/humble/lib/x86_64-linux-gnu:/opt/ros/humble/lib /usr/bin/cmake --build /home/w/work/moveit2_handeye_calib/build/robot_sdk -- -j28 -l28
[1.224s] DEBUG:colcon.colcon_core.event_handler.log_command:Invoking command in '/home/w/work/moveit2_handeye_calib/build/robot_sdk': CMAKE_PREFIX_PATH=/home/w/work/moveit2_handeye_calib/install/robot_interfaces:/home/w/work/moveit2_handeye_calib/install/robot_driver:/home/w/work/moveit2_handeye_calib/install/ros2_socketcan:/home/w/work/moveit2_handeye_calib/install/ros2_socketcan_msgs:/home/w/work/moveit2_handeye_calib/install/robot_virtual_fence:/home/w/work/moveit2_handeye_calib/install/robot_state_machine:/home/w/work/moveit2_handeye_calib/install/robot_sdk:/home/w/work/moveit2_handeye_calib/install/robot_control:/home/w/work/moveit2_handeye_calib/install/motor_control_logger:/home/w/work/moveit2_handeye_calib/install/arm620_dh_config:/home/w/work/moveit2_handeye_calib/install/arm620_config:/home/w/work/moveit2_handeye_calib/install/arm380_config:/home/w/work/moveit2_handeye_calib/install/robot_description:/home/w/work/moveit2_handeye_calib/install/robot_bringup:/home/w/work/moveit2_handeye_calib/install/moveit_calibration_demos:/home/w/work/moveit2_handeye_calib/install/moveit_calibration_gui:/home/w/work/moveit2_handeye_calib/install/moveit_calibration_plugins:/home/w/work/trac_ik_ws/install/trac_ik:/home/w/work/trac_ik_ws/install/trac_ik_examples:/home/w/work/trac_ik_ws/install/trac_ik_lib:/home/w/work/moveit2_handeye_calib/install/traj_smoother_py:/home/w/work/moveit2_handeye_calib/install/robot_test_py:/home/w/work/moveit2_handeye_calib/install/robot_input:/home/w/work/moveit2_handeye_calib/install/robot_dynamics:/opt/ros/humble LD_LIBRARY_PATH=/home/w/work/moveit2_handeye_calib/install/robot_interfaces/lib:/home/w/work/moveit2_handeye_calib/install/robot_driver/lib:/home/w/work/moveit2_handeye_calib/install/ros2_socketcan/lib:/home/w/work/moveit2_handeye_calib/install/ros2_socketcan_msgs/lib:/home/w/work/moveit2_handeye_calib/install/moveit_calibration_gui/lib:/home/w/work/moveit2_handeye_calib/install/moveit_calibration_plugins/lib:/home/w/work/trac_ik_ws/install/trac_ik_lib/lib:/opt/ros/humble/opt/rviz_ogre_vendor/lib:/opt/ros/humble/lib/x86_64-linux-gnu:/opt/ros/humble/lib /usr/bin/cmake --install /home/w/work/moveit2_handeye_calib/build/robot_sdk
[1.235s] Level 1:colcon.colcon_core.environment:create_environment_scripts_only(arm380_config)
[1.236s] Level 1:colcon.colcon_core.environment:checking '/home/w/work/moveit2_handeye_calib/install/arm380_config' for CMake module files
[1.236s] Level 1:colcon.colcon_core.environment:checking '/home/w/work/moveit2_handeye_calib/install/arm380_config' for CMake config files
[1.237s] Level 1:colcon.colcon_core.shell:create_environment_hook('arm380_config', 'cmake_prefix_path')
[1.237s] INFO:colcon.colcon_core.shell:Creating environment hook '/home/w/work/moveit2_handeye_calib/install/arm380_config/share/arm380_config/hook/cmake_prefix_path.ps1'
[1.238s] INFO:colcon.colcon_core.shell:Creating environment descriptor '/home/w/work/moveit2_handeye_calib/install/arm380_config/share/arm380_config/hook/cmake_prefix_path.dsv'
[1.238s] INFO:colcon.colcon_core.shell:Creating environment hook '/home/w/work/moveit2_handeye_calib/install/arm380_config/share/arm380_config/hook/cmake_prefix_path.sh'
[1.238s] Level 1:colcon.colcon_core.environment:checking '/home/w/work/moveit2_handeye_calib/install/arm380_config/bin'
[1.239s] Level 1:colcon.colcon_core.environment:checking '/home/w/work/moveit2_handeye_calib/install/arm380_config/lib/pkgconfig/arm380_config.pc'
[1.239s] Level 1:colcon.colcon_core.environment:checking '/home/w/work/moveit2_handeye_calib/install/arm380_config/lib/python3.10/site-packages'
[1.239s] Level 1:colcon.colcon_core.environment:checking '/home/w/work/moveit2_handeye_calib/install/arm380_config/bin'
[1.239s] INFO:colcon.colcon_core.shell:Creating package script '/home/w/work/moveit2_handeye_calib/install/arm380_config/share/arm380_config/package.ps1'
[1.240s] INFO:colcon.colcon_core.shell:Creating package descriptor '/home/w/work/moveit2_handeye_calib/install/arm380_config/share/arm380_config/package.dsv'
[1.240s] INFO:colcon.colcon_core.shell:Creating package script '/home/w/work/moveit2_handeye_calib/install/arm380_config/share/arm380_config/package.sh'
[1.240s] INFO:colcon.colcon_core.shell:Creating package script '/home/w/work/moveit2_handeye_calib/install/arm380_config/share/arm380_config/package.bash'
[1.241s] INFO:colcon.colcon_core.shell:Creating package script '/home/w/work/moveit2_handeye_calib/install/arm380_config/share/arm380_config/package.zsh'
[1.241s] Level 1:colcon.colcon_core.environment:create_file_with_runtime_dependencies(/home/w/work/moveit2_handeye_calib/install/arm380_config/share/colcon-core/packages/arm380_config)
[1.241s] Level 1:colcon.colcon_core.environment:create_environment_scripts_only(arm380_config)
[1.241s] Level 1:colcon.colcon_core.environment:checking '/home/w/work/moveit2_handeye_calib/install/arm380_config' for CMake module files
[1.243s] Level 1:colcon.colcon_core.environment:checking '/home/w/work/moveit2_handeye_calib/install/arm380_config' for CMake config files
[1.246s] Level 1:colcon.colcon_core.shell:create_environment_hook('arm380_config', 'cmake_prefix_path')
[1.246s] INFO:colcon.colcon_core.shell:Creating environment hook '/home/w/work/moveit2_handeye_calib/install/arm380_config/share/arm380_config/hook/cmake_prefix_path.ps1'
[1.248s] DEBUG:colcon.colcon_core.event_handler.log_command:Invoked command in '/home/w/work/moveit2_handeye_calib/build/arm380_config' returned '0': CMAKE_PREFIX_PATH=/home/w/work/moveit2_handeye_calib/install/robot_description:/home/w/work/moveit2_handeye_calib/install/robot_driver:/home/w/work/moveit2_handeye_calib/install/ros2_socketcan:/home/w/work/moveit2_handeye_calib/install/ros2_socketcan_msgs:/home/w/work/moveit2_handeye_calib/install/robot_virtual_fence:/home/w/work/moveit2_handeye_calib/install/robot_state_machine:/home/w/work/moveit2_handeye_calib/install/robot_sdk:/home/w/work/moveit2_handeye_calib/install/robot_control:/home/w/work/moveit2_handeye_calib/install/motor_control_logger:/home/w/work/moveit2_handeye_calib/install/robot_interfaces:/home/w/work/moveit2_handeye_calib/install/arm620_dh_config:/home/w/work/moveit2_handeye_calib/install/arm620_config:/home/w/work/moveit2_handeye_calib/install/arm380_config:/home/w/work/moveit2_handeye_calib/install/robot_bringup:/home/w/work/moveit2_handeye_calib/install/moveit_calibration_demos:/home/w/work/moveit2_handeye_calib/install/moveit_calibration_gui:/home/w/work/moveit2_handeye_calib/install/moveit_calibration_plugins:/home/w/work/trac_ik_ws/install/trac_ik:/home/w/work/trac_ik_ws/install/trac_ik_examples:/home/w/work/trac_ik_ws/install/trac_ik_lib:/home/w/work/moveit2_handeye_calib/install/traj_smoother_py:/home/w/work/moveit2_handeye_calib/install/robot_test_py:/home/w/work/moveit2_handeye_calib/install/robot_input:/home/w/work/moveit2_handeye_calib/install/robot_dynamics:/opt/ros/humble /usr/bin/cmake --install /home/w/work/moveit2_handeye_calib/build/arm380_config
[1.260s] INFO:colcon.colcon_core.shell:Creating environment descriptor '/home/w/work/moveit2_handeye_calib/install/arm380_config/share/arm380_config/hook/cmake_prefix_path.dsv'
[1.261s] INFO:colcon.colcon_core.shell:Creating environment hook '/home/w/work/moveit2_handeye_calib/install/arm380_config/share/arm380_config/hook/cmake_prefix_path.sh'
[1.261s] Level 1:colcon.colcon_core.environment:checking '/home/w/work/moveit2_handeye_calib/install/arm380_config/bin'
[1.261s] Level 1:colcon.colcon_core.environment:checking '/home/w/work/moveit2_handeye_calib/install/arm380_config/lib/pkgconfig/arm380_config.pc'
[1.261s] Level 1:colcon.colcon_core.environment:checking '/home/w/work/moveit2_handeye_calib/install/arm380_config/lib/python3.10/site-packages'
[1.262s] Level 1:colcon.colcon_core.environment:checking '/home/w/work/moveit2_handeye_calib/install/arm380_config/bin'
[1.262s] INFO:colcon.colcon_core.shell:Creating package script '/home/w/work/moveit2_handeye_calib/install/arm380_config/share/arm380_config/package.ps1'
[1.262s] INFO:colcon.colcon_core.shell:Creating package descriptor '/home/w/work/moveit2_handeye_calib/install/arm380_config/share/arm380_config/package.dsv'
[1.262s] INFO:colcon.colcon_core.shell:Creating package script '/home/w/work/moveit2_handeye_calib/install/arm380_config/share/arm380_config/package.sh'
[1.263s] INFO:colcon.colcon_core.shell:Creating package script '/home/w/work/moveit2_handeye_calib/install/arm380_config/share/arm380_config/package.bash'
[1.263s] INFO:colcon.colcon_core.shell:Creating package script '/home/w/work/moveit2_handeye_calib/install/arm380_config/share/arm380_config/package.zsh'
[1.263s] Level 1:colcon.colcon_core.environment:create_file_with_runtime_dependencies(/home/w/work/moveit2_handeye_calib/install/arm380_config/share/colcon-core/packages/arm380_config)
[1.263s] Level 1:colcon.colcon_core.environment:create_environment_scripts_only(robot_control)
[1.263s] Level 1:colcon.colcon_core.environment:checking '/home/w/work/moveit2_handeye_calib/install/robot_control' for CMake module files
[1.264s] Level 1:colcon.colcon_core.environment:checking '/home/w/work/moveit2_handeye_calib/install/robot_control' for CMake config files
[1.264s] DEBUG:colcon.colcon_core.event_handler.log_command:Invoked command in '/home/w/work/moveit2_handeye_calib/build/robot_control' returned '0': CMAKE_PREFIX_PATH=/home/w/work/moveit2_handeye_calib/install/robot_interfaces:/home/w/work/moveit2_handeye_calib/install/robot_driver:/home/w/work/moveit2_handeye_calib/install/ros2_socketcan:/home/w/work/moveit2_handeye_calib/install/ros2_socketcan_msgs:/home/w/work/moveit2_handeye_calib/install/robot_virtual_fence:/home/w/work/moveit2_handeye_calib/install/robot_state_machine:/home/w/work/moveit2_handeye_calib/install/robot_sdk:/home/w/work/moveit2_handeye_calib/install/robot_control:/home/w/work/moveit2_handeye_calib/install/motor_control_logger:/home/w/work/moveit2_handeye_calib/install/arm620_dh_config:/home/w/work/moveit2_handeye_calib/install/arm620_config:/home/w/work/moveit2_handeye_calib/install/arm380_config:/home/w/work/moveit2_handeye_calib/install/robot_description:/home/w/work/moveit2_handeye_calib/install/robot_bringup:/home/w/work/moveit2_handeye_calib/install/moveit_calibration_demos:/home/w/work/moveit2_handeye_calib/install/moveit_calibration_gui:/home/w/work/moveit2_handeye_calib/install/moveit_calibration_plugins:/home/w/work/trac_ik_ws/install/trac_ik:/home/w/work/trac_ik_ws/install/trac_ik_examples:/home/w/work/trac_ik_ws/install/trac_ik_lib:/home/w/work/moveit2_handeye_calib/install/traj_smoother_py:/home/w/work/moveit2_handeye_calib/install/robot_test_py:/home/w/work/moveit2_handeye_calib/install/robot_input:/home/w/work/moveit2_handeye_calib/install/robot_dynamics:/opt/ros/humble LD_LIBRARY_PATH=/home/w/work/moveit2_handeye_calib/install/robot_interfaces/lib:/home/w/work/moveit2_handeye_calib/install/robot_driver/lib:/home/w/work/moveit2_handeye_calib/install/ros2_socketcan/lib:/home/w/work/moveit2_handeye_calib/install/ros2_socketcan_msgs/lib:/home/w/work/moveit2_handeye_calib/install/moveit_calibration_gui/lib:/home/w/work/moveit2_handeye_calib/install/moveit_calibration_plugins/lib:/home/w/work/trac_ik_ws/install/trac_ik_lib/lib:/opt/ros/humble/opt/rviz_ogre_vendor/lib:/opt/ros/humble/lib/x86_64-linux-gnu:/opt/ros/humble/lib /usr/bin/cmake --install /home/w/work/moveit2_handeye_calib/build/robot_control
[1.264s] Level 1:colcon.colcon_core.shell:create_environment_hook('robot_control', 'cmake_prefix_path')
[1.264s] INFO:colcon.colcon_core.shell:Creating environment hook '/home/w/work/moveit2_handeye_calib/install/robot_control/share/robot_control/hook/cmake_prefix_path.ps1'
[1.265s] INFO:colcon.colcon_core.shell:Creating environment descriptor '/home/w/work/moveit2_handeye_calib/install/robot_control/share/robot_control/hook/cmake_prefix_path.dsv'
[1.265s] INFO:colcon.colcon_core.shell:Creating environment hook '/home/w/work/moveit2_handeye_calib/install/robot_control/share/robot_control/hook/cmake_prefix_path.sh'
[1.265s] Level 1:colcon.colcon_core.environment:checking '/home/w/work/moveit2_handeye_calib/install/robot_control/lib'
[1.265s] Level 1:colcon.colcon_core.environment:checking '/home/w/work/moveit2_handeye_calib/install/robot_control/bin'
[1.265s] Level 1:colcon.colcon_core.environment:checking '/home/w/work/moveit2_handeye_calib/install/robot_control/lib/pkgconfig/robot_control.pc'
[1.265s] Level 1:colcon.colcon_core.environment:checking '/home/w/work/moveit2_handeye_calib/install/robot_control/lib/python3.10/site-packages'
[1.266s] Level 1:colcon.colcon_core.environment:checking '/home/w/work/moveit2_handeye_calib/install/robot_control/bin'
[1.266s] INFO:colcon.colcon_core.shell:Creating package script '/home/w/work/moveit2_handeye_calib/install/robot_control/share/robot_control/package.ps1'
[1.266s] INFO:colcon.colcon_core.shell:Creating package descriptor '/home/w/work/moveit2_handeye_calib/install/robot_control/share/robot_control/package.dsv'
[1.266s] INFO:colcon.colcon_core.shell:Creating package script '/home/w/work/moveit2_handeye_calib/install/robot_control/share/robot_control/package.sh'
[1.266s] INFO:colcon.colcon_core.shell:Creating package script '/home/w/work/moveit2_handeye_calib/install/robot_control/share/robot_control/package.bash'
[1.267s] INFO:colcon.colcon_core.shell:Creating package script '/home/w/work/moveit2_handeye_calib/install/robot_control/share/robot_control/package.zsh'
[1.267s] Level 1:colcon.colcon_core.environment:create_file_with_runtime_dependencies(/home/w/work/moveit2_handeye_calib/install/robot_control/share/colcon-core/packages/robot_control)
[1.267s] Level 1:colcon.colcon_core.environment:create_environment_scripts_only(robot_control)
[1.267s] Level 1:colcon.colcon_core.environment:checking '/home/w/work/moveit2_handeye_calib/install/robot_control' for CMake module files
[1.268s] Level 1:colcon.colcon_core.environment:checking '/home/w/work/moveit2_handeye_calib/install/robot_control' for CMake config files
[1.268s] Level 1:colcon.colcon_core.shell:create_environment_hook('robot_control', 'cmake_prefix_path')
[1.268s] INFO:colcon.colcon_core.shell:Creating environment hook '/home/w/work/moveit2_handeye_calib/install/robot_control/share/robot_control/hook/cmake_prefix_path.ps1'
[1.268s] INFO:colcon.colcon_core.shell:Creating environment descriptor '/home/w/work/moveit2_handeye_calib/install/robot_control/share/robot_control/hook/cmake_prefix_path.dsv'
[1.268s] INFO:colcon.colcon_core.shell:Creating environment hook '/home/w/work/moveit2_handeye_calib/install/robot_control/share/robot_control/hook/cmake_prefix_path.sh'
[1.268s] Level 1:colcon.colcon_core.environment:checking '/home/w/work/moveit2_handeye_calib/install/robot_control/lib'
[1.269s] Level 1:colcon.colcon_core.environment:checking '/home/w/work/moveit2_handeye_calib/install/robot_control/bin'
[1.269s] Level 1:colcon.colcon_core.environment:checking '/home/w/work/moveit2_handeye_calib/install/robot_control/lib/pkgconfig/robot_control.pc'
[1.269s] Level 1:colcon.colcon_core.environment:checking '/home/w/work/moveit2_handeye_calib/install/robot_control/lib/python3.10/site-packages'
[1.269s] Level 1:colcon.colcon_core.environment:checking '/home/w/work/moveit2_handeye_calib/install/robot_control/bin'
[1.269s] INFO:colcon.colcon_core.shell:Creating package script '/home/w/work/moveit2_handeye_calib/install/robot_control/share/robot_control/package.ps1'
[1.269s] INFO:colcon.colcon_core.shell:Creating package descriptor '/home/w/work/moveit2_handeye_calib/install/robot_control/share/robot_control/package.dsv'
[1.270s] INFO:colcon.colcon_core.shell:Creating package script '/home/w/work/moveit2_handeye_calib/install/robot_control/share/robot_control/package.sh'
[1.270s] INFO:colcon.colcon_core.shell:Creating package script '/home/w/work/moveit2_handeye_calib/install/robot_control/share/robot_control/package.bash'
[1.270s] INFO:colcon.colcon_core.shell:Creating package script '/home/w/work/moveit2_handeye_calib/install/robot_control/share/robot_control/package.zsh'
[1.270s] Level 1:colcon.colcon_core.environment:create_file_with_runtime_dependencies(/home/w/work/moveit2_handeye_calib/install/robot_control/share/colcon-core/packages/robot_control)
[1.270s] Level 1:colcon.colcon_core.environment:create_environment_scripts_only(arm620_dh_config)
[1.271s] Level 1:colcon.colcon_core.environment:checking '/home/w/work/moveit2_handeye_calib/install/arm620_dh_config' for CMake module files
[1.271s] Level 1:colcon.colcon_core.environment:checking '/home/w/work/moveit2_handeye_calib/install/arm620_dh_config' for CMake config files
[1.271s] DEBUG:colcon.colcon_core.event_handler.log_command:Invoked command in '/home/w/work/moveit2_handeye_calib/build/arm620_dh_config' returned '0': CMAKE_PREFIX_PATH=/home/w/work/moveit2_handeye_calib/install/robot_description:/home/w/work/moveit2_handeye_calib/install/robot_driver:/home/w/work/moveit2_handeye_calib/install/ros2_socketcan:/home/w/work/moveit2_handeye_calib/install/ros2_socketcan_msgs:/home/w/work/moveit2_handeye_calib/install/robot_virtual_fence:/home/w/work/moveit2_handeye_calib/install/robot_state_machine:/home/w/work/moveit2_handeye_calib/install/robot_sdk:/home/w/work/moveit2_handeye_calib/install/robot_control:/home/w/work/moveit2_handeye_calib/install/motor_control_logger:/home/w/work/moveit2_handeye_calib/install/robot_interfaces:/home/w/work/moveit2_handeye_calib/install/arm620_dh_config:/home/w/work/moveit2_handeye_calib/install/arm620_config:/home/w/work/moveit2_handeye_calib/install/arm380_config:/home/w/work/moveit2_handeye_calib/install/robot_bringup:/home/w/work/moveit2_handeye_calib/install/moveit_calibration_demos:/home/w/work/moveit2_handeye_calib/install/moveit_calibration_gui:/home/w/work/moveit2_handeye_calib/install/moveit_calibration_plugins:/home/w/work/trac_ik_ws/install/trac_ik:/home/w/work/trac_ik_ws/install/trac_ik_examples:/home/w/work/trac_ik_ws/install/trac_ik_lib:/home/w/work/moveit2_handeye_calib/install/traj_smoother_py:/home/w/work/moveit2_handeye_calib/install/robot_test_py:/home/w/work/moveit2_handeye_calib/install/robot_input:/home/w/work/moveit2_handeye_calib/install/robot_dynamics:/opt/ros/humble /usr/bin/cmake --install /home/w/work/moveit2_handeye_calib/build/arm620_dh_config
[1.271s] Level 1:colcon.colcon_core.shell:create_environment_hook('arm620_dh_config', 'cmake_prefix_path')
[1.271s] INFO:colcon.colcon_core.shell:Creating environment hook '/home/w/work/moveit2_handeye_calib/install/arm620_dh_config/share/arm620_dh_config/hook/cmake_prefix_path.ps1'
[1.272s] INFO:colcon.colcon_core.shell:Creating environment descriptor '/home/w/work/moveit2_handeye_calib/install/arm620_dh_config/share/arm620_dh_config/hook/cmake_prefix_path.dsv'
[1.272s] INFO:colcon.colcon_core.shell:Creating environment hook '/home/w/work/moveit2_handeye_calib/install/arm620_dh_config/share/arm620_dh_config/hook/cmake_prefix_path.sh'
[1.272s] Level 1:colcon.colcon_core.environment:checking '/home/w/work/moveit2_handeye_calib/install/arm620_dh_config/bin'
[1.272s] Level 1:colcon.colcon_core.environment:checking '/home/w/work/moveit2_handeye_calib/install/arm620_dh_config/lib/pkgconfig/arm620_dh_config.pc'
[1.272s] Level 1:colcon.colcon_core.environment:checking '/home/w/work/moveit2_handeye_calib/install/arm620_dh_config/lib/python3.10/site-packages'
[1.272s] Level 1:colcon.colcon_core.environment:checking '/home/w/work/moveit2_handeye_calib/install/arm620_dh_config/bin'
[1.273s] INFO:colcon.colcon_core.shell:Creating package script '/home/w/work/moveit2_handeye_calib/install/arm620_dh_config/share/arm620_dh_config/package.ps1'
[1.273s] INFO:colcon.colcon_core.shell:Creating package descriptor '/home/w/work/moveit2_handeye_calib/install/arm620_dh_config/share/arm620_dh_config/package.dsv'
[1.273s] INFO:colcon.colcon_core.shell:Creating package script '/home/w/work/moveit2_handeye_calib/install/arm620_dh_config/share/arm620_dh_config/package.sh'
[1.273s] INFO:colcon.colcon_core.shell:Creating package script '/home/w/work/moveit2_handeye_calib/install/arm620_dh_config/share/arm620_dh_config/package.bash'
[1.273s] INFO:colcon.colcon_core.shell:Creating package script '/home/w/work/moveit2_handeye_calib/install/arm620_dh_config/share/arm620_dh_config/package.zsh'
[1.274s] Level 1:colcon.colcon_core.environment:create_file_with_runtime_dependencies(/home/w/work/moveit2_handeye_calib/install/arm620_dh_config/share/colcon-core/packages/arm620_dh_config)
[1.274s] Level 1:colcon.colcon_core.environment:create_environment_scripts_only(arm620_dh_config)
[1.274s] Level 1:colcon.colcon_core.environment:checking '/home/w/work/moveit2_handeye_calib/install/arm620_dh_config' for CMake module files
[1.274s] Level 1:colcon.colcon_core.environment:checking '/home/w/work/moveit2_handeye_calib/install/arm620_dh_config' for CMake config files
[1.274s] Level 1:colcon.colcon_core.shell:create_environment_hook('arm620_dh_config', 'cmake_prefix_path')
[1.274s] INFO:colcon.colcon_core.shell:Creating environment hook '/home/w/work/moveit2_handeye_calib/install/arm620_dh_config/share/arm620_dh_config/hook/cmake_prefix_path.ps1'
[1.275s] INFO:colcon.colcon_core.shell:Creating environment descriptor '/home/w/work/moveit2_handeye_calib/install/arm620_dh_config/share/arm620_dh_config/hook/cmake_prefix_path.dsv'
[1.275s] INFO:colcon.colcon_core.shell:Creating environment hook '/home/w/work/moveit2_handeye_calib/install/arm620_dh_config/share/arm620_dh_config/hook/cmake_prefix_path.sh'
[1.275s] Level 1:colcon.colcon_core.environment:checking '/home/w/work/moveit2_handeye_calib/install/arm620_dh_config/bin'
[1.275s] Level 1:colcon.colcon_core.environment:checking '/home/w/work/moveit2_handeye_calib/install/arm620_dh_config/lib/pkgconfig/arm620_dh_config.pc'
[1.275s] Level 1:colcon.colcon_core.environment:checking '/home/w/work/moveit2_handeye_calib/install/arm620_dh_config/lib/python3.10/site-packages'
[1.276s] Level 1:colcon.colcon_core.environment:checking '/home/w/work/moveit2_handeye_calib/install/arm620_dh_config/bin'
[1.276s] INFO:colcon.colcon_core.shell:Creating package script '/home/w/work/moveit2_handeye_calib/install/arm620_dh_config/share/arm620_dh_config/package.ps1'
[1.276s] INFO:colcon.colcon_core.shell:Creating package descriptor '/home/w/work/moveit2_handeye_calib/install/arm620_dh_config/share/arm620_dh_config/package.dsv'
[1.276s] INFO:colcon.colcon_core.shell:Creating package script '/home/w/work/moveit2_handeye_calib/install/arm620_dh_config/share/arm620_dh_config/package.sh'
[1.276s] INFO:colcon.colcon_core.shell:Creating package script '/home/w/work/moveit2_handeye_calib/install/arm620_dh_config/share/arm620_dh_config/package.bash'
[1.277s] INFO:colcon.colcon_core.shell:Creating package script '/home/w/work/moveit2_handeye_calib/install/arm620_dh_config/share/arm620_dh_config/package.zsh'
[1.277s] Level 1:colcon.colcon_core.environment:create_file_with_runtime_dependencies(/home/w/work/moveit2_handeye_calib/install/arm620_dh_config/share/colcon-core/packages/arm620_dh_config)
[1.277s] Level 1:colcon.colcon_core.environment:create_environment_scripts_only(arm620_config)
[1.278s] Level 1:colcon.colcon_core.environment:checking '/home/w/work/moveit2_handeye_calib/install/arm620_config' for CMake module files
[1.278s] DEBUG:colcon.colcon_core.event_handler.log_command:Invoked command in '/home/w/work/moveit2_handeye_calib/build/arm620_config' returned '0': CMAKE_PREFIX_PATH=/home/w/work/moveit2_handeye_calib/install/robot_description:/home/w/work/moveit2_handeye_calib/install/robot_driver:/home/w/work/moveit2_handeye_calib/install/ros2_socketcan:/home/w/work/moveit2_handeye_calib/install/ros2_socketcan_msgs:/home/w/work/moveit2_handeye_calib/install/robot_virtual_fence:/home/w/work/moveit2_handeye_calib/install/robot_state_machine:/home/w/work/moveit2_handeye_calib/install/robot_sdk:/home/w/work/moveit2_handeye_calib/install/robot_control:/home/w/work/moveit2_handeye_calib/install/motor_control_logger:/home/w/work/moveit2_handeye_calib/install/robot_interfaces:/home/w/work/moveit2_handeye_calib/install/arm620_dh_config:/home/w/work/moveit2_handeye_calib/install/arm620_config:/home/w/work/moveit2_handeye_calib/install/arm380_config:/home/w/work/moveit2_handeye_calib/install/robot_bringup:/home/w/work/moveit2_handeye_calib/install/moveit_calibration_demos:/home/w/work/moveit2_handeye_calib/install/moveit_calibration_gui:/home/w/work/moveit2_handeye_calib/install/moveit_calibration_plugins:/home/w/work/trac_ik_ws/install/trac_ik:/home/w/work/trac_ik_ws/install/trac_ik_examples:/home/w/work/trac_ik_ws/install/trac_ik_lib:/home/w/work/moveit2_handeye_calib/install/traj_smoother_py:/home/w/work/moveit2_handeye_calib/install/robot_test_py:/home/w/work/moveit2_handeye_calib/install/robot_input:/home/w/work/moveit2_handeye_calib/install/robot_dynamics:/opt/ros/humble /usr/bin/cmake --install /home/w/work/moveit2_handeye_calib/build/arm620_config
[1.278s] Level 1:colcon.colcon_core.environment:checking '/home/w/work/moveit2_handeye_calib/install/arm620_config' for CMake config files
[1.278s] Level 1:colcon.colcon_core.shell:create_environment_hook('arm620_config', 'cmake_prefix_path')
[1.278s] INFO:colcon.colcon_core.shell:Creating environment hook '/home/w/work/moveit2_handeye_calib/install/arm620_config/share/arm620_config/hook/cmake_prefix_path.ps1'
[1.279s] INFO:colcon.colcon_core.shell:Creating environment descriptor '/home/w/work/moveit2_handeye_calib/install/arm620_config/share/arm620_config/hook/cmake_prefix_path.dsv'
[1.279s] INFO:colcon.colcon_core.shell:Creating environment hook '/home/w/work/moveit2_handeye_calib/install/arm620_config/share/arm620_config/hook/cmake_prefix_path.sh'
[1.279s] Level 1:colcon.colcon_core.environment:checking '/home/w/work/moveit2_handeye_calib/install/arm620_config/bin'
[1.279s] Level 1:colcon.colcon_core.environment:checking '/home/w/work/moveit2_handeye_calib/install/arm620_config/lib/pkgconfig/arm620_config.pc'
[1.279s] Level 1:colcon.colcon_core.environment:checking '/home/w/work/moveit2_handeye_calib/install/arm620_config/lib/python3.10/site-packages'
[1.279s] Level 1:colcon.colcon_core.environment:checking '/home/w/work/moveit2_handeye_calib/install/arm620_config/bin'
[1.280s] INFO:colcon.colcon_core.shell:Creating package script '/home/w/work/moveit2_handeye_calib/install/arm620_config/share/arm620_config/package.ps1'
[1.280s] INFO:colcon.colcon_core.shell:Creating package descriptor '/home/w/work/moveit2_handeye_calib/install/arm620_config/share/arm620_config/package.dsv'
[1.280s] INFO:colcon.colcon_core.shell:Creating package script '/home/w/work/moveit2_handeye_calib/install/arm620_config/share/arm620_config/package.sh'
[1.280s] INFO:colcon.colcon_core.shell:Creating package script '/home/w/work/moveit2_handeye_calib/install/arm620_config/share/arm620_config/package.bash'
[1.280s] INFO:colcon.colcon_core.shell:Creating package script '/home/w/work/moveit2_handeye_calib/install/arm620_config/share/arm620_config/package.zsh'
[1.281s] Level 1:colcon.colcon_core.environment:create_file_with_runtime_dependencies(/home/w/work/moveit2_handeye_calib/install/arm620_config/share/colcon-core/packages/arm620_config)
[1.281s] Level 1:colcon.colcon_core.environment:create_environment_scripts_only(arm620_config)
[1.281s] Level 1:colcon.colcon_core.environment:checking '/home/w/work/moveit2_handeye_calib/install/arm620_config' for CMake module files
[1.281s] Level 1:colcon.colcon_core.environment:checking '/home/w/work/moveit2_handeye_calib/install/arm620_config' for CMake config files
[1.281s] Level 1:colcon.colcon_core.shell:create_environment_hook('arm620_config', 'cmake_prefix_path')
[1.281s] INFO:colcon.colcon_core.shell:Creating environment hook '/home/w/work/moveit2_handeye_calib/install/arm620_config/share/arm620_config/hook/cmake_prefix_path.ps1'
[1.282s] INFO:colcon.colcon_core.shell:Creating environment descriptor '/home/w/work/moveit2_handeye_calib/install/arm620_config/share/arm620_config/hook/cmake_prefix_path.dsv'
[1.282s] INFO:colcon.colcon_core.shell:Creating environment hook '/home/w/work/moveit2_handeye_calib/install/arm620_config/share/arm620_config/hook/cmake_prefix_path.sh'
[1.282s] Level 1:colcon.colcon_core.environment:checking '/home/w/work/moveit2_handeye_calib/install/arm620_config/bin'
[1.282s] Level 1:colcon.colcon_core.environment:checking '/home/w/work/moveit2_handeye_calib/install/arm620_config/lib/pkgconfig/arm620_config.pc'
[1.282s] Level 1:colcon.colcon_core.environment:checking '/home/w/work/moveit2_handeye_calib/install/arm620_config/lib/python3.10/site-packages'
[1.282s] Level 1:colcon.colcon_core.environment:checking '/home/w/work/moveit2_handeye_calib/install/arm620_config/bin'
[1.283s] INFO:colcon.colcon_core.shell:Creating package script '/home/w/work/moveit2_handeye_calib/install/arm620_config/share/arm620_config/package.ps1'
[1.283s] INFO:colcon.colcon_core.shell:Creating package descriptor '/home/w/work/moveit2_handeye_calib/install/arm620_config/share/arm620_config/package.dsv'
[1.283s] INFO:colcon.colcon_core.shell:Creating package script '/home/w/work/moveit2_handeye_calib/install/arm620_config/share/arm620_config/package.sh'
[1.284s] INFO:colcon.colcon_core.shell:Creating package script '/home/w/work/moveit2_handeye_calib/install/arm620_config/share/arm620_config/package.bash'
[1.284s] INFO:colcon.colcon_core.shell:Creating package script '/home/w/work/moveit2_handeye_calib/install/arm620_config/share/arm620_config/package.zsh'
[1.284s] Level 1:colcon.colcon_core.environment:create_file_with_runtime_dependencies(/home/w/work/moveit2_handeye_calib/install/arm620_config/share/colcon-core/packages/arm620_config)
[1.284s] Level 1:colcon.colcon_core.environment:create_environment_scripts_only(motor_control_logger)
[1.284s] Level 1:colcon.colcon_core.environment:checking '/home/w/work/moveit2_handeye_calib/install/motor_control_logger' for CMake module files
[1.285s] DEBUG:colcon.colcon_core.event_handler.log_command:Invoked command in '/home/w/work/moveit2_handeye_calib/build/motor_control_logger' returned '0': CMAKE_PREFIX_PATH=/home/w/work/moveit2_handeye_calib/install/robot_interfaces:/home/w/work/moveit2_handeye_calib/install/robot_driver:/home/w/work/moveit2_handeye_calib/install/ros2_socketcan:/home/w/work/moveit2_handeye_calib/install/ros2_socketcan_msgs:/home/w/work/moveit2_handeye_calib/install/robot_virtual_fence:/home/w/work/moveit2_handeye_calib/install/robot_state_machine:/home/w/work/moveit2_handeye_calib/install/robot_sdk:/home/w/work/moveit2_handeye_calib/install/robot_control:/home/w/work/moveit2_handeye_calib/install/motor_control_logger:/home/w/work/moveit2_handeye_calib/install/arm620_dh_config:/home/w/work/moveit2_handeye_calib/install/arm620_config:/home/w/work/moveit2_handeye_calib/install/arm380_config:/home/w/work/moveit2_handeye_calib/install/robot_description:/home/w/work/moveit2_handeye_calib/install/robot_bringup:/home/w/work/moveit2_handeye_calib/install/moveit_calibration_demos:/home/w/work/moveit2_handeye_calib/install/moveit_calibration_gui:/home/w/work/moveit2_handeye_calib/install/moveit_calibration_plugins:/home/w/work/trac_ik_ws/install/trac_ik:/home/w/work/trac_ik_ws/install/trac_ik_examples:/home/w/work/trac_ik_ws/install/trac_ik_lib:/home/w/work/moveit2_handeye_calib/install/traj_smoother_py:/home/w/work/moveit2_handeye_calib/install/robot_test_py:/home/w/work/moveit2_handeye_calib/install/robot_input:/home/w/work/moveit2_handeye_calib/install/robot_dynamics:/opt/ros/humble LD_LIBRARY_PATH=/home/w/work/moveit2_handeye_calib/install/robot_interfaces/lib:/home/w/work/moveit2_handeye_calib/install/robot_driver/lib:/home/w/work/moveit2_handeye_calib/install/ros2_socketcan/lib:/home/w/work/moveit2_handeye_calib/install/ros2_socketcan_msgs/lib:/home/w/work/moveit2_handeye_calib/install/moveit_calibration_gui/lib:/home/w/work/moveit2_handeye_calib/install/moveit_calibration_plugins/lib:/home/w/work/trac_ik_ws/install/trac_ik_lib/lib:/opt/ros/humble/opt/rviz_ogre_vendor/lib:/opt/ros/humble/lib/x86_64-linux-gnu:/opt/ros/humble/lib /usr/bin/cmake --install /home/w/work/moveit2_handeye_calib/build/motor_control_logger
[1.285s] Level 1:colcon.colcon_core.environment:checking '/home/w/work/moveit2_handeye_calib/install/motor_control_logger' for CMake config files
[1.285s] Level 1:colcon.colcon_core.shell:create_environment_hook('motor_control_logger', 'cmake_prefix_path')
[1.285s] INFO:colcon.colcon_core.shell:Creating environment hook '/home/w/work/moveit2_handeye_calib/install/motor_control_logger/share/motor_control_logger/hook/cmake_prefix_path.ps1'
[1.285s] INFO:colcon.colcon_core.shell:Creating environment descriptor '/home/w/work/moveit2_handeye_calib/install/motor_control_logger/share/motor_control_logger/hook/cmake_prefix_path.dsv'
[1.285s] INFO:colcon.colcon_core.shell:Creating environment hook '/home/w/work/moveit2_handeye_calib/install/motor_control_logger/share/motor_control_logger/hook/cmake_prefix_path.sh'
[1.286s] Level 1:colcon.colcon_core.environment:checking '/home/w/work/moveit2_handeye_calib/install/motor_control_logger/lib'
[1.286s] Level 1:colcon.colcon_core.environment:checking '/home/w/work/moveit2_handeye_calib/install/motor_control_logger/bin'
[1.286s] Level 1:colcon.colcon_core.environment:checking '/home/w/work/moveit2_handeye_calib/install/motor_control_logger/lib/pkgconfig/motor_control_logger.pc'
[1.286s] Level 1:colcon.colcon_core.environment:checking '/home/w/work/moveit2_handeye_calib/install/motor_control_logger/lib/python3.10/site-packages'
[1.286s] Level 1:colcon.colcon_core.environment:checking '/home/w/work/moveit2_handeye_calib/install/motor_control_logger/bin'
[1.286s] INFO:colcon.colcon_core.shell:Creating package script '/home/w/work/moveit2_handeye_calib/install/motor_control_logger/share/motor_control_logger/package.ps1'
[1.287s] INFO:colcon.colcon_core.shell:Creating package descriptor '/home/w/work/moveit2_handeye_calib/install/motor_control_logger/share/motor_control_logger/package.dsv'
[1.287s] INFO:colcon.colcon_core.shell:Creating package script '/home/w/work/moveit2_handeye_calib/install/motor_control_logger/share/motor_control_logger/package.sh'
[1.287s] INFO:colcon.colcon_core.shell:Creating package script '/home/w/work/moveit2_handeye_calib/install/motor_control_logger/share/motor_control_logger/package.bash'
[1.287s] INFO:colcon.colcon_core.shell:Creating package script '/home/w/work/moveit2_handeye_calib/install/motor_control_logger/share/motor_control_logger/package.zsh'
[1.287s] Level 1:colcon.colcon_core.environment:create_file_with_runtime_dependencies(/home/w/work/moveit2_handeye_calib/install/motor_control_logger/share/colcon-core/packages/motor_control_logger)
[1.288s] Level 1:colcon.colcon_core.environment:create_environment_scripts_only(motor_control_logger)
[1.288s] Level 1:colcon.colcon_core.environment:checking '/home/w/work/moveit2_handeye_calib/install/motor_control_logger' for CMake module files
[1.288s] Level 1:colcon.colcon_core.environment:checking '/home/w/work/moveit2_handeye_calib/install/motor_control_logger' for CMake config files
[1.288s] Level 1:colcon.colcon_core.shell:create_environment_hook('motor_control_logger', 'cmake_prefix_path')
[1.288s] INFO:colcon.colcon_core.shell:Creating environment hook '/home/w/work/moveit2_handeye_calib/install/motor_control_logger/share/motor_control_logger/hook/cmake_prefix_path.ps1'
[1.288s] INFO:colcon.colcon_core.shell:Creating environment descriptor '/home/w/work/moveit2_handeye_calib/install/motor_control_logger/share/motor_control_logger/hook/cmake_prefix_path.dsv'
[1.288s] INFO:colcon.colcon_core.shell:Creating environment hook '/home/w/work/moveit2_handeye_calib/install/motor_control_logger/share/motor_control_logger/hook/cmake_prefix_path.sh'
[1.289s] Level 1:colcon.colcon_core.environment:checking '/home/w/work/moveit2_handeye_calib/install/motor_control_logger/lib'
[1.289s] Level 1:colcon.colcon_core.environment:checking '/home/w/work/moveit2_handeye_calib/install/motor_control_logger/bin'
[1.289s] Level 1:colcon.colcon_core.environment:checking '/home/w/work/moveit2_handeye_calib/install/motor_control_logger/lib/pkgconfig/motor_control_logger.pc'
[1.289s] Level 1:colcon.colcon_core.environment:checking '/home/w/work/moveit2_handeye_calib/install/motor_control_logger/lib/python3.10/site-packages'
[1.289s] Level 1:colcon.colcon_core.environment:checking '/home/w/work/moveit2_handeye_calib/install/motor_control_logger/bin'
[1.289s] INFO:colcon.colcon_core.shell:Creating package script '/home/w/work/moveit2_handeye_calib/install/motor_control_logger/share/motor_control_logger/package.ps1'
[1.290s] INFO:colcon.colcon_core.shell:Creating package descriptor '/home/w/work/moveit2_handeye_calib/install/motor_control_logger/share/motor_control_logger/package.dsv'
[1.290s] INFO:colcon.colcon_core.shell:Creating package script '/home/w/work/moveit2_handeye_calib/install/motor_control_logger/share/motor_control_logger/package.sh'
[1.290s] INFO:colcon.colcon_core.shell:Creating package script '/home/w/work/moveit2_handeye_calib/install/motor_control_logger/share/motor_control_logger/package.bash'
[1.290s] INFO:colcon.colcon_core.shell:Creating package script '/home/w/work/moveit2_handeye_calib/install/motor_control_logger/share/motor_control_logger/package.zsh'
[1.290s] Level 1:colcon.colcon_core.environment:create_file_with_runtime_dependencies(/home/w/work/moveit2_handeye_calib/install/motor_control_logger/share/colcon-core/packages/motor_control_logger)
[1.291s] Level 1:colcon.colcon_core.environment:create_environment_scripts_only(ros2_socketcan)
[1.291s] Level 1:colcon.colcon_core.environment:checking '/home/w/work/moveit2_handeye_calib/install/ros2_socketcan' for CMake module files
[1.291s] DEBUG:colcon.colcon_core.event_handler.log_command:Invoked command in '/home/w/work/moveit2_handeye_calib/build/ros2_socketcan' returned '0': CMAKE_PREFIX_PATH=/home/w/work/moveit2_handeye_calib/install/ros2_socketcan_msgs:/home/w/work/moveit2_handeye_calib/install/robot_driver:/home/w/work/moveit2_handeye_calib/install/ros2_socketcan:/home/w/work/moveit2_handeye_calib/install/robot_virtual_fence:/home/w/work/moveit2_handeye_calib/install/robot_state_machine:/home/w/work/moveit2_handeye_calib/install/robot_sdk:/home/w/work/moveit2_handeye_calib/install/robot_control:/home/w/work/moveit2_handeye_calib/install/motor_control_logger:/home/w/work/moveit2_handeye_calib/install/robot_interfaces:/home/w/work/moveit2_handeye_calib/install/arm620_dh_config:/home/w/work/moveit2_handeye_calib/install/arm620_config:/home/w/work/moveit2_handeye_calib/install/arm380_config:/home/w/work/moveit2_handeye_calib/install/robot_description:/home/w/work/moveit2_handeye_calib/install/robot_bringup:/home/w/work/moveit2_handeye_calib/install/moveit_calibration_demos:/home/w/work/moveit2_handeye_calib/install/moveit_calibration_gui:/home/w/work/moveit2_handeye_calib/install/moveit_calibration_plugins:/home/w/work/trac_ik_ws/install/trac_ik:/home/w/work/trac_ik_ws/install/trac_ik_examples:/home/w/work/trac_ik_ws/install/trac_ik_lib:/home/w/work/moveit2_handeye_calib/install/traj_smoother_py:/home/w/work/moveit2_handeye_calib/install/robot_test_py:/home/w/work/moveit2_handeye_calib/install/robot_input:/home/w/work/moveit2_handeye_calib/install/robot_dynamics:/opt/ros/humble LD_LIBRARY_PATH=/home/w/work/moveit2_handeye_calib/install/ros2_socketcan_msgs/lib:/home/w/work/moveit2_handeye_calib/install/robot_driver/lib:/home/w/work/moveit2_handeye_calib/install/ros2_socketcan/lib:/home/w/work/moveit2_handeye_calib/install/robot_interfaces/lib:/home/w/work/moveit2_handeye_calib/install/moveit_calibration_gui/lib:/home/w/work/moveit2_handeye_calib/install/moveit_calibration_plugins/lib:/home/w/work/trac_ik_ws/install/trac_ik_lib/lib:/opt/ros/humble/opt/rviz_ogre_vendor/lib:/opt/ros/humble/lib/x86_64-linux-gnu:/opt/ros/humble/lib /usr/bin/cmake --install /home/w/work/moveit2_handeye_calib/build/ros2_socketcan
[1.292s] Level 1:colcon.colcon_core.environment:checking '/home/w/work/moveit2_handeye_calib/install/ros2_socketcan' for CMake config files
[1.292s] Level 1:colcon.colcon_core.shell:create_environment_hook('ros2_socketcan', 'cmake_prefix_path')
[1.292s] INFO:colcon.colcon_core.shell:Creating environment hook '/home/w/work/moveit2_handeye_calib/install/ros2_socketcan/share/ros2_socketcan/hook/cmake_prefix_path.ps1'
[1.292s] INFO:colcon.colcon_core.shell:Creating environment descriptor '/home/w/work/moveit2_handeye_calib/install/ros2_socketcan/share/ros2_socketcan/hook/cmake_prefix_path.dsv'
[1.292s] INFO:colcon.colcon_core.shell:Creating environment hook '/home/w/work/moveit2_handeye_calib/install/ros2_socketcan/share/ros2_socketcan/hook/cmake_prefix_path.sh'
[1.292s] Level 1:colcon.colcon_core.environment:checking '/home/w/work/moveit2_handeye_calib/install/ros2_socketcan/lib'
[1.293s] Level 1:colcon.colcon_core.shell:create_environment_hook('ros2_socketcan', 'ld_library_path_lib')
[1.293s] INFO:colcon.colcon_core.shell:Creating environment hook '/home/w/work/moveit2_handeye_calib/install/ros2_socketcan/share/ros2_socketcan/hook/ld_library_path_lib.ps1'
[1.293s] INFO:colcon.colcon_core.shell:Creating environment descriptor '/home/w/work/moveit2_handeye_calib/install/ros2_socketcan/share/ros2_socketcan/hook/ld_library_path_lib.dsv'
[1.293s] INFO:colcon.colcon_core.shell:Creating environment hook '/home/w/work/moveit2_handeye_calib/install/ros2_socketcan/share/ros2_socketcan/hook/ld_library_path_lib.sh'
[1.293s] Level 1:colcon.colcon_core.environment:checking '/home/w/work/moveit2_handeye_calib/install/ros2_socketcan/bin'
[1.293s] Level 1:colcon.colcon_core.environment:checking '/home/w/work/moveit2_handeye_calib/install/ros2_socketcan/lib/pkgconfig/ros2_socketcan.pc'
[1.293s] Level 1:colcon.colcon_core.environment:checking '/home/w/work/moveit2_handeye_calib/install/ros2_socketcan/lib/python3.10/site-packages'
[1.294s] Level 1:colcon.colcon_core.environment:checking '/home/w/work/moveit2_handeye_calib/install/ros2_socketcan/bin'
[1.294s] INFO:colcon.colcon_core.shell:Creating package script '/home/w/work/moveit2_handeye_calib/install/ros2_socketcan/share/ros2_socketcan/package.ps1'
[1.294s] INFO:colcon.colcon_core.shell:Creating package descriptor '/home/w/work/moveit2_handeye_calib/install/ros2_socketcan/share/ros2_socketcan/package.dsv'
[1.294s] INFO:colcon.colcon_core.shell:Creating package script '/home/w/work/moveit2_handeye_calib/install/ros2_socketcan/share/ros2_socketcan/package.sh'
[1.295s] INFO:colcon.colcon_core.shell:Creating package script '/home/w/work/moveit2_handeye_calib/install/ros2_socketcan/share/ros2_socketcan/package.bash'
[1.295s] INFO:colcon.colcon_core.shell:Creating package script '/home/w/work/moveit2_handeye_calib/install/ros2_socketcan/share/ros2_socketcan/package.zsh'
[1.295s] Level 1:colcon.colcon_core.environment:create_file_with_runtime_dependencies(/home/w/work/moveit2_handeye_calib/install/ros2_socketcan/share/colcon-core/packages/ros2_socketcan)
[1.295s] Level 1:colcon.colcon_core.environment:create_environment_scripts_only(ros2_socketcan)
[1.295s] Level 1:colcon.colcon_core.environment:checking '/home/w/work/moveit2_handeye_calib/install/ros2_socketcan' for CMake module files
[1.296s] Level 1:colcon.colcon_core.environment:checking '/home/w/work/moveit2_handeye_calib/install/ros2_socketcan' for CMake config files
[1.296s] Level 1:colcon.colcon_core.shell:create_environment_hook('ros2_socketcan', 'cmake_prefix_path')
[1.296s] INFO:colcon.colcon_core.shell:Creating environment hook '/home/w/work/moveit2_handeye_calib/install/ros2_socketcan/share/ros2_socketcan/hook/cmake_prefix_path.ps1'
[1.296s] INFO:colcon.colcon_core.shell:Creating environment descriptor '/home/w/work/moveit2_handeye_calib/install/ros2_socketcan/share/ros2_socketcan/hook/cmake_prefix_path.dsv'
[1.296s] INFO:colcon.colcon_core.shell:Creating environment hook '/home/w/work/moveit2_handeye_calib/install/ros2_socketcan/share/ros2_socketcan/hook/cmake_prefix_path.sh'
[1.297s] Level 1:colcon.colcon_core.environment:checking '/home/w/work/moveit2_handeye_calib/install/ros2_socketcan/lib'
[1.297s] Level 1:colcon.colcon_core.shell:create_environment_hook('ros2_socketcan', 'ld_library_path_lib')
[1.297s] INFO:colcon.colcon_core.shell:Creating environment hook '/home/w/work/moveit2_handeye_calib/install/ros2_socketcan/share/ros2_socketcan/hook/ld_library_path_lib.ps1'
[1.297s] INFO:colcon.colcon_core.shell:Creating environment descriptor '/home/w/work/moveit2_handeye_calib/install/ros2_socketcan/share/ros2_socketcan/hook/ld_library_path_lib.dsv'
[1.297s] INFO:colcon.colcon_core.shell:Creating environment hook '/home/w/work/moveit2_handeye_calib/install/ros2_socketcan/share/ros2_socketcan/hook/ld_library_path_lib.sh'
[1.297s] Level 1:colcon.colcon_core.environment:checking '/home/w/work/moveit2_handeye_calib/install/ros2_socketcan/bin'
[1.297s] Level 1:colcon.colcon_core.environment:checking '/home/w/work/moveit2_handeye_calib/install/ros2_socketcan/lib/pkgconfig/ros2_socketcan.pc'
[1.297s] Level 1:colcon.colcon_core.environment:checking '/home/w/work/moveit2_handeye_calib/install/ros2_socketcan/lib/python3.10/site-packages'
[1.298s] Level 1:colcon.colcon_core.environment:checking '/home/w/work/moveit2_handeye_calib/install/ros2_socketcan/bin'
[1.298s] INFO:colcon.colcon_core.shell:Creating package script '/home/w/work/moveit2_handeye_calib/install/ros2_socketcan/share/ros2_socketcan/package.ps1'
[1.298s] INFO:colcon.colcon_core.shell:Creating package descriptor '/home/w/work/moveit2_handeye_calib/install/ros2_socketcan/share/ros2_socketcan/package.dsv'
[1.298s] INFO:colcon.colcon_core.shell:Creating package script '/home/w/work/moveit2_handeye_calib/install/ros2_socketcan/share/ros2_socketcan/package.sh'
[1.299s] INFO:colcon.colcon_core.shell:Creating package script '/home/w/work/moveit2_handeye_calib/install/ros2_socketcan/share/ros2_socketcan/package.bash'
[1.299s] INFO:colcon.colcon_core.shell:Creating package script '/home/w/work/moveit2_handeye_calib/install/ros2_socketcan/share/ros2_socketcan/package.zsh'
[1.299s] Level 1:colcon.colcon_core.environment:create_file_with_runtime_dependencies(/home/w/work/moveit2_handeye_calib/install/ros2_socketcan/share/colcon-core/packages/ros2_socketcan)
[1.299s] Level 1:colcon.colcon_core.environment:create_environment_scripts_only(moveit_calibration_gui)
[1.299s] Level 1:colcon.colcon_core.environment:checking '/home/w/work/moveit2_handeye_calib/install/moveit_calibration_gui' for CMake module files
[1.300s] DEBUG:colcon.colcon_core.event_handler.log_command:Invoked command in '/home/w/work/moveit2_handeye_calib/build/moveit_calibration_gui' returned '0': CMAKE_PREFIX_PATH=/home/w/work/moveit2_handeye_calib/install/moveit_calibration_plugins:/home/w/work/moveit2_handeye_calib/install/robot_driver:/home/w/work/moveit2_handeye_calib/install/ros2_socketcan:/home/w/work/moveit2_handeye_calib/install/ros2_socketcan_msgs:/home/w/work/moveit2_handeye_calib/install/robot_virtual_fence:/home/w/work/moveit2_handeye_calib/install/robot_state_machine:/home/w/work/moveit2_handeye_calib/install/robot_sdk:/home/w/work/moveit2_handeye_calib/install/robot_control:/home/w/work/moveit2_handeye_calib/install/motor_control_logger:/home/w/work/moveit2_handeye_calib/install/robot_interfaces:/home/w/work/moveit2_handeye_calib/install/arm620_dh_config:/home/w/work/moveit2_handeye_calib/install/arm620_config:/home/w/work/moveit2_handeye_calib/install/arm380_config:/home/w/work/moveit2_handeye_calib/install/robot_description:/home/w/work/moveit2_handeye_calib/install/robot_bringup:/home/w/work/moveit2_handeye_calib/install/moveit_calibration_demos:/home/w/work/moveit2_handeye_calib/install/moveit_calibration_gui:/home/w/work/trac_ik_ws/install/trac_ik:/home/w/work/trac_ik_ws/install/trac_ik_examples:/home/w/work/trac_ik_ws/install/trac_ik_lib:/home/w/work/moveit2_handeye_calib/install/traj_smoother_py:/home/w/work/moveit2_handeye_calib/install/robot_test_py:/home/w/work/moveit2_handeye_calib/install/robot_input:/home/w/work/moveit2_handeye_calib/install/robot_dynamics:/opt/ros/humble LD_LIBRARY_PATH=/home/w/work/moveit2_handeye_calib/install/moveit_calibration_plugins/lib:/home/w/work/moveit2_handeye_calib/install/robot_driver/lib:/home/w/work/moveit2_handeye_calib/install/ros2_socketcan/lib:/home/w/work/moveit2_handeye_calib/install/ros2_socketcan_msgs/lib:/home/w/work/moveit2_handeye_calib/install/robot_interfaces/lib:/home/w/work/moveit2_handeye_calib/install/moveit_calibration_gui/lib:/home/w/work/trac_ik_ws/install/trac_ik_lib/lib:/opt/ros/humble/opt/rviz_ogre_vendor/lib:/opt/ros/humble/lib/x86_64-linux-gnu:/opt/ros/humble/lib /usr/bin/cmake --install /home/w/work/moveit2_handeye_calib/build/moveit_calibration_gui
[1.300s] Level 1:colcon.colcon_core.environment:checking '/home/w/work/moveit2_handeye_calib/install/moveit_calibration_gui' for CMake config files
[1.300s] Level 1:colcon.colcon_core.shell:create_environment_hook('moveit_calibration_gui', 'cmake_prefix_path')
[1.300s] INFO:colcon.colcon_core.shell:Creating environment hook '/home/w/work/moveit2_handeye_calib/install/moveit_calibration_gui/share/moveit_calibration_gui/hook/cmake_prefix_path.ps1'
[1.300s] INFO:colcon.colcon_core.shell:Creating environment descriptor '/home/w/work/moveit2_handeye_calib/install/moveit_calibration_gui/share/moveit_calibration_gui/hook/cmake_prefix_path.dsv'
[1.301s] INFO:colcon.colcon_core.shell:Creating environment hook '/home/w/work/moveit2_handeye_calib/install/moveit_calibration_gui/share/moveit_calibration_gui/hook/cmake_prefix_path.sh'
[1.301s] Level 1:colcon.colcon_core.environment:checking '/home/w/work/moveit2_handeye_calib/install/moveit_calibration_gui/lib'
[1.301s] Level 1:colcon.colcon_core.shell:create_environment_hook('moveit_calibration_gui', 'ld_library_path_lib')
[1.301s] INFO:colcon.colcon_core.shell:Creating environment hook '/home/w/work/moveit2_handeye_calib/install/moveit_calibration_gui/share/moveit_calibration_gui/hook/ld_library_path_lib.ps1'
[1.301s] INFO:colcon.colcon_core.shell:Creating environment descriptor '/home/w/work/moveit2_handeye_calib/install/moveit_calibration_gui/share/moveit_calibration_gui/hook/ld_library_path_lib.dsv'
[1.301s] INFO:colcon.colcon_core.shell:Creating environment hook '/home/w/work/moveit2_handeye_calib/install/moveit_calibration_gui/share/moveit_calibration_gui/hook/ld_library_path_lib.sh'
[1.302s] Level 1:colcon.colcon_core.environment:checking '/home/w/work/moveit2_handeye_calib/install/moveit_calibration_gui/bin'
[1.302s] Level 1:colcon.colcon_core.environment:checking '/home/w/work/moveit2_handeye_calib/install/moveit_calibration_gui/lib/pkgconfig/moveit_calibration_gui.pc'
[1.302s] Level 1:colcon.colcon_core.environment:checking '/home/w/work/moveit2_handeye_calib/install/moveit_calibration_gui/lib/python3.10/site-packages'
[1.302s] Level 1:colcon.colcon_core.environment:checking '/home/w/work/moveit2_handeye_calib/install/moveit_calibration_gui/bin'
[1.302s] INFO:colcon.colcon_core.shell:Creating package script '/home/w/work/moveit2_handeye_calib/install/moveit_calibration_gui/share/moveit_calibration_gui/package.ps1'
[1.302s] INFO:colcon.colcon_core.shell:Creating package descriptor '/home/w/work/moveit2_handeye_calib/install/moveit_calibration_gui/share/moveit_calibration_gui/package.dsv'
[1.303s] INFO:colcon.colcon_core.shell:Creating package script '/home/w/work/moveit2_handeye_calib/install/moveit_calibration_gui/share/moveit_calibration_gui/package.sh'
[1.303s] INFO:colcon.colcon_core.shell:Creating package script '/home/w/work/moveit2_handeye_calib/install/moveit_calibration_gui/share/moveit_calibration_gui/package.bash'
[1.303s] INFO:colcon.colcon_core.shell:Creating package script '/home/w/work/moveit2_handeye_calib/install/moveit_calibration_gui/share/moveit_calibration_gui/package.zsh'
[1.303s] Level 1:colcon.colcon_core.environment:create_file_with_runtime_dependencies(/home/w/work/moveit2_handeye_calib/install/moveit_calibration_gui/share/colcon-core/packages/moveit_calibration_gui)
[1.303s] Level 1:colcon.colcon_core.environment:create_environment_scripts_only(moveit_calibration_gui)
[1.304s] Level 1:colcon.colcon_core.environment:checking '/home/w/work/moveit2_handeye_calib/install/moveit_calibration_gui' for CMake module files
[1.304s] Level 1:colcon.colcon_core.environment:checking '/home/w/work/moveit2_handeye_calib/install/moveit_calibration_gui' for CMake config files
[1.304s] Level 1:colcon.colcon_core.shell:create_environment_hook('moveit_calibration_gui', 'cmake_prefix_path')
[1.304s] INFO:colcon.colcon_core.shell:Creating environment hook '/home/w/work/moveit2_handeye_calib/install/moveit_calibration_gui/share/moveit_calibration_gui/hook/cmake_prefix_path.ps1'
[1.304s] INFO:colcon.colcon_core.shell:Creating environment descriptor '/home/w/work/moveit2_handeye_calib/install/moveit_calibration_gui/share/moveit_calibration_gui/hook/cmake_prefix_path.dsv'
[1.304s] INFO:colcon.colcon_core.shell:Creating environment hook '/home/w/work/moveit2_handeye_calib/install/moveit_calibration_gui/share/moveit_calibration_gui/hook/cmake_prefix_path.sh'
[1.305s] Level 1:colcon.colcon_core.environment:checking '/home/w/work/moveit2_handeye_calib/install/moveit_calibration_gui/lib'
[1.305s] Level 1:colcon.colcon_core.shell:create_environment_hook('moveit_calibration_gui', 'ld_library_path_lib')
[1.305s] INFO:colcon.colcon_core.shell:Creating environment hook '/home/w/work/moveit2_handeye_calib/install/moveit_calibration_gui/share/moveit_calibration_gui/hook/ld_library_path_lib.ps1'
[1.305s] INFO:colcon.colcon_core.shell:Creating environment descriptor '/home/w/work/moveit2_handeye_calib/install/moveit_calibration_gui/share/moveit_calibration_gui/hook/ld_library_path_lib.dsv'
[1.305s] INFO:colcon.colcon_core.shell:Creating environment hook '/home/w/work/moveit2_handeye_calib/install/moveit_calibration_gui/share/moveit_calibration_gui/hook/ld_library_path_lib.sh'
[1.306s] Level 1:colcon.colcon_core.environment:checking '/home/w/work/moveit2_handeye_calib/install/moveit_calibration_gui/bin'
[1.306s] Level 1:colcon.colcon_core.environment:checking '/home/w/work/moveit2_handeye_calib/install/moveit_calibration_gui/lib/pkgconfig/moveit_calibration_gui.pc'
[1.306s] Level 1:colcon.colcon_core.environment:checking '/home/w/work/moveit2_handeye_calib/install/moveit_calibration_gui/lib/python3.10/site-packages'
[1.306s] Level 1:colcon.colcon_core.environment:checking '/home/w/work/moveit2_handeye_calib/install/moveit_calibration_gui/bin'
[1.306s] INFO:colcon.colcon_core.shell:Creating package script '/home/w/work/moveit2_handeye_calib/install/moveit_calibration_gui/share/moveit_calibration_gui/package.ps1'
[1.306s] INFO:colcon.colcon_core.shell:Creating package descriptor '/home/w/work/moveit2_handeye_calib/install/moveit_calibration_gui/share/moveit_calibration_gui/package.dsv'
[1.307s] INFO:colcon.colcon_core.shell:Creating package script '/home/w/work/moveit2_handeye_calib/install/moveit_calibration_gui/share/moveit_calibration_gui/package.sh'
[1.307s] INFO:colcon.colcon_core.shell:Creating package script '/home/w/work/moveit2_handeye_calib/install/moveit_calibration_gui/share/moveit_calibration_gui/package.bash'
[1.307s] INFO:colcon.colcon_core.shell:Creating package script '/home/w/work/moveit2_handeye_calib/install/moveit_calibration_gui/share/moveit_calibration_gui/package.zsh'
[1.307s] Level 1:colcon.colcon_core.environment:create_file_with_runtime_dependencies(/home/w/work/moveit2_handeye_calib/install/moveit_calibration_gui/share/colcon-core/packages/moveit_calibration_gui)
[1.307s] Level 1:colcon.colcon_core.environment:create_environment_scripts_only(robot_sdk)
[1.308s] Level 1:colcon.colcon_core.environment:checking '/home/w/work/moveit2_handeye_calib/install/robot_sdk' for CMake module files
[1.308s] DEBUG:colcon.colcon_core.event_handler.log_command:Invoked command in '/home/w/work/moveit2_handeye_calib/build/robot_sdk' returned '0': CMAKE_PREFIX_PATH=/home/w/work/moveit2_handeye_calib/install/robot_interfaces:/home/w/work/moveit2_handeye_calib/install/robot_driver:/home/w/work/moveit2_handeye_calib/install/ros2_socketcan:/home/w/work/moveit2_handeye_calib/install/ros2_socketcan_msgs:/home/w/work/moveit2_handeye_calib/install/robot_virtual_fence:/home/w/work/moveit2_handeye_calib/install/robot_state_machine:/home/w/work/moveit2_handeye_calib/install/robot_sdk:/home/w/work/moveit2_handeye_calib/install/robot_control:/home/w/work/moveit2_handeye_calib/install/motor_control_logger:/home/w/work/moveit2_handeye_calib/install/arm620_dh_config:/home/w/work/moveit2_handeye_calib/install/arm620_config:/home/w/work/moveit2_handeye_calib/install/arm380_config:/home/w/work/moveit2_handeye_calib/install/robot_description:/home/w/work/moveit2_handeye_calib/install/robot_bringup:/home/w/work/moveit2_handeye_calib/install/moveit_calibration_demos:/home/w/work/moveit2_handeye_calib/install/moveit_calibration_gui:/home/w/work/moveit2_handeye_calib/install/moveit_calibration_plugins:/home/w/work/trac_ik_ws/install/trac_ik:/home/w/work/trac_ik_ws/install/trac_ik_examples:/home/w/work/trac_ik_ws/install/trac_ik_lib:/home/w/work/moveit2_handeye_calib/install/traj_smoother_py:/home/w/work/moveit2_handeye_calib/install/robot_test_py:/home/w/work/moveit2_handeye_calib/install/robot_input:/home/w/work/moveit2_handeye_calib/install/robot_dynamics:/opt/ros/humble LD_LIBRARY_PATH=/home/w/work/moveit2_handeye_calib/install/robot_interfaces/lib:/home/w/work/moveit2_handeye_calib/install/robot_driver/lib:/home/w/work/moveit2_handeye_calib/install/ros2_socketcan/lib:/home/w/work/moveit2_handeye_calib/install/ros2_socketcan_msgs/lib:/home/w/work/moveit2_handeye_calib/install/moveit_calibration_gui/lib:/home/w/work/moveit2_handeye_calib/install/moveit_calibration_plugins/lib:/home/w/work/trac_ik_ws/install/trac_ik_lib/lib:/opt/ros/humble/opt/rviz_ogre_vendor/lib:/opt/ros/humble/lib/x86_64-linux-gnu:/opt/ros/humble/lib /usr/bin/cmake --install /home/w/work/moveit2_handeye_calib/build/robot_sdk
[1.308s] Level 1:colcon.colcon_core.environment:checking '/home/w/work/moveit2_handeye_calib/install/robot_sdk' for CMake config files
[1.308s] Level 1:colcon.colcon_core.shell:create_environment_hook('robot_sdk', 'cmake_prefix_path')
[1.308s] INFO:colcon.colcon_core.shell:Creating environment hook '/home/w/work/moveit2_handeye_calib/install/robot_sdk/share/robot_sdk/hook/cmake_prefix_path.ps1'
[1.309s] INFO:colcon.colcon_core.shell:Creating environment descriptor '/home/w/work/moveit2_handeye_calib/install/robot_sdk/share/robot_sdk/hook/cmake_prefix_path.dsv'
[1.309s] INFO:colcon.colcon_core.shell:Creating environment hook '/home/w/work/moveit2_handeye_calib/install/robot_sdk/share/robot_sdk/hook/cmake_prefix_path.sh'
[1.309s] Level 1:colcon.colcon_core.environment:checking '/home/w/work/moveit2_handeye_calib/install/robot_sdk/lib'
[1.309s] Level 1:colcon.colcon_core.environment:checking '/home/w/work/moveit2_handeye_calib/install/robot_sdk/bin'
[1.309s] Level 1:colcon.colcon_core.environment:checking '/home/w/work/moveit2_handeye_calib/install/robot_sdk/lib/pkgconfig/robot_sdk.pc'
[1.309s] Level 1:colcon.colcon_core.environment:checking '/home/w/work/moveit2_handeye_calib/install/robot_sdk/lib/python3.10/site-packages'
[1.309s] Level 1:colcon.colcon_core.environment:checking '/home/w/work/moveit2_handeye_calib/install/robot_sdk/bin'
[1.310s] INFO:colcon.colcon_core.shell:Creating package script '/home/w/work/moveit2_handeye_calib/install/robot_sdk/share/robot_sdk/package.ps1'
[1.310s] INFO:colcon.colcon_core.shell:Creating package descriptor '/home/w/work/moveit2_handeye_calib/install/robot_sdk/share/robot_sdk/package.dsv'
[1.310s] INFO:colcon.colcon_core.shell:Creating package script '/home/w/work/moveit2_handeye_calib/install/robot_sdk/share/robot_sdk/package.sh'
[1.310s] INFO:colcon.colcon_core.shell:Creating package script '/home/w/work/moveit2_handeye_calib/install/robot_sdk/share/robot_sdk/package.bash'
[1.310s] INFO:colcon.colcon_core.shell:Creating package script '/home/w/work/moveit2_handeye_calib/install/robot_sdk/share/robot_sdk/package.zsh'
[1.310s] Level 1:colcon.colcon_core.environment:create_file_with_runtime_dependencies(/home/w/work/moveit2_handeye_calib/install/robot_sdk/share/colcon-core/packages/robot_sdk)
[1.311s] Level 1:colcon.colcon_core.environment:create_environment_scripts_only(robot_sdk)
[1.311s] Level 1:colcon.colcon_core.environment:checking '/home/w/work/moveit2_handeye_calib/install/robot_sdk' for CMake module files
[1.311s] Level 1:colcon.colcon_core.environment:checking '/home/w/work/moveit2_handeye_calib/install/robot_sdk' for CMake config files
[1.311s] Level 1:colcon.colcon_core.shell:create_environment_hook('robot_sdk', 'cmake_prefix_path')
[1.311s] INFO:colcon.colcon_core.shell:Creating environment hook '/home/w/work/moveit2_handeye_calib/install/robot_sdk/share/robot_sdk/hook/cmake_prefix_path.ps1'
[1.312s] INFO:colcon.colcon_core.shell:Creating environment descriptor '/home/w/work/moveit2_handeye_calib/install/robot_sdk/share/robot_sdk/hook/cmake_prefix_path.dsv'
[1.312s] INFO:colcon.colcon_core.shell:Creating environment hook '/home/w/work/moveit2_handeye_calib/install/robot_sdk/share/robot_sdk/hook/cmake_prefix_path.sh'
[1.312s] Level 1:colcon.colcon_core.environment:checking '/home/w/work/moveit2_handeye_calib/install/robot_sdk/lib'
[1.312s] Level 1:colcon.colcon_core.environment:checking '/home/w/work/moveit2_handeye_calib/install/robot_sdk/bin'
[1.312s] Level 1:colcon.colcon_core.environment:checking '/home/w/work/moveit2_handeye_calib/install/robot_sdk/lib/pkgconfig/robot_sdk.pc'
[1.312s] Level 1:colcon.colcon_core.environment:checking '/home/w/work/moveit2_handeye_calib/install/robot_sdk/lib/python3.10/site-packages'
[1.312s] Level 1:colcon.colcon_core.environment:checking '/home/w/work/moveit2_handeye_calib/install/robot_sdk/bin'
[1.312s] INFO:colcon.colcon_core.shell:Creating package script '/home/w/work/moveit2_handeye_calib/install/robot_sdk/share/robot_sdk/package.ps1'
[1.313s] INFO:colcon.colcon_core.shell:Creating package descriptor '/home/w/work/moveit2_handeye_calib/install/robot_sdk/share/robot_sdk/package.dsv'
[1.313s] INFO:colcon.colcon_core.shell:Creating package script '/home/w/work/moveit2_handeye_calib/install/robot_sdk/share/robot_sdk/package.sh'
[1.313s] INFO:colcon.colcon_core.shell:Creating package script '/home/w/work/moveit2_handeye_calib/install/robot_sdk/share/robot_sdk/package.bash'
[1.313s] INFO:colcon.colcon_core.shell:Creating package script '/home/w/work/moveit2_handeye_calib/install/robot_sdk/share/robot_sdk/package.zsh'
[1.314s] Level 1:colcon.colcon_core.environment:create_file_with_runtime_dependencies(/home/w/work/moveit2_handeye_calib/install/robot_sdk/share/colcon-core/packages/robot_sdk)
[1.314s] INFO:colcon.colcon_ros.task.ament_cmake.build:Building ROS package in '/home/w/work/moveit2_handeye_calib/TG620/robot_driver' with build type 'ament_cmake'
[1.314s] INFO:colcon.colcon_cmake.task.cmake.build:Building CMake package in '/home/w/work/moveit2_handeye_calib/TG620/robot_driver'
[1.314s] INFO:colcon.colcon_core.shell:Skip shell extension 'powershell' for command environment: Not usable outside of PowerShell
[1.314s] DEBUG:colcon.colcon_core.shell:Skip shell extension 'dsv' for command environment
[1.317s] INFO:colcon.colcon_ros.task.ament_cmake.build:Building ROS package in '/home/w/work/moveit2_handeye_calib/moveit2_calibration/moveit_calibration_demos' with build type 'ament_cmake'
[1.317s] INFO:colcon.colcon_cmake.task.cmake.build:Building CMake package in '/home/w/work/moveit2_handeye_calib/moveit2_calibration/moveit_calibration_demos'
[1.317s] INFO:colcon.colcon_core.shell:Skip shell extension 'powershell' for command environment: Not usable outside of PowerShell
[1.317s] DEBUG:colcon.colcon_core.shell:Skip shell extension 'dsv' for command environment
[1.326s] DEBUG:colcon.colcon_core.event_handler.log_command:Invoking command in '/home/w/work/moveit2_handeye_calib/build/robot_driver': CMAKE_PREFIX_PATH=/home/w/work/moveit2_handeye_calib/install/ros2_socketcan:/home/w/work/moveit2_handeye_calib/install/ros2_socketcan_msgs:/home/w/work/moveit2_handeye_calib/install/robot_interfaces:/home/w/work/moveit2_handeye_calib/install/robot_driver:/home/w/work/moveit2_handeye_calib/install/robot_virtual_fence:/home/w/work/moveit2_handeye_calib/install/robot_state_machine:/home/w/work/moveit2_handeye_calib/install/robot_sdk:/home/w/work/moveit2_handeye_calib/install/robot_control:/home/w/work/moveit2_handeye_calib/install/motor_control_logger:/home/w/work/moveit2_handeye_calib/install/arm620_dh_config:/home/w/work/moveit2_handeye_calib/install/arm620_config:/home/w/work/moveit2_handeye_calib/install/arm380_config:/home/w/work/moveit2_handeye_calib/install/robot_description:/home/w/work/moveit2_handeye_calib/install/robot_bringup:/home/w/work/moveit2_handeye_calib/install/moveit_calibration_demos:/home/w/work/moveit2_handeye_calib/install/moveit_calibration_gui:/home/w/work/moveit2_handeye_calib/install/moveit_calibration_plugins:/home/w/work/trac_ik_ws/install/trac_ik:/home/w/work/trac_ik_ws/install/trac_ik_examples:/home/w/work/trac_ik_ws/install/trac_ik_lib:/home/w/work/moveit2_handeye_calib/install/traj_smoother_py:/home/w/work/moveit2_handeye_calib/install/robot_test_py:/home/w/work/moveit2_handeye_calib/install/robot_input:/home/w/work/moveit2_handeye_calib/install/robot_dynamics:/opt/ros/humble LD_LIBRARY_PATH=/home/w/work/moveit2_handeye_calib/install/ros2_socketcan/lib:/home/w/work/moveit2_handeye_calib/install/ros2_socketcan_msgs/lib:/home/w/work/moveit2_handeye_calib/install/robot_interfaces/lib:/home/w/work/moveit2_handeye_calib/install/robot_driver/lib:/home/w/work/moveit2_handeye_calib/install/moveit_calibration_gui/lib:/home/w/work/moveit2_handeye_calib/install/moveit_calibration_plugins/lib:/home/w/work/trac_ik_ws/install/trac_ik_lib/lib:/opt/ros/humble/opt/rviz_ogre_vendor/lib:/opt/ros/humble/lib/x86_64-linux-gnu:/opt/ros/humble/lib /usr/bin/cmake --build /home/w/work/moveit2_handeye_calib/build/robot_driver -- -j28 -l28
[1.327s] DEBUG:colcon.colcon_core.event_handler.log_command:Invoking command in '/home/w/work/moveit2_handeye_calib/build/moveit_calibration_demos': CMAKE_PREFIX_PATH=/home/w/work/moveit2_handeye_calib/install/moveit_calibration_gui:/home/w/work/moveit2_handeye_calib/install/moveit_calibration_plugins:/home/w/work/moveit2_handeye_calib/install/robot_driver:/home/w/work/moveit2_handeye_calib/install/ros2_socketcan:/home/w/work/moveit2_handeye_calib/install/ros2_socketcan_msgs:/home/w/work/moveit2_handeye_calib/install/robot_virtual_fence:/home/w/work/moveit2_handeye_calib/install/robot_state_machine:/home/w/work/moveit2_handeye_calib/install/robot_sdk:/home/w/work/moveit2_handeye_calib/install/robot_control:/home/w/work/moveit2_handeye_calib/install/motor_control_logger:/home/w/work/moveit2_handeye_calib/install/robot_interfaces:/home/w/work/moveit2_handeye_calib/install/arm620_dh_config:/home/w/work/moveit2_handeye_calib/install/arm620_config:/home/w/work/moveit2_handeye_calib/install/arm380_config:/home/w/work/moveit2_handeye_calib/install/robot_description:/home/w/work/moveit2_handeye_calib/install/robot_bringup:/home/w/work/moveit2_handeye_calib/install/moveit_calibration_demos:/home/w/work/trac_ik_ws/install/trac_ik:/home/w/work/trac_ik_ws/install/trac_ik_examples:/home/w/work/trac_ik_ws/install/trac_ik_lib:/home/w/work/moveit2_handeye_calib/install/traj_smoother_py:/home/w/work/moveit2_handeye_calib/install/robot_test_py:/home/w/work/moveit2_handeye_calib/install/robot_input:/home/w/work/moveit2_handeye_calib/install/robot_dynamics:/opt/ros/humble LD_LIBRARY_PATH=/home/w/work/moveit2_handeye_calib/install/moveit_calibration_gui/lib:/home/w/work/moveit2_handeye_calib/install/moveit_calibration_plugins/lib:/home/w/work/moveit2_handeye_calib/install/robot_driver/lib:/home/w/work/moveit2_handeye_calib/install/ros2_socketcan/lib:/home/w/work/moveit2_handeye_calib/install/ros2_socketcan_msgs/lib:/home/w/work/moveit2_handeye_calib/install/robot_interfaces/lib:/home/w/work/trac_ik_ws/install/trac_ik_lib/lib:/opt/ros/humble/opt/rviz_ogre_vendor/lib:/opt/ros/humble/lib/x86_64-linux-gnu:/opt/ros/humble/lib /usr/bin/cmake --build /home/w/work/moveit2_handeye_calib/build/moveit_calibration_demos -- -j28 -l28
[1.353s] DEBUG:colcon.colcon_core.event_handler.log_command:Invoked command in '/home/w/work/moveit2_handeye_calib/build/moveit_calibration_demos' returned '0': CMAKE_PREFIX_PATH=/home/w/work/moveit2_handeye_calib/install/moveit_calibration_gui:/home/w/work/moveit2_handeye_calib/install/moveit_calibration_plugins:/home/w/work/moveit2_handeye_calib/install/robot_driver:/home/w/work/moveit2_handeye_calib/install/ros2_socketcan:/home/w/work/moveit2_handeye_calib/install/ros2_socketcan_msgs:/home/w/work/moveit2_handeye_calib/install/robot_virtual_fence:/home/w/work/moveit2_handeye_calib/install/robot_state_machine:/home/w/work/moveit2_handeye_calib/install/robot_sdk:/home/w/work/moveit2_handeye_calib/install/robot_control:/home/w/work/moveit2_handeye_calib/install/motor_control_logger:/home/w/work/moveit2_handeye_calib/install/robot_interfaces:/home/w/work/moveit2_handeye_calib/install/arm620_dh_config:/home/w/work/moveit2_handeye_calib/install/arm620_config:/home/w/work/moveit2_handeye_calib/install/arm380_config:/home/w/work/moveit2_handeye_calib/install/robot_description:/home/w/work/moveit2_handeye_calib/install/robot_bringup:/home/w/work/moveit2_handeye_calib/install/moveit_calibration_demos:/home/w/work/trac_ik_ws/install/trac_ik:/home/w/work/trac_ik_ws/install/trac_ik_examples:/home/w/work/trac_ik_ws/install/trac_ik_lib:/home/w/work/moveit2_handeye_calib/install/traj_smoother_py:/home/w/work/moveit2_handeye_calib/install/robot_test_py:/home/w/work/moveit2_handeye_calib/install/robot_input:/home/w/work/moveit2_handeye_calib/install/robot_dynamics:/opt/ros/humble LD_LIBRARY_PATH=/home/w/work/moveit2_handeye_calib/install/moveit_calibration_gui/lib:/home/w/work/moveit2_handeye_calib/install/moveit_calibration_plugins/lib:/home/w/work/moveit2_handeye_calib/install/robot_driver/lib:/home/w/work/moveit2_handeye_calib/install/ros2_socketcan/lib:/home/w/work/moveit2_handeye_calib/install/ros2_socketcan_msgs/lib:/home/w/work/moveit2_handeye_calib/install/robot_interfaces/lib:/home/w/work/trac_ik_ws/install/trac_ik_lib/lib:/opt/ros/humble/opt/rviz_ogre_vendor/lib:/opt/ros/humble/lib/x86_64-linux-gnu:/opt/ros/humble/lib /usr/bin/cmake --build /home/w/work/moveit2_handeye_calib/build/moveit_calibration_demos -- -j28 -l28
[1.355s] DEBUG:colcon.colcon_core.event_handler.log_command:Invoking command in '/home/w/work/moveit2_handeye_calib/build/moveit_calibration_demos': CMAKE_PREFIX_PATH=/home/w/work/moveit2_handeye_calib/install/moveit_calibration_gui:/home/w/work/moveit2_handeye_calib/install/moveit_calibration_plugins:/home/w/work/moveit2_handeye_calib/install/robot_driver:/home/w/work/moveit2_handeye_calib/install/ros2_socketcan:/home/w/work/moveit2_handeye_calib/install/ros2_socketcan_msgs:/home/w/work/moveit2_handeye_calib/install/robot_virtual_fence:/home/w/work/moveit2_handeye_calib/install/robot_state_machine:/home/w/work/moveit2_handeye_calib/install/robot_sdk:/home/w/work/moveit2_handeye_calib/install/robot_control:/home/w/work/moveit2_handeye_calib/install/motor_control_logger:/home/w/work/moveit2_handeye_calib/install/robot_interfaces:/home/w/work/moveit2_handeye_calib/install/arm620_dh_config:/home/w/work/moveit2_handeye_calib/install/arm620_config:/home/w/work/moveit2_handeye_calib/install/arm380_config:/home/w/work/moveit2_handeye_calib/install/robot_description:/home/w/work/moveit2_handeye_calib/install/robot_bringup:/home/w/work/moveit2_handeye_calib/install/moveit_calibration_demos:/home/w/work/trac_ik_ws/install/trac_ik:/home/w/work/trac_ik_ws/install/trac_ik_examples:/home/w/work/trac_ik_ws/install/trac_ik_lib:/home/w/work/moveit2_handeye_calib/install/traj_smoother_py:/home/w/work/moveit2_handeye_calib/install/robot_test_py:/home/w/work/moveit2_handeye_calib/install/robot_input:/home/w/work/moveit2_handeye_calib/install/robot_dynamics:/opt/ros/humble LD_LIBRARY_PATH=/home/w/work/moveit2_handeye_calib/install/moveit_calibration_gui/lib:/home/w/work/moveit2_handeye_calib/install/moveit_calibration_plugins/lib:/home/w/work/moveit2_handeye_calib/install/robot_driver/lib:/home/w/work/moveit2_handeye_calib/install/ros2_socketcan/lib:/home/w/work/moveit2_handeye_calib/install/ros2_socketcan_msgs/lib:/home/w/work/moveit2_handeye_calib/install/robot_interfaces/lib:/home/w/work/trac_ik_ws/install/trac_ik_lib/lib:/opt/ros/humble/opt/rviz_ogre_vendor/lib:/opt/ros/humble/lib/x86_64-linux-gnu:/opt/ros/humble/lib /usr/bin/cmake --install /home/w/work/moveit2_handeye_calib/build/moveit_calibration_demos
[1.361s] Level 1:colcon.colcon_core.environment:create_environment_scripts_only(moveit_calibration_demos)
[1.362s] Level 1:colcon.colcon_core.environment:checking '/home/w/work/moveit2_handeye_calib/install/moveit_calibration_demos' for CMake module files
[1.362s] DEBUG:colcon.colcon_core.event_handler.log_command:Invoked command in '/home/w/work/moveit2_handeye_calib/build/moveit_calibration_demos' returned '0': CMAKE_PREFIX_PATH=/home/w/work/moveit2_handeye_calib/install/moveit_calibration_gui:/home/w/work/moveit2_handeye_calib/install/moveit_calibration_plugins:/home/w/work/moveit2_handeye_calib/install/robot_driver:/home/w/work/moveit2_handeye_calib/install/ros2_socketcan:/home/w/work/moveit2_handeye_calib/install/ros2_socketcan_msgs:/home/w/work/moveit2_handeye_calib/install/robot_virtual_fence:/home/w/work/moveit2_handeye_calib/install/robot_state_machine:/home/w/work/moveit2_handeye_calib/install/robot_sdk:/home/w/work/moveit2_handeye_calib/install/robot_control:/home/w/work/moveit2_handeye_calib/install/motor_control_logger:/home/w/work/moveit2_handeye_calib/install/robot_interfaces:/home/w/work/moveit2_handeye_calib/install/arm620_dh_config:/home/w/work/moveit2_handeye_calib/install/arm620_config:/home/w/work/moveit2_handeye_calib/install/arm380_config:/home/w/work/moveit2_handeye_calib/install/robot_description:/home/w/work/moveit2_handeye_calib/install/robot_bringup:/home/w/work/moveit2_handeye_calib/install/moveit_calibration_demos:/home/w/work/trac_ik_ws/install/trac_ik:/home/w/work/trac_ik_ws/install/trac_ik_examples:/home/w/work/trac_ik_ws/install/trac_ik_lib:/home/w/work/moveit2_handeye_calib/install/traj_smoother_py:/home/w/work/moveit2_handeye_calib/install/robot_test_py:/home/w/work/moveit2_handeye_calib/install/robot_input:/home/w/work/moveit2_handeye_calib/install/robot_dynamics:/opt/ros/humble LD_LIBRARY_PATH=/home/w/work/moveit2_handeye_calib/install/moveit_calibration_gui/lib:/home/w/work/moveit2_handeye_calib/install/moveit_calibration_plugins/lib:/home/w/work/moveit2_handeye_calib/install/robot_driver/lib:/home/w/work/moveit2_handeye_calib/install/ros2_socketcan/lib:/home/w/work/moveit2_handeye_calib/install/ros2_socketcan_msgs/lib:/home/w/work/moveit2_handeye_calib/install/robot_interfaces/lib:/home/w/work/trac_ik_ws/install/trac_ik_lib/lib:/opt/ros/humble/opt/rviz_ogre_vendor/lib:/opt/ros/humble/lib/x86_64-linux-gnu:/opt/ros/humble/lib /usr/bin/cmake --install /home/w/work/moveit2_handeye_calib/build/moveit_calibration_demos
[1.362s] Level 1:colcon.colcon_core.environment:checking '/home/w/work/moveit2_handeye_calib/install/moveit_calibration_demos' for CMake config files
[1.363s] Level 1:colcon.colcon_core.shell:create_environment_hook('moveit_calibration_demos', 'cmake_prefix_path')
[1.363s] INFO:colcon.colcon_core.shell:Creating environment hook '/home/w/work/moveit2_handeye_calib/install/moveit_calibration_demos/share/moveit_calibration_demos/hook/cmake_prefix_path.ps1'
[1.363s] INFO:colcon.colcon_core.shell:Creating environment descriptor '/home/w/work/moveit2_handeye_calib/install/moveit_calibration_demos/share/moveit_calibration_demos/hook/cmake_prefix_path.dsv'
[1.364s] INFO:colcon.colcon_core.shell:Creating environment hook '/home/w/work/moveit2_handeye_calib/install/moveit_calibration_demos/share/moveit_calibration_demos/hook/cmake_prefix_path.sh'
[1.364s] Level 1:colcon.colcon_core.environment:checking '/home/w/work/moveit2_handeye_calib/install/moveit_calibration_demos/bin'
[1.364s] Level 1:colcon.colcon_core.environment:checking '/home/w/work/moveit2_handeye_calib/install/moveit_calibration_demos/lib/pkgconfig/moveit_calibration_demos.pc'
[1.364s] Level 1:colcon.colcon_core.environment:checking '/home/w/work/moveit2_handeye_calib/install/moveit_calibration_demos/lib/python3.10/site-packages'
[1.365s] Level 1:colcon.colcon_core.environment:checking '/home/w/work/moveit2_handeye_calib/install/moveit_calibration_demos/bin'
[1.365s] INFO:colcon.colcon_core.shell:Creating package script '/home/w/work/moveit2_handeye_calib/install/moveit_calibration_demos/share/moveit_calibration_demos/package.ps1'
[1.365s] INFO:colcon.colcon_core.shell:Creating package descriptor '/home/w/work/moveit2_handeye_calib/install/moveit_calibration_demos/share/moveit_calibration_demos/package.dsv'
[1.365s] INFO:colcon.colcon_core.shell:Creating package script '/home/w/work/moveit2_handeye_calib/install/moveit_calibration_demos/share/moveit_calibration_demos/package.sh'
[1.366s] INFO:colcon.colcon_core.shell:Creating package script '/home/w/work/moveit2_handeye_calib/install/moveit_calibration_demos/share/moveit_calibration_demos/package.bash'
[1.366s] INFO:colcon.colcon_core.shell:Creating package script '/home/w/work/moveit2_handeye_calib/install/moveit_calibration_demos/share/moveit_calibration_demos/package.zsh'
[1.366s] Level 1:colcon.colcon_core.environment:create_file_with_runtime_dependencies(/home/w/work/moveit2_handeye_calib/install/moveit_calibration_demos/share/colcon-core/packages/moveit_calibration_demos)
[1.367s] Level 1:colcon.colcon_core.environment:create_environment_scripts_only(moveit_calibration_demos)
[1.367s] Level 1:colcon.colcon_core.environment:checking '/home/w/work/moveit2_handeye_calib/install/moveit_calibration_demos' for CMake module files
[1.367s] Level 1:colcon.colcon_core.environment:checking '/home/w/work/moveit2_handeye_calib/install/moveit_calibration_demos' for CMake config files
[1.368s] Level 1:colcon.colcon_core.shell:create_environment_hook('moveit_calibration_demos', 'cmake_prefix_path')
[1.368s] INFO:colcon.colcon_core.shell:Creating environment hook '/home/w/work/moveit2_handeye_calib/install/moveit_calibration_demos/share/moveit_calibration_demos/hook/cmake_prefix_path.ps1'
[1.368s] INFO:colcon.colcon_core.shell:Creating environment descriptor '/home/w/work/moveit2_handeye_calib/install/moveit_calibration_demos/share/moveit_calibration_demos/hook/cmake_prefix_path.dsv'
[1.368s] INFO:colcon.colcon_core.shell:Creating environment hook '/home/w/work/moveit2_handeye_calib/install/moveit_calibration_demos/share/moveit_calibration_demos/hook/cmake_prefix_path.sh'
[1.369s] Level 1:colcon.colcon_core.environment:checking '/home/w/work/moveit2_handeye_calib/install/moveit_calibration_demos/bin'
[1.369s] Level 1:colcon.colcon_core.environment:checking '/home/w/work/moveit2_handeye_calib/install/moveit_calibration_demos/lib/pkgconfig/moveit_calibration_demos.pc'
[1.369s] Level 1:colcon.colcon_core.environment:checking '/home/w/work/moveit2_handeye_calib/install/moveit_calibration_demos/lib/python3.10/site-packages'
[1.369s] Level 1:colcon.colcon_core.environment:checking '/home/w/work/moveit2_handeye_calib/install/moveit_calibration_demos/bin'
[1.370s] INFO:colcon.colcon_core.shell:Creating package script '/home/w/work/moveit2_handeye_calib/install/moveit_calibration_demos/share/moveit_calibration_demos/package.ps1'
[1.370s] INFO:colcon.colcon_core.shell:Creating package descriptor '/home/w/work/moveit2_handeye_calib/install/moveit_calibration_demos/share/moveit_calibration_demos/package.dsv'
[1.371s] INFO:colcon.colcon_core.shell:Creating package script '/home/w/work/moveit2_handeye_calib/install/moveit_calibration_demos/share/moveit_calibration_demos/package.sh'
[1.371s] INFO:colcon.colcon_core.shell:Creating package script '/home/w/work/moveit2_handeye_calib/install/moveit_calibration_demos/share/moveit_calibration_demos/package.bash'
[1.372s] INFO:colcon.colcon_core.shell:Creating package script '/home/w/work/moveit2_handeye_calib/install/moveit_calibration_demos/share/moveit_calibration_demos/package.zsh'
[1.372s] Level 1:colcon.colcon_core.environment:create_file_with_runtime_dependencies(/home/w/work/moveit2_handeye_calib/install/moveit_calibration_demos/share/colcon-core/packages/moveit_calibration_demos)
[1.403s] DEBUG:colcon.colcon_core.event_handler.log_command:Invoked command in '/home/w/work/moveit2_handeye_calib/build/robot_driver' returned '0': CMAKE_PREFIX_PATH=/home/w/work/moveit2_handeye_calib/install/ros2_socketcan:/home/w/work/moveit2_handeye_calib/install/ros2_socketcan_msgs:/home/w/work/moveit2_handeye_calib/install/robot_interfaces:/home/w/work/moveit2_handeye_calib/install/robot_driver:/home/w/work/moveit2_handeye_calib/install/robot_virtual_fence:/home/w/work/moveit2_handeye_calib/install/robot_state_machine:/home/w/work/moveit2_handeye_calib/install/robot_sdk:/home/w/work/moveit2_handeye_calib/install/robot_control:/home/w/work/moveit2_handeye_calib/install/motor_control_logger:/home/w/work/moveit2_handeye_calib/install/arm620_dh_config:/home/w/work/moveit2_handeye_calib/install/arm620_config:/home/w/work/moveit2_handeye_calib/install/arm380_config:/home/w/work/moveit2_handeye_calib/install/robot_description:/home/w/work/moveit2_handeye_calib/install/robot_bringup:/home/w/work/moveit2_handeye_calib/install/moveit_calibration_demos:/home/w/work/moveit2_handeye_calib/install/moveit_calibration_gui:/home/w/work/moveit2_handeye_calib/install/moveit_calibration_plugins:/home/w/work/trac_ik_ws/install/trac_ik:/home/w/work/trac_ik_ws/install/trac_ik_examples:/home/w/work/trac_ik_ws/install/trac_ik_lib:/home/w/work/moveit2_handeye_calib/install/traj_smoother_py:/home/w/work/moveit2_handeye_calib/install/robot_test_py:/home/w/work/moveit2_handeye_calib/install/robot_input:/home/w/work/moveit2_handeye_calib/install/robot_dynamics:/opt/ros/humble LD_LIBRARY_PATH=/home/w/work/moveit2_handeye_calib/install/ros2_socketcan/lib:/home/w/work/moveit2_handeye_calib/install/ros2_socketcan_msgs/lib:/home/w/work/moveit2_handeye_calib/install/robot_interfaces/lib:/home/w/work/moveit2_handeye_calib/install/robot_driver/lib:/home/w/work/moveit2_handeye_calib/install/moveit_calibration_gui/lib:/home/w/work/moveit2_handeye_calib/install/moveit_calibration_plugins/lib:/home/w/work/trac_ik_ws/install/trac_ik_lib/lib:/opt/ros/humble/opt/rviz_ogre_vendor/lib:/opt/ros/humble/lib/x86_64-linux-gnu:/opt/ros/humble/lib /usr/bin/cmake --build /home/w/work/moveit2_handeye_calib/build/robot_driver -- -j28 -l28
[1.404s] DEBUG:colcon.colcon_core.event_handler.log_command:Invoking command in '/home/w/work/moveit2_handeye_calib/build/robot_driver': CMAKE_PREFIX_PATH=/home/w/work/moveit2_handeye_calib/install/ros2_socketcan:/home/w/work/moveit2_handeye_calib/install/ros2_socketcan_msgs:/home/w/work/moveit2_handeye_calib/install/robot_interfaces:/home/w/work/moveit2_handeye_calib/install/robot_driver:/home/w/work/moveit2_handeye_calib/install/robot_virtual_fence:/home/w/work/moveit2_handeye_calib/install/robot_state_machine:/home/w/work/moveit2_handeye_calib/install/robot_sdk:/home/w/work/moveit2_handeye_calib/install/robot_control:/home/w/work/moveit2_handeye_calib/install/motor_control_logger:/home/w/work/moveit2_handeye_calib/install/arm620_dh_config:/home/w/work/moveit2_handeye_calib/install/arm620_config:/home/w/work/moveit2_handeye_calib/install/arm380_config:/home/w/work/moveit2_handeye_calib/install/robot_description:/home/w/work/moveit2_handeye_calib/install/robot_bringup:/home/w/work/moveit2_handeye_calib/install/moveit_calibration_demos:/home/w/work/moveit2_handeye_calib/install/moveit_calibration_gui:/home/w/work/moveit2_handeye_calib/install/moveit_calibration_plugins:/home/w/work/trac_ik_ws/install/trac_ik:/home/w/work/trac_ik_ws/install/trac_ik_examples:/home/w/work/trac_ik_ws/install/trac_ik_lib:/home/w/work/moveit2_handeye_calib/install/traj_smoother_py:/home/w/work/moveit2_handeye_calib/install/robot_test_py:/home/w/work/moveit2_handeye_calib/install/robot_input:/home/w/work/moveit2_handeye_calib/install/robot_dynamics:/opt/ros/humble LD_LIBRARY_PATH=/home/w/work/moveit2_handeye_calib/install/ros2_socketcan/lib:/home/w/work/moveit2_handeye_calib/install/ros2_socketcan_msgs/lib:/home/w/work/moveit2_handeye_calib/install/robot_interfaces/lib:/home/w/work/moveit2_handeye_calib/install/robot_driver/lib:/home/w/work/moveit2_handeye_calib/install/moveit_calibration_gui/lib:/home/w/work/moveit2_handeye_calib/install/moveit_calibration_plugins/lib:/home/w/work/trac_ik_ws/install/trac_ik_lib/lib:/opt/ros/humble/opt/rviz_ogre_vendor/lib:/opt/ros/humble/lib/x86_64-linux-gnu:/opt/ros/humble/lib /usr/bin/cmake --install /home/w/work/moveit2_handeye_calib/build/robot_driver
[1.406s] Level 1:colcon.colcon_core.environment:checking '/home/w/work/moveit2_handeye_calib/install/robot_dynamics' for CMake module files
[1.407s] DEBUG:colcon.colcon_core.event_handler.log_command:Invoked command in '/home/w/work/moveit2_handeye_calib/TG620/robot_dynamics' returned '0': PYTHONPATH=/home/w/work/moveit2_handeye_calib/build/robot_dynamics/prefix_override:/usr/lib/python3/dist-packages/colcon_core/task/python/colcon_distutils_commands:/home/w/work/moveit2_handeye_calib/install/robot_dynamics/lib/python3.10/site-packages:${PYTHONPATH} /usr/bin/python3 -W ignore:setup.py install is deprecated -W ignore:easy_install command is deprecated setup.py egg_info --egg-base ../../build/robot_dynamics build --build-base /home/w/work/moveit2_handeye_calib/build/robot_dynamics/build install --record /home/w/work/moveit2_handeye_calib/build/robot_dynamics/install.log --single-version-externally-managed install_data
[1.407s] Level 1:colcon.colcon_core.environment:checking '/home/w/work/moveit2_handeye_calib/install/robot_dynamics' for CMake config files
[1.408s] Level 1:colcon.colcon_core.environment:checking '/home/w/work/moveit2_handeye_calib/install/robot_dynamics/lib'
[1.408s] Level 1:colcon.colcon_core.environment:checking '/home/w/work/moveit2_handeye_calib/install/robot_dynamics/bin'
[1.408s] Level 1:colcon.colcon_core.environment:checking '/home/w/work/moveit2_handeye_calib/install/robot_dynamics/lib/pkgconfig/robot_dynamics.pc'
[1.408s] Level 1:colcon.colcon_core.environment:checking '/home/w/work/moveit2_handeye_calib/install/robot_dynamics/lib/python3.10/site-packages'
[1.408s] Level 1:colcon.colcon_core.shell:create_environment_hook('robot_dynamics', 'pythonpath')
[1.408s] INFO:colcon.colcon_core.shell:Creating environment hook '/home/w/work/moveit2_handeye_calib/install/robot_dynamics/share/robot_dynamics/hook/pythonpath.ps1'
[1.408s] INFO:colcon.colcon_core.shell:Creating environment descriptor '/home/w/work/moveit2_handeye_calib/install/robot_dynamics/share/robot_dynamics/hook/pythonpath.dsv'
[1.409s] INFO:colcon.colcon_core.shell:Creating environment hook '/home/w/work/moveit2_handeye_calib/install/robot_dynamics/share/robot_dynamics/hook/pythonpath.sh'
[1.409s] Level 1:colcon.colcon_core.environment:checking '/home/w/work/moveit2_handeye_calib/install/robot_dynamics/bin'
[1.409s] Level 1:colcon.colcon_core.environment:create_environment_scripts_only(robot_dynamics)
[1.409s] INFO:colcon.colcon_core.shell:Creating package script '/home/w/work/moveit2_handeye_calib/install/robot_dynamics/share/robot_dynamics/package.ps1'
[1.410s] INFO:colcon.colcon_core.shell:Creating package descriptor '/home/w/work/moveit2_handeye_calib/install/robot_dynamics/share/robot_dynamics/package.dsv'
[1.410s] INFO:colcon.colcon_core.shell:Creating package script '/home/w/work/moveit2_handeye_calib/install/robot_dynamics/share/robot_dynamics/package.sh'
[1.410s] INFO:colcon.colcon_core.shell:Creating package script '/home/w/work/moveit2_handeye_calib/install/robot_dynamics/share/robot_dynamics/package.bash'
[1.411s] INFO:colcon.colcon_core.shell:Creating package script '/home/w/work/moveit2_handeye_calib/install/robot_dynamics/share/robot_dynamics/package.zsh'
[1.411s] Level 1:colcon.colcon_core.environment:create_file_with_runtime_dependencies(/home/w/work/moveit2_handeye_calib/install/robot_dynamics/share/colcon-core/packages/robot_dynamics)
[1.412s] Level 1:colcon.colcon_core.environment:checking '/home/w/work/moveit2_handeye_calib/install/traj_smoother_py' for CMake module files
[1.413s] Level 1:colcon.colcon_core.environment:checking '/home/w/work/moveit2_handeye_calib/install/traj_smoother_py' for CMake config files
[1.414s] Level 1:colcon.colcon_core.environment:checking '/home/w/work/moveit2_handeye_calib/install/traj_smoother_py/lib'
[1.414s] Level 1:colcon.colcon_core.environment:checking '/home/w/work/moveit2_handeye_calib/install/traj_smoother_py/bin'
[1.414s] Level 1:colcon.colcon_core.environment:checking '/home/w/work/moveit2_handeye_calib/install/traj_smoother_py/lib/pkgconfig/traj_smoother_py.pc'
[1.414s] Level 1:colcon.colcon_core.environment:checking '/home/w/work/moveit2_handeye_calib/install/traj_smoother_py/lib/python3.10/site-packages'
[1.414s] Level 1:colcon.colcon_core.shell:create_environment_hook('traj_smoother_py', 'pythonpath')
[1.414s] INFO:colcon.colcon_core.shell:Creating environment hook '/home/w/work/moveit2_handeye_calib/install/traj_smoother_py/share/traj_smoother_py/hook/pythonpath.ps1'
[1.415s] INFO:colcon.colcon_core.shell:Creating environment descriptor '/home/w/work/moveit2_handeye_calib/install/traj_smoother_py/share/traj_smoother_py/hook/pythonpath.dsv'
[1.415s] INFO:colcon.colcon_core.shell:Creating environment hook '/home/w/work/moveit2_handeye_calib/install/traj_smoother_py/share/traj_smoother_py/hook/pythonpath.sh'
[1.416s] Level 1:colcon.colcon_core.environment:checking '/home/w/work/moveit2_handeye_calib/install/traj_smoother_py/bin'
[1.416s] Level 1:colcon.colcon_core.environment:create_environment_scripts_only(traj_smoother_py)
[1.416s] INFO:colcon.colcon_core.shell:Creating package script '/home/w/work/moveit2_handeye_calib/install/traj_smoother_py/share/traj_smoother_py/package.ps1'
[1.416s] INFO:colcon.colcon_core.shell:Creating package descriptor '/home/w/work/moveit2_handeye_calib/install/traj_smoother_py/share/traj_smoother_py/package.dsv'
[1.417s] INFO:colcon.colcon_core.shell:Creating package script '/home/w/work/moveit2_handeye_calib/install/traj_smoother_py/share/traj_smoother_py/package.sh'
[1.417s] INFO:colcon.colcon_core.shell:Creating package script '/home/w/work/moveit2_handeye_calib/install/traj_smoother_py/share/traj_smoother_py/package.bash'
[1.417s] DEBUG:colcon.colcon_core.event_handler.log_command:Invoked command in '/home/w/work/moveit2_handeye_calib/TG620/traj_smoother_py' returned '0': PYTHONPATH=/home/w/work/moveit2_handeye_calib/build/traj_smoother_py/prefix_override:/usr/lib/python3/dist-packages/colcon_core/task/python/colcon_distutils_commands:/home/w/work/moveit2_handeye_calib/install/traj_smoother_py/lib/python3.10/site-packages:${PYTHONPATH} /usr/bin/python3 -W ignore:setup.py install is deprecated -W ignore:easy_install command is deprecated setup.py egg_info --egg-base ../../build/traj_smoother_py build --build-base /home/w/work/moveit2_handeye_calib/build/traj_smoother_py/build install --record /home/w/work/moveit2_handeye_calib/build/traj_smoother_py/install.log --single-version-externally-managed install_data
[1.417s] INFO:colcon.colcon_core.shell:Creating package script '/home/w/work/moveit2_handeye_calib/install/traj_smoother_py/share/traj_smoother_py/package.zsh'
[1.418s] Level 1:colcon.colcon_core.environment:create_file_with_runtime_dependencies(/home/w/work/moveit2_handeye_calib/install/traj_smoother_py/share/colcon-core/packages/traj_smoother_py)
[1.418s] Level 1:colcon.colcon_core.environment:create_environment_scripts_only(robot_driver)
[1.418s] Level 1:colcon.colcon_core.environment:checking '/home/w/work/moveit2_handeye_calib/install/robot_driver' for CMake module files
[1.418s] DEBUG:colcon.colcon_core.event_handler.log_command:Invoked command in '/home/w/work/moveit2_handeye_calib/build/robot_driver' returned '0': CMAKE_PREFIX_PATH=/home/w/work/moveit2_handeye_calib/install/ros2_socketcan:/home/w/work/moveit2_handeye_calib/install/ros2_socketcan_msgs:/home/w/work/moveit2_handeye_calib/install/robot_interfaces:/home/w/work/moveit2_handeye_calib/install/robot_driver:/home/w/work/moveit2_handeye_calib/install/robot_virtual_fence:/home/w/work/moveit2_handeye_calib/install/robot_state_machine:/home/w/work/moveit2_handeye_calib/install/robot_sdk:/home/w/work/moveit2_handeye_calib/install/robot_control:/home/w/work/moveit2_handeye_calib/install/motor_control_logger:/home/w/work/moveit2_handeye_calib/install/arm620_dh_config:/home/w/work/moveit2_handeye_calib/install/arm620_config:/home/w/work/moveit2_handeye_calib/install/arm380_config:/home/w/work/moveit2_handeye_calib/install/robot_description:/home/w/work/moveit2_handeye_calib/install/robot_bringup:/home/w/work/moveit2_handeye_calib/install/moveit_calibration_demos:/home/w/work/moveit2_handeye_calib/install/moveit_calibration_gui:/home/w/work/moveit2_handeye_calib/install/moveit_calibration_plugins:/home/w/work/trac_ik_ws/install/trac_ik:/home/w/work/trac_ik_ws/install/trac_ik_examples:/home/w/work/trac_ik_ws/install/trac_ik_lib:/home/w/work/moveit2_handeye_calib/install/traj_smoother_py:/home/w/work/moveit2_handeye_calib/install/robot_test_py:/home/w/work/moveit2_handeye_calib/install/robot_input:/home/w/work/moveit2_handeye_calib/install/robot_dynamics:/opt/ros/humble LD_LIBRARY_PATH=/home/w/work/moveit2_handeye_calib/install/ros2_socketcan/lib:/home/w/work/moveit2_handeye_calib/install/ros2_socketcan_msgs/lib:/home/w/work/moveit2_handeye_calib/install/robot_interfaces/lib:/home/w/work/moveit2_handeye_calib/install/robot_driver/lib:/home/w/work/moveit2_handeye_calib/install/moveit_calibration_gui/lib:/home/w/work/moveit2_handeye_calib/install/moveit_calibration_plugins/lib:/home/w/work/trac_ik_ws/install/trac_ik_lib/lib:/opt/ros/humble/opt/rviz_ogre_vendor/lib:/opt/ros/humble/lib/x86_64-linux-gnu:/opt/ros/humble/lib /usr/bin/cmake --install /home/w/work/moveit2_handeye_calib/build/robot_driver
[1.419s] Level 1:colcon.colcon_core.environment:checking '/home/w/work/moveit2_handeye_calib/install/robot_driver' for CMake config files
[1.419s] Level 1:colcon.colcon_core.shell:create_environment_hook('robot_driver', 'cmake_prefix_path')
[1.419s] INFO:colcon.colcon_core.shell:Creating environment hook '/home/w/work/moveit2_handeye_calib/install/robot_driver/share/robot_driver/hook/cmake_prefix_path.ps1'
[1.419s] INFO:colcon.colcon_core.shell:Creating environment descriptor '/home/w/work/moveit2_handeye_calib/install/robot_driver/share/robot_driver/hook/cmake_prefix_path.dsv'
[1.419s] INFO:colcon.colcon_core.shell:Creating environment hook '/home/w/work/moveit2_handeye_calib/install/robot_driver/share/robot_driver/hook/cmake_prefix_path.sh'
[1.420s] Level 1:colcon.colcon_core.environment:checking '/home/w/work/moveit2_handeye_calib/install/robot_driver/lib'
[1.420s] Level 1:colcon.colcon_core.shell:create_environment_hook('robot_driver', 'ld_library_path_lib')
[1.420s] INFO:colcon.colcon_core.shell:Creating environment hook '/home/w/work/moveit2_handeye_calib/install/robot_driver/share/robot_driver/hook/ld_library_path_lib.ps1'
[1.420s] INFO:colcon.colcon_core.shell:Creating environment descriptor '/home/w/work/moveit2_handeye_calib/install/robot_driver/share/robot_driver/hook/ld_library_path_lib.dsv'
[1.420s] INFO:colcon.colcon_core.shell:Creating environment hook '/home/w/work/moveit2_handeye_calib/install/robot_driver/share/robot_driver/hook/ld_library_path_lib.sh'
[1.420s] Level 1:colcon.colcon_core.environment:checking '/home/w/work/moveit2_handeye_calib/install/robot_driver/bin'
[1.420s] Level 1:colcon.colcon_core.shell:create_environment_hook('robot_driver', 'path')
[1.420s] INFO:colcon.colcon_core.shell:Creating environment hook '/home/w/work/moveit2_handeye_calib/install/robot_driver/share/robot_driver/hook/path.ps1'
[1.421s] INFO:colcon.colcon_core.shell:Creating environment descriptor '/home/w/work/moveit2_handeye_calib/install/robot_driver/share/robot_driver/hook/path.dsv'
[1.421s] INFO:colcon.colcon_core.shell:Creating environment hook '/home/w/work/moveit2_handeye_calib/install/robot_driver/share/robot_driver/hook/path.sh'
[1.421s] Level 1:colcon.colcon_core.environment:checking '/home/w/work/moveit2_handeye_calib/install/robot_driver/lib/pkgconfig/robot_driver.pc'
[1.421s] Level 1:colcon.colcon_core.environment:checking '/home/w/work/moveit2_handeye_calib/install/robot_driver/lib/python3.10/site-packages'
[1.421s] Level 1:colcon.colcon_core.environment:checking '/home/w/work/moveit2_handeye_calib/install/robot_driver/bin'
[1.421s] Level 1:colcon.colcon_core.shell:create_environment_hook('robot_driver', 'pythonscriptspath')
[1.421s] INFO:colcon.colcon_core.shell:Creating environment hook '/home/w/work/moveit2_handeye_calib/install/robot_driver/share/robot_driver/hook/pythonscriptspath.ps1'
[1.422s] INFO:colcon.colcon_core.shell:Creating environment descriptor '/home/w/work/moveit2_handeye_calib/install/robot_driver/share/robot_driver/hook/pythonscriptspath.dsv'
[1.422s] INFO:colcon.colcon_core.shell:Creating environment hook '/home/w/work/moveit2_handeye_calib/install/robot_driver/share/robot_driver/hook/pythonscriptspath.sh'
[1.422s] INFO:colcon.colcon_core.shell:Creating package script '/home/w/work/moveit2_handeye_calib/install/robot_driver/share/robot_driver/package.ps1'
[1.423s] INFO:colcon.colcon_core.shell:Creating package descriptor '/home/w/work/moveit2_handeye_calib/install/robot_driver/share/robot_driver/package.dsv'
[1.423s] INFO:colcon.colcon_core.shell:Creating package script '/home/w/work/moveit2_handeye_calib/install/robot_driver/share/robot_driver/package.sh'
[1.423s] INFO:colcon.colcon_core.shell:Creating package script '/home/w/work/moveit2_handeye_calib/install/robot_driver/share/robot_driver/package.bash'
[1.423s] INFO:colcon.colcon_core.shell:Creating package script '/home/w/work/moveit2_handeye_calib/install/robot_driver/share/robot_driver/package.zsh'
[1.423s] Level 1:colcon.colcon_core.environment:create_file_with_runtime_dependencies(/home/w/work/moveit2_handeye_calib/install/robot_driver/share/colcon-core/packages/robot_driver)
[1.424s] Level 1:colcon.colcon_core.environment:create_environment_scripts_only(robot_driver)
[1.424s] Level 1:colcon.colcon_core.environment:checking '/home/w/work/moveit2_handeye_calib/install/robot_driver' for CMake module files
[1.424s] Level 1:colcon.colcon_core.environment:checking '/home/w/work/moveit2_handeye_calib/install/robot_driver' for CMake config files
[1.424s] Level 1:colcon.colcon_core.shell:create_environment_hook('robot_driver', 'cmake_prefix_path')
[1.424s] INFO:colcon.colcon_core.shell:Creating environment hook '/home/w/work/moveit2_handeye_calib/install/robot_driver/share/robot_driver/hook/cmake_prefix_path.ps1'
[1.424s] INFO:colcon.colcon_core.shell:Creating environment descriptor '/home/w/work/moveit2_handeye_calib/install/robot_driver/share/robot_driver/hook/cmake_prefix_path.dsv'
[1.425s] INFO:colcon.colcon_core.shell:Creating environment hook '/home/w/work/moveit2_handeye_calib/install/robot_driver/share/robot_driver/hook/cmake_prefix_path.sh'
[1.425s] Level 1:colcon.colcon_core.environment:checking '/home/w/work/moveit2_handeye_calib/install/robot_driver/lib'
[1.425s] Level 1:colcon.colcon_core.shell:create_environment_hook('robot_driver', 'ld_library_path_lib')
[1.425s] INFO:colcon.colcon_core.shell:Creating environment hook '/home/w/work/moveit2_handeye_calib/install/robot_driver/share/robot_driver/hook/ld_library_path_lib.ps1'
[1.425s] INFO:colcon.colcon_core.shell:Creating environment descriptor '/home/w/work/moveit2_handeye_calib/install/robot_driver/share/robot_driver/hook/ld_library_path_lib.dsv'
[1.425s] INFO:colcon.colcon_core.shell:Creating environment hook '/home/w/work/moveit2_handeye_calib/install/robot_driver/share/robot_driver/hook/ld_library_path_lib.sh'
[1.426s] Level 1:colcon.colcon_core.environment:checking '/home/w/work/moveit2_handeye_calib/install/robot_driver/bin'
[1.426s] Level 1:colcon.colcon_core.shell:create_environment_hook('robot_driver', 'path')
[1.426s] INFO:colcon.colcon_core.shell:Creating environment hook '/home/w/work/moveit2_handeye_calib/install/robot_driver/share/robot_driver/hook/path.ps1'
[1.426s] INFO:colcon.colcon_core.shell:Creating environment descriptor '/home/w/work/moveit2_handeye_calib/install/robot_driver/share/robot_driver/hook/path.dsv'
[1.426s] INFO:colcon.colcon_core.shell:Creating environment hook '/home/w/work/moveit2_handeye_calib/install/robot_driver/share/robot_driver/hook/path.sh'
[1.426s] Level 1:colcon.colcon_core.environment:checking '/home/w/work/moveit2_handeye_calib/install/robot_driver/lib/pkgconfig/robot_driver.pc'
[1.426s] Level 1:colcon.colcon_core.environment:checking '/home/w/work/moveit2_handeye_calib/install/robot_driver/lib/python3.10/site-packages'
[1.427s] Level 1:colcon.colcon_core.environment:checking '/home/w/work/moveit2_handeye_calib/install/robot_driver/bin'
[1.427s] Level 1:colcon.colcon_core.shell:create_environment_hook('robot_driver', 'pythonscriptspath')
[1.427s] INFO:colcon.colcon_core.shell:Creating environment hook '/home/w/work/moveit2_handeye_calib/install/robot_driver/share/robot_driver/hook/pythonscriptspath.ps1'
[1.427s] INFO:colcon.colcon_core.shell:Creating environment descriptor '/home/w/work/moveit2_handeye_calib/install/robot_driver/share/robot_driver/hook/pythonscriptspath.dsv'
[1.427s] INFO:colcon.colcon_core.shell:Creating environment hook '/home/w/work/moveit2_handeye_calib/install/robot_driver/share/robot_driver/hook/pythonscriptspath.sh'
[1.427s] INFO:colcon.colcon_core.shell:Creating package script '/home/w/work/moveit2_handeye_calib/install/robot_driver/share/robot_driver/package.ps1'
[1.428s] INFO:colcon.colcon_core.shell:Creating package descriptor '/home/w/work/moveit2_handeye_calib/install/robot_driver/share/robot_driver/package.dsv'
[1.428s] INFO:colcon.colcon_core.shell:Creating package script '/home/w/work/moveit2_handeye_calib/install/robot_driver/share/robot_driver/package.sh'
[1.428s] INFO:colcon.colcon_core.shell:Creating package script '/home/w/work/moveit2_handeye_calib/install/robot_driver/share/robot_driver/package.bash'
[1.429s] INFO:colcon.colcon_core.shell:Creating package script '/home/w/work/moveit2_handeye_calib/install/robot_driver/share/robot_driver/package.zsh'
[1.429s] Level 1:colcon.colcon_core.environment:create_file_with_runtime_dependencies(/home/w/work/moveit2_handeye_calib/install/robot_driver/share/colcon-core/packages/robot_driver)
[1.429s] INFO:colcon.colcon_ros.task.ament_cmake.build:Building ROS package in '/home/w/work/moveit2_handeye_calib/TG620/robot_state_machine' with build type 'ament_cmake'
[1.429s] INFO:colcon.colcon_cmake.task.cmake.build:Building CMake package in '/home/w/work/moveit2_handeye_calib/TG620/robot_state_machine'
[1.430s] INFO:colcon.colcon_core.shell:Skip shell extension 'powershell' for command environment: Not usable outside of PowerShell
[1.430s] DEBUG:colcon.colcon_core.shell:Skip shell extension 'dsv' for command environment
[1.445s] DEBUG:colcon.colcon_core.event_handler.log_command:Invoking command in '/home/w/work/moveit2_handeye_calib/build/robot_state_machine': CMAKE_PREFIX_PATH=/home/w/work/moveit2_handeye_calib/install/robot_driver:/home/w/work/moveit2_handeye_calib/install/ros2_socketcan:/home/w/work/moveit2_handeye_calib/install/ros2_socketcan_msgs:/home/w/work/moveit2_handeye_calib/install/robot_interfaces:/home/w/work/moveit2_handeye_calib/install/robot_virtual_fence:/home/w/work/moveit2_handeye_calib/install/robot_state_machine:/home/w/work/moveit2_handeye_calib/install/robot_sdk:/home/w/work/moveit2_handeye_calib/install/robot_control:/home/w/work/moveit2_handeye_calib/install/motor_control_logger:/home/w/work/moveit2_handeye_calib/install/arm620_dh_config:/home/w/work/moveit2_handeye_calib/install/arm620_config:/home/w/work/moveit2_handeye_calib/install/arm380_config:/home/w/work/moveit2_handeye_calib/install/robot_description:/home/w/work/moveit2_handeye_calib/install/robot_bringup:/home/w/work/moveit2_handeye_calib/install/moveit_calibration_demos:/home/w/work/moveit2_handeye_calib/install/moveit_calibration_gui:/home/w/work/moveit2_handeye_calib/install/moveit_calibration_plugins:/home/w/work/trac_ik_ws/install/trac_ik:/home/w/work/trac_ik_ws/install/trac_ik_examples:/home/w/work/trac_ik_ws/install/trac_ik_lib:/home/w/work/moveit2_handeye_calib/install/traj_smoother_py:/home/w/work/moveit2_handeye_calib/install/robot_test_py:/home/w/work/moveit2_handeye_calib/install/robot_input:/home/w/work/moveit2_handeye_calib/install/robot_dynamics:/opt/ros/humble /usr/bin/cmake --build /home/w/work/moveit2_handeye_calib/build/robot_state_machine -- -j28 -l28
[1.446s] DEBUG:colcon.colcon_core.event_handler.log_command:Invoking command in '/home/w/work/moveit2_handeye_calib/TG620/robot_input': CMAKE_PREFIX_PATH=/home/w/work/moveit2_handeye_calib/install/robot_interfaces:/home/w/work/moveit2_handeye_calib/install/robot_driver:/home/w/work/moveit2_handeye_calib/install/ros2_socketcan:/home/w/work/moveit2_handeye_calib/install/ros2_socketcan_msgs:/home/w/work/moveit2_handeye_calib/install/robot_virtual_fence:/home/w/work/moveit2_handeye_calib/install/robot_state_machine:/home/w/work/moveit2_handeye_calib/install/robot_sdk:/home/w/work/moveit2_handeye_calib/install/robot_control:/home/w/work/moveit2_handeye_calib/install/motor_control_logger:/home/w/work/moveit2_handeye_calib/install/arm620_dh_config:/home/w/work/moveit2_handeye_calib/install/arm620_config:/home/w/work/moveit2_handeye_calib/install/arm380_config:/home/w/work/moveit2_handeye_calib/install/robot_description:/home/w/work/moveit2_handeye_calib/install/robot_bringup:/home/w/work/moveit2_handeye_calib/install/moveit_calibration_demos:/home/w/work/moveit2_handeye_calib/install/moveit_calibration_gui:/home/w/work/moveit2_handeye_calib/install/moveit_calibration_plugins:/home/w/work/trac_ik_ws/install/trac_ik:/home/w/work/trac_ik_ws/install/trac_ik_examples:/home/w/work/trac_ik_ws/install/trac_ik_lib LD_LIBRARY_PATH=/home/w/work/moveit2_handeye_calib/install/robot_interfaces/lib:/home/w/work/moveit2_handeye_calib/install/robot_driver/lib:/home/w/work/moveit2_handeye_calib/install/ros2_socketcan/lib:/home/w/work/moveit2_handeye_calib/install/ros2_socketcan_msgs/lib:/home/w/work/moveit2_handeye_calib/install/moveit_calibration_gui/lib:/home/w/work/moveit2_handeye_calib/install/moveit_calibration_plugins/lib:/home/w/work/trac_ik_ws/install/trac_ik_lib/lib:/opt/ros/humble/opt/rviz_ogre_vendor/lib:/opt/ros/humble/lib/x86_64-linux-gnu:/opt/ros/humble/lib PYTHONPATH=/home/w/work/moveit2_handeye_calib/build/robot_input/prefix_override:/usr/lib/python3/dist-packages/colcon_core/task/python/colcon_distutils_commands:/home/w/work/moveit2_handeye_calib/install/robot_input/lib/python3.10/site-packages:${PYTHONPATH} /usr/bin/python3 -W ignore:setup.py install is deprecated -W ignore:easy_install command is deprecated setup.py egg_info --egg-base ../../build/robot_input build --build-base /home/w/work/moveit2_handeye_calib/build/robot_input/build install --record /home/w/work/moveit2_handeye_calib/build/robot_input/install.log --single-version-externally-managed install_data
[1.449s] DEBUG:colcon.colcon_core.event_handler.log_command:Invoking command in '/home/w/work/moveit2_handeye_calib/TG620/robot_test_py': CMAKE_PREFIX_PATH=/home/w/work/moveit2_handeye_calib/install/robot_interfaces:/home/w/work/moveit2_handeye_calib/install/robot_driver:/home/w/work/moveit2_handeye_calib/install/ros2_socketcan:/home/w/work/moveit2_handeye_calib/install/ros2_socketcan_msgs:/home/w/work/moveit2_handeye_calib/install/robot_virtual_fence:/home/w/work/moveit2_handeye_calib/install/robot_state_machine:/home/w/work/moveit2_handeye_calib/install/robot_sdk:/home/w/work/moveit2_handeye_calib/install/robot_control:/home/w/work/moveit2_handeye_calib/install/motor_control_logger:/home/w/work/moveit2_handeye_calib/install/arm620_dh_config:/home/w/work/moveit2_handeye_calib/install/arm620_config:/home/w/work/moveit2_handeye_calib/install/arm380_config:/home/w/work/moveit2_handeye_calib/install/robot_description:/home/w/work/moveit2_handeye_calib/install/robot_bringup:/home/w/work/moveit2_handeye_calib/install/moveit_calibration_demos:/home/w/work/moveit2_handeye_calib/install/moveit_calibration_gui:/home/w/work/moveit2_handeye_calib/install/moveit_calibration_plugins:/home/w/work/trac_ik_ws/install/trac_ik:/home/w/work/trac_ik_ws/install/trac_ik_examples:/home/w/work/trac_ik_ws/install/trac_ik_lib LD_LIBRARY_PATH=/home/w/work/moveit2_handeye_calib/install/robot_interfaces/lib:/home/w/work/moveit2_handeye_calib/install/robot_driver/lib:/home/w/work/moveit2_handeye_calib/install/ros2_socketcan/lib:/home/w/work/moveit2_handeye_calib/install/ros2_socketcan_msgs/lib:/home/w/work/moveit2_handeye_calib/install/moveit_calibration_gui/lib:/home/w/work/moveit2_handeye_calib/install/moveit_calibration_plugins/lib:/home/w/work/trac_ik_ws/install/trac_ik_lib/lib:/opt/ros/humble/opt/rviz_ogre_vendor/lib:/opt/ros/humble/lib/x86_64-linux-gnu:/opt/ros/humble/lib PYTHONPATH=/home/w/work/moveit2_handeye_calib/build/robot_test_py/prefix_override:/usr/lib/python3/dist-packages/colcon_core/task/python/colcon_distutils_commands:/home/w/work/moveit2_handeye_calib/install/robot_test_py/lib/python3.10/site-packages:${PYTHONPATH} /usr/bin/python3 -W ignore:setup.py install is deprecated -W ignore:easy_install command is deprecated setup.py egg_info --egg-base ../../build/robot_test_py build --build-base /home/w/work/moveit2_handeye_calib/build/robot_test_py/build install --record /home/w/work/moveit2_handeye_calib/build/robot_test_py/install.log --single-version-externally-managed install_data
[1.528s] DEBUG:colcon.colcon_core.event_handler.log_command:Invoked command in '/home/w/work/moveit2_handeye_calib/build/robot_state_machine' returned '0': CMAKE_PREFIX_PATH=/home/w/work/moveit2_handeye_calib/install/robot_driver:/home/w/work/moveit2_handeye_calib/install/ros2_socketcan:/home/w/work/moveit2_handeye_calib/install/ros2_socketcan_msgs:/home/w/work/moveit2_handeye_calib/install/robot_interfaces:/home/w/work/moveit2_handeye_calib/install/robot_virtual_fence:/home/w/work/moveit2_handeye_calib/install/robot_state_machine:/home/w/work/moveit2_handeye_calib/install/robot_sdk:/home/w/work/moveit2_handeye_calib/install/robot_control:/home/w/work/moveit2_handeye_calib/install/motor_control_logger:/home/w/work/moveit2_handeye_calib/install/arm620_dh_config:/home/w/work/moveit2_handeye_calib/install/arm620_config:/home/w/work/moveit2_handeye_calib/install/arm380_config:/home/w/work/moveit2_handeye_calib/install/robot_description:/home/w/work/moveit2_handeye_calib/install/robot_bringup:/home/w/work/moveit2_handeye_calib/install/moveit_calibration_demos:/home/w/work/moveit2_handeye_calib/install/moveit_calibration_gui:/home/w/work/moveit2_handeye_calib/install/moveit_calibration_plugins:/home/w/work/trac_ik_ws/install/trac_ik:/home/w/work/trac_ik_ws/install/trac_ik_examples:/home/w/work/trac_ik_ws/install/trac_ik_lib:/home/w/work/moveit2_handeye_calib/install/traj_smoother_py:/home/w/work/moveit2_handeye_calib/install/robot_test_py:/home/w/work/moveit2_handeye_calib/install/robot_input:/home/w/work/moveit2_handeye_calib/install/robot_dynamics:/opt/ros/humble /usr/bin/cmake --build /home/w/work/moveit2_handeye_calib/build/robot_state_machine -- -j28 -l28
[1.529s] DEBUG:colcon.colcon_core.event_handler.log_command:Invoking command in '/home/w/work/moveit2_handeye_calib/build/robot_state_machine': CMAKE_PREFIX_PATH=/home/w/work/moveit2_handeye_calib/install/robot_driver:/home/w/work/moveit2_handeye_calib/install/ros2_socketcan:/home/w/work/moveit2_handeye_calib/install/ros2_socketcan_msgs:/home/w/work/moveit2_handeye_calib/install/robot_interfaces:/home/w/work/moveit2_handeye_calib/install/robot_virtual_fence:/home/w/work/moveit2_handeye_calib/install/robot_state_machine:/home/w/work/moveit2_handeye_calib/install/robot_sdk:/home/w/work/moveit2_handeye_calib/install/robot_control:/home/w/work/moveit2_handeye_calib/install/motor_control_logger:/home/w/work/moveit2_handeye_calib/install/arm620_dh_config:/home/w/work/moveit2_handeye_calib/install/arm620_config:/home/w/work/moveit2_handeye_calib/install/arm380_config:/home/w/work/moveit2_handeye_calib/install/robot_description:/home/w/work/moveit2_handeye_calib/install/robot_bringup:/home/w/work/moveit2_handeye_calib/install/moveit_calibration_demos:/home/w/work/moveit2_handeye_calib/install/moveit_calibration_gui:/home/w/work/moveit2_handeye_calib/install/moveit_calibration_plugins:/home/w/work/trac_ik_ws/install/trac_ik:/home/w/work/trac_ik_ws/install/trac_ik_examples:/home/w/work/trac_ik_ws/install/trac_ik_lib:/home/w/work/moveit2_handeye_calib/install/traj_smoother_py:/home/w/work/moveit2_handeye_calib/install/robot_test_py:/home/w/work/moveit2_handeye_calib/install/robot_input:/home/w/work/moveit2_handeye_calib/install/robot_dynamics:/opt/ros/humble /usr/bin/cmake --install /home/w/work/moveit2_handeye_calib/build/robot_state_machine
[1.536s] Level 1:colcon.colcon_core.environment:create_environment_scripts_only(robot_state_machine)
[1.536s] Level 1:colcon.colcon_core.environment:checking '/home/w/work/moveit2_handeye_calib/install/robot_state_machine' for CMake module files
[1.536s] DEBUG:colcon.colcon_core.event_handler.log_command:Invoked command in '/home/w/work/moveit2_handeye_calib/build/robot_state_machine' returned '0': CMAKE_PREFIX_PATH=/home/w/work/moveit2_handeye_calib/install/robot_driver:/home/w/work/moveit2_handeye_calib/install/ros2_socketcan:/home/w/work/moveit2_handeye_calib/install/ros2_socketcan_msgs:/home/w/work/moveit2_handeye_calib/install/robot_interfaces:/home/w/work/moveit2_handeye_calib/install/robot_virtual_fence:/home/w/work/moveit2_handeye_calib/install/robot_state_machine:/home/w/work/moveit2_handeye_calib/install/robot_sdk:/home/w/work/moveit2_handeye_calib/install/robot_control:/home/w/work/moveit2_handeye_calib/install/motor_control_logger:/home/w/work/moveit2_handeye_calib/install/arm620_dh_config:/home/w/work/moveit2_handeye_calib/install/arm620_config:/home/w/work/moveit2_handeye_calib/install/arm380_config:/home/w/work/moveit2_handeye_calib/install/robot_description:/home/w/work/moveit2_handeye_calib/install/robot_bringup:/home/w/work/moveit2_handeye_calib/install/moveit_calibration_demos:/home/w/work/moveit2_handeye_calib/install/moveit_calibration_gui:/home/w/work/moveit2_handeye_calib/install/moveit_calibration_plugins:/home/w/work/trac_ik_ws/install/trac_ik:/home/w/work/trac_ik_ws/install/trac_ik_examples:/home/w/work/trac_ik_ws/install/trac_ik_lib:/home/w/work/moveit2_handeye_calib/install/traj_smoother_py:/home/w/work/moveit2_handeye_calib/install/robot_test_py:/home/w/work/moveit2_handeye_calib/install/robot_input:/home/w/work/moveit2_handeye_calib/install/robot_dynamics:/opt/ros/humble /usr/bin/cmake --install /home/w/work/moveit2_handeye_calib/build/robot_state_machine
[1.536s] Level 1:colcon.colcon_core.environment:checking '/home/w/work/moveit2_handeye_calib/install/robot_state_machine' for CMake config files
[1.537s] Level 1:colcon.colcon_core.shell:create_environment_hook('robot_state_machine', 'cmake_prefix_path')
[1.537s] INFO:colcon.colcon_core.shell:Creating environment hook '/home/w/work/moveit2_handeye_calib/install/robot_state_machine/share/robot_state_machine/hook/cmake_prefix_path.ps1'
[1.537s] INFO:colcon.colcon_core.shell:Creating environment descriptor '/home/w/work/moveit2_handeye_calib/install/robot_state_machine/share/robot_state_machine/hook/cmake_prefix_path.dsv'
[1.537s] INFO:colcon.colcon_core.shell:Creating environment hook '/home/w/work/moveit2_handeye_calib/install/robot_state_machine/share/robot_state_machine/hook/cmake_prefix_path.sh'
[1.537s] Level 1:colcon.colcon_core.environment:checking '/home/w/work/moveit2_handeye_calib/install/robot_state_machine/lib'
[1.537s] Level 1:colcon.colcon_core.environment:checking '/home/w/work/moveit2_handeye_calib/install/robot_state_machine/bin'
[1.538s] Level 1:colcon.colcon_core.environment:checking '/home/w/work/moveit2_handeye_calib/install/robot_state_machine/lib/pkgconfig/robot_state_machine.pc'
[1.538s] Level 1:colcon.colcon_core.environment:checking '/home/w/work/moveit2_handeye_calib/install/robot_state_machine/lib/python3.10/site-packages'
[1.538s] Level 1:colcon.colcon_core.environment:checking '/home/w/work/moveit2_handeye_calib/install/robot_state_machine/bin'
[1.538s] INFO:colcon.colcon_core.shell:Creating package script '/home/w/work/moveit2_handeye_calib/install/robot_state_machine/share/robot_state_machine/package.ps1'
[1.538s] INFO:colcon.colcon_core.shell:Creating package descriptor '/home/w/work/moveit2_handeye_calib/install/robot_state_machine/share/robot_state_machine/package.dsv'
[1.539s] INFO:colcon.colcon_core.shell:Creating package script '/home/w/work/moveit2_handeye_calib/install/robot_state_machine/share/robot_state_machine/package.sh'
[1.539s] INFO:colcon.colcon_core.shell:Creating package script '/home/w/work/moveit2_handeye_calib/install/robot_state_machine/share/robot_state_machine/package.bash'
[1.539s] INFO:colcon.colcon_core.shell:Creating package script '/home/w/work/moveit2_handeye_calib/install/robot_state_machine/share/robot_state_machine/package.zsh'
[1.539s] Level 1:colcon.colcon_core.environment:create_file_with_runtime_dependencies(/home/w/work/moveit2_handeye_calib/install/robot_state_machine/share/colcon-core/packages/robot_state_machine)
[1.539s] Level 1:colcon.colcon_core.environment:create_environment_scripts_only(robot_state_machine)
[1.540s] Level 1:colcon.colcon_core.environment:checking '/home/w/work/moveit2_handeye_calib/install/robot_state_machine' for CMake module files
[1.540s] Level 1:colcon.colcon_core.environment:checking '/home/w/work/moveit2_handeye_calib/install/robot_state_machine' for CMake config files
[1.540s] Level 1:colcon.colcon_core.shell:create_environment_hook('robot_state_machine', 'cmake_prefix_path')
[1.540s] INFO:colcon.colcon_core.shell:Creating environment hook '/home/w/work/moveit2_handeye_calib/install/robot_state_machine/share/robot_state_machine/hook/cmake_prefix_path.ps1'
[1.540s] INFO:colcon.colcon_core.shell:Creating environment descriptor '/home/w/work/moveit2_handeye_calib/install/robot_state_machine/share/robot_state_machine/hook/cmake_prefix_path.dsv'
[1.540s] INFO:colcon.colcon_core.shell:Creating environment hook '/home/w/work/moveit2_handeye_calib/install/robot_state_machine/share/robot_state_machine/hook/cmake_prefix_path.sh'
[1.541s] Level 1:colcon.colcon_core.environment:checking '/home/w/work/moveit2_handeye_calib/install/robot_state_machine/lib'
[1.541s] Level 1:colcon.colcon_core.environment:checking '/home/w/work/moveit2_handeye_calib/install/robot_state_machine/bin'
[1.541s] Level 1:colcon.colcon_core.environment:checking '/home/w/work/moveit2_handeye_calib/install/robot_state_machine/lib/pkgconfig/robot_state_machine.pc'
[1.541s] Level 1:colcon.colcon_core.environment:checking '/home/w/work/moveit2_handeye_calib/install/robot_state_machine/lib/python3.10/site-packages'
[1.541s] Level 1:colcon.colcon_core.environment:checking '/home/w/work/moveit2_handeye_calib/install/robot_state_machine/bin'
[1.541s] INFO:colcon.colcon_core.shell:Creating package script '/home/w/work/moveit2_handeye_calib/install/robot_state_machine/share/robot_state_machine/package.ps1'
[1.542s] INFO:colcon.colcon_core.shell:Creating package descriptor '/home/w/work/moveit2_handeye_calib/install/robot_state_machine/share/robot_state_machine/package.dsv'
[1.542s] INFO:colcon.colcon_core.shell:Creating package script '/home/w/work/moveit2_handeye_calib/install/robot_state_machine/share/robot_state_machine/package.sh'
[1.542s] INFO:colcon.colcon_core.shell:Creating package script '/home/w/work/moveit2_handeye_calib/install/robot_state_machine/share/robot_state_machine/package.bash'
[1.542s] INFO:colcon.colcon_core.shell:Creating package script '/home/w/work/moveit2_handeye_calib/install/robot_state_machine/share/robot_state_machine/package.zsh'
[1.542s] Level 1:colcon.colcon_core.environment:create_file_with_runtime_dependencies(/home/w/work/moveit2_handeye_calib/install/robot_state_machine/share/colcon-core/packages/robot_state_machine)
[1.627s] Level 1:colcon.colcon_core.environment:checking '/home/w/work/moveit2_handeye_calib/install/robot_test_py' for CMake module files
[1.627s] DEBUG:colcon.colcon_core.event_handler.log_command:Invoked command in '/home/w/work/moveit2_handeye_calib/TG620/robot_test_py' returned '0': CMAKE_PREFIX_PATH=/home/w/work/moveit2_handeye_calib/install/robot_interfaces:/home/w/work/moveit2_handeye_calib/install/robot_driver:/home/w/work/moveit2_handeye_calib/install/ros2_socketcan:/home/w/work/moveit2_handeye_calib/install/ros2_socketcan_msgs:/home/w/work/moveit2_handeye_calib/install/robot_virtual_fence:/home/w/work/moveit2_handeye_calib/install/robot_state_machine:/home/w/work/moveit2_handeye_calib/install/robot_sdk:/home/w/work/moveit2_handeye_calib/install/robot_control:/home/w/work/moveit2_handeye_calib/install/motor_control_logger:/home/w/work/moveit2_handeye_calib/install/arm620_dh_config:/home/w/work/moveit2_handeye_calib/install/arm620_config:/home/w/work/moveit2_handeye_calib/install/arm380_config:/home/w/work/moveit2_handeye_calib/install/robot_description:/home/w/work/moveit2_handeye_calib/install/robot_bringup:/home/w/work/moveit2_handeye_calib/install/moveit_calibration_demos:/home/w/work/moveit2_handeye_calib/install/moveit_calibration_gui:/home/w/work/moveit2_handeye_calib/install/moveit_calibration_plugins:/home/w/work/trac_ik_ws/install/trac_ik:/home/w/work/trac_ik_ws/install/trac_ik_examples:/home/w/work/trac_ik_ws/install/trac_ik_lib LD_LIBRARY_PATH=/home/w/work/moveit2_handeye_calib/install/robot_interfaces/lib:/home/w/work/moveit2_handeye_calib/install/robot_driver/lib:/home/w/work/moveit2_handeye_calib/install/ros2_socketcan/lib:/home/w/work/moveit2_handeye_calib/install/ros2_socketcan_msgs/lib:/home/w/work/moveit2_handeye_calib/install/moveit_calibration_gui/lib:/home/w/work/moveit2_handeye_calib/install/moveit_calibration_plugins/lib:/home/w/work/trac_ik_ws/install/trac_ik_lib/lib:/opt/ros/humble/opt/rviz_ogre_vendor/lib:/opt/ros/humble/lib/x86_64-linux-gnu:/opt/ros/humble/lib PYTHONPATH=/home/w/work/moveit2_handeye_calib/build/robot_test_py/prefix_override:/usr/lib/python3/dist-packages/colcon_core/task/python/colcon_distutils_commands:/home/w/work/moveit2_handeye_calib/install/robot_test_py/lib/python3.10/site-packages:${PYTHONPATH} /usr/bin/python3 -W ignore:setup.py install is deprecated -W ignore:easy_install command is deprecated setup.py egg_info --egg-base ../../build/robot_test_py build --build-base /home/w/work/moveit2_handeye_calib/build/robot_test_py/build install --record /home/w/work/moveit2_handeye_calib/build/robot_test_py/install.log --single-version-externally-managed install_data
[1.627s] Level 1:colcon.colcon_core.environment:checking '/home/w/work/moveit2_handeye_calib/install/robot_test_py' for CMake config files
[1.628s] Level 1:colcon.colcon_core.environment:checking '/home/w/work/moveit2_handeye_calib/install/robot_test_py/lib'
[1.628s] Level 1:colcon.colcon_core.environment:checking '/home/w/work/moveit2_handeye_calib/install/robot_test_py/bin'
[1.628s] Level 1:colcon.colcon_core.environment:checking '/home/w/work/moveit2_handeye_calib/install/robot_test_py/lib/pkgconfig/robot_test_py.pc'
[1.628s] Level 1:colcon.colcon_core.environment:checking '/home/w/work/moveit2_handeye_calib/install/robot_test_py/lib/python3.10/site-packages'
[1.628s] Level 1:colcon.colcon_core.shell:create_environment_hook('robot_test_py', 'pythonpath')
[1.628s] INFO:colcon.colcon_core.shell:Creating environment hook '/home/w/work/moveit2_handeye_calib/install/robot_test_py/share/robot_test_py/hook/pythonpath.ps1'
[1.628s] INFO:colcon.colcon_core.shell:Creating environment descriptor '/home/w/work/moveit2_handeye_calib/install/robot_test_py/share/robot_test_py/hook/pythonpath.dsv'
[1.629s] INFO:colcon.colcon_core.shell:Creating environment hook '/home/w/work/moveit2_handeye_calib/install/robot_test_py/share/robot_test_py/hook/pythonpath.sh'
[1.629s] Level 1:colcon.colcon_core.environment:checking '/home/w/work/moveit2_handeye_calib/install/robot_test_py/bin'
[1.629s] Level 1:colcon.colcon_core.environment:create_environment_scripts_only(robot_test_py)
[1.629s] INFO:colcon.colcon_core.shell:Creating package script '/home/w/work/moveit2_handeye_calib/install/robot_test_py/share/robot_test_py/package.ps1'
[1.630s] INFO:colcon.colcon_core.shell:Creating package descriptor '/home/w/work/moveit2_handeye_calib/install/robot_test_py/share/robot_test_py/package.dsv'
[1.630s] INFO:colcon.colcon_core.shell:Creating package script '/home/w/work/moveit2_handeye_calib/install/robot_test_py/share/robot_test_py/package.sh'
[1.630s] INFO:colcon.colcon_core.shell:Creating package script '/home/w/work/moveit2_handeye_calib/install/robot_test_py/share/robot_test_py/package.bash'
[1.630s] INFO:colcon.colcon_core.shell:Creating package script '/home/w/work/moveit2_handeye_calib/install/robot_test_py/share/robot_test_py/package.zsh'
[1.631s] Level 1:colcon.colcon_core.environment:create_file_with_runtime_dependencies(/home/w/work/moveit2_handeye_calib/install/robot_test_py/share/colcon-core/packages/robot_test_py)
[1.644s] Level 1:colcon.colcon_core.environment:checking '/home/w/work/moveit2_handeye_calib/install/robot_input' for CMake module files
[1.644s] DEBUG:colcon.colcon_core.event_handler.log_command:Invoked command in '/home/w/work/moveit2_handeye_calib/TG620/robot_input' returned '0': CMAKE_PREFIX_PATH=/home/w/work/moveit2_handeye_calib/install/robot_interfaces:/home/w/work/moveit2_handeye_calib/install/robot_driver:/home/w/work/moveit2_handeye_calib/install/ros2_socketcan:/home/w/work/moveit2_handeye_calib/install/ros2_socketcan_msgs:/home/w/work/moveit2_handeye_calib/install/robot_virtual_fence:/home/w/work/moveit2_handeye_calib/install/robot_state_machine:/home/w/work/moveit2_handeye_calib/install/robot_sdk:/home/w/work/moveit2_handeye_calib/install/robot_control:/home/w/work/moveit2_handeye_calib/install/motor_control_logger:/home/w/work/moveit2_handeye_calib/install/arm620_dh_config:/home/w/work/moveit2_handeye_calib/install/arm620_config:/home/w/work/moveit2_handeye_calib/install/arm380_config:/home/w/work/moveit2_handeye_calib/install/robot_description:/home/w/work/moveit2_handeye_calib/install/robot_bringup:/home/w/work/moveit2_handeye_calib/install/moveit_calibration_demos:/home/w/work/moveit2_handeye_calib/install/moveit_calibration_gui:/home/w/work/moveit2_handeye_calib/install/moveit_calibration_plugins:/home/w/work/trac_ik_ws/install/trac_ik:/home/w/work/trac_ik_ws/install/trac_ik_examples:/home/w/work/trac_ik_ws/install/trac_ik_lib LD_LIBRARY_PATH=/home/w/work/moveit2_handeye_calib/install/robot_interfaces/lib:/home/w/work/moveit2_handeye_calib/install/robot_driver/lib:/home/w/work/moveit2_handeye_calib/install/ros2_socketcan/lib:/home/w/work/moveit2_handeye_calib/install/ros2_socketcan_msgs/lib:/home/w/work/moveit2_handeye_calib/install/moveit_calibration_gui/lib:/home/w/work/moveit2_handeye_calib/install/moveit_calibration_plugins/lib:/home/w/work/trac_ik_ws/install/trac_ik_lib/lib:/opt/ros/humble/opt/rviz_ogre_vendor/lib:/opt/ros/humble/lib/x86_64-linux-gnu:/opt/ros/humble/lib PYTHONPATH=/home/w/work/moveit2_handeye_calib/build/robot_input/prefix_override:/usr/lib/python3/dist-packages/colcon_core/task/python/colcon_distutils_commands:/home/w/work/moveit2_handeye_calib/install/robot_input/lib/python3.10/site-packages:${PYTHONPATH} /usr/bin/python3 -W ignore:setup.py install is deprecated -W ignore:easy_install command is deprecated setup.py egg_info --egg-base ../../build/robot_input build --build-base /home/w/work/moveit2_handeye_calib/build/robot_input/build install --record /home/w/work/moveit2_handeye_calib/build/robot_input/install.log --single-version-externally-managed install_data
[1.644s] Level 1:colcon.colcon_core.environment:checking '/home/w/work/moveit2_handeye_calib/install/robot_input' for CMake config files
[1.645s] Level 1:colcon.colcon_core.environment:checking '/home/w/work/moveit2_handeye_calib/install/robot_input/lib'
[1.645s] Level 1:colcon.colcon_core.environment:checking '/home/w/work/moveit2_handeye_calib/install/robot_input/bin'
[1.645s] Level 1:colcon.colcon_core.environment:checking '/home/w/work/moveit2_handeye_calib/install/robot_input/lib/pkgconfig/robot_input.pc'
[1.645s] Level 1:colcon.colcon_core.environment:checking '/home/w/work/moveit2_handeye_calib/install/robot_input/lib/python3.10/site-packages'
[1.645s] Level 1:colcon.colcon_core.shell:create_environment_hook('robot_input', 'pythonpath')
[1.645s] INFO:colcon.colcon_core.shell:Creating environment hook '/home/w/work/moveit2_handeye_calib/install/robot_input/share/robot_input/hook/pythonpath.ps1'
[1.645s] INFO:colcon.colcon_core.shell:Creating environment descriptor '/home/w/work/moveit2_handeye_calib/install/robot_input/share/robot_input/hook/pythonpath.dsv'
[1.646s] INFO:colcon.colcon_core.shell:Creating environment hook '/home/w/work/moveit2_handeye_calib/install/robot_input/share/robot_input/hook/pythonpath.sh'
[1.646s] Level 1:colcon.colcon_core.environment:checking '/home/w/work/moveit2_handeye_calib/install/robot_input/bin'
[1.646s] Level 1:colcon.colcon_core.environment:create_environment_scripts_only(robot_input)
[1.646s] INFO:colcon.colcon_core.shell:Creating package script '/home/w/work/moveit2_handeye_calib/install/robot_input/share/robot_input/package.ps1'
[1.646s] INFO:colcon.colcon_core.shell:Creating package descriptor '/home/w/work/moveit2_handeye_calib/install/robot_input/share/robot_input/package.dsv'
[1.647s] INFO:colcon.colcon_core.shell:Creating package script '/home/w/work/moveit2_handeye_calib/install/robot_input/share/robot_input/package.sh'
[1.647s] INFO:colcon.colcon_core.shell:Creating package script '/home/w/work/moveit2_handeye_calib/install/robot_input/share/robot_input/package.bash'
[1.647s] INFO:colcon.colcon_core.shell:Creating package script '/home/w/work/moveit2_handeye_calib/install/robot_input/share/robot_input/package.zsh'
[1.647s] Level 1:colcon.colcon_core.environment:create_file_with_runtime_dependencies(/home/w/work/moveit2_handeye_calib/install/robot_input/share/colcon-core/packages/robot_input)
[1.647s] DEBUG:colcon.colcon_parallel_executor.executor.parallel:closing loop
[1.648s] DEBUG:colcon.colcon_parallel_executor.executor.parallel:loop closed
[1.648s] DEBUG:colcon.colcon_parallel_executor.executor.parallel:run_until_complete finished with '0'
[1.648s] DEBUG:colcon.colcon_core.event_reactor:joining thread
[1.651s] INFO:colcon.colcon_core.plugin_system:Skipping extension 'colcon_notification.desktop_notification.terminal_notifier': Not used on non-Darwin systems
[1.651s] INFO:colcon.colcon_core.plugin_system:Skipping extension 'colcon_notification.desktop_notification.win32': Not used on non-Windows systems
[1.651s] INFO:colcon.colcon_notification.desktop_notification:Sending desktop notification using 'notify2'
[1.658s] DEBUG:colcon.colcon_core.event_reactor:joined thread
[1.659s] INFO:colcon.colcon_core.shell:Creating prefix script '/home/w/work/moveit2_handeye_calib/install/local_setup.ps1'
[1.659s] INFO:colcon.colcon_core.shell:Creating prefix util module '/home/w/work/moveit2_handeye_calib/install/_local_setup_util_ps1.py'
[1.660s] INFO:colcon.colcon_core.shell:Creating prefix chain script '/home/w/work/moveit2_handeye_calib/install/setup.ps1'
[1.661s] INFO:colcon.colcon_core.shell:Creating prefix script '/home/w/work/moveit2_handeye_calib/install/local_setup.sh'
[1.662s] INFO:colcon.colcon_core.shell:Creating prefix util module '/home/w/work/moveit2_handeye_calib/install/_local_setup_util_sh.py'
[1.662s] INFO:colcon.colcon_core.shell:Creating prefix chain script '/home/w/work/moveit2_handeye_calib/install/setup.sh'
[1.663s] INFO:colcon.colcon_core.shell:Creating prefix script '/home/w/work/moveit2_handeye_calib/install/local_setup.bash'
[1.663s] INFO:colcon.colcon_core.shell:Creating prefix chain script '/home/w/work/moveit2_handeye_calib/install/setup.bash'
[1.664s] INFO:colcon.colcon_core.shell:Creating prefix script '/home/w/work/moveit2_handeye_calib/install/local_setup.zsh'
[1.665s] INFO:colcon.colcon_core.shell:Creating prefix chain script '/home/w/work/moveit2_handeye_calib/install/setup.zsh'
