[0.021s] Invoking command in '/home/w/work/moveit2_handeye_calib/build/robot_interfaces': CMAKE_PREFIX_PATH=${CMAKE_PREFIX_PATH}:/opt/ros/humble /usr/bin/cmake /home/w/work/moveit2_handeye_calib/TG620/robot_interfaces -DCMAKE_INSTALL_PREFIX=/home/w/work/moveit2_handeye_calib/install/robot_interfaces
[0.186s] -- The C compiler identification is GNU 11.4.0
[0.186s] -- The CXX compiler identification is GNU 11.4.0
[0.186s] -- Detecting C compiler ABI info
[0.186s] -- Detecting C compiler ABI info - done
[0.186s] -- Check for working C compiler: /usr/bin/cc - skipped
[0.186s] -- Detecting C compile features
[0.186s] -- Detecting C compile features - done
[0.186s] -- Detecting CXX compiler ABI info
[0.220s] -- Detecting CXX compiler ABI info - done
[0.226s] -- Check for working CXX compiler: /usr/bin/c++ - skipped
[0.226s] -- Detecting CXX compile features
[0.226s] -- Detecting CXX compile features - done
[0.232s] -- Found ament_cmake: 1.3.12 (/opt/ros/humble/share/ament_cmake/cmake)
[0.368s] -- Found Python3: /usr/bin/python3 (found version "3.10.12") found components: Interpreter 
[0.438s] -- Found rosidl_default_generators: 1.2.0 (/opt/ros/humble/share/rosidl_default_generators/cmake)
[0.442s] -- Using all available rosidl_typesupport_c: rosidl_typesupport_fastrtps_c;rosidl_typesupport_introspection_c
[0.449s] -- Found rosidl_adapter: 3.1.7 (/opt/ros/humble/share/rosidl_adapter/cmake)
[0.484s] -- Using all available rosidl_typesupport_cpp: rosidl_typesupport_fastrtps_cpp;rosidl_typesupport_introspection_cpp
[0.508s] -- Found geometry_msgs: 4.9.0 (/opt/ros/humble/share/geometry_msgs/cmake)
[0.535s] -- Found tf2_ros: 0.25.16 (/opt/ros/humble/share/tf2_ros/cmake)
[0.589s] -- Found rmw_implementation_cmake: 6.1.2 (/opt/ros/humble/share/rmw_implementation_cmake/cmake)
[0.590s] -- Found rmw_fastrtps_cpp: 6.2.9 (/opt/ros/humble/share/rmw_fastrtps_cpp/cmake)
[0.658s] -- Found OpenSSL: /usr/lib/x86_64-linux-gnu/libcrypto.so (found version "3.0.2")  
[0.676s] -- Found FastRTPS: /opt/ros/humble/include  
[0.702s] -- Using RMW implementation 'rmw_fastrtps_cpp' as default
[0.707s] -- Looking for pthread.h
[0.757s] -- Looking for pthread.h - found
[0.758s] -- Performing Test CMAKE_HAVE_LIBC_PTHREAD
[0.815s] -- Performing Test CMAKE_HAVE_LIBC_PTHREAD - Success
[0.816s] -- Found Threads: TRUE  
[0.891s] -- Found tf2_geometry_msgs: 0.25.16 (/opt/ros/humble/share/tf2_geometry_msgs/cmake)
[0.899s] -- Found eigen3_cmake_module: 0.1.1 (/opt/ros/humble/share/eigen3_cmake_module/cmake)
[0.900s] -- Found Eigen3: TRUE (found version "3.4.0") 
[0.900s] -- Ensuring Eigen3 include directory is part of orocos-kdl CMake target
[0.902s] -- Found sensor_msgs: 4.9.0 (/opt/ros/humble/share/sensor_msgs/cmake)
[0.913s] -- Found trajectory_msgs: 4.9.0 (/opt/ros/humble/share/trajectory_msgs/cmake)
[1.217s] -- Found ament_cmake_ros: 0.10.0 (/opt/ros/humble/share/ament_cmake_ros/cmake)
[1.542s] -- Using all available rosidl_typesupport_c: rosidl_typesupport_fastrtps_c;rosidl_typesupport_introspection_c
[1.995s] -- Using all available rosidl_typesupport_cpp: rosidl_typesupport_fastrtps_cpp;rosidl_typesupport_introspection_cpp
[2.026s] -- Found PythonInterp: /usr/bin/python3 (found suitable version "3.10.12", minimum required is "3.6") 
[2.027s] -- Found python_cmake_module: 0.10.0 (/opt/ros/humble/share/python_cmake_module/cmake)
[2.062s] -- Found PythonLibs: /usr/lib/x86_64-linux-gnu/libpython3.10.so (found suitable version "3.10.12", minimum required is "3.5") 
[2.062s] -- Using PYTHON_EXECUTABLE: /usr/bin/python3
[2.063s] -- Using PYTHON_INCLUDE_DIRS: /usr/include/python3.10
[2.063s] -- Using PYTHON_LIBRARIES: /usr/lib/x86_64-linux-gnu/libpython3.10.so
[2.090s] -- Found PythonExtra: .so  
[2.162s] -- Found ament_lint_auto: 0.12.14 (/opt/ros/humble/share/ament_lint_auto/cmake)
[2.174s] -- Added test 'lint_cmake' to check CMake code style
[2.175s] -- Added test 'xmllint' to check XML markup files
[2.176s] -- Configuring done
[2.226s] -- Generating done
[2.238s] -- Build files have been written to: /home/w/work/moveit2_handeye_calib/build/robot_interfaces
[2.250s] Invoked command in '/home/w/work/moveit2_handeye_calib/build/robot_interfaces' returned '0': CMAKE_PREFIX_PATH=${CMAKE_PREFIX_PATH}:/opt/ros/humble /usr/bin/cmake /home/w/work/moveit2_handeye_calib/TG620/robot_interfaces -DCMAKE_INSTALL_PREFIX=/home/w/work/moveit2_handeye_calib/install/robot_interfaces
[2.251s] Invoking command in '/home/w/work/moveit2_handeye_calib/build/robot_interfaces': CMAKE_PREFIX_PATH=${CMAKE_PREFIX_PATH}:/opt/ros/humble /usr/bin/cmake --build /home/w/work/moveit2_handeye_calib/build/robot_interfaces -- -j28 -l28
[2.293s] [  1%] [34m[1mGenerating C code for ROS interfaces[0m
[2.302s] [  1%] [34m[1mGenerating C++ code for ROS interfaces[0m
[2.309s] [  1%] Built target ament_cmake_python_copy_robot_interfaces
[2.471s] running egg_info
[2.471s] creating robot_interfaces.egg-info
[2.472s] writing robot_interfaces.egg-info/PKG-INFO
[2.472s] writing dependency_links to robot_interfaces.egg-info/dependency_links.txt
[2.472s] writing top-level names to robot_interfaces.egg-info/top_level.txt
[2.472s] writing manifest file 'robot_interfaces.egg-info/SOURCES.txt'
[2.473s] reading manifest file 'robot_interfaces.egg-info/SOURCES.txt'
[2.474s] writing manifest file 'robot_interfaces.egg-info/SOURCES.txt'
[2.495s] [  1%] Built target ament_cmake_python_build_robot_interfaces_egg
[3.151s] [  3%] [32mBuilding C object CMakeFiles/robot_interfaces__rosidl_generator_c.dir/rosidl_generator_c/robot_interfaces/msg/detail/key_pressed_action__functions.c.o[0m
[3.152s] [  3%] [32mBuilding C object CMakeFiles/robot_interfaces__rosidl_generator_c.dir/rosidl_generator_c/robot_interfaces/msg/detail/qt_recv__functions.c.o[0m
[3.152s] [  4%] [32mBuilding C object CMakeFiles/robot_interfaces__rosidl_generator_c.dir/rosidl_generator_c/robot_interfaces/msg/detail/generic_motor_operation__functions.c.o[0m
[3.152s] [  5%] [32mBuilding C object CMakeFiles/robot_interfaces__rosidl_generator_c.dir/rosidl_generator_c/robot_interfaces/msg/detail/generic_motor_parameter__functions.c.o[0m
[3.152s] [  5%] [32mBuilding C object CMakeFiles/robot_interfaces__rosidl_generator_c.dir/rosidl_generator_c/robot_interfaces/msg/detail/qt_pub__functions.c.o[0m
[3.153s] [  5%] [32mBuilding C object CMakeFiles/robot_interfaces__rosidl_generator_c.dir/rosidl_generator_c/robot_interfaces/srv/detail/sdk_recv__functions.c.o[0m
[3.153s] [  8%] [32mBuilding C object CMakeFiles/robot_interfaces__rosidl_generator_c.dir/rosidl_generator_c/robot_interfaces/msg/detail/state_action__functions.c.o[0m
[3.153s] [  9%] [32mBuilding C object CMakeFiles/robot_interfaces__rosidl_generator_c.dir/rosidl_generator_c/robot_interfaces/msg/detail/arm_state__functions.c.o[0m
[3.153s] [  4%] [32mBuilding C object CMakeFiles/robot_interfaces__rosidl_generator_c.dir/rosidl_generator_c/robot_interfaces/msg/detail/line_msg__functions.c.o[0m
[3.153s] [  9%] [32mBuilding C object CMakeFiles/robot_interfaces__rosidl_generator_c.dir/rosidl_generator_c/robot_interfaces/msg/detail/robot_control_msg__functions.c.o[0m
[3.153s] [  9%] [32mBuilding C object CMakeFiles/robot_interfaces__rosidl_generator_c.dir/rosidl_generator_c/robot_interfaces/srv/detail/compute_gravity__functions.c.o[0m
[3.154s] [  9%] [32mBuilding C object CMakeFiles/robot_interfaces__rosidl_generator_c.dir/rosidl_generator_c/robot_interfaces/msg/detail/move_c_action__functions.c.o[0m
[3.154s] [ 10%] [32mBuilding C object CMakeFiles/robot_interfaces__rosidl_generator_c.dir/rosidl_generator_c/robot_interfaces/msg/detail/motor_fdb__functions.c.o[0m
[3.154s] [ 10%] [32mBuilding C object CMakeFiles/robot_interfaces__rosidl_generator_c.dir/rosidl_generator_c/robot_interfaces/msg/detail/tool_config__functions.c.o[0m
[3.155s] [ 11%] [32mBuilding C object CMakeFiles/robot_interfaces__rosidl_generator_c.dir/rosidl_generator_c/robot_interfaces/msg/detail/gripper_control__functions.c.o[0m
[3.226s] [ 11%] Built target robot_interfaces__cpp
[3.235s] [ 13%] [34m[1mGenerating C++ type support for eProsima Fast-RTPS[0m
[3.235s] [ 13%] [34m[1mGenerating C++ type support dispatch for ROS interfaces[0m
[3.235s] [ 13%] [34m[1mGenerating C++ introspection for ROS interfaces[0m
[3.262s] [ 14%] [32m[1mLinking C shared library librobot_interfaces__rosidl_generator_c.so[0m
[3.297s] [ 14%] Built target robot_interfaces__rosidl_generator_c
[3.307s] [ 17%] [34m[1mGenerating C type support for eProsima Fast-RTPS[0m
[3.308s] [ 17%] [34m[1mGenerating C introspection for ROS interfaces[0m
[3.308s] [ 17%] [34m[1mGenerating C type support dispatch for ROS interfaces[0m
[3.881s] [ 22%] [32mBuilding CXX object CMakeFiles/robot_interfaces__rosidl_typesupport_c.dir/rosidl_typesupport_c/robot_interfaces/msg/qt_recv__type_support.cpp.o[0m
[3.881s] [ 22%] [32mBuilding CXX object CMakeFiles/robot_interfaces__rosidl_typesupport_c.dir/rosidl_typesupport_c/robot_interfaces/msg/state_action__type_support.cpp.o[0m
[3.881s] [ 22%] [32mBuilding CXX object CMakeFiles/robot_interfaces__rosidl_typesupport_c.dir/rosidl_typesupport_c/robot_interfaces/msg/line_msg__type_support.cpp.o[0m
[3.881s] [ 22%] [32mBuilding CXX object CMakeFiles/robot_interfaces__rosidl_typesupport_c.dir/rosidl_typesupport_c/robot_interfaces/msg/robot_control_msg__type_support.cpp.o[0m
[3.881s] [ 22%] [32mBuilding CXX object CMakeFiles/robot_interfaces__rosidl_typesupport_c.dir/rosidl_typesupport_c/robot_interfaces/msg/move_c_action__type_support.cpp.o[0m
[3.881s] [ 22%] [32mBuilding CXX object CMakeFiles/robot_interfaces__rosidl_typesupport_c.dir/rosidl_typesupport_c/robot_interfaces/msg/qt_pub__type_support.cpp.o[0m
[3.881s] [ 22%] [32mBuilding CXX object CMakeFiles/robot_interfaces__rosidl_typesupport_c.dir/rosidl_typesupport_c/robot_interfaces/msg/generic_motor_parameter__type_support.cpp.o[0m
[3.881s] [ 22%] [32mBuilding CXX object CMakeFiles/robot_interfaces__rosidl_typesupport_c.dir/rosidl_typesupport_c/robot_interfaces/msg/arm_state__type_support.cpp.o[0m
[3.882s] [ 23%] [32mBuilding CXX object CMakeFiles/robot_interfaces__rosidl_typesupport_c.dir/rosidl_typesupport_c/robot_interfaces/srv/compute_gravity__type_support.cpp.o[0m
[3.882s] [ 24%] [32mBuilding CXX object CMakeFiles/robot_interfaces__rosidl_typesupport_c.dir/rosidl_typesupport_c/robot_interfaces/msg/motor_fdb__type_support.cpp.o[0m
[3.882s] [ 25%] [32mBuilding CXX object CMakeFiles/robot_interfaces__rosidl_typesupport_c.dir/rosidl_typesupport_c/robot_interfaces/msg/generic_motor_operation__type_support.cpp.o[0m
[3.882s] [ 26%] [32mBuilding CXX object CMakeFiles/robot_interfaces__rosidl_typesupport_c.dir/rosidl_typesupport_c/robot_interfaces/msg/gripper_control__type_support.cpp.o[0m
[3.882s] [ 25%] [32mBuilding CXX object CMakeFiles/robot_interfaces__rosidl_typesupport_c.dir/rosidl_typesupport_c/robot_interfaces/msg/key_pressed_action__type_support.cpp.o[0m
[3.882s] [ 25%] [32mBuilding CXX object CMakeFiles/robot_interfaces__rosidl_typesupport_c.dir/rosidl_typesupport_c/robot_interfaces/srv/sdk_recv__type_support.cpp.o[0m
[3.882s] [ 27%] [32mBuilding CXX object CMakeFiles/robot_interfaces__rosidl_typesupport_c.dir/rosidl_typesupport_c/robot_interfaces/msg/tool_config__type_support.cpp.o[0m
[3.921s] [ 28%] [32m[1mLinking CXX shared library librobot_interfaces__rosidl_typesupport_c.so[0m
[3.960s] [ 28%] Built target robot_interfaces__rosidl_typesupport_c
[4.004s] [ 32%] [32mBuilding CXX object CMakeFiles/robot_interfaces__rosidl_typesupport_fastrtps_cpp.dir/rosidl_typesupport_fastrtps_cpp/robot_interfaces/msg/detail/dds_fastrtps/arm_state__type_support.cpp.o[0m
[4.004s] [ 34%] [32mBuilding CXX object CMakeFiles/robot_interfaces__rosidl_typesupport_fastrtps_cpp.dir/rosidl_typesupport_fastrtps_cpp/robot_interfaces/msg/detail/dds_fastrtps/state_action__type_support.cpp.o[0m
[4.005s] [ 32%] [32mBuilding CXX object CMakeFiles/robot_interfaces__rosidl_typesupport_fastrtps_cpp.dir/rosidl_typesupport_fastrtps_cpp/robot_interfaces/msg/detail/dds_fastrtps/line_msg__type_support.cpp.o[0m
[4.005s] [ 32%] [32mBuilding CXX object CMakeFiles/robot_interfaces__rosidl_typesupport_fastrtps_cpp.dir/rosidl_typesupport_fastrtps_cpp/robot_interfaces/msg/detail/dds_fastrtps/key_pressed_action__type_support.cpp.o[0m
[4.005s] [ 32%] [32mBuilding CXX object CMakeFiles/robot_interfaces__rosidl_typesupport_fastrtps_cpp.dir/rosidl_typesupport_fastrtps_cpp/robot_interfaces/msg/detail/dds_fastrtps/qt_recv__type_support.cpp.o[0m
[4.005s] [ 32%] [32mBuilding CXX object CMakeFiles/robot_interfaces__rosidl_typesupport_fastrtps_cpp.dir/rosidl_typesupport_fastrtps_cpp/robot_interfaces/msg/detail/dds_fastrtps/qt_pub__type_support.cpp.o[0m
[4.005s] [ 35%] [32mBuilding CXX object CMakeFiles/robot_interfaces__rosidl_typesupport_fastrtps_cpp.dir/rosidl_typesupport_fastrtps_cpp/robot_interfaces/msg/detail/dds_fastrtps/move_c_action__type_support.cpp.o[0m
[4.005s] [ 35%] [32mBuilding CXX object CMakeFiles/robot_interfaces__rosidl_typesupport_fastrtps_cpp.dir/rosidl_typesupport_fastrtps_cpp/robot_interfaces/msg/detail/dds_fastrtps/motor_fdb__type_support.cpp.o[0m
[4.005s] [ 32%] [32mBuilding CXX object CMakeFiles/robot_interfaces__rosidl_typesupport_fastrtps_cpp.dir/rosidl_typesupport_fastrtps_cpp/robot_interfaces/msg/detail/dds_fastrtps/robot_control_msg__type_support.cpp.o[0m
[4.005s] [ 37%] [32mBuilding CXX object CMakeFiles/robot_interfaces__rosidl_typesupport_fastrtps_cpp.dir/rosidl_typesupport_fastrtps_cpp/robot_interfaces/msg/detail/dds_fastrtps/generic_motor_parameter__type_support.cpp.o[0m
[4.005s] [ 37%] [32mBuilding CXX object CMakeFiles/robot_interfaces__rosidl_typesupport_fastrtps_cpp.dir/rosidl_typesupport_fastrtps_cpp/robot_interfaces/srv/detail/dds_fastrtps/compute_gravity__type_support.cpp.o[0m
[4.005s] [ 37%] [32mBuilding CXX object CMakeFiles/robot_interfaces__rosidl_typesupport_fastrtps_cpp.dir/rosidl_typesupport_fastrtps_cpp/robot_interfaces/msg/detail/dds_fastrtps/generic_motor_operation__type_support.cpp.o[0m
[4.005s] [ 38%] [32mBuilding CXX object CMakeFiles/robot_interfaces__rosidl_typesupport_fastrtps_cpp.dir/rosidl_typesupport_fastrtps_cpp/robot_interfaces/srv/detail/dds_fastrtps/sdk_recv__type_support.cpp.o[0m
[4.005s] [ 39%] [32mBuilding CXX object CMakeFiles/robot_interfaces__rosidl_typesupport_fastrtps_cpp.dir/rosidl_typesupport_fastrtps_cpp/robot_interfaces/msg/detail/dds_fastrtps/gripper_control__type_support.cpp.o[0m
[4.006s] [ 39%] [32mBuilding CXX object CMakeFiles/robot_interfaces__rosidl_typesupport_fastrtps_cpp.dir/rosidl_typesupport_fastrtps_cpp/robot_interfaces/msg/detail/dds_fastrtps/tool_config__type_support.cpp.o[0m
[4.127s] [ 40%] [32mBuilding C object CMakeFiles/robot_interfaces__rosidl_typesupport_introspection_c.dir/rosidl_typesupport_introspection_c/robot_interfaces/msg/detail/arm_state__type_support.c.o[0m
[4.129s] [ 41%] [32mBuilding C object CMakeFiles/robot_interfaces__rosidl_typesupport_introspection_c.dir/rosidl_typesupport_introspection_c/robot_interfaces/msg/detail/qt_recv__type_support.c.o[0m
[4.146s] [ 42%] [32mBuilding C object CMakeFiles/robot_interfaces__rosidl_typesupport_introspection_c.dir/rosidl_typesupport_introspection_c/robot_interfaces/msg/detail/qt_pub__type_support.c.o[0m
[4.155s] [ 43%] [32mBuilding C object CMakeFiles/robot_interfaces__rosidl_typesupport_introspection_c.dir/rosidl_typesupport_introspection_c/robot_interfaces/msg/detail/motor_fdb__type_support.c.o[0m
[4.155s] [ 43%] [32mBuilding C object CMakeFiles/robot_interfaces__rosidl_typesupport_introspection_c.dir/rosidl_typesupport_introspection_c/robot_interfaces/msg/detail/line_msg__type_support.c.o[0m
[4.194s] [ 43%] [32mBuilding C object CMakeFiles/robot_interfaces__rosidl_typesupport_introspection_c.dir/rosidl_typesupport_introspection_c/robot_interfaces/msg/detail/robot_control_msg__type_support.c.o[0m
[4.206s] [ 44%] [32mBuilding C object CMakeFiles/robot_interfaces__rosidl_typesupport_introspection_c.dir/rosidl_typesupport_introspection_c/robot_interfaces/msg/detail/move_c_action__type_support.c.o[0m
[4.264s] [ 45%] [32mBuilding CXX object CMakeFiles/robot_interfaces__rosidl_typesupport_cpp.dir/rosidl_typesupport_cpp/robot_interfaces/msg/qt_recv__type_support.cpp.o[0m
[4.276s] [ 46%] [32mBuilding CXX object CMakeFiles/robot_interfaces__rosidl_typesupport_fastrtps_c.dir/rosidl_typesupport_fastrtps_c/robot_interfaces/msg/detail/arm_state__type_support_c.cpp.o[0m
[4.277s] [ 46%] [32mBuilding CXX object CMakeFiles/robot_interfaces__rosidl_typesupport_cpp.dir/rosidl_typesupport_cpp/robot_interfaces/msg/line_msg__type_support.cpp.o[0m
[4.277s] [ 47%] [32mBuilding CXX object CMakeFiles/robot_interfaces__rosidl_typesupport_cpp.dir/rosidl_typesupport_cpp/robot_interfaces/msg/arm_state__type_support.cpp.o[0m
[4.281s] [ 47%] [32mBuilding CXX object CMakeFiles/robot_interfaces__rosidl_typesupport_fastrtps_c.dir/rosidl_typesupport_fastrtps_c/robot_interfaces/msg/detail/line_msg__type_support_c.cpp.o[0m
[4.282s] [ 47%] [32mBuilding C object CMakeFiles/robot_interfaces__rosidl_typesupport_introspection_c.dir/rosidl_typesupport_introspection_c/robot_interfaces/msg/detail/key_pressed_action__type_support.c.o[0m
[4.283s] [ 48%] [32mBuilding C object CMakeFiles/robot_interfaces__rosidl_typesupport_introspection_c.dir/rosidl_typesupport_introspection_c/robot_interfaces/msg/detail/state_action__type_support.c.o[0m
[4.286s] [ 50%] [32mBuilding CXX object CMakeFiles/robot_interfaces__rosidl_typesupport_fastrtps_c.dir/rosidl_typesupport_fastrtps_c/robot_interfaces/msg/detail/qt_recv__type_support_c.cpp.o[0m
[4.286s] [ 50%] [32mBuilding C object CMakeFiles/robot_interfaces__rosidl_typesupport_introspection_c.dir/rosidl_typesupport_introspection_c/robot_interfaces/msg/detail/generic_motor_parameter__type_support.c.o[0m
[4.320s] [ 51%] [32mBuilding CXX object CMakeFiles/robot_interfaces__rosidl_typesupport_fastrtps_c.dir/rosidl_typesupport_fastrtps_c/robot_interfaces/msg/detail/qt_pub__type_support_c.cpp.o[0m
[4.325s] [ 52%] [32mBuilding CXX object CMakeFiles/robot_interfaces__rosidl_typesupport_cpp.dir/rosidl_typesupport_cpp/robot_interfaces/msg/qt_pub__type_support.cpp.o[0m
[4.383s] [ 52%] [32mBuilding CXX object CMakeFiles/robot_interfaces__rosidl_typesupport_fastrtps_c.dir/rosidl_typesupport_fastrtps_c/robot_interfaces/msg/detail/motor_fdb__type_support_c.cpp.o[0m
[4.387s] [ 53%] [32mBuilding CXX object CMakeFiles/robot_interfaces__rosidl_typesupport_fastrtps_c.dir/rosidl_typesupport_fastrtps_c/robot_interfaces/msg/detail/robot_control_msg__type_support_c.cpp.o[0m
[4.440s] [ 54%] [32mBuilding C object CMakeFiles/robot_interfaces__rosidl_typesupport_introspection_c.dir/rosidl_typesupport_introspection_c/robot_interfaces/msg/detail/generic_motor_operation__type_support.c.o[0m
[4.472s] [ 54%] [32mBuilding CXX object CMakeFiles/robot_interfaces__rosidl_typesupport_cpp.dir/rosidl_typesupport_cpp/robot_interfaces/msg/motor_fdb__type_support.cpp.o[0m
[4.625s] [ 54%] [32mBuilding C object CMakeFiles/robot_interfaces__rosidl_typesupport_introspection_c.dir/rosidl_typesupport_introspection_c/robot_interfaces/msg/detail/gripper_control__type_support.c.o[0m
[4.648s] [ 55%] [32mBuilding C object CMakeFiles/robot_interfaces__rosidl_typesupport_introspection_c.dir/rosidl_typesupport_introspection_c/robot_interfaces/msg/detail/tool_config__type_support.c.o[0m
[4.678s] [ 56%] [32mBuilding CXX object CMakeFiles/robot_interfaces__rosidl_typesupport_fastrtps_c.dir/rosidl_typesupport_fastrtps_c/robot_interfaces/msg/detail/move_c_action__type_support_c.cpp.o[0m
[4.711s] [ 56%] [32mBuilding CXX object CMakeFiles/robot_interfaces__rosidl_typesupport_fastrtps_c.dir/rosidl_typesupport_fastrtps_c/robot_interfaces/msg/detail/state_action__type_support_c.cpp.o[0m
[4.749s] [ 57%] [32mBuilding CXX object CMakeFiles/robot_interfaces__rosidl_typesupport_fastrtps_c.dir/rosidl_typesupport_fastrtps_c/robot_interfaces/msg/detail/key_pressed_action__type_support_c.cpp.o[0m
[4.759s] [ 58%] [32mBuilding CXX object CMakeFiles/robot_interfaces__rosidl_typesupport_cpp.dir/rosidl_typesupport_cpp/robot_interfaces/msg/robot_control_msg__type_support.cpp.o[0m
[4.793s] [ 59%] [32mBuilding C object CMakeFiles/robot_interfaces__rosidl_typesupport_introspection_c.dir/rosidl_typesupport_introspection_c/robot_interfaces/srv/detail/sdk_recv__type_support.c.o[0m
[4.807s] [ 60%] [32mBuilding CXX object CMakeFiles/robot_interfaces__rosidl_typesupport_fastrtps_c.dir/rosidl_typesupport_fastrtps_c/robot_interfaces/msg/detail/generic_motor_parameter__type_support_c.cpp.o[0m
[4.835s] [ 61%] [32mBuilding CXX object CMakeFiles/robot_interfaces__rosidl_typesupport_cpp.dir/rosidl_typesupport_cpp/robot_interfaces/msg/move_c_action__type_support.cpp.o[0m
[4.861s] [ 62%] [32mBuilding C object CMakeFiles/robot_interfaces__rosidl_typesupport_introspection_c.dir/rosidl_typesupport_introspection_c/robot_interfaces/srv/detail/compute_gravity__type_support.c.o[0m
[4.883s] [ 63%] [32mBuilding CXX object CMakeFiles/robot_interfaces__rosidl_typesupport_cpp.dir/rosidl_typesupport_cpp/robot_interfaces/msg/state_action__type_support.cpp.o[0m
[4.898s] [ 63%] [32mBuilding CXX object CMakeFiles/robot_interfaces__rosidl_typesupport_cpp.dir/rosidl_typesupport_cpp/robot_interfaces/msg/key_pressed_action__type_support.cpp.o[0m
[4.898s] [ 64%] [32mBuilding CXX object CMakeFiles/robot_interfaces__rosidl_typesupport_fastrtps_c.dir/rosidl_typesupport_fastrtps_c/robot_interfaces/msg/detail/generic_motor_operation__type_support_c.cpp.o[0m
[4.911s] [ 64%] [32mBuilding CXX object CMakeFiles/robot_interfaces__rosidl_typesupport_fastrtps_c.dir/rosidl_typesupport_fastrtps_c/robot_interfaces/msg/detail/gripper_control__type_support_c.cpp.o[0m
[4.935s] [ 65%] [32mBuilding CXX object CMakeFiles/robot_interfaces__rosidl_typesupport_cpp.dir/rosidl_typesupport_cpp/robot_interfaces/msg/generic_motor_parameter__type_support.cpp.o[0m
[4.947s] [ 66%] [32mBuilding CXX object CMakeFiles/robot_interfaces__rosidl_typesupport_cpp.dir/rosidl_typesupport_cpp/robot_interfaces/msg/generic_motor_operation__type_support.cpp.o[0m
[4.958s] [ 67%] [32mBuilding CXX object CMakeFiles/robot_interfaces__rosidl_typesupport_fastrtps_c.dir/rosidl_typesupport_fastrtps_c/robot_interfaces/msg/detail/tool_config__type_support_c.cpp.o[0m
[4.960s] [ 68%] [32mBuilding CXX object CMakeFiles/robot_interfaces__rosidl_typesupport_fastrtps_c.dir/rosidl_typesupport_fastrtps_c/robot_interfaces/srv/detail/sdk_recv__type_support_c.cpp.o[0m
[4.972s] [ 68%] [32mBuilding CXX object CMakeFiles/robot_interfaces__rosidl_typesupport_fastrtps_c.dir/rosidl_typesupport_fastrtps_c/robot_interfaces/srv/detail/compute_gravity__type_support_c.cpp.o[0m
[5.007s] [ 68%] [32m[1mLinking C shared library librobot_interfaces__rosidl_typesupport_introspection_c.so[0m
[5.043s] [ 68%] [32mBuilding CXX object CMakeFiles/robot_interfaces__rosidl_typesupport_cpp.dir/rosidl_typesupport_cpp/robot_interfaces/msg/gripper_control__type_support.cpp.o[0m
[5.047s] [ 69%] [32mBuilding CXX object CMakeFiles/robot_interfaces__rosidl_typesupport_cpp.dir/rosidl_typesupport_cpp/robot_interfaces/msg/tool_config__type_support.cpp.o[0m
[5.067s] [ 69%] [32m[1mLinking CXX shared library librobot_interfaces__rosidl_typesupport_fastrtps_cpp.so[0m
[5.081s] [ 70%] [32mBuilding CXX object CMakeFiles/robot_interfaces__rosidl_typesupport_cpp.dir/rosidl_typesupport_cpp/robot_interfaces/srv/sdk_recv__type_support.cpp.o[0m
[5.086s] [ 70%] [32mBuilding CXX object CMakeFiles/robot_interfaces__rosidl_typesupport_cpp.dir/rosidl_typesupport_cpp/robot_interfaces/srv/compute_gravity__type_support.cpp.o[0m
[5.145s] [ 70%] Built target robot_interfaces__rosidl_typesupport_introspection_c
[5.145s] [ 73%] [32mBuilding CXX object CMakeFiles/robot_interfaces__rosidl_typesupport_introspection_cpp.dir/rosidl_typesupport_introspection_cpp/robot_interfaces/msg/detail/qt_pub__type_support.cpp.o[0m
[5.149s] [ 73%] [32mBuilding CXX object CMakeFiles/robot_interfaces__rosidl_typesupport_introspection_cpp.dir/rosidl_typesupport_introspection_cpp/robot_interfaces/msg/detail/arm_state__type_support.cpp.o[0m
[5.149s] [ 73%] [32mBuilding CXX object CMakeFiles/robot_interfaces__rosidl_typesupport_introspection_cpp.dir/rosidl_typesupport_introspection_cpp/robot_interfaces/msg/detail/qt_recv__type_support.cpp.o[0m
[5.149s] [ 73%] [32mBuilding CXX object CMakeFiles/robot_interfaces__rosidl_typesupport_introspection_cpp.dir/rosidl_typesupport_introspection_cpp/robot_interfaces/msg/detail/motor_fdb__type_support.cpp.o[0m
[5.149s] [ 74%] [32mBuilding CXX object CMakeFiles/robot_interfaces__rosidl_typesupport_introspection_cpp.dir/rosidl_typesupport_introspection_cpp/robot_interfaces/msg/detail/line_msg__type_support.cpp.o[0m
[5.176s] [ 75%] [32mBuilding CXX object CMakeFiles/robot_interfaces__rosidl_typesupport_introspection_cpp.dir/rosidl_typesupport_introspection_cpp/robot_interfaces/msg/detail/robot_control_msg__type_support.cpp.o[0m
[5.199s] [ 75%] [32mBuilding CXX object CMakeFiles/robot_interfaces__rosidl_typesupport_introspection_cpp.dir/rosidl_typesupport_introspection_cpp/robot_interfaces/msg/detail/move_c_action__type_support.cpp.o[0m
[5.207s] [ 76%] [32mBuilding CXX object CMakeFiles/robot_interfaces__rosidl_typesupport_introspection_cpp.dir/rosidl_typesupport_introspection_cpp/robot_interfaces/msg/detail/state_action__type_support.cpp.o[0m
[5.240s] [ 77%] [32mBuilding CXX object CMakeFiles/robot_interfaces__rosidl_typesupport_introspection_cpp.dir/rosidl_typesupport_introspection_cpp/robot_interfaces/msg/detail/key_pressed_action__type_support.cpp.o[0m
[5.263s] [ 77%] [32mBuilding CXX object CMakeFiles/robot_interfaces__rosidl_typesupport_introspection_cpp.dir/rosidl_typesupport_introspection_cpp/robot_interfaces/msg/detail/generic_motor_parameter__type_support.cpp.o[0m
[5.265s] [ 78%] [32mBuilding CXX object CMakeFiles/robot_interfaces__rosidl_typesupport_introspection_cpp.dir/rosidl_typesupport_introspection_cpp/robot_interfaces/msg/detail/generic_motor_operation__type_support.cpp.o[0m
[5.268s] [ 79%] [32mBuilding CXX object CMakeFiles/robot_interfaces__rosidl_typesupport_introspection_cpp.dir/rosidl_typesupport_introspection_cpp/robot_interfaces/msg/detail/gripper_control__type_support.cpp.o[0m
[5.332s] [ 79%] [32mBuilding CXX object CMakeFiles/robot_interfaces__rosidl_typesupport_introspection_cpp.dir/rosidl_typesupport_introspection_cpp/robot_interfaces/msg/detail/tool_config__type_support.cpp.o[0m
[5.374s] [ 80%] [32mBuilding CXX object CMakeFiles/robot_interfaces__rosidl_typesupport_introspection_cpp.dir/rosidl_typesupport_introspection_cpp/robot_interfaces/srv/detail/sdk_recv__type_support.cpp.o[0m
[5.403s] [ 81%] [32mBuilding CXX object CMakeFiles/robot_interfaces__rosidl_typesupport_introspection_cpp.dir/rosidl_typesupport_introspection_cpp/robot_interfaces/srv/detail/compute_gravity__type_support.cpp.o[0m
[5.474s] [ 81%] Built target robot_interfaces__rosidl_typesupport_fastrtps_cpp
[5.644s] [ 82%] [32m[1mLinking CXX shared library librobot_interfaces__rosidl_typesupport_fastrtps_c.so[0m
[5.671s] [ 83%] [32m[1mLinking CXX shared library librobot_interfaces__rosidl_typesupport_cpp.so[0m
[5.754s] [ 83%] Built target robot_interfaces__rosidl_typesupport_cpp
[5.851s] [ 83%] Built target robot_interfaces__rosidl_typesupport_fastrtps_c
[6.005s] [ 84%] [32m[1mLinking CXX shared library librobot_interfaces__rosidl_typesupport_introspection_cpp.so[0m
[6.086s] [ 84%] Built target robot_interfaces__rosidl_typesupport_introspection_cpp
[6.105s] [ 84%] Built target robot_interfaces
[6.124s] [ 85%] [34m[1mGenerating Python code for ROS interfaces[0m
[7.841s] [ 85%] Built target robot_interfaces__py
[7.862s] [ 90%] [32mBuilding C object CMakeFiles/robot_interfaces__rosidl_generator_py.dir/rosidl_generator_py/robot_interfaces/msg/_motor_fdb_s.c.o[0m
[7.862s] [ 90%] [32mBuilding C object CMakeFiles/robot_interfaces__rosidl_generator_py.dir/rosidl_generator_py/robot_interfaces/msg/_qt_recv_s.c.o[0m
[7.862s] [ 90%] [32mBuilding C object CMakeFiles/robot_interfaces__rosidl_generator_py.dir/rosidl_generator_py/robot_interfaces/msg/_line_msg_s.c.o[0m
[7.862s] [ 90%] [32mBuilding C object CMakeFiles/robot_interfaces__rosidl_generator_py.dir/rosidl_generator_py/robot_interfaces/msg/_robot_control_msg_s.c.o[0m
[7.862s] [ 90%] [32mBuilding C object CMakeFiles/robot_interfaces__rosidl_generator_py.dir/rosidl_generator_py/robot_interfaces/msg/_state_action_s.c.o[0m
[7.862s] [ 90%] [32mBuilding C object CMakeFiles/robot_interfaces__rosidl_generator_py.dir/rosidl_generator_py/robot_interfaces/msg/_qt_pub_s.c.o[0m
[7.862s] [ 91%] [32mBuilding C object CMakeFiles/robot_interfaces__rosidl_generator_py.dir/rosidl_generator_py/robot_interfaces/msg/_key_pressed_action_s.c.o[0m
[7.862s] [ 91%] [32mBuilding C object CMakeFiles/robot_interfaces__rosidl_generator_py.dir/rosidl_generator_py/robot_interfaces/msg/_move_c_action_s.c.o[0m
[7.862s] [ 90%] [32mBuilding C object CMakeFiles/robot_interfaces__rosidl_generator_py.dir/rosidl_generator_py/robot_interfaces/msg/_arm_state_s.c.o[0m
[7.866s] [ 93%] [32mBuilding C object CMakeFiles/robot_interfaces__rosidl_generator_py.dir/rosidl_generator_py/robot_interfaces/msg/_generic_motor_operation_s.c.o[0m
[7.866s] [ 93%] [32mBuilding C object CMakeFiles/robot_interfaces__rosidl_generator_py.dir/rosidl_generator_py/robot_interfaces/msg/_generic_motor_parameter_s.c.o[0m
[7.866s] [ 94%] [32mBuilding C object CMakeFiles/robot_interfaces__rosidl_generator_py.dir/rosidl_generator_py/robot_interfaces/msg/_tool_config_s.c.o[0m
[7.866s] [ 94%] [32mBuilding C object CMakeFiles/robot_interfaces__rosidl_generator_py.dir/rosidl_generator_py/robot_interfaces/msg/_gripper_control_s.c.o[0m
[7.866s] [ 94%] [32mBuilding C object CMakeFiles/robot_interfaces__rosidl_generator_py.dir/rosidl_generator_py/robot_interfaces/srv/_compute_gravity_s.c.o[0m
[7.870s] [ 95%] [32mBuilding C object CMakeFiles/robot_interfaces__rosidl_generator_py.dir/rosidl_generator_py/robot_interfaces/srv/_sdk_recv_s.c.o[0m
[8.019s] [ 96%] [32m[1mLinking C shared library rosidl_generator_py/robot_interfaces/librobot_interfaces__rosidl_generator_py.so[0m
[8.070s] [ 96%] Built target robot_interfaces__rosidl_generator_py
[8.091s] [ 99%] [32mBuilding C object CMakeFiles/robot_interfaces__rosidl_typesupport_c__pyext.dir/rosidl_generator_py/robot_interfaces/_robot_interfaces_s.ep.rosidl_typesupport_c.c.o[0m
[8.091s] [ 99%] [32mBuilding C object CMakeFiles/robot_interfaces__rosidl_typesupport_introspection_c__pyext.dir/rosidl_generator_py/robot_interfaces/_robot_interfaces_s.ep.rosidl_typesupport_introspection_c.c.o[0m
[8.091s] [ 99%] [32mBuilding C object CMakeFiles/robot_interfaces__rosidl_typesupport_fastrtps_c__pyext.dir/rosidl_generator_py/robot_interfaces/_robot_interfaces_s.ep.rosidl_typesupport_fastrtps_c.c.o[0m
[8.206s] [ 99%] [32m[1mLinking C shared library rosidl_generator_py/robot_interfaces/robot_interfaces_s__rosidl_typesupport_c.cpython-310-x86_64-linux-gnu.so[0m
[8.206s] [ 99%] [32m[1mLinking C shared library rosidl_generator_py/robot_interfaces/robot_interfaces_s__rosidl_typesupport_fastrtps_c.cpython-310-x86_64-linux-gnu.so[0m
[8.238s] [100%] [32m[1mLinking C shared library rosidl_generator_py/robot_interfaces/robot_interfaces_s__rosidl_typesupport_introspection_c.cpython-310-x86_64-linux-gnu.so[0m
[8.255s] [100%] Built target robot_interfaces__rosidl_typesupport_c__pyext
[8.256s] [100%] Built target robot_interfaces__rosidl_typesupport_fastrtps_c__pyext
[8.288s] [100%] Built target robot_interfaces__rosidl_typesupport_introspection_c__pyext
[8.300s] Invoked command in '/home/w/work/moveit2_handeye_calib/build/robot_interfaces' returned '0': CMAKE_PREFIX_PATH=${CMAKE_PREFIX_PATH}:/opt/ros/humble /usr/bin/cmake --build /home/w/work/moveit2_handeye_calib/build/robot_interfaces -- -j28 -l28
[8.301s] Invoking command in '/home/w/work/moveit2_handeye_calib/build/robot_interfaces': CMAKE_PREFIX_PATH=${CMAKE_PREFIX_PATH}:/opt/ros/humble /usr/bin/cmake --install /home/w/work/moveit2_handeye_calib/build/robot_interfaces
[8.308s] -- Install configuration: ""
[8.308s] -- Installing: /home/w/work/moveit2_handeye_calib/install/robot_interfaces/share/ament_index/resource_index/rosidl_interfaces/robot_interfaces
[8.308s] -- Installing: /home/w/work/moveit2_handeye_calib/install/robot_interfaces/include/robot_interfaces/robot_interfaces
[8.308s] -- Installing: /home/w/work/moveit2_handeye_calib/install/robot_interfaces/include/robot_interfaces/robot_interfaces/srv
[8.308s] -- Installing: /home/w/work/moveit2_handeye_calib/install/robot_interfaces/include/robot_interfaces/robot_interfaces/srv/sdk_recv.h
[8.309s] -- Installing: /home/w/work/moveit2_handeye_calib/install/robot_interfaces/include/robot_interfaces/robot_interfaces/srv/compute_gravity.h
[8.309s] -- Installing: /home/w/work/moveit2_handeye_calib/install/robot_interfaces/include/robot_interfaces/robot_interfaces/srv/detail
[8.309s] -- Installing: /home/w/work/moveit2_handeye_calib/install/robot_interfaces/include/robot_interfaces/robot_interfaces/srv/detail/compute_gravity__struct.h
[8.309s] -- Installing: /home/w/work/moveit2_handeye_calib/install/robot_interfaces/include/robot_interfaces/robot_interfaces/srv/detail/compute_gravity__functions.h
[8.309s] -- Installing: /home/w/work/moveit2_handeye_calib/install/robot_interfaces/include/robot_interfaces/robot_interfaces/srv/detail/sdk_recv__type_support.h
[8.309s] -- Installing: /home/w/work/moveit2_handeye_calib/install/robot_interfaces/include/robot_interfaces/robot_interfaces/srv/detail/sdk_recv__functions.h
[8.309s] -- Installing: /home/w/work/moveit2_handeye_calib/install/robot_interfaces/include/robot_interfaces/robot_interfaces/srv/detail/sdk_recv__functions.c
[8.309s] -- Installing: /home/w/work/moveit2_handeye_calib/install/robot_interfaces/include/robot_interfaces/robot_interfaces/srv/detail/sdk_recv__struct.h
[8.309s] -- Installing: /home/w/work/moveit2_handeye_calib/install/robot_interfaces/include/robot_interfaces/robot_interfaces/srv/detail/compute_gravity__functions.c
[8.309s] -- Installing: /home/w/work/moveit2_handeye_calib/install/robot_interfaces/include/robot_interfaces/robot_interfaces/srv/detail/compute_gravity__type_support.h
[8.309s] -- Installing: /home/w/work/moveit2_handeye_calib/install/robot_interfaces/include/robot_interfaces/robot_interfaces/msg
[8.309s] -- Installing: /home/w/work/moveit2_handeye_calib/install/robot_interfaces/include/robot_interfaces/robot_interfaces/msg/generic_motor_parameter.h
[8.309s] -- Installing: /home/w/work/moveit2_handeye_calib/install/robot_interfaces/include/robot_interfaces/robot_interfaces/msg/tool_config.h
[8.309s] -- Installing: /home/w/work/moveit2_handeye_calib/install/robot_interfaces/include/robot_interfaces/robot_interfaces/msg/gripper_control.h
[8.309s] -- Installing: /home/w/work/moveit2_handeye_calib/install/robot_interfaces/include/robot_interfaces/robot_interfaces/msg/move_c_action.h
[8.309s] -- Installing: /home/w/work/moveit2_handeye_calib/install/robot_interfaces/include/robot_interfaces/robot_interfaces/msg/key_pressed_action.h
[8.309s] -- Installing: /home/w/work/moveit2_handeye_calib/install/robot_interfaces/include/robot_interfaces/robot_interfaces/msg/qt_recv.h
[8.310s] -- Installing: /home/w/work/moveit2_handeye_calib/install/robot_interfaces/include/robot_interfaces/robot_interfaces/msg/generic_motor_operation.h
[8.310s] -- Installing: /home/w/work/moveit2_handeye_calib/install/robot_interfaces/include/robot_interfaces/robot_interfaces/msg/motor_fdb.h
[8.310s] -- Installing: /home/w/work/moveit2_handeye_calib/install/robot_interfaces/include/robot_interfaces/robot_interfaces/msg/line_msg.h
[8.310s] -- Installing: /home/w/work/moveit2_handeye_calib/install/robot_interfaces/include/robot_interfaces/robot_interfaces/msg/qt_pub.h
[8.310s] -- Installing: /home/w/work/moveit2_handeye_calib/install/robot_interfaces/include/robot_interfaces/robot_interfaces/msg/detail
[8.310s] -- Installing: /home/w/work/moveit2_handeye_calib/install/robot_interfaces/include/robot_interfaces/robot_interfaces/msg/detail/tool_config__struct.h
[8.310s] -- Installing: /home/w/work/moveit2_handeye_calib/install/robot_interfaces/include/robot_interfaces/robot_interfaces/msg/detail/generic_motor_operation__functions.c
[8.310s] -- Installing: /home/w/work/moveit2_handeye_calib/install/robot_interfaces/include/robot_interfaces/robot_interfaces/msg/detail/qt_recv__functions.h
[8.310s] -- Installing: /home/w/work/moveit2_handeye_calib/install/robot_interfaces/include/robot_interfaces/robot_interfaces/msg/detail/tool_config__functions.h
[8.310s] -- Installing: /home/w/work/moveit2_handeye_calib/install/robot_interfaces/include/robot_interfaces/robot_interfaces/msg/detail/state_action__type_support.h
[8.310s] -- Installing: /home/w/work/moveit2_handeye_calib/install/robot_interfaces/include/robot_interfaces/robot_interfaces/msg/detail/gripper_control__struct.h
[8.310s] -- Installing: /home/w/work/moveit2_handeye_calib/install/robot_interfaces/include/robot_interfaces/robot_interfaces/msg/detail/robot_control_msg__functions.h
[8.310s] -- Installing: /home/w/work/moveit2_handeye_calib/install/robot_interfaces/include/robot_interfaces/robot_interfaces/msg/detail/move_c_action__functions.c
[8.310s] -- Installing: /home/w/work/moveit2_handeye_calib/install/robot_interfaces/include/robot_interfaces/robot_interfaces/msg/detail/generic_motor_parameter__functions.h
[8.310s] -- Installing: /home/w/work/moveit2_handeye_calib/install/robot_interfaces/include/robot_interfaces/robot_interfaces/msg/detail/arm_state__type_support.h
[8.310s] -- Installing: /home/w/work/moveit2_handeye_calib/install/robot_interfaces/include/robot_interfaces/robot_interfaces/msg/detail/line_msg__functions.c
[8.311s] -- Installing: /home/w/work/moveit2_handeye_calib/install/robot_interfaces/include/robot_interfaces/robot_interfaces/msg/detail/arm_state__functions.h
[8.311s] -- Installing: /home/w/work/moveit2_handeye_calib/install/robot_interfaces/include/robot_interfaces/robot_interfaces/msg/detail/state_action__functions.h
[8.311s] -- Installing: /home/w/work/moveit2_handeye_calib/install/robot_interfaces/include/robot_interfaces/robot_interfaces/msg/detail/key_pressed_action__functions.c
[8.311s] -- Installing: /home/w/work/moveit2_handeye_calib/install/robot_interfaces/include/robot_interfaces/robot_interfaces/msg/detail/state_action__struct.h
[8.311s] -- Installing: /home/w/work/moveit2_handeye_calib/install/robot_interfaces/include/robot_interfaces/robot_interfaces/msg/detail/generic_motor_operation__functions.h
[8.311s] -- Installing: /home/w/work/moveit2_handeye_calib/install/robot_interfaces/include/robot_interfaces/robot_interfaces/msg/detail/key_pressed_action__functions.h
[8.311s] -- Installing: /home/w/work/moveit2_handeye_calib/install/robot_interfaces/include/robot_interfaces/robot_interfaces/msg/detail/state_action__functions.c
[8.311s] -- Installing: /home/w/work/moveit2_handeye_calib/install/robot_interfaces/include/robot_interfaces/robot_interfaces/msg/detail/arm_state__functions.c
[8.311s] -- Installing: /home/w/work/moveit2_handeye_calib/install/robot_interfaces/include/robot_interfaces/robot_interfaces/msg/detail/generic_motor_parameter__functions.c
[8.311s] -- Installing: /home/w/work/moveit2_handeye_calib/install/robot_interfaces/include/robot_interfaces/robot_interfaces/msg/detail/qt_pub__type_support.h
[8.311s] -- Installing: /home/w/work/moveit2_handeye_calib/install/robot_interfaces/include/robot_interfaces/robot_interfaces/msg/detail/arm_state__struct.h
[8.311s] -- Installing: /home/w/work/moveit2_handeye_calib/install/robot_interfaces/include/robot_interfaces/robot_interfaces/msg/detail/qt_pub__functions.h
[8.311s] -- Installing: /home/w/work/moveit2_handeye_calib/install/robot_interfaces/include/robot_interfaces/robot_interfaces/msg/detail/move_c_action__struct.h
[8.311s] -- Installing: /home/w/work/moveit2_handeye_calib/install/robot_interfaces/include/robot_interfaces/robot_interfaces/msg/detail/gripper_control__functions.h
[8.311s] -- Installing: /home/w/work/moveit2_handeye_calib/install/robot_interfaces/include/robot_interfaces/robot_interfaces/msg/detail/generic_motor_parameter__struct.h
[8.311s] -- Installing: /home/w/work/moveit2_handeye_calib/install/robot_interfaces/include/robot_interfaces/robot_interfaces/msg/detail/qt_recv__functions.c
[8.311s] -- Installing: /home/w/work/moveit2_handeye_calib/install/robot_interfaces/include/robot_interfaces/robot_interfaces/msg/detail/gripper_control__type_support.h
[8.312s] -- Installing: /home/w/work/moveit2_handeye_calib/install/robot_interfaces/include/robot_interfaces/robot_interfaces/msg/detail/line_msg__functions.h
[8.312s] -- Installing: /home/w/work/moveit2_handeye_calib/install/robot_interfaces/include/robot_interfaces/robot_interfaces/msg/detail/qt_pub__functions.c
[8.312s] -- Installing: /home/w/work/moveit2_handeye_calib/install/robot_interfaces/include/robot_interfaces/robot_interfaces/msg/detail/qt_recv__type_support.h
[8.312s] -- Installing: /home/w/work/moveit2_handeye_calib/install/robot_interfaces/include/robot_interfaces/robot_interfaces/msg/detail/robot_control_msg__struct.h
[8.312s] -- Installing: /home/w/work/moveit2_handeye_calib/install/robot_interfaces/include/robot_interfaces/robot_interfaces/msg/detail/qt_recv__struct.h
[8.312s] -- Installing: /home/w/work/moveit2_handeye_calib/install/robot_interfaces/include/robot_interfaces/robot_interfaces/msg/detail/line_msg__type_support.h
[8.312s] -- Installing: /home/w/work/moveit2_handeye_calib/install/robot_interfaces/include/robot_interfaces/robot_interfaces/msg/detail/gripper_control__functions.c
[8.312s] -- Installing: /home/w/work/moveit2_handeye_calib/install/robot_interfaces/include/robot_interfaces/robot_interfaces/msg/detail/move_c_action__functions.h
[8.312s] -- Installing: /home/w/work/moveit2_handeye_calib/install/robot_interfaces/include/robot_interfaces/robot_interfaces/msg/detail/line_msg__struct.h
[8.312s] -- Installing: /home/w/work/moveit2_handeye_calib/install/robot_interfaces/include/robot_interfaces/robot_interfaces/msg/detail/move_c_action__type_support.h
[8.312s] -- Installing: /home/w/work/moveit2_handeye_calib/install/robot_interfaces/include/robot_interfaces/robot_interfaces/msg/detail/generic_motor_parameter__type_support.h
[8.312s] -- Installing: /home/w/work/moveit2_handeye_calib/install/robot_interfaces/include/robot_interfaces/robot_interfaces/msg/detail/key_pressed_action__struct.h
[8.312s] -- Installing: /home/w/work/moveit2_handeye_calib/install/robot_interfaces/include/robot_interfaces/robot_interfaces/msg/detail/qt_pub__struct.h
[8.312s] -- Installing: /home/w/work/moveit2_handeye_calib/install/robot_interfaces/include/robot_interfaces/robot_interfaces/msg/detail/robot_control_msg__functions.c
[8.312s] -- Installing: /home/w/work/moveit2_handeye_calib/install/robot_interfaces/include/robot_interfaces/robot_interfaces/msg/detail/motor_fdb__type_support.h
[8.312s] -- Installing: /home/w/work/moveit2_handeye_calib/install/robot_interfaces/include/robot_interfaces/robot_interfaces/msg/detail/generic_motor_operation__type_support.h
[8.312s] -- Installing: /home/w/work/moveit2_handeye_calib/install/robot_interfaces/include/robot_interfaces/robot_interfaces/msg/detail/motor_fdb__functions.h
[8.312s] -- Installing: /home/w/work/moveit2_handeye_calib/install/robot_interfaces/include/robot_interfaces/robot_interfaces/msg/detail/tool_config__functions.c
[8.313s] -- Installing: /home/w/work/moveit2_handeye_calib/install/robot_interfaces/include/robot_interfaces/robot_interfaces/msg/detail/robot_control_msg__type_support.h
[8.313s] -- Installing: /home/w/work/moveit2_handeye_calib/install/robot_interfaces/include/robot_interfaces/robot_interfaces/msg/detail/motor_fdb__struct.h
[8.313s] -- Installing: /home/w/work/moveit2_handeye_calib/install/robot_interfaces/include/robot_interfaces/robot_interfaces/msg/detail/motor_fdb__functions.c
[8.313s] -- Installing: /home/w/work/moveit2_handeye_calib/install/robot_interfaces/include/robot_interfaces/robot_interfaces/msg/detail/tool_config__type_support.h
[8.313s] -- Installing: /home/w/work/moveit2_handeye_calib/install/robot_interfaces/include/robot_interfaces/robot_interfaces/msg/detail/key_pressed_action__type_support.h
[8.313s] -- Installing: /home/w/work/moveit2_handeye_calib/install/robot_interfaces/include/robot_interfaces/robot_interfaces/msg/detail/generic_motor_operation__struct.h
[8.313s] -- Installing: /home/w/work/moveit2_handeye_calib/install/robot_interfaces/include/robot_interfaces/robot_interfaces/msg/rosidl_generator_c__visibility_control.h
[8.313s] -- Installing: /home/w/work/moveit2_handeye_calib/install/robot_interfaces/include/robot_interfaces/robot_interfaces/msg/arm_state.h
[8.313s] -- Installing: /home/w/work/moveit2_handeye_calib/install/robot_interfaces/include/robot_interfaces/robot_interfaces/msg/state_action.h
[8.313s] -- Installing: /home/w/work/moveit2_handeye_calib/install/robot_interfaces/include/robot_interfaces/robot_interfaces/msg/robot_control_msg.h
[8.313s] -- Installing: /home/w/work/moveit2_handeye_calib/install/robot_interfaces/share/robot_interfaces/environment/library_path.sh
[8.313s] -- Installing: /home/w/work/moveit2_handeye_calib/install/robot_interfaces/share/robot_interfaces/environment/library_path.dsv
[8.313s] -- Installing: /home/w/work/moveit2_handeye_calib/install/robot_interfaces/lib/librobot_interfaces__rosidl_generator_c.so
[8.313s] -- Set runtime path of "/home/w/work/moveit2_handeye_calib/install/robot_interfaces/lib/librobot_interfaces__rosidl_generator_c.so" to ""
[8.313s] -- Up-to-date: /home/w/work/moveit2_handeye_calib/install/robot_interfaces/include/robot_interfaces/robot_interfaces
[8.313s] -- Up-to-date: /home/w/work/moveit2_handeye_calib/install/robot_interfaces/include/robot_interfaces/robot_interfaces/srv
[8.313s] -- Up-to-date: /home/w/work/moveit2_handeye_calib/install/robot_interfaces/include/robot_interfaces/robot_interfaces/srv/detail
[8.314s] -- Installing: /home/w/work/moveit2_handeye_calib/install/robot_interfaces/include/robot_interfaces/robot_interfaces/srv/detail/sdk_recv__rosidl_typesupport_fastrtps_c.h
[8.314s] -- Installing: /home/w/work/moveit2_handeye_calib/install/robot_interfaces/include/robot_interfaces/robot_interfaces/srv/detail/compute_gravity__rosidl_typesupport_fastrtps_c.h
[8.314s] -- Up-to-date: /home/w/work/moveit2_handeye_calib/install/robot_interfaces/include/robot_interfaces/robot_interfaces/msg
[8.314s] -- Installing: /home/w/work/moveit2_handeye_calib/install/robot_interfaces/include/robot_interfaces/robot_interfaces/msg/rosidl_typesupport_fastrtps_c__visibility_control.h
[8.314s] -- Up-to-date: /home/w/work/moveit2_handeye_calib/install/robot_interfaces/include/robot_interfaces/robot_interfaces/msg/detail
[8.314s] -- Installing: /home/w/work/moveit2_handeye_calib/install/robot_interfaces/include/robot_interfaces/robot_interfaces/msg/detail/state_action__rosidl_typesupport_fastrtps_c.h
[8.314s] -- Installing: /home/w/work/moveit2_handeye_calib/install/robot_interfaces/include/robot_interfaces/robot_interfaces/msg/detail/motor_fdb__rosidl_typesupport_fastrtps_c.h
[8.314s] -- Installing: /home/w/work/moveit2_handeye_calib/install/robot_interfaces/include/robot_interfaces/robot_interfaces/msg/detail/key_pressed_action__rosidl_typesupport_fastrtps_c.h
[8.314s] -- Installing: /home/w/work/moveit2_handeye_calib/install/robot_interfaces/include/robot_interfaces/robot_interfaces/msg/detail/qt_pub__rosidl_typesupport_fastrtps_c.h
[8.314s] -- Installing: /home/w/work/moveit2_handeye_calib/install/robot_interfaces/include/robot_interfaces/robot_interfaces/msg/detail/line_msg__rosidl_typesupport_fastrtps_c.h
[8.314s] -- Installing: /home/w/work/moveit2_handeye_calib/install/robot_interfaces/include/robot_interfaces/robot_interfaces/msg/detail/robot_control_msg__rosidl_typesupport_fastrtps_c.h
[8.314s] -- Installing: /home/w/work/moveit2_handeye_calib/install/robot_interfaces/include/robot_interfaces/robot_interfaces/msg/detail/tool_config__rosidl_typesupport_fastrtps_c.h
[8.314s] -- Installing: /home/w/work/moveit2_handeye_calib/install/robot_interfaces/include/robot_interfaces/robot_interfaces/msg/detail/generic_motor_parameter__rosidl_typesupport_fastrtps_c.h
[8.314s] -- Installing: /home/w/work/moveit2_handeye_calib/install/robot_interfaces/include/robot_interfaces/robot_interfaces/msg/detail/move_c_action__rosidl_typesupport_fastrtps_c.h
[8.314s] -- Installing: /home/w/work/moveit2_handeye_calib/install/robot_interfaces/include/robot_interfaces/robot_interfaces/msg/detail/arm_state__rosidl_typesupport_fastrtps_c.h
[8.314s] -- Installing: /home/w/work/moveit2_handeye_calib/install/robot_interfaces/include/robot_interfaces/robot_interfaces/msg/detail/generic_motor_operation__rosidl_typesupport_fastrtps_c.h
[8.314s] -- Installing: /home/w/work/moveit2_handeye_calib/install/robot_interfaces/include/robot_interfaces/robot_interfaces/msg/detail/gripper_control__rosidl_typesupport_fastrtps_c.h
[8.315s] -- Installing: /home/w/work/moveit2_handeye_calib/install/robot_interfaces/include/robot_interfaces/robot_interfaces/msg/detail/qt_recv__rosidl_typesupport_fastrtps_c.h
[8.315s] -- Installing: /home/w/work/moveit2_handeye_calib/install/robot_interfaces/lib/librobot_interfaces__rosidl_typesupport_fastrtps_c.so
[8.315s] -- Set runtime path of "/home/w/work/moveit2_handeye_calib/install/robot_interfaces/lib/librobot_interfaces__rosidl_typesupport_fastrtps_c.so" to ""
[8.315s] -- Up-to-date: /home/w/work/moveit2_handeye_calib/install/robot_interfaces/include/robot_interfaces/robot_interfaces
[8.315s] -- Up-to-date: /home/w/work/moveit2_handeye_calib/install/robot_interfaces/include/robot_interfaces/robot_interfaces/srv
[8.315s] -- Up-to-date: /home/w/work/moveit2_handeye_calib/install/robot_interfaces/include/robot_interfaces/robot_interfaces/srv/detail
[8.315s] -- Installing: /home/w/work/moveit2_handeye_calib/install/robot_interfaces/include/robot_interfaces/robot_interfaces/srv/detail/sdk_recv__rosidl_typesupport_introspection_c.h
[8.315s] -- Installing: /home/w/work/moveit2_handeye_calib/install/robot_interfaces/include/robot_interfaces/robot_interfaces/srv/detail/compute_gravity__type_support.c
[8.315s] -- Installing: /home/w/work/moveit2_handeye_calib/install/robot_interfaces/include/robot_interfaces/robot_interfaces/srv/detail/compute_gravity__rosidl_typesupport_introspection_c.h
[8.315s] -- Installing: /home/w/work/moveit2_handeye_calib/install/robot_interfaces/include/robot_interfaces/robot_interfaces/srv/detail/sdk_recv__type_support.c
[8.315s] -- Up-to-date: /home/w/work/moveit2_handeye_calib/install/robot_interfaces/include/robot_interfaces/robot_interfaces/msg
[8.315s] -- Up-to-date: /home/w/work/moveit2_handeye_calib/install/robot_interfaces/include/robot_interfaces/robot_interfaces/msg/detail
[8.315s] -- Installing: /home/w/work/moveit2_handeye_calib/install/robot_interfaces/include/robot_interfaces/robot_interfaces/msg/detail/qt_recv__type_support.c
[8.315s] -- Installing: /home/w/work/moveit2_handeye_calib/install/robot_interfaces/include/robot_interfaces/robot_interfaces/msg/detail/move_c_action__type_support.c
[8.315s] -- Installing: /home/w/work/moveit2_handeye_calib/install/robot_interfaces/include/robot_interfaces/robot_interfaces/msg/detail/arm_state__rosidl_typesupport_introspection_c.h
[8.315s] -- Installing: /home/w/work/moveit2_handeye_calib/install/robot_interfaces/include/robot_interfaces/robot_interfaces/msg/detail/move_c_action__rosidl_typesupport_introspection_c.h
[8.315s] -- Installing: /home/w/work/moveit2_handeye_calib/install/robot_interfaces/include/robot_interfaces/robot_interfaces/msg/detail/generic_motor_operation__rosidl_typesupport_introspection_c.h
[8.315s] -- Installing: /home/w/work/moveit2_handeye_calib/install/robot_interfaces/include/robot_interfaces/robot_interfaces/msg/detail/motor_fdb__type_support.c
[8.315s] -- Installing: /home/w/work/moveit2_handeye_calib/install/robot_interfaces/include/robot_interfaces/robot_interfaces/msg/detail/line_msg__type_support.c
[8.315s] -- Installing: /home/w/work/moveit2_handeye_calib/install/robot_interfaces/include/robot_interfaces/robot_interfaces/msg/detail/tool_config__type_support.c
[8.315s] -- Installing: /home/w/work/moveit2_handeye_calib/install/robot_interfaces/include/robot_interfaces/robot_interfaces/msg/detail/line_msg__rosidl_typesupport_introspection_c.h
[8.315s] -- Installing: /home/w/work/moveit2_handeye_calib/install/robot_interfaces/include/robot_interfaces/robot_interfaces/msg/detail/qt_pub__type_support.c
[8.315s] -- Installing: /home/w/work/moveit2_handeye_calib/install/robot_interfaces/include/robot_interfaces/robot_interfaces/msg/detail/key_pressed_action__rosidl_typesupport_introspection_c.h
[8.315s] -- Installing: /home/w/work/moveit2_handeye_calib/install/robot_interfaces/include/robot_interfaces/robot_interfaces/msg/detail/state_action__type_support.c
[8.315s] -- Installing: /home/w/work/moveit2_handeye_calib/install/robot_interfaces/include/robot_interfaces/robot_interfaces/msg/detail/robot_control_msg__rosidl_typesupport_introspection_c.h
[8.315s] -- Installing: /home/w/work/moveit2_handeye_calib/install/robot_interfaces/include/robot_interfaces/robot_interfaces/msg/detail/generic_motor_parameter__type_support.c
[8.315s] -- Installing: /home/w/work/moveit2_handeye_calib/install/robot_interfaces/include/robot_interfaces/robot_interfaces/msg/detail/key_pressed_action__type_support.c
[8.316s] -- Installing: /home/w/work/moveit2_handeye_calib/install/robot_interfaces/include/robot_interfaces/robot_interfaces/msg/detail/qt_recv__rosidl_typesupport_introspection_c.h
[8.316s] -- Installing: /home/w/work/moveit2_handeye_calib/install/robot_interfaces/include/robot_interfaces/robot_interfaces/msg/detail/gripper_control__type_support.c
[8.316s] -- Installing: /home/w/work/moveit2_handeye_calib/install/robot_interfaces/include/robot_interfaces/robot_interfaces/msg/detail/tool_config__rosidl_typesupport_introspection_c.h
[8.316s] -- Installing: /home/w/work/moveit2_handeye_calib/install/robot_interfaces/include/robot_interfaces/robot_interfaces/msg/detail/generic_motor_parameter__rosidl_typesupport_introspection_c.h
[8.316s] -- Installing: /home/w/work/moveit2_handeye_calib/install/robot_interfaces/include/robot_interfaces/robot_interfaces/msg/detail/arm_state__type_support.c
[8.316s] -- Installing: /home/w/work/moveit2_handeye_calib/install/robot_interfaces/include/robot_interfaces/robot_interfaces/msg/detail/state_action__rosidl_typesupport_introspection_c.h
[8.316s] -- Installing: /home/w/work/moveit2_handeye_calib/install/robot_interfaces/include/robot_interfaces/robot_interfaces/msg/detail/motor_fdb__rosidl_typesupport_introspection_c.h
[8.316s] -- Installing: /home/w/work/moveit2_handeye_calib/install/robot_interfaces/include/robot_interfaces/robot_interfaces/msg/detail/gripper_control__rosidl_typesupport_introspection_c.h
[8.316s] -- Installing: /home/w/work/moveit2_handeye_calib/install/robot_interfaces/include/robot_interfaces/robot_interfaces/msg/detail/generic_motor_operation__type_support.c
[8.316s] -- Installing: /home/w/work/moveit2_handeye_calib/install/robot_interfaces/include/robot_interfaces/robot_interfaces/msg/detail/qt_pub__rosidl_typesupport_introspection_c.h
[8.316s] -- Installing: /home/w/work/moveit2_handeye_calib/install/robot_interfaces/include/robot_interfaces/robot_interfaces/msg/detail/robot_control_msg__type_support.c
[8.316s] -- Installing: /home/w/work/moveit2_handeye_calib/install/robot_interfaces/include/robot_interfaces/robot_interfaces/msg/rosidl_typesupport_introspection_c__visibility_control.h
[8.316s] -- Installing: /home/w/work/moveit2_handeye_calib/install/robot_interfaces/lib/librobot_interfaces__rosidl_typesupport_introspection_c.so
[8.316s] -- Set runtime path of "/home/w/work/moveit2_handeye_calib/install/robot_interfaces/lib/librobot_interfaces__rosidl_typesupport_introspection_c.so" to ""
[8.316s] -- Installing: /home/w/work/moveit2_handeye_calib/install/robot_interfaces/lib/librobot_interfaces__rosidl_typesupport_c.so
[8.316s] -- Set runtime path of "/home/w/work/moveit2_handeye_calib/install/robot_interfaces/lib/librobot_interfaces__rosidl_typesupport_c.so" to ""
[8.316s] -- Up-to-date: /home/w/work/moveit2_handeye_calib/install/robot_interfaces/include/robot_interfaces/robot_interfaces
[8.316s] -- Up-to-date: /home/w/work/moveit2_handeye_calib/install/robot_interfaces/include/robot_interfaces/robot_interfaces/srv
[8.316s] -- Installing: /home/w/work/moveit2_handeye_calib/install/robot_interfaces/include/robot_interfaces/robot_interfaces/srv/sdk_recv.hpp
[8.316s] -- Up-to-date: /home/w/work/moveit2_handeye_calib/install/robot_interfaces/include/robot_interfaces/robot_interfaces/srv/detail
[8.316s] -- Installing: /home/w/work/moveit2_handeye_calib/install/robot_interfaces/include/robot_interfaces/robot_interfaces/srv/detail/sdk_recv__struct.hpp
[8.316s] -- Installing: /home/w/work/moveit2_handeye_calib/install/robot_interfaces/include/robot_interfaces/robot_interfaces/srv/detail/compute_gravity__struct.hpp
[8.316s] -- Installing: /home/w/work/moveit2_handeye_calib/install/robot_interfaces/include/robot_interfaces/robot_interfaces/srv/detail/sdk_recv__traits.hpp
[8.316s] -- Installing: /home/w/work/moveit2_handeye_calib/install/robot_interfaces/include/robot_interfaces/robot_interfaces/srv/detail/compute_gravity__traits.hpp
[8.316s] -- Installing: /home/w/work/moveit2_handeye_calib/install/robot_interfaces/include/robot_interfaces/robot_interfaces/srv/detail/compute_gravity__builder.hpp
[8.316s] -- Installing: /home/w/work/moveit2_handeye_calib/install/robot_interfaces/include/robot_interfaces/robot_interfaces/srv/detail/compute_gravity__type_support.hpp
[8.316s] -- Installing: /home/w/work/moveit2_handeye_calib/install/robot_interfaces/include/robot_interfaces/robot_interfaces/srv/detail/sdk_recv__type_support.hpp
[8.317s] -- Installing: /home/w/work/moveit2_handeye_calib/install/robot_interfaces/include/robot_interfaces/robot_interfaces/srv/detail/sdk_recv__builder.hpp
[8.317s] -- Installing: /home/w/work/moveit2_handeye_calib/install/robot_interfaces/include/robot_interfaces/robot_interfaces/srv/compute_gravity.hpp
[8.317s] -- Up-to-date: /home/w/work/moveit2_handeye_calib/install/robot_interfaces/include/robot_interfaces/robot_interfaces/msg
[8.317s] -- Installing: /home/w/work/moveit2_handeye_calib/install/robot_interfaces/include/robot_interfaces/robot_interfaces/msg/arm_state.hpp
[8.317s] -- Installing: /home/w/work/moveit2_handeye_calib/install/robot_interfaces/include/robot_interfaces/robot_interfaces/msg/motor_fdb.hpp
[8.317s] -- Installing: /home/w/work/moveit2_handeye_calib/install/robot_interfaces/include/robot_interfaces/robot_interfaces/msg/generic_motor_operation.hpp
[8.317s] -- Installing: /home/w/work/moveit2_handeye_calib/install/robot_interfaces/include/robot_interfaces/robot_interfaces/msg/line_msg.hpp
[8.317s] -- Installing: /home/w/work/moveit2_handeye_calib/install/robot_interfaces/include/robot_interfaces/robot_interfaces/msg/key_pressed_action.hpp
[8.317s] -- Installing: /home/w/work/moveit2_handeye_calib/install/robot_interfaces/include/robot_interfaces/robot_interfaces/msg/move_c_action.hpp
[8.317s] -- Up-to-date: /home/w/work/moveit2_handeye_calib/install/robot_interfaces/include/robot_interfaces/robot_interfaces/msg/detail
[8.317s] -- Installing: /home/w/work/moveit2_handeye_calib/install/robot_interfaces/include/robot_interfaces/robot_interfaces/msg/detail/tool_config__builder.hpp
[8.317s] -- Installing: /home/w/work/moveit2_handeye_calib/install/robot_interfaces/include/robot_interfaces/robot_interfaces/msg/detail/generic_motor_parameter__builder.hpp
[8.317s] -- Installing: /home/w/work/moveit2_handeye_calib/install/robot_interfaces/include/robot_interfaces/robot_interfaces/msg/detail/state_action__struct.hpp
[8.317s] -- Installing: /home/w/work/moveit2_handeye_calib/install/robot_interfaces/include/robot_interfaces/robot_interfaces/msg/detail/move_c_action__traits.hpp
[8.317s] -- Installing: /home/w/work/moveit2_handeye_calib/install/robot_interfaces/include/robot_interfaces/robot_interfaces/msg/detail/qt_pub__type_support.hpp
[8.317s] -- Installing: /home/w/work/moveit2_handeye_calib/install/robot_interfaces/include/robot_interfaces/robot_interfaces/msg/detail/motor_fdb__type_support.hpp
[8.317s] -- Installing: /home/w/work/moveit2_handeye_calib/install/robot_interfaces/include/robot_interfaces/robot_interfaces/msg/detail/generic_motor_operation__traits.hpp
[8.317s] -- Installing: /home/w/work/moveit2_handeye_calib/install/robot_interfaces/include/robot_interfaces/robot_interfaces/msg/detail/robot_control_msg__traits.hpp
[8.317s] -- Installing: /home/w/work/moveit2_handeye_calib/install/robot_interfaces/include/robot_interfaces/robot_interfaces/msg/detail/key_pressed_action__builder.hpp
[8.317s] -- Installing: /home/w/work/moveit2_handeye_calib/install/robot_interfaces/include/robot_interfaces/robot_interfaces/msg/detail/arm_state__builder.hpp
[8.317s] -- Installing: /home/w/work/moveit2_handeye_calib/install/robot_interfaces/include/robot_interfaces/robot_interfaces/msg/detail/key_pressed_action__traits.hpp
[8.317s] -- Installing: /home/w/work/moveit2_handeye_calib/install/robot_interfaces/include/robot_interfaces/robot_interfaces/msg/detail/state_action__traits.hpp
[8.317s] -- Installing: /home/w/work/moveit2_handeye_calib/install/robot_interfaces/include/robot_interfaces/robot_interfaces/msg/detail/qt_recv__struct.hpp
[8.317s] -- Installing: /home/w/work/moveit2_handeye_calib/install/robot_interfaces/include/robot_interfaces/robot_interfaces/msg/detail/gripper_control__traits.hpp
[8.317s] -- Installing: /home/w/work/moveit2_handeye_calib/install/robot_interfaces/include/robot_interfaces/robot_interfaces/msg/detail/robot_control_msg__type_support.hpp
[8.317s] -- Installing: /home/w/work/moveit2_handeye_calib/install/robot_interfaces/include/robot_interfaces/robot_interfaces/msg/detail/arm_state__traits.hpp
[8.317s] -- Installing: /home/w/work/moveit2_handeye_calib/install/robot_interfaces/include/robot_interfaces/robot_interfaces/msg/detail/qt_pub__struct.hpp
[8.317s] -- Installing: /home/w/work/moveit2_handeye_calib/install/robot_interfaces/include/robot_interfaces/robot_interfaces/msg/detail/move_c_action__struct.hpp
[8.318s] -- Installing: /home/w/work/moveit2_handeye_calib/install/robot_interfaces/include/robot_interfaces/robot_interfaces/msg/detail/qt_recv__traits.hpp
[8.318s] -- Installing: /home/w/work/moveit2_handeye_calib/install/robot_interfaces/include/robot_interfaces/robot_interfaces/msg/detail/line_msg__builder.hpp
[8.318s] -- Installing: /home/w/work/moveit2_handeye_calib/install/robot_interfaces/include/robot_interfaces/robot_interfaces/msg/detail/state_action__builder.hpp
[8.318s] -- Installing: /home/w/work/moveit2_handeye_calib/install/robot_interfaces/include/robot_interfaces/robot_interfaces/msg/detail/generic_motor_operation__builder.hpp
[8.318s] -- Installing: /home/w/work/moveit2_handeye_calib/install/robot_interfaces/include/robot_interfaces/robot_interfaces/msg/detail/move_c_action__builder.hpp
[8.318s] -- Installing: /home/w/work/moveit2_handeye_calib/install/robot_interfaces/include/robot_interfaces/robot_interfaces/msg/detail/qt_pub__builder.hpp
[8.318s] -- Installing: /home/w/work/moveit2_handeye_calib/install/robot_interfaces/include/robot_interfaces/robot_interfaces/msg/detail/key_pressed_action__struct.hpp
[8.318s] -- Installing: /home/w/work/moveit2_handeye_calib/install/robot_interfaces/include/robot_interfaces/robot_interfaces/msg/detail/motor_fdb__struct.hpp
[8.318s] -- Installing: /home/w/work/moveit2_handeye_calib/install/robot_interfaces/include/robot_interfaces/robot_interfaces/msg/detail/arm_state__type_support.hpp
[8.318s] -- Installing: /home/w/work/moveit2_handeye_calib/install/robot_interfaces/include/robot_interfaces/robot_interfaces/msg/detail/robot_control_msg__struct.hpp
[8.318s] -- Installing: /home/w/work/moveit2_handeye_calib/install/robot_interfaces/include/robot_interfaces/robot_interfaces/msg/detail/generic_motor_parameter__traits.hpp
[8.318s] -- Installing: /home/w/work/moveit2_handeye_calib/install/robot_interfaces/include/robot_interfaces/robot_interfaces/msg/detail/generic_motor_parameter__type_support.hpp
[8.318s] -- Installing: /home/w/work/moveit2_handeye_calib/install/robot_interfaces/include/robot_interfaces/robot_interfaces/msg/detail/motor_fdb__traits.hpp
[8.318s] -- Installing: /home/w/work/moveit2_handeye_calib/install/robot_interfaces/include/robot_interfaces/robot_interfaces/msg/detail/motor_fdb__builder.hpp
[8.318s] -- Installing: /home/w/work/moveit2_handeye_calib/install/robot_interfaces/include/robot_interfaces/robot_interfaces/msg/detail/line_msg__traits.hpp
[8.318s] -- Installing: /home/w/work/moveit2_handeye_calib/install/robot_interfaces/include/robot_interfaces/robot_interfaces/msg/detail/gripper_control__type_support.hpp
[8.318s] -- Installing: /home/w/work/moveit2_handeye_calib/install/robot_interfaces/include/robot_interfaces/robot_interfaces/msg/detail/qt_pub__traits.hpp
[8.318s] -- Installing: /home/w/work/moveit2_handeye_calib/install/robot_interfaces/include/robot_interfaces/robot_interfaces/msg/detail/tool_config__struct.hpp
[8.318s] -- Installing: /home/w/work/moveit2_handeye_calib/install/robot_interfaces/include/robot_interfaces/robot_interfaces/msg/detail/line_msg__type_support.hpp
[8.318s] -- Installing: /home/w/work/moveit2_handeye_calib/install/robot_interfaces/include/robot_interfaces/robot_interfaces/msg/detail/tool_config__traits.hpp
[8.318s] -- Installing: /home/w/work/moveit2_handeye_calib/install/robot_interfaces/include/robot_interfaces/robot_interfaces/msg/detail/qt_recv__type_support.hpp
[8.318s] -- Installing: /home/w/work/moveit2_handeye_calib/install/robot_interfaces/include/robot_interfaces/robot_interfaces/msg/detail/gripper_control__struct.hpp
[8.318s] -- Installing: /home/w/work/moveit2_handeye_calib/install/robot_interfaces/include/robot_interfaces/robot_interfaces/msg/detail/generic_motor_parameter__struct.hpp
[8.318s] -- Installing: /home/w/work/moveit2_handeye_calib/install/robot_interfaces/include/robot_interfaces/robot_interfaces/msg/detail/tool_config__type_support.hpp
[8.318s] -- Installing: /home/w/work/moveit2_handeye_calib/install/robot_interfaces/include/robot_interfaces/robot_interfaces/msg/detail/line_msg__struct.hpp
[8.319s] -- Installing: /home/w/work/moveit2_handeye_calib/install/robot_interfaces/include/robot_interfaces/robot_interfaces/msg/detail/qt_recv__builder.hpp
[8.319s] -- Installing: /home/w/work/moveit2_handeye_calib/install/robot_interfaces/include/robot_interfaces/robot_interfaces/msg/detail/robot_control_msg__builder.hpp
[8.319s] -- Installing: /home/w/work/moveit2_handeye_calib/install/robot_interfaces/include/robot_interfaces/robot_interfaces/msg/detail/arm_state__struct.hpp
[8.319s] -- Installing: /home/w/work/moveit2_handeye_calib/install/robot_interfaces/include/robot_interfaces/robot_interfaces/msg/detail/move_c_action__type_support.hpp
[8.319s] -- Installing: /home/w/work/moveit2_handeye_calib/install/robot_interfaces/include/robot_interfaces/robot_interfaces/msg/detail/gripper_control__builder.hpp
[8.319s] -- Installing: /home/w/work/moveit2_handeye_calib/install/robot_interfaces/include/robot_interfaces/robot_interfaces/msg/detail/generic_motor_operation__struct.hpp
[8.319s] -- Installing: /home/w/work/moveit2_handeye_calib/install/robot_interfaces/include/robot_interfaces/robot_interfaces/msg/detail/generic_motor_operation__type_support.hpp
[8.319s] -- Installing: /home/w/work/moveit2_handeye_calib/install/robot_interfaces/include/robot_interfaces/robot_interfaces/msg/detail/state_action__type_support.hpp
[8.319s] -- Installing: /home/w/work/moveit2_handeye_calib/install/robot_interfaces/include/robot_interfaces/robot_interfaces/msg/detail/key_pressed_action__type_support.hpp
[8.319s] -- Installing: /home/w/work/moveit2_handeye_calib/install/robot_interfaces/include/robot_interfaces/robot_interfaces/msg/rosidl_generator_cpp__visibility_control.hpp
[8.319s] -- Installing: /home/w/work/moveit2_handeye_calib/install/robot_interfaces/include/robot_interfaces/robot_interfaces/msg/qt_pub.hpp
[8.319s] -- Installing: /home/w/work/moveit2_handeye_calib/install/robot_interfaces/include/robot_interfaces/robot_interfaces/msg/gripper_control.hpp
[8.319s] -- Installing: /home/w/work/moveit2_handeye_calib/install/robot_interfaces/include/robot_interfaces/robot_interfaces/msg/generic_motor_parameter.hpp
[8.319s] -- Installing: /home/w/work/moveit2_handeye_calib/install/robot_interfaces/include/robot_interfaces/robot_interfaces/msg/robot_control_msg.hpp
[8.319s] -- Installing: /home/w/work/moveit2_handeye_calib/install/robot_interfaces/include/robot_interfaces/robot_interfaces/msg/qt_recv.hpp
[8.319s] -- Installing: /home/w/work/moveit2_handeye_calib/install/robot_interfaces/include/robot_interfaces/robot_interfaces/msg/tool_config.hpp
[8.319s] -- Installing: /home/w/work/moveit2_handeye_calib/install/robot_interfaces/include/robot_interfaces/robot_interfaces/msg/state_action.hpp
[8.319s] -- Up-to-date: /home/w/work/moveit2_handeye_calib/install/robot_interfaces/include/robot_interfaces/robot_interfaces
[8.319s] -- Up-to-date: /home/w/work/moveit2_handeye_calib/install/robot_interfaces/include/robot_interfaces/robot_interfaces/srv
[8.319s] -- Up-to-date: /home/w/work/moveit2_handeye_calib/install/robot_interfaces/include/robot_interfaces/robot_interfaces/srv/detail
[8.319s] -- Installing: /home/w/work/moveit2_handeye_calib/install/robot_interfaces/include/robot_interfaces/robot_interfaces/srv/detail/dds_fastrtps
[8.319s] -- Installing: /home/w/work/moveit2_handeye_calib/install/robot_interfaces/include/robot_interfaces/robot_interfaces/srv/detail/compute_gravity__rosidl_typesupport_fastrtps_cpp.hpp
[8.319s] -- Installing: /home/w/work/moveit2_handeye_calib/install/robot_interfaces/include/robot_interfaces/robot_interfaces/srv/detail/sdk_recv__rosidl_typesupport_fastrtps_cpp.hpp
[8.319s] -- Up-to-date: /home/w/work/moveit2_handeye_calib/install/robot_interfaces/include/robot_interfaces/robot_interfaces/msg
[8.320s] -- Installing: /home/w/work/moveit2_handeye_calib/install/robot_interfaces/include/robot_interfaces/robot_interfaces/msg/rosidl_typesupport_fastrtps_cpp__visibility_control.h
[8.320s] -- Up-to-date: /home/w/work/moveit2_handeye_calib/install/robot_interfaces/include/robot_interfaces/robot_interfaces/msg/detail
[8.320s] -- Installing: /home/w/work/moveit2_handeye_calib/install/robot_interfaces/include/robot_interfaces/robot_interfaces/msg/detail/motor_fdb__rosidl_typesupport_fastrtps_cpp.hpp
[8.320s] -- Installing: /home/w/work/moveit2_handeye_calib/install/robot_interfaces/include/robot_interfaces/robot_interfaces/msg/detail/dds_fastrtps
[8.320s] -- Installing: /home/w/work/moveit2_handeye_calib/install/robot_interfaces/include/robot_interfaces/robot_interfaces/msg/detail/qt_pub__rosidl_typesupport_fastrtps_cpp.hpp
[8.320s] -- Installing: /home/w/work/moveit2_handeye_calib/install/robot_interfaces/include/robot_interfaces/robot_interfaces/msg/detail/key_pressed_action__rosidl_typesupport_fastrtps_cpp.hpp
[8.320s] -- Installing: /home/w/work/moveit2_handeye_calib/install/robot_interfaces/include/robot_interfaces/robot_interfaces/msg/detail/state_action__rosidl_typesupport_fastrtps_cpp.hpp
[8.320s] -- Installing: /home/w/work/moveit2_handeye_calib/install/robot_interfaces/include/robot_interfaces/robot_interfaces/msg/detail/move_c_action__rosidl_typesupport_fastrtps_cpp.hpp
[8.320s] -- Installing: /home/w/work/moveit2_handeye_calib/install/robot_interfaces/include/robot_interfaces/robot_interfaces/msg/detail/arm_state__rosidl_typesupport_fastrtps_cpp.hpp
[8.320s] -- Installing: /home/w/work/moveit2_handeye_calib/install/robot_interfaces/include/robot_interfaces/robot_interfaces/msg/detail/robot_control_msg__rosidl_typesupport_fastrtps_cpp.hpp
[8.320s] -- Installing: /home/w/work/moveit2_handeye_calib/install/robot_interfaces/include/robot_interfaces/robot_interfaces/msg/detail/qt_recv__rosidl_typesupport_fastrtps_cpp.hpp
[8.320s] -- Installing: /home/w/work/moveit2_handeye_calib/install/robot_interfaces/include/robot_interfaces/robot_interfaces/msg/detail/gripper_control__rosidl_typesupport_fastrtps_cpp.hpp
[8.320s] -- Installing: /home/w/work/moveit2_handeye_calib/install/robot_interfaces/include/robot_interfaces/robot_interfaces/msg/detail/generic_motor_parameter__rosidl_typesupport_fastrtps_cpp.hpp
[8.320s] -- Installing: /home/w/work/moveit2_handeye_calib/install/robot_interfaces/include/robot_interfaces/robot_interfaces/msg/detail/generic_motor_operation__rosidl_typesupport_fastrtps_cpp.hpp
[8.320s] -- Installing: /home/w/work/moveit2_handeye_calib/install/robot_interfaces/include/robot_interfaces/robot_interfaces/msg/detail/line_msg__rosidl_typesupport_fastrtps_cpp.hpp
[8.320s] -- Installing: /home/w/work/moveit2_handeye_calib/install/robot_interfaces/include/robot_interfaces/robot_interfaces/msg/detail/tool_config__rosidl_typesupport_fastrtps_cpp.hpp
[8.320s] -- Installing: /home/w/work/moveit2_handeye_calib/install/robot_interfaces/lib/librobot_interfaces__rosidl_typesupport_fastrtps_cpp.so
[8.320s] -- Set runtime path of "/home/w/work/moveit2_handeye_calib/install/robot_interfaces/lib/librobot_interfaces__rosidl_typesupport_fastrtps_cpp.so" to ""
[8.321s] -- Up-to-date: /home/w/work/moveit2_handeye_calib/install/robot_interfaces/include/robot_interfaces/robot_interfaces
[8.321s] -- Up-to-date: /home/w/work/moveit2_handeye_calib/install/robot_interfaces/include/robot_interfaces/robot_interfaces/srv
[8.321s] -- Up-to-date: /home/w/work/moveit2_handeye_calib/install/robot_interfaces/include/robot_interfaces/robot_interfaces/srv/detail
[8.321s] -- Installing: /home/w/work/moveit2_handeye_calib/install/robot_interfaces/include/robot_interfaces/robot_interfaces/srv/detail/sdk_recv__type_support.cpp
[8.321s] -- Installing: /home/w/work/moveit2_handeye_calib/install/robot_interfaces/include/robot_interfaces/robot_interfaces/srv/detail/compute_gravity__rosidl_typesupport_introspection_cpp.hpp
[8.321s] -- Installing: /home/w/work/moveit2_handeye_calib/install/robot_interfaces/include/robot_interfaces/robot_interfaces/srv/detail/compute_gravity__type_support.cpp
[8.322s] -- Installing: /home/w/work/moveit2_handeye_calib/install/robot_interfaces/include/robot_interfaces/robot_interfaces/srv/detail/sdk_recv__rosidl_typesupport_introspection_cpp.hpp
[8.322s] -- Up-to-date: /home/w/work/moveit2_handeye_calib/install/robot_interfaces/include/robot_interfaces/robot_interfaces/msg
[8.322s] -- Up-to-date: /home/w/work/moveit2_handeye_calib/install/robot_interfaces/include/robot_interfaces/robot_interfaces/msg/detail
[8.322s] -- Installing: /home/w/work/moveit2_handeye_calib/install/robot_interfaces/include/robot_interfaces/robot_interfaces/msg/detail/qt_recv__type_support.cpp
[8.322s] -- Installing: /home/w/work/moveit2_handeye_calib/install/robot_interfaces/include/robot_interfaces/robot_interfaces/msg/detail/arm_state__type_support.cpp
[8.322s] -- Installing: /home/w/work/moveit2_handeye_calib/install/robot_interfaces/include/robot_interfaces/robot_interfaces/msg/detail/robot_control_msg__type_support.cpp
[8.322s] -- Installing: /home/w/work/moveit2_handeye_calib/install/robot_interfaces/include/robot_interfaces/robot_interfaces/msg/detail/tool_config__rosidl_typesupport_introspection_cpp.hpp
[8.322s] -- Installing: /home/w/work/moveit2_handeye_calib/install/robot_interfaces/include/robot_interfaces/robot_interfaces/msg/detail/qt_pub__type_support.cpp
[8.322s] -- Installing: /home/w/work/moveit2_handeye_calib/install/robot_interfaces/include/robot_interfaces/robot_interfaces/msg/detail/state_action__type_support.cpp
[8.322s] -- Installing: /home/w/work/moveit2_handeye_calib/install/robot_interfaces/include/robot_interfaces/robot_interfaces/msg/detail/move_c_action__type_support.cpp
[8.322s] -- Installing: /home/w/work/moveit2_handeye_calib/install/robot_interfaces/include/robot_interfaces/robot_interfaces/msg/detail/qt_recv__rosidl_typesupport_introspection_cpp.hpp
[8.322s] -- Installing: /home/w/work/moveit2_handeye_calib/install/robot_interfaces/include/robot_interfaces/robot_interfaces/msg/detail/key_pressed_action__rosidl_typesupport_introspection_cpp.hpp
[8.322s] -- Installing: /home/w/work/moveit2_handeye_calib/install/robot_interfaces/include/robot_interfaces/robot_interfaces/msg/detail/generic_motor_operation__type_support.cpp
[8.322s] -- Installing: /home/w/work/moveit2_handeye_calib/install/robot_interfaces/include/robot_interfaces/robot_interfaces/msg/detail/state_action__rosidl_typesupport_introspection_cpp.hpp
[8.322s] -- Installing: /home/w/work/moveit2_handeye_calib/install/robot_interfaces/include/robot_interfaces/robot_interfaces/msg/detail/arm_state__rosidl_typesupport_introspection_cpp.hpp
[8.322s] -- Installing: /home/w/work/moveit2_handeye_calib/install/robot_interfaces/include/robot_interfaces/robot_interfaces/msg/detail/move_c_action__rosidl_typesupport_introspection_cpp.hpp
[8.322s] -- Installing: /home/w/work/moveit2_handeye_calib/install/robot_interfaces/include/robot_interfaces/robot_interfaces/msg/detail/robot_control_msg__rosidl_typesupport_introspection_cpp.hpp
[8.322s] -- Installing: /home/w/work/moveit2_handeye_calib/install/robot_interfaces/include/robot_interfaces/robot_interfaces/msg/detail/line_msg__rosidl_typesupport_introspection_cpp.hpp
[8.323s] -- Installing: /home/w/work/moveit2_handeye_calib/install/robot_interfaces/include/robot_interfaces/robot_interfaces/msg/detail/line_msg__type_support.cpp
[8.323s] -- Installing: /home/w/work/moveit2_handeye_calib/install/robot_interfaces/include/robot_interfaces/robot_interfaces/msg/detail/motor_fdb__type_support.cpp
[8.323s] -- Installing: /home/w/work/moveit2_handeye_calib/install/robot_interfaces/include/robot_interfaces/robot_interfaces/msg/detail/gripper_control__rosidl_typesupport_introspection_cpp.hpp
[8.323s] -- Installing: /home/w/work/moveit2_handeye_calib/install/robot_interfaces/include/robot_interfaces/robot_interfaces/msg/detail/gripper_control__type_support.cpp
[8.323s] -- Installing: /home/w/work/moveit2_handeye_calib/install/robot_interfaces/include/robot_interfaces/robot_interfaces/msg/detail/generic_motor_operation__rosidl_typesupport_introspection_cpp.hpp
[8.323s] -- Installing: /home/w/work/moveit2_handeye_calib/install/robot_interfaces/include/robot_interfaces/robot_interfaces/msg/detail/tool_config__type_support.cpp
[8.323s] -- Installing: /home/w/work/moveit2_handeye_calib/install/robot_interfaces/include/robot_interfaces/robot_interfaces/msg/detail/generic_motor_parameter__rosidl_typesupport_introspection_cpp.hpp
[8.323s] -- Installing: /home/w/work/moveit2_handeye_calib/install/robot_interfaces/include/robot_interfaces/robot_interfaces/msg/detail/qt_pub__rosidl_typesupport_introspection_cpp.hpp
[8.323s] -- Installing: /home/w/work/moveit2_handeye_calib/install/robot_interfaces/include/robot_interfaces/robot_interfaces/msg/detail/generic_motor_parameter__type_support.cpp
[8.323s] -- Installing: /home/w/work/moveit2_handeye_calib/install/robot_interfaces/include/robot_interfaces/robot_interfaces/msg/detail/key_pressed_action__type_support.cpp
[8.323s] -- Installing: /home/w/work/moveit2_handeye_calib/install/robot_interfaces/include/robot_interfaces/robot_interfaces/msg/detail/motor_fdb__rosidl_typesupport_introspection_cpp.hpp
[8.323s] -- Installing: /home/w/work/moveit2_handeye_calib/install/robot_interfaces/lib/librobot_interfaces__rosidl_typesupport_introspection_cpp.so
[8.323s] -- Set runtime path of "/home/w/work/moveit2_handeye_calib/install/robot_interfaces/lib/librobot_interfaces__rosidl_typesupport_introspection_cpp.so" to ""
[8.323s] -- Installing: /home/w/work/moveit2_handeye_calib/install/robot_interfaces/lib/librobot_interfaces__rosidl_typesupport_cpp.so
[8.323s] -- Set runtime path of "/home/w/work/moveit2_handeye_calib/install/robot_interfaces/lib/librobot_interfaces__rosidl_typesupport_cpp.so" to ""
[8.323s] -- Installing: /home/w/work/moveit2_handeye_calib/install/robot_interfaces/share/robot_interfaces/environment/pythonpath.sh
[8.323s] -- Installing: /home/w/work/moveit2_handeye_calib/install/robot_interfaces/share/robot_interfaces/environment/pythonpath.dsv
[8.324s] -- Installing: /home/w/work/moveit2_handeye_calib/install/robot_interfaces/local/lib/python3.10/dist-packages/robot_interfaces-0.0.0-py3.10.egg-info
[8.324s] -- Installing: /home/w/work/moveit2_handeye_calib/install/robot_interfaces/local/lib/python3.10/dist-packages/robot_interfaces-0.0.0-py3.10.egg-info/PKG-INFO
[8.324s] -- Installing: /home/w/work/moveit2_handeye_calib/install/robot_interfaces/local/lib/python3.10/dist-packages/robot_interfaces-0.0.0-py3.10.egg-info/dependency_links.txt
[8.324s] -- Installing: /home/w/work/moveit2_handeye_calib/install/robot_interfaces/local/lib/python3.10/dist-packages/robot_interfaces-0.0.0-py3.10.egg-info/SOURCES.txt
[8.324s] -- Installing: /home/w/work/moveit2_handeye_calib/install/robot_interfaces/local/lib/python3.10/dist-packages/robot_interfaces-0.0.0-py3.10.egg-info/top_level.txt
[8.324s] -- Installing: /home/w/work/moveit2_handeye_calib/install/robot_interfaces/local/lib/python3.10/dist-packages/robot_interfaces
[8.324s] -- Installing: /home/w/work/moveit2_handeye_calib/install/robot_interfaces/local/lib/python3.10/dist-packages/robot_interfaces/robot_interfaces_s__rosidl_typesupport_fastrtps_c.cpython-310-x86_64-linux-gnu.so
[8.324s] -- Installing: /home/w/work/moveit2_handeye_calib/install/robot_interfaces/local/lib/python3.10/dist-packages/robot_interfaces/_robot_interfaces_s.ep.rosidl_typesupport_introspection_c.c
[8.324s] -- Installing: /home/w/work/moveit2_handeye_calib/install/robot_interfaces/local/lib/python3.10/dist-packages/robot_interfaces/__init__.py
[8.324s] -- Installing: /home/w/work/moveit2_handeye_calib/install/robot_interfaces/local/lib/python3.10/dist-packages/robot_interfaces/robot_interfaces_s__rosidl_typesupport_introspection_c.cpython-310-x86_64-linux-gnu.so
[8.324s] -- Installing: /home/w/work/moveit2_handeye_calib/install/robot_interfaces/local/lib/python3.10/dist-packages/robot_interfaces/srv
[8.324s] -- Installing: /home/w/work/moveit2_handeye_calib/install/robot_interfaces/local/lib/python3.10/dist-packages/robot_interfaces/srv/_compute_gravity_s.c
[8.324s] -- Installing: /home/w/work/moveit2_handeye_calib/install/robot_interfaces/local/lib/python3.10/dist-packages/robot_interfaces/srv/_compute_gravity.py
[8.324s] -- Installing: /home/w/work/moveit2_handeye_calib/install/robot_interfaces/local/lib/python3.10/dist-packages/robot_interfaces/srv/_sdk_recv_s.c
[8.324s] -- Installing: /home/w/work/moveit2_handeye_calib/install/robot_interfaces/local/lib/python3.10/dist-packages/robot_interfaces/srv/__init__.py
[8.324s] -- Installing: /home/w/work/moveit2_handeye_calib/install/robot_interfaces/local/lib/python3.10/dist-packages/robot_interfaces/srv/_sdk_recv.py
[8.324s] -- Installing: /home/w/work/moveit2_handeye_calib/install/robot_interfaces/local/lib/python3.10/dist-packages/robot_interfaces/robot_interfaces_s__rosidl_typesupport_c.cpython-310-x86_64-linux-gnu.so
[8.325s] -- Installing: /home/w/work/moveit2_handeye_calib/install/robot_interfaces/local/lib/python3.10/dist-packages/robot_interfaces/_robot_interfaces_s.ep.rosidl_typesupport_c.c
[8.325s] -- Installing: /home/w/work/moveit2_handeye_calib/install/robot_interfaces/local/lib/python3.10/dist-packages/robot_interfaces/msg
[8.325s] -- Installing: /home/w/work/moveit2_handeye_calib/install/robot_interfaces/local/lib/python3.10/dist-packages/robot_interfaces/msg/_qt_recv.py
[8.325s] -- Installing: /home/w/work/moveit2_handeye_calib/install/robot_interfaces/local/lib/python3.10/dist-packages/robot_interfaces/msg/_line_msg_s.c
[8.325s] -- Installing: /home/w/work/moveit2_handeye_calib/install/robot_interfaces/local/lib/python3.10/dist-packages/robot_interfaces/msg/_robot_control_msg.py
[8.325s] -- Installing: /home/w/work/moveit2_handeye_calib/install/robot_interfaces/local/lib/python3.10/dist-packages/robot_interfaces/msg/_state_action.py
[8.325s] -- Installing: /home/w/work/moveit2_handeye_calib/install/robot_interfaces/local/lib/python3.10/dist-packages/robot_interfaces/msg/_tool_config.py
[8.325s] -- Installing: /home/w/work/moveit2_handeye_calib/install/robot_interfaces/local/lib/python3.10/dist-packages/robot_interfaces/msg/__init__.py
[8.325s] -- Installing: /home/w/work/moveit2_handeye_calib/install/robot_interfaces/local/lib/python3.10/dist-packages/robot_interfaces/msg/_generic_motor_operation.py
[8.325s] -- Installing: /home/w/work/moveit2_handeye_calib/install/robot_interfaces/local/lib/python3.10/dist-packages/robot_interfaces/msg/_key_pressed_action.py
[8.325s] -- Installing: /home/w/work/moveit2_handeye_calib/install/robot_interfaces/local/lib/python3.10/dist-packages/robot_interfaces/msg/_generic_motor_parameter.py
[8.325s] -- Installing: /home/w/work/moveit2_handeye_calib/install/robot_interfaces/local/lib/python3.10/dist-packages/robot_interfaces/msg/_generic_motor_operation_s.c
[8.325s] -- Installing: /home/w/work/moveit2_handeye_calib/install/robot_interfaces/local/lib/python3.10/dist-packages/robot_interfaces/msg/_arm_state.py
[8.325s] -- Installing: /home/w/work/moveit2_handeye_calib/install/robot_interfaces/local/lib/python3.10/dist-packages/robot_interfaces/msg/_gripper_control_s.c
[8.325s] -- Installing: /home/w/work/moveit2_handeye_calib/install/robot_interfaces/local/lib/python3.10/dist-packages/robot_interfaces/msg/_gripper_control.py
[8.325s] -- Installing: /home/w/work/moveit2_handeye_calib/install/robot_interfaces/local/lib/python3.10/dist-packages/robot_interfaces/msg/_arm_state_s.c
[8.326s] -- Installing: /home/w/work/moveit2_handeye_calib/install/robot_interfaces/local/lib/python3.10/dist-packages/robot_interfaces/msg/_motor_fdb_s.c
[8.326s] -- Installing: /home/w/work/moveit2_handeye_calib/install/robot_interfaces/local/lib/python3.10/dist-packages/robot_interfaces/msg/_qt_recv_s.c
[8.326s] -- Installing: /home/w/work/moveit2_handeye_calib/install/robot_interfaces/local/lib/python3.10/dist-packages/robot_interfaces/msg/_line_msg.py
[8.326s] -- Installing: /home/w/work/moveit2_handeye_calib/install/robot_interfaces/local/lib/python3.10/dist-packages/robot_interfaces/msg/_qt_pub_s.c
[8.326s] -- Installing: /home/w/work/moveit2_handeye_calib/install/robot_interfaces/local/lib/python3.10/dist-packages/robot_interfaces/msg/_key_pressed_action_s.c
[8.326s] -- Installing: /home/w/work/moveit2_handeye_calib/install/robot_interfaces/local/lib/python3.10/dist-packages/robot_interfaces/msg/_robot_control_msg_s.c
[8.326s] -- Installing: /home/w/work/moveit2_handeye_calib/install/robot_interfaces/local/lib/python3.10/dist-packages/robot_interfaces/msg/_generic_motor_parameter_s.c
[8.326s] -- Installing: /home/w/work/moveit2_handeye_calib/install/robot_interfaces/local/lib/python3.10/dist-packages/robot_interfaces/msg/_tool_config_s.c
[8.326s] -- Installing: /home/w/work/moveit2_handeye_calib/install/robot_interfaces/local/lib/python3.10/dist-packages/robot_interfaces/msg/_state_action_s.c
[8.326s] -- Installing: /home/w/work/moveit2_handeye_calib/install/robot_interfaces/local/lib/python3.10/dist-packages/robot_interfaces/msg/_qt_pub.py
[8.326s] -- Installing: /home/w/work/moveit2_handeye_calib/install/robot_interfaces/local/lib/python3.10/dist-packages/robot_interfaces/msg/_move_c_action_s.c
[8.326s] -- Installing: /home/w/work/moveit2_handeye_calib/install/robot_interfaces/local/lib/python3.10/dist-packages/robot_interfaces/msg/_motor_fdb.py
[8.326s] -- Installing: /home/w/work/moveit2_handeye_calib/install/robot_interfaces/local/lib/python3.10/dist-packages/robot_interfaces/msg/_move_c_action.py
[8.326s] -- Installing: /home/w/work/moveit2_handeye_calib/install/robot_interfaces/local/lib/python3.10/dist-packages/robot_interfaces/librobot_interfaces__rosidl_generator_py.so
[8.326s] -- Installing: /home/w/work/moveit2_handeye_calib/install/robot_interfaces/local/lib/python3.10/dist-packages/robot_interfaces/_robot_interfaces_s.ep.rosidl_typesupport_fastrtps_c.c
[8.372s] Listing '/home/w/work/moveit2_handeye_calib/install/robot_interfaces/local/lib/python3.10/dist-packages/robot_interfaces'...
[8.372s] Compiling '/home/w/work/moveit2_handeye_calib/install/robot_interfaces/local/lib/python3.10/dist-packages/robot_interfaces/__init__.py'...
[8.372s] Listing '/home/w/work/moveit2_handeye_calib/install/robot_interfaces/local/lib/python3.10/dist-packages/robot_interfaces/msg'...
[8.372s] Compiling '/home/w/work/moveit2_handeye_calib/install/robot_interfaces/local/lib/python3.10/dist-packages/robot_interfaces/msg/__init__.py'...
[8.372s] Compiling '/home/w/work/moveit2_handeye_calib/install/robot_interfaces/local/lib/python3.10/dist-packages/robot_interfaces/msg/_arm_state.py'...
[8.372s] Compiling '/home/w/work/moveit2_handeye_calib/install/robot_interfaces/local/lib/python3.10/dist-packages/robot_interfaces/msg/_generic_motor_operation.py'...
[8.372s] Compiling '/home/w/work/moveit2_handeye_calib/install/robot_interfaces/local/lib/python3.10/dist-packages/robot_interfaces/msg/_generic_motor_parameter.py'...
[8.372s] Compiling '/home/w/work/moveit2_handeye_calib/install/robot_interfaces/local/lib/python3.10/dist-packages/robot_interfaces/msg/_gripper_control.py'...
[8.372s] Compiling '/home/w/work/moveit2_handeye_calib/install/robot_interfaces/local/lib/python3.10/dist-packages/robot_interfaces/msg/_key_pressed_action.py'...
[8.372s] Compiling '/home/w/work/moveit2_handeye_calib/install/robot_interfaces/local/lib/python3.10/dist-packages/robot_interfaces/msg/_line_msg.py'...
[8.372s] Compiling '/home/w/work/moveit2_handeye_calib/install/robot_interfaces/local/lib/python3.10/dist-packages/robot_interfaces/msg/_motor_fdb.py'...
[8.372s] Compiling '/home/w/work/moveit2_handeye_calib/install/robot_interfaces/local/lib/python3.10/dist-packages/robot_interfaces/msg/_move_c_action.py'...
[8.372s] Compiling '/home/w/work/moveit2_handeye_calib/install/robot_interfaces/local/lib/python3.10/dist-packages/robot_interfaces/msg/_qt_pub.py'...
[8.372s] Compiling '/home/w/work/moveit2_handeye_calib/install/robot_interfaces/local/lib/python3.10/dist-packages/robot_interfaces/msg/_qt_recv.py'...
[8.372s] Compiling '/home/w/work/moveit2_handeye_calib/install/robot_interfaces/local/lib/python3.10/dist-packages/robot_interfaces/msg/_robot_control_msg.py'...
[8.372s] Compiling '/home/w/work/moveit2_handeye_calib/install/robot_interfaces/local/lib/python3.10/dist-packages/robot_interfaces/msg/_state_action.py'...
[8.372s] Compiling '/home/w/work/moveit2_handeye_calib/install/robot_interfaces/local/lib/python3.10/dist-packages/robot_interfaces/msg/_tool_config.py'...
[8.372s] Listing '/home/w/work/moveit2_handeye_calib/install/robot_interfaces/local/lib/python3.10/dist-packages/robot_interfaces/srv'...
[8.373s] Compiling '/home/w/work/moveit2_handeye_calib/install/robot_interfaces/local/lib/python3.10/dist-packages/robot_interfaces/srv/__init__.py'...
[8.373s] Compiling '/home/w/work/moveit2_handeye_calib/install/robot_interfaces/local/lib/python3.10/dist-packages/robot_interfaces/srv/_compute_gravity.py'...
[8.373s] Compiling '/home/w/work/moveit2_handeye_calib/install/robot_interfaces/local/lib/python3.10/dist-packages/robot_interfaces/srv/_sdk_recv.py'...
[8.376s] -- Installing: /home/w/work/moveit2_handeye_calib/install/robot_interfaces/local/lib/python3.10/dist-packages/robot_interfaces/robot_interfaces_s__rosidl_typesupport_fastrtps_c.cpython-310-x86_64-linux-gnu.so
[8.376s] -- Set runtime path of "/home/w/work/moveit2_handeye_calib/install/robot_interfaces/local/lib/python3.10/dist-packages/robot_interfaces/robot_interfaces_s__rosidl_typesupport_fastrtps_c.cpython-310-x86_64-linux-gnu.so" to ""
[8.376s] -- Installing: /home/w/work/moveit2_handeye_calib/install/robot_interfaces/local/lib/python3.10/dist-packages/robot_interfaces/robot_interfaces_s__rosidl_typesupport_introspection_c.cpython-310-x86_64-linux-gnu.so
[8.376s] -- Set runtime path of "/home/w/work/moveit2_handeye_calib/install/robot_interfaces/local/lib/python3.10/dist-packages/robot_interfaces/robot_interfaces_s__rosidl_typesupport_introspection_c.cpython-310-x86_64-linux-gnu.so" to ""
[8.376s] -- Installing: /home/w/work/moveit2_handeye_calib/install/robot_interfaces/local/lib/python3.10/dist-packages/robot_interfaces/robot_interfaces_s__rosidl_typesupport_c.cpython-310-x86_64-linux-gnu.so
[8.377s] -- Set runtime path of "/home/w/work/moveit2_handeye_calib/install/robot_interfaces/local/lib/python3.10/dist-packages/robot_interfaces/robot_interfaces_s__rosidl_typesupport_c.cpython-310-x86_64-linux-gnu.so" to ""
[8.377s] -- Installing: /home/w/work/moveit2_handeye_calib/install/robot_interfaces/lib/librobot_interfaces__rosidl_generator_py.so
[8.377s] -- Set runtime path of "/home/w/work/moveit2_handeye_calib/install/robot_interfaces/lib/librobot_interfaces__rosidl_generator_py.so" to ""
[8.377s] -- Installing: /home/w/work/moveit2_handeye_calib/install/robot_interfaces/share/robot_interfaces/msg/QtRecv.idl
[8.378s] -- Installing: /home/w/work/moveit2_handeye_calib/install/robot_interfaces/share/robot_interfaces/msg/LineMsg.idl
[8.378s] -- Installing: /home/w/work/moveit2_handeye_calib/install/robot_interfaces/share/robot_interfaces/msg/ArmState.idl
[8.378s] -- Installing: /home/w/work/moveit2_handeye_calib/install/robot_interfaces/share/robot_interfaces/msg/QtPub.idl
[8.378s] -- Installing: /home/w/work/moveit2_handeye_calib/install/robot_interfaces/share/robot_interfaces/msg/MotorFdb.idl
[8.378s] -- Installing: /home/w/work/moveit2_handeye_calib/install/robot_interfaces/share/robot_interfaces/msg/RobotControlMsg.idl
[8.378s] -- Installing: /home/w/work/moveit2_handeye_calib/install/robot_interfaces/share/robot_interfaces/msg/MoveCAction.idl
[8.378s] -- Installing: /home/w/work/moveit2_handeye_calib/install/robot_interfaces/share/robot_interfaces/msg/StateAction.idl
[8.378s] -- Installing: /home/w/work/moveit2_handeye_calib/install/robot_interfaces/share/robot_interfaces/msg/KeyPressedAction.idl
[8.378s] -- Installing: /home/w/work/moveit2_handeye_calib/install/robot_interfaces/share/robot_interfaces/msg/GenericMotorParameter.idl
[8.378s] -- Installing: /home/w/work/moveit2_handeye_calib/install/robot_interfaces/share/robot_interfaces/msg/GenericMotorOperation.idl
[8.378s] -- Installing: /home/w/work/moveit2_handeye_calib/install/robot_interfaces/share/robot_interfaces/msg/GripperControl.idl
[8.379s] -- Installing: /home/w/work/moveit2_handeye_calib/install/robot_interfaces/share/robot_interfaces/msg/ToolConfig.idl
[8.379s] -- Installing: /home/w/work/moveit2_handeye_calib/install/robot_interfaces/share/robot_interfaces/srv/SdkRecv.idl
[8.379s] -- Installing: /home/w/work/moveit2_handeye_calib/install/robot_interfaces/share/robot_interfaces/srv/ComputeGravity.idl
[8.379s] -- Installing: /home/w/work/moveit2_handeye_calib/install/robot_interfaces/share/robot_interfaces/msg/QtRecv.msg
[8.379s] -- Installing: /home/w/work/moveit2_handeye_calib/install/robot_interfaces/share/robot_interfaces/msg/LineMsg.msg
[8.379s] -- Installing: /home/w/work/moveit2_handeye_calib/install/robot_interfaces/share/robot_interfaces/msg/ArmState.msg
[8.379s] -- Installing: /home/w/work/moveit2_handeye_calib/install/robot_interfaces/share/robot_interfaces/msg/QtPub.msg
[8.379s] -- Installing: /home/w/work/moveit2_handeye_calib/install/robot_interfaces/share/robot_interfaces/msg/MotorFdb.msg
[8.379s] -- Installing: /home/w/work/moveit2_handeye_calib/install/robot_interfaces/share/robot_interfaces/msg/RobotControlMsg.msg
[8.380s] -- Installing: /home/w/work/moveit2_handeye_calib/install/robot_interfaces/share/robot_interfaces/msg/MoveCAction.msg
[8.380s] -- Installing: /home/w/work/moveit2_handeye_calib/install/robot_interfaces/share/robot_interfaces/msg/StateAction.msg
[8.380s] -- Installing: /home/w/work/moveit2_handeye_calib/install/robot_interfaces/share/robot_interfaces/msg/KeyPressedAction.msg
[8.380s] -- Installing: /home/w/work/moveit2_handeye_calib/install/robot_interfaces/share/robot_interfaces/msg/GenericMotorParameter.msg
[8.380s] -- Installing: /home/w/work/moveit2_handeye_calib/install/robot_interfaces/share/robot_interfaces/msg/GenericMotorOperation.msg
[8.380s] -- Installing: /home/w/work/moveit2_handeye_calib/install/robot_interfaces/share/robot_interfaces/msg/GripperControl.msg
[8.380s] -- Installing: /home/w/work/moveit2_handeye_calib/install/robot_interfaces/share/robot_interfaces/msg/ToolConfig.msg
[8.380s] -- Installing: /home/w/work/moveit2_handeye_calib/install/robot_interfaces/share/robot_interfaces/srv/SdkRecv.srv
[8.380s] -- Installing: /home/w/work/moveit2_handeye_calib/install/robot_interfaces/share/robot_interfaces/srv/SdkRecv_Request.msg
[8.380s] -- Installing: /home/w/work/moveit2_handeye_calib/install/robot_interfaces/share/robot_interfaces/srv/SdkRecv_Response.msg
[8.381s] -- Installing: /home/w/work/moveit2_handeye_calib/install/robot_interfaces/share/robot_interfaces/srv/ComputeGravity.srv
[8.381s] -- Installing: /home/w/work/moveit2_handeye_calib/install/robot_interfaces/share/robot_interfaces/srv/ComputeGravity_Request.msg
[8.381s] -- Installing: /home/w/work/moveit2_handeye_calib/install/robot_interfaces/share/robot_interfaces/srv/ComputeGravity_Response.msg
[8.381s] -- Installing: /home/w/work/moveit2_handeye_calib/install/robot_interfaces/share/ament_index/resource_index/package_run_dependencies/robot_interfaces
[8.381s] -- Installing: /home/w/work/moveit2_handeye_calib/install/robot_interfaces/share/ament_index/resource_index/parent_prefix_path/robot_interfaces
[8.381s] -- Installing: /home/w/work/moveit2_handeye_calib/install/robot_interfaces/share/robot_interfaces/environment/ament_prefix_path.sh
[8.381s] -- Installing: /home/w/work/moveit2_handeye_calib/install/robot_interfaces/share/robot_interfaces/environment/ament_prefix_path.dsv
[8.381s] -- Installing: /home/w/work/moveit2_handeye_calib/install/robot_interfaces/share/robot_interfaces/environment/path.sh
[8.382s] -- Installing: /home/w/work/moveit2_handeye_calib/install/robot_interfaces/share/robot_interfaces/environment/path.dsv
[8.382s] -- Installing: /home/w/work/moveit2_handeye_calib/install/robot_interfaces/share/robot_interfaces/local_setup.bash
[8.382s] -- Installing: /home/w/work/moveit2_handeye_calib/install/robot_interfaces/share/robot_interfaces/local_setup.sh
[8.382s] -- Installing: /home/w/work/moveit2_handeye_calib/install/robot_interfaces/share/robot_interfaces/local_setup.zsh
[8.382s] -- Installing: /home/w/work/moveit2_handeye_calib/install/robot_interfaces/share/robot_interfaces/local_setup.dsv
[8.382s] -- Installing: /home/w/work/moveit2_handeye_calib/install/robot_interfaces/share/robot_interfaces/package.dsv
[8.382s] -- Installing: /home/w/work/moveit2_handeye_calib/install/robot_interfaces/share/ament_index/resource_index/packages/robot_interfaces
[8.382s] -- Installing: /home/w/work/moveit2_handeye_calib/install/robot_interfaces/share/robot_interfaces/cmake/export_robot_interfaces__rosidl_generator_cExport.cmake
[8.382s] -- Installing: /home/w/work/moveit2_handeye_calib/install/robot_interfaces/share/robot_interfaces/cmake/export_robot_interfaces__rosidl_generator_cExport-noconfig.cmake
[8.383s] -- Installing: /home/w/work/moveit2_handeye_calib/install/robot_interfaces/share/robot_interfaces/cmake/export_robot_interfaces__rosidl_typesupport_fastrtps_cExport.cmake
[8.383s] -- Installing: /home/w/work/moveit2_handeye_calib/install/robot_interfaces/share/robot_interfaces/cmake/export_robot_interfaces__rosidl_typesupport_fastrtps_cExport-noconfig.cmake
[8.383s] -- Installing: /home/w/work/moveit2_handeye_calib/install/robot_interfaces/share/robot_interfaces/cmake/robot_interfaces__rosidl_typesupport_introspection_cExport.cmake
[8.383s] -- Installing: /home/w/work/moveit2_handeye_calib/install/robot_interfaces/share/robot_interfaces/cmake/robot_interfaces__rosidl_typesupport_introspection_cExport-noconfig.cmake
[8.383s] -- Installing: /home/w/work/moveit2_handeye_calib/install/robot_interfaces/share/robot_interfaces/cmake/robot_interfaces__rosidl_typesupport_cExport.cmake
[8.383s] -- Installing: /home/w/work/moveit2_handeye_calib/install/robot_interfaces/share/robot_interfaces/cmake/robot_interfaces__rosidl_typesupport_cExport-noconfig.cmake
[8.383s] -- Installing: /home/w/work/moveit2_handeye_calib/install/robot_interfaces/share/robot_interfaces/cmake/export_robot_interfaces__rosidl_generator_cppExport.cmake
[8.383s] -- Installing: /home/w/work/moveit2_handeye_calib/install/robot_interfaces/share/robot_interfaces/cmake/export_robot_interfaces__rosidl_typesupport_fastrtps_cppExport.cmake
[8.384s] -- Installing: /home/w/work/moveit2_handeye_calib/install/robot_interfaces/share/robot_interfaces/cmake/export_robot_interfaces__rosidl_typesupport_fastrtps_cppExport-noconfig.cmake
[8.384s] -- Installing: /home/w/work/moveit2_handeye_calib/install/robot_interfaces/share/robot_interfaces/cmake/robot_interfaces__rosidl_typesupport_introspection_cppExport.cmake
[8.384s] -- Installing: /home/w/work/moveit2_handeye_calib/install/robot_interfaces/share/robot_interfaces/cmake/robot_interfaces__rosidl_typesupport_introspection_cppExport-noconfig.cmake
[8.384s] -- Installing: /home/w/work/moveit2_handeye_calib/install/robot_interfaces/share/robot_interfaces/cmake/robot_interfaces__rosidl_typesupport_cppExport.cmake
[8.384s] -- Installing: /home/w/work/moveit2_handeye_calib/install/robot_interfaces/share/robot_interfaces/cmake/robot_interfaces__rosidl_typesupport_cppExport-noconfig.cmake
[8.384s] -- Installing: /home/w/work/moveit2_handeye_calib/install/robot_interfaces/share/robot_interfaces/cmake/export_robot_interfaces__rosidl_generator_pyExport.cmake
[8.384s] -- Installing: /home/w/work/moveit2_handeye_calib/install/robot_interfaces/share/robot_interfaces/cmake/export_robot_interfaces__rosidl_generator_pyExport-noconfig.cmake
[8.384s] -- Installing: /home/w/work/moveit2_handeye_calib/install/robot_interfaces/share/robot_interfaces/cmake/rosidl_cmake-extras.cmake
[8.384s] -- Installing: /home/w/work/moveit2_handeye_calib/install/robot_interfaces/share/robot_interfaces/cmake/ament_cmake_export_dependencies-extras.cmake
[8.385s] -- Installing: /home/w/work/moveit2_handeye_calib/install/robot_interfaces/share/robot_interfaces/cmake/ament_cmake_export_include_directories-extras.cmake
[8.385s] -- Installing: /home/w/work/moveit2_handeye_calib/install/robot_interfaces/share/robot_interfaces/cmake/ament_cmake_export_libraries-extras.cmake
[8.385s] -- Installing: /home/w/work/moveit2_handeye_calib/install/robot_interfaces/share/robot_interfaces/cmake/ament_cmake_export_targets-extras.cmake
[8.385s] -- Installing: /home/w/work/moveit2_handeye_calib/install/robot_interfaces/share/robot_interfaces/cmake/rosidl_cmake_export_typesupport_targets-extras.cmake
[8.385s] -- Installing: /home/w/work/moveit2_handeye_calib/install/robot_interfaces/share/robot_interfaces/cmake/rosidl_cmake_export_typesupport_libraries-extras.cmake
[8.385s] -- Installing: /home/w/work/moveit2_handeye_calib/install/robot_interfaces/share/robot_interfaces/cmake/robot_interfacesConfig.cmake
[8.385s] -- Installing: /home/w/work/moveit2_handeye_calib/install/robot_interfaces/share/robot_interfaces/cmake/robot_interfacesConfig-version.cmake
[8.385s] -- Installing: /home/w/work/moveit2_handeye_calib/install/robot_interfaces/share/robot_interfaces/package.xml
[8.388s] Invoked command in '/home/w/work/moveit2_handeye_calib/build/robot_interfaces' returned '0': CMAKE_PREFIX_PATH=${CMAKE_PREFIX_PATH}:/opt/ros/humble /usr/bin/cmake --install /home/w/work/moveit2_handeye_calib/build/robot_interfaces
