[0.063s] DEBUG:colcon:Command line arguments: ['/usr/bin/colcon', 'build']
[0.063s] DEBUG:colcon:Parsed command line arguments: Namespace(log_base=None, log_level=None, verb_name='build', build_base='build', install_base='install', merge_install=False, symlink_install=False, test_result_base=None, continue_on_error=False, executor='parallel', parallel_workers=28, event_handlers=None, ignore_user_meta=False, metas=['./colcon.meta'], base_paths=['.'], packages_ignore=None, packages_ignore_regex=None, paths=None, packages_up_to=None, packages_up_to_regex=None, packages_above=None, packages_above_and_dependencies=None, packages_above_depth=None, packages_select_by_dep=None, packages_skip_by_dep=None, packages_skip_up_to=None, packages_select_build_failed=False, packages_skip_build_finished=False, packages_select_test_failures=False, packages_skip_test_passed=False, packages_select=None, packages_skip=None, packages_select_regex=None, packages_skip_regex=None, packages_start=None, packages_end=None, allow_overriding=[], cmake_args=None, cmake_target=None, cmake_target_skip_unavailable=False, cmake_clean_cache=False, cmake_clean_first=False, cmake_force_configure=False, ament_cmake_args=None, catkin_cmake_args=None, catkin_skip_building_tests=False, verb_parser=<colcon_defaults.argument_parser.defaults.DefaultArgumentsDecorator object at 0x7a1bab266350>, verb_extension=<colcon_core.verb.build.BuildVerb object at 0x7a1bab34b6a0>, main=<bound method BuildVerb.main of <colcon_core.verb.build.BuildVerb object at 0x7a1bab34b6a0>>)
[0.163s] Level 1:colcon.colcon_core.package_discovery:discover_packages(colcon_meta) check parameters
[0.163s] Level 1:colcon.colcon_core.package_discovery:discover_packages(recursive) check parameters
[0.163s] Level 1:colcon.colcon_core.package_discovery:discover_packages(ignore) check parameters
[0.163s] Level 1:colcon.colcon_core.package_discovery:discover_packages(path) check parameters
[0.163s] Level 1:colcon.colcon_core.package_discovery:discover_packages(colcon_meta) discover
[0.163s] Level 1:colcon.colcon_core.package_discovery:discover_packages(recursive) discover
[0.163s] INFO:colcon.colcon_core.package_discovery:Crawling recursively for packages in '/home/w/work/moveit2_handeye_calib'
[0.163s] Level 1:colcon.colcon_core.package_identification:_identify(.) by extensions ['ignore', 'ignore_ament_install']
[0.163s] Level 1:colcon.colcon_core.package_identification:_identify(.) by extension 'ignore'
[0.163s] Level 1:colcon.colcon_core.package_identification:_identify(.) by extension 'ignore_ament_install'
[0.163s] Level 1:colcon.colcon_core.package_identification:_identify(.) by extensions ['colcon_pkg']
[0.163s] Level 1:colcon.colcon_core.package_identification:_identify(.) by extension 'colcon_pkg'
[0.163s] Level 1:colcon.colcon_core.package_identification:_identify(.) by extensions ['colcon_meta']
[0.163s] Level 1:colcon.colcon_core.package_identification:_identify(.) by extension 'colcon_meta'
[0.163s] Level 1:colcon.colcon_core.package_identification:_identify(.) by extensions ['ros']
[0.163s] Level 1:colcon.colcon_core.package_identification:_identify(.) by extension 'ros'
[0.170s] Level 1:colcon.colcon_core.package_identification:_identify(.) by extensions ['cmake', 'python']
[0.170s] Level 1:colcon.colcon_core.package_identification:_identify(.) by extension 'cmake'
[0.170s] Level 1:colcon.colcon_core.package_identification:_identify(.) by extension 'python'
[0.170s] Level 1:colcon.colcon_core.package_identification:_identify(.) by extensions ['python_setup_py']
[0.170s] Level 1:colcon.colcon_core.package_identification:_identify(.) by extension 'python_setup_py'
[0.170s] Level 1:colcon.colcon_core.package_identification:_identify(TG620) by extensions ['ignore', 'ignore_ament_install']
[0.170s] Level 1:colcon.colcon_core.package_identification:_identify(TG620) by extension 'ignore'
[0.170s] Level 1:colcon.colcon_core.package_identification:_identify(TG620) by extension 'ignore_ament_install'
[0.170s] Level 1:colcon.colcon_core.package_identification:_identify(TG620) by extensions ['colcon_pkg']
[0.170s] Level 1:colcon.colcon_core.package_identification:_identify(TG620) by extension 'colcon_pkg'
[0.170s] Level 1:colcon.colcon_core.package_identification:_identify(TG620) by extensions ['colcon_meta']
[0.170s] Level 1:colcon.colcon_core.package_identification:_identify(TG620) by extension 'colcon_meta'
[0.170s] Level 1:colcon.colcon_core.package_identification:_identify(TG620) by extensions ['ros']
[0.170s] Level 1:colcon.colcon_core.package_identification:_identify(TG620) by extension 'ros'
[0.170s] Level 1:colcon.colcon_core.package_identification:_identify(TG620) by extensions ['cmake', 'python']
[0.170s] Level 1:colcon.colcon_core.package_identification:_identify(TG620) by extension 'cmake'
[0.170s] Level 1:colcon.colcon_core.package_identification:_identify(TG620) by extension 'python'
[0.170s] Level 1:colcon.colcon_core.package_identification:_identify(TG620) by extensions ['python_setup_py']
[0.170s] Level 1:colcon.colcon_core.package_identification:_identify(TG620) by extension 'python_setup_py'
[0.170s] Level 1:colcon.colcon_core.package_identification:_identify(TG620/motor_control_logger) by extensions ['ignore', 'ignore_ament_install']
[0.170s] Level 1:colcon.colcon_core.package_identification:_identify(TG620/motor_control_logger) by extension 'ignore'
[0.170s] Level 1:colcon.colcon_core.package_identification:_identify(TG620/motor_control_logger) by extension 'ignore_ament_install'
[0.170s] Level 1:colcon.colcon_core.package_identification:_identify(TG620/motor_control_logger) by extensions ['colcon_pkg']
[0.170s] Level 1:colcon.colcon_core.package_identification:_identify(TG620/motor_control_logger) by extension 'colcon_pkg'
[0.170s] Level 1:colcon.colcon_core.package_identification:_identify(TG620/motor_control_logger) by extensions ['colcon_meta']
[0.170s] Level 1:colcon.colcon_core.package_identification:_identify(TG620/motor_control_logger) by extension 'colcon_meta'
[0.170s] Level 1:colcon.colcon_core.package_identification:_identify(TG620/motor_control_logger) by extensions ['ros']
[0.171s] Level 1:colcon.colcon_core.package_identification:_identify(TG620/motor_control_logger) by extension 'ros'
[0.173s] DEBUG:colcon.colcon_core.package_identification:Package 'TG620/motor_control_logger' with type 'ros.ament_cmake' and name 'motor_control_logger'
[0.173s] Level 1:colcon.colcon_core.package_identification:_identify(TG620/robot_bringup) by extensions ['ignore', 'ignore_ament_install']
[0.173s] Level 1:colcon.colcon_core.package_identification:_identify(TG620/robot_bringup) by extension 'ignore'
[0.173s] Level 1:colcon.colcon_core.package_identification:_identify(TG620/robot_bringup) by extension 'ignore_ament_install'
[0.173s] Level 1:colcon.colcon_core.package_identification:_identify(TG620/robot_bringup) by extensions ['colcon_pkg']
[0.173s] Level 1:colcon.colcon_core.package_identification:_identify(TG620/robot_bringup) by extension 'colcon_pkg'
[0.173s] Level 1:colcon.colcon_core.package_identification:_identify(TG620/robot_bringup) by extensions ['colcon_meta']
[0.173s] Level 1:colcon.colcon_core.package_identification:_identify(TG620/robot_bringup) by extension 'colcon_meta'
[0.173s] Level 1:colcon.colcon_core.package_identification:_identify(TG620/robot_bringup) by extensions ['ros']
[0.173s] Level 1:colcon.colcon_core.package_identification:_identify(TG620/robot_bringup) by extension 'ros'
[0.173s] DEBUG:colcon.colcon_core.package_identification:Package 'TG620/robot_bringup' with type 'ros.ament_cmake' and name 'robot_bringup'
[0.173s] Level 1:colcon.colcon_core.package_identification:_identify(TG620/robot_config) by extensions ['ignore', 'ignore_ament_install']
[0.173s] Level 1:colcon.colcon_core.package_identification:_identify(TG620/robot_config) by extension 'ignore'
[0.173s] Level 1:colcon.colcon_core.package_identification:_identify(TG620/robot_config) by extension 'ignore_ament_install'
[0.173s] Level 1:colcon.colcon_core.package_identification:_identify(TG620/robot_config) by extensions ['colcon_pkg']
[0.173s] Level 1:colcon.colcon_core.package_identification:_identify(TG620/robot_config) by extension 'colcon_pkg'
[0.173s] Level 1:colcon.colcon_core.package_identification:_identify(TG620/robot_config) by extensions ['colcon_meta']
[0.173s] Level 1:colcon.colcon_core.package_identification:_identify(TG620/robot_config) by extension 'colcon_meta'
[0.173s] Level 1:colcon.colcon_core.package_identification:_identify(TG620/robot_config) by extensions ['ros']
[0.173s] Level 1:colcon.colcon_core.package_identification:_identify(TG620/robot_config) by extension 'ros'
[0.173s] Level 1:colcon.colcon_core.package_identification:_identify(TG620/robot_config) by extensions ['cmake', 'python']
[0.173s] Level 1:colcon.colcon_core.package_identification:_identify(TG620/robot_config) by extension 'cmake'
[0.173s] Level 1:colcon.colcon_core.package_identification:_identify(TG620/robot_config) by extension 'python'
[0.174s] Level 1:colcon.colcon_core.package_identification:_identify(TG620/robot_config) by extensions ['python_setup_py']
[0.174s] Level 1:colcon.colcon_core.package_identification:_identify(TG620/robot_config) by extension 'python_setup_py'
[0.174s] Level 1:colcon.colcon_core.package_identification:_identify(TG620/robot_config/arm380_config) by extensions ['ignore', 'ignore_ament_install']
[0.174s] Level 1:colcon.colcon_core.package_identification:_identify(TG620/robot_config/arm380_config) by extension 'ignore'
[0.174s] Level 1:colcon.colcon_core.package_identification:_identify(TG620/robot_config/arm380_config) by extension 'ignore_ament_install'
[0.174s] Level 1:colcon.colcon_core.package_identification:_identify(TG620/robot_config/arm380_config) by extensions ['colcon_pkg']
[0.174s] Level 1:colcon.colcon_core.package_identification:_identify(TG620/robot_config/arm380_config) by extension 'colcon_pkg'
[0.174s] Level 1:colcon.colcon_core.package_identification:_identify(TG620/robot_config/arm380_config) by extensions ['colcon_meta']
[0.174s] Level 1:colcon.colcon_core.package_identification:_identify(TG620/robot_config/arm380_config) by extension 'colcon_meta'
[0.174s] Level 1:colcon.colcon_core.package_identification:_identify(TG620/robot_config/arm380_config) by extensions ['ros']
[0.174s] Level 1:colcon.colcon_core.package_identification:_identify(TG620/robot_config/arm380_config) by extension 'ros'
[0.179s] DEBUG:colcon.colcon_core.package_identification:Package 'TG620/robot_config/arm380_config' with type 'ros.ament_cmake' and name 'arm380_config'
[0.179s] Level 1:colcon.colcon_core.package_identification:_identify(TG620/robot_config/arm620_config) by extensions ['ignore', 'ignore_ament_install']
[0.179s] Level 1:colcon.colcon_core.package_identification:_identify(TG620/robot_config/arm620_config) by extension 'ignore'
[0.179s] Level 1:colcon.colcon_core.package_identification:_identify(TG620/robot_config/arm620_config) by extension 'ignore_ament_install'
[0.179s] Level 1:colcon.colcon_core.package_identification:_identify(TG620/robot_config/arm620_config) by extensions ['colcon_pkg']
[0.180s] Level 1:colcon.colcon_core.package_identification:_identify(TG620/robot_config/arm620_config) by extension 'colcon_pkg'
[0.180s] Level 1:colcon.colcon_core.package_identification:_identify(TG620/robot_config/arm620_config) by extensions ['colcon_meta']
[0.180s] Level 1:colcon.colcon_core.package_identification:_identify(TG620/robot_config/arm620_config) by extension 'colcon_meta'
[0.180s] Level 1:colcon.colcon_core.package_identification:_identify(TG620/robot_config/arm620_config) by extensions ['ros']
[0.180s] Level 1:colcon.colcon_core.package_identification:_identify(TG620/robot_config/arm620_config) by extension 'ros'
[0.180s] DEBUG:colcon.colcon_core.package_identification:Package 'TG620/robot_config/arm620_config' with type 'ros.ament_cmake' and name 'arm620_config'
[0.180s] Level 1:colcon.colcon_core.package_identification:_identify(TG620/robot_config/arm620_dh_config) by extensions ['ignore', 'ignore_ament_install']
[0.180s] Level 1:colcon.colcon_core.package_identification:_identify(TG620/robot_config/arm620_dh_config) by extension 'ignore'
[0.180s] Level 1:colcon.colcon_core.package_identification:_identify(TG620/robot_config/arm620_dh_config) by extension 'ignore_ament_install'
[0.180s] Level 1:colcon.colcon_core.package_identification:_identify(TG620/robot_config/arm620_dh_config) by extensions ['colcon_pkg']
[0.180s] Level 1:colcon.colcon_core.package_identification:_identify(TG620/robot_config/arm620_dh_config) by extension 'colcon_pkg'
[0.180s] Level 1:colcon.colcon_core.package_identification:_identify(TG620/robot_config/arm620_dh_config) by extensions ['colcon_meta']
[0.180s] Level 1:colcon.colcon_core.package_identification:_identify(TG620/robot_config/arm620_dh_config) by extension 'colcon_meta'
[0.180s] Level 1:colcon.colcon_core.package_identification:_identify(TG620/robot_config/arm620_dh_config) by extensions ['ros']
[0.180s] Level 1:colcon.colcon_core.package_identification:_identify(TG620/robot_config/arm620_dh_config) by extension 'ros'
[0.181s] DEBUG:colcon.colcon_core.package_identification:Package 'TG620/robot_config/arm620_dh_config' with type 'ros.ament_cmake' and name 'arm620_dh_config'
[0.181s] Level 1:colcon.colcon_core.package_identification:_identify(TG620/robot_control) by extensions ['ignore', 'ignore_ament_install']
[0.181s] Level 1:colcon.colcon_core.package_identification:_identify(TG620/robot_control) by extension 'ignore'
[0.181s] Level 1:colcon.colcon_core.package_identification:_identify(TG620/robot_control) by extension 'ignore_ament_install'
[0.181s] Level 1:colcon.colcon_core.package_identification:_identify(TG620/robot_control) by extensions ['colcon_pkg']
[0.181s] Level 1:colcon.colcon_core.package_identification:_identify(TG620/robot_control) by extension 'colcon_pkg'
[0.181s] Level 1:colcon.colcon_core.package_identification:_identify(TG620/robot_control) by extensions ['colcon_meta']
[0.181s] Level 1:colcon.colcon_core.package_identification:_identify(TG620/robot_control) by extension 'colcon_meta'
[0.181s] Level 1:colcon.colcon_core.package_identification:_identify(TG620/robot_control) by extensions ['ros']
[0.181s] Level 1:colcon.colcon_core.package_identification:_identify(TG620/robot_control) by extension 'ros'
[0.182s] DEBUG:colcon.colcon_core.package_identification:Package 'TG620/robot_control' with type 'ros.ament_cmake' and name 'robot_control'
[0.182s] Level 1:colcon.colcon_core.package_identification:_identify(TG620/robot_description) by extensions ['ignore', 'ignore_ament_install']
[0.182s] Level 1:colcon.colcon_core.package_identification:_identify(TG620/robot_description) by extension 'ignore'
[0.182s] Level 1:colcon.colcon_core.package_identification:_identify(TG620/robot_description) by extension 'ignore_ament_install'
[0.182s] Level 1:colcon.colcon_core.package_identification:_identify(TG620/robot_description) by extensions ['colcon_pkg']
[0.182s] Level 1:colcon.colcon_core.package_identification:_identify(TG620/robot_description) by extension 'colcon_pkg'
[0.182s] Level 1:colcon.colcon_core.package_identification:_identify(TG620/robot_description) by extensions ['colcon_meta']
[0.182s] Level 1:colcon.colcon_core.package_identification:_identify(TG620/robot_description) by extension 'colcon_meta'
[0.182s] Level 1:colcon.colcon_core.package_identification:_identify(TG620/robot_description) by extensions ['ros']
[0.182s] Level 1:colcon.colcon_core.package_identification:_identify(TG620/robot_description) by extension 'ros'
[0.182s] DEBUG:colcon.colcon_core.package_identification:Package 'TG620/robot_description' with type 'ros.ament_cmake' and name 'robot_description'
[0.182s] Level 1:colcon.colcon_core.package_identification:_identify(TG620/robot_driver) by extensions ['ignore', 'ignore_ament_install']
[0.182s] Level 1:colcon.colcon_core.package_identification:_identify(TG620/robot_driver) by extension 'ignore'
[0.182s] Level 1:colcon.colcon_core.package_identification:_identify(TG620/robot_driver) by extension 'ignore_ament_install'
[0.182s] Level 1:colcon.colcon_core.package_identification:_identify(TG620/robot_driver) by extensions ['colcon_pkg']
[0.182s] Level 1:colcon.colcon_core.package_identification:_identify(TG620/robot_driver) by extension 'colcon_pkg'
[0.182s] Level 1:colcon.colcon_core.package_identification:_identify(TG620/robot_driver) by extensions ['colcon_meta']
[0.182s] Level 1:colcon.colcon_core.package_identification:_identify(TG620/robot_driver) by extension 'colcon_meta'
[0.182s] Level 1:colcon.colcon_core.package_identification:_identify(TG620/robot_driver) by extensions ['ros']
[0.182s] Level 1:colcon.colcon_core.package_identification:_identify(TG620/robot_driver) by extension 'ros'
[0.183s] DEBUG:colcon.colcon_core.package_identification:Package 'TG620/robot_driver' with type 'ros.ament_cmake' and name 'robot_driver'
[0.183s] Level 1:colcon.colcon_core.package_identification:_identify(TG620/robot_dynamics) by extensions ['ignore', 'ignore_ament_install']
[0.183s] Level 1:colcon.colcon_core.package_identification:_identify(TG620/robot_dynamics) by extension 'ignore'
[0.183s] Level 1:colcon.colcon_core.package_identification:_identify(TG620/robot_dynamics) by extension 'ignore_ament_install'
[0.183s] Level 1:colcon.colcon_core.package_identification:_identify(TG620/robot_dynamics) by extensions ['colcon_pkg']
[0.183s] Level 1:colcon.colcon_core.package_identification:_identify(TG620/robot_dynamics) by extension 'colcon_pkg'
[0.183s] Level 1:colcon.colcon_core.package_identification:_identify(TG620/robot_dynamics) by extensions ['colcon_meta']
[0.183s] Level 1:colcon.colcon_core.package_identification:_identify(TG620/robot_dynamics) by extension 'colcon_meta'
[0.183s] Level 1:colcon.colcon_core.package_identification:_identify(TG620/robot_dynamics) by extensions ['ros']
[0.183s] Level 1:colcon.colcon_core.package_identification:_identify(TG620/robot_dynamics) by extension 'ros'
[0.183s] DEBUG:colcon.colcon_core.package_identification:Package 'TG620/robot_dynamics' with type 'ros.ament_python' and name 'robot_dynamics'
[0.183s] Level 1:colcon.colcon_core.package_identification:_identify(TG620/robot_input) by extensions ['ignore', 'ignore_ament_install']
[0.183s] Level 1:colcon.colcon_core.package_identification:_identify(TG620/robot_input) by extension 'ignore'
[0.183s] Level 1:colcon.colcon_core.package_identification:_identify(TG620/robot_input) by extension 'ignore_ament_install'
[0.183s] Level 1:colcon.colcon_core.package_identification:_identify(TG620/robot_input) by extensions ['colcon_pkg']
[0.183s] Level 1:colcon.colcon_core.package_identification:_identify(TG620/robot_input) by extension 'colcon_pkg'
[0.183s] Level 1:colcon.colcon_core.package_identification:_identify(TG620/robot_input) by extensions ['colcon_meta']
[0.183s] Level 1:colcon.colcon_core.package_identification:_identify(TG620/robot_input) by extension 'colcon_meta'
[0.183s] Level 1:colcon.colcon_core.package_identification:_identify(TG620/robot_input) by extensions ['ros']
[0.183s] Level 1:colcon.colcon_core.package_identification:_identify(TG620/robot_input) by extension 'ros'
[0.184s] DEBUG:colcon.colcon_core.package_identification:Package 'TG620/robot_input' with type 'ros.ament_python' and name 'robot_input'
[0.184s] Level 1:colcon.colcon_core.package_identification:_identify(TG620/robot_interfaces) by extensions ['ignore', 'ignore_ament_install']
[0.184s] Level 1:colcon.colcon_core.package_identification:_identify(TG620/robot_interfaces) by extension 'ignore'
[0.184s] Level 1:colcon.colcon_core.package_identification:_identify(TG620/robot_interfaces) by extension 'ignore_ament_install'
[0.184s] Level 1:colcon.colcon_core.package_identification:_identify(TG620/robot_interfaces) by extensions ['colcon_pkg']
[0.184s] Level 1:colcon.colcon_core.package_identification:_identify(TG620/robot_interfaces) by extension 'colcon_pkg'
[0.184s] Level 1:colcon.colcon_core.package_identification:_identify(TG620/robot_interfaces) by extensions ['colcon_meta']
[0.184s] Level 1:colcon.colcon_core.package_identification:_identify(TG620/robot_interfaces) by extension 'colcon_meta'
[0.184s] Level 1:colcon.colcon_core.package_identification:_identify(TG620/robot_interfaces) by extensions ['ros']
[0.184s] Level 1:colcon.colcon_core.package_identification:_identify(TG620/robot_interfaces) by extension 'ros'
[0.185s] DEBUG:colcon.colcon_core.package_identification:Package 'TG620/robot_interfaces' with type 'ros.ament_cmake' and name 'robot_interfaces'
[0.185s] Level 1:colcon.colcon_core.package_identification:_identify(TG620/robot_sdk) by extensions ['ignore', 'ignore_ament_install']
[0.185s] Level 1:colcon.colcon_core.package_identification:_identify(TG620/robot_sdk) by extension 'ignore'
[0.185s] Level 1:colcon.colcon_core.package_identification:_identify(TG620/robot_sdk) by extension 'ignore_ament_install'
[0.185s] Level 1:colcon.colcon_core.package_identification:_identify(TG620/robot_sdk) by extensions ['colcon_pkg']
[0.185s] Level 1:colcon.colcon_core.package_identification:_identify(TG620/robot_sdk) by extension 'colcon_pkg'
[0.185s] Level 1:colcon.colcon_core.package_identification:_identify(TG620/robot_sdk) by extensions ['colcon_meta']
[0.185s] Level 1:colcon.colcon_core.package_identification:_identify(TG620/robot_sdk) by extension 'colcon_meta'
[0.185s] Level 1:colcon.colcon_core.package_identification:_identify(TG620/robot_sdk) by extensions ['ros']
[0.185s] Level 1:colcon.colcon_core.package_identification:_identify(TG620/robot_sdk) by extension 'ros'
[0.185s] DEBUG:colcon.colcon_core.package_identification:Package 'TG620/robot_sdk' with type 'ros.ament_cmake' and name 'robot_sdk'
[0.185s] Level 1:colcon.colcon_core.package_identification:_identify(TG620/robot_state_machine) by extensions ['ignore', 'ignore_ament_install']
[0.185s] Level 1:colcon.colcon_core.package_identification:_identify(TG620/robot_state_machine) by extension 'ignore'
[0.186s] Level 1:colcon.colcon_core.package_identification:_identify(TG620/robot_state_machine) by extension 'ignore_ament_install'
[0.186s] Level 1:colcon.colcon_core.package_identification:_identify(TG620/robot_state_machine) by extensions ['colcon_pkg']
[0.186s] Level 1:colcon.colcon_core.package_identification:_identify(TG620/robot_state_machine) by extension 'colcon_pkg'
[0.186s] Level 1:colcon.colcon_core.package_identification:_identify(TG620/robot_state_machine) by extensions ['colcon_meta']
[0.186s] Level 1:colcon.colcon_core.package_identification:_identify(TG620/robot_state_machine) by extension 'colcon_meta'
[0.186s] Level 1:colcon.colcon_core.package_identification:_identify(TG620/robot_state_machine) by extensions ['ros']
[0.186s] Level 1:colcon.colcon_core.package_identification:_identify(TG620/robot_state_machine) by extension 'ros'
[0.186s] DEBUG:colcon.colcon_core.package_identification:Package 'TG620/robot_state_machine' with type 'ros.ament_cmake' and name 'robot_state_machine'
[0.186s] Level 1:colcon.colcon_core.package_identification:_identify(TG620/robot_test_py) by extensions ['ignore', 'ignore_ament_install']
[0.186s] Level 1:colcon.colcon_core.package_identification:_identify(TG620/robot_test_py) by extension 'ignore'
[0.186s] Level 1:colcon.colcon_core.package_identification:_identify(TG620/robot_test_py) by extension 'ignore_ament_install'
[0.186s] Level 1:colcon.colcon_core.package_identification:_identify(TG620/robot_test_py) by extensions ['colcon_pkg']
[0.186s] Level 1:colcon.colcon_core.package_identification:_identify(TG620/robot_test_py) by extension 'colcon_pkg'
[0.186s] Level 1:colcon.colcon_core.package_identification:_identify(TG620/robot_test_py) by extensions ['colcon_meta']
[0.186s] Level 1:colcon.colcon_core.package_identification:_identify(TG620/robot_test_py) by extension 'colcon_meta'
[0.186s] Level 1:colcon.colcon_core.package_identification:_identify(TG620/robot_test_py) by extensions ['ros']
[0.186s] Level 1:colcon.colcon_core.package_identification:_identify(TG620/robot_test_py) by extension 'ros'
[0.187s] DEBUG:colcon.colcon_core.package_identification:Package 'TG620/robot_test_py' with type 'ros.ament_python' and name 'robot_test_py'
[0.187s] Level 1:colcon.colcon_core.package_identification:_identify(TG620/robot_virtual_fence) by extensions ['ignore', 'ignore_ament_install']
[0.187s] Level 1:colcon.colcon_core.package_identification:_identify(TG620/robot_virtual_fence) by extension 'ignore'
[0.187s] Level 1:colcon.colcon_core.package_identification:_identify(TG620/robot_virtual_fence) by extension 'ignore_ament_install'
[0.187s] Level 1:colcon.colcon_core.package_identification:_identify(TG620/robot_virtual_fence) by extensions ['colcon_pkg']
[0.187s] Level 1:colcon.colcon_core.package_identification:_identify(TG620/robot_virtual_fence) by extension 'colcon_pkg'
[0.187s] Level 1:colcon.colcon_core.package_identification:_identify(TG620/robot_virtual_fence) by extensions ['colcon_meta']
[0.187s] Level 1:colcon.colcon_core.package_identification:_identify(TG620/robot_virtual_fence) by extension 'colcon_meta'
[0.187s] Level 1:colcon.colcon_core.package_identification:_identify(TG620/robot_virtual_fence) by extensions ['ros']
[0.187s] Level 1:colcon.colcon_core.package_identification:_identify(TG620/robot_virtual_fence) by extension 'ros'
[0.187s] DEBUG:colcon.colcon_core.package_identification:Package 'TG620/robot_virtual_fence' with type 'ros.ament_cmake' and name 'robot_virtual_fence'
[0.187s] Level 1:colcon.colcon_core.package_identification:_identify(TG620/ros2_socketcan) by extensions ['ignore', 'ignore_ament_install']
[0.187s] Level 1:colcon.colcon_core.package_identification:_identify(TG620/ros2_socketcan) by extension 'ignore'
[0.187s] Level 1:colcon.colcon_core.package_identification:_identify(TG620/ros2_socketcan) by extension 'ignore_ament_install'
[0.187s] Level 1:colcon.colcon_core.package_identification:_identify(TG620/ros2_socketcan) by extensions ['colcon_pkg']
[0.187s] Level 1:colcon.colcon_core.package_identification:_identify(TG620/ros2_socketcan) by extension 'colcon_pkg'
[0.187s] Level 1:colcon.colcon_core.package_identification:_identify(TG620/ros2_socketcan) by extensions ['colcon_meta']
[0.187s] Level 1:colcon.colcon_core.package_identification:_identify(TG620/ros2_socketcan) by extension 'colcon_meta'
[0.188s] Level 1:colcon.colcon_core.package_identification:_identify(TG620/ros2_socketcan) by extensions ['ros']
[0.188s] Level 1:colcon.colcon_core.package_identification:_identify(TG620/ros2_socketcan) by extension 'ros'
[0.188s] Level 1:colcon.colcon_core.package_identification:_identify(TG620/ros2_socketcan) by extensions ['cmake', 'python']
[0.188s] Level 1:colcon.colcon_core.package_identification:_identify(TG620/ros2_socketcan) by extension 'cmake'
[0.188s] Level 1:colcon.colcon_core.package_identification:_identify(TG620/ros2_socketcan) by extension 'python'
[0.188s] Level 1:colcon.colcon_core.package_identification:_identify(TG620/ros2_socketcan) by extensions ['python_setup_py']
[0.188s] Level 1:colcon.colcon_core.package_identification:_identify(TG620/ros2_socketcan) by extension 'python_setup_py'
[0.188s] Level 1:colcon.colcon_core.package_identification:_identify(TG620/ros2_socketcan/ros2_socketcan) by extensions ['ignore', 'ignore_ament_install']
[0.188s] Level 1:colcon.colcon_core.package_identification:_identify(TG620/ros2_socketcan/ros2_socketcan) by extension 'ignore'
[0.188s] Level 1:colcon.colcon_core.package_identification:_identify(TG620/ros2_socketcan/ros2_socketcan) by extension 'ignore_ament_install'
[0.188s] Level 1:colcon.colcon_core.package_identification:_identify(TG620/ros2_socketcan/ros2_socketcan) by extensions ['colcon_pkg']
[0.188s] Level 1:colcon.colcon_core.package_identification:_identify(TG620/ros2_socketcan/ros2_socketcan) by extension 'colcon_pkg'
[0.188s] Level 1:colcon.colcon_core.package_identification:_identify(TG620/ros2_socketcan/ros2_socketcan) by extensions ['colcon_meta']
[0.188s] Level 1:colcon.colcon_core.package_identification:_identify(TG620/ros2_socketcan/ros2_socketcan) by extension 'colcon_meta'
[0.188s] Level 1:colcon.colcon_core.package_identification:_identify(TG620/ros2_socketcan/ros2_socketcan) by extensions ['ros']
[0.188s] Level 1:colcon.colcon_core.package_identification:_identify(TG620/ros2_socketcan/ros2_socketcan) by extension 'ros'
[0.188s] DEBUG:colcon.colcon_core.package_identification:Package 'TG620/ros2_socketcan/ros2_socketcan' with type 'ros.ament_cmake' and name 'ros2_socketcan'
[0.188s] Level 1:colcon.colcon_core.package_identification:_identify(TG620/ros2_socketcan/ros2_socketcan_msgs) by extensions ['ignore', 'ignore_ament_install']
[0.189s] Level 1:colcon.colcon_core.package_identification:_identify(TG620/ros2_socketcan/ros2_socketcan_msgs) by extension 'ignore'
[0.189s] Level 1:colcon.colcon_core.package_identification:_identify(TG620/ros2_socketcan/ros2_socketcan_msgs) by extension 'ignore_ament_install'
[0.189s] Level 1:colcon.colcon_core.package_identification:_identify(TG620/ros2_socketcan/ros2_socketcan_msgs) by extensions ['colcon_pkg']
[0.189s] Level 1:colcon.colcon_core.package_identification:_identify(TG620/ros2_socketcan/ros2_socketcan_msgs) by extension 'colcon_pkg'
[0.189s] Level 1:colcon.colcon_core.package_identification:_identify(TG620/ros2_socketcan/ros2_socketcan_msgs) by extensions ['colcon_meta']
[0.189s] Level 1:colcon.colcon_core.package_identification:_identify(TG620/ros2_socketcan/ros2_socketcan_msgs) by extension 'colcon_meta'
[0.189s] Level 1:colcon.colcon_core.package_identification:_identify(TG620/ros2_socketcan/ros2_socketcan_msgs) by extensions ['ros']
[0.189s] Level 1:colcon.colcon_core.package_identification:_identify(TG620/ros2_socketcan/ros2_socketcan_msgs) by extension 'ros'
[0.189s] DEBUG:colcon.colcon_core.package_identification:Package 'TG620/ros2_socketcan/ros2_socketcan_msgs' with type 'ros.ament_cmake' and name 'ros2_socketcan_msgs'
[0.189s] Level 1:colcon.colcon_core.package_identification:_identify(TG620/traj_smoother_py) by extensions ['ignore', 'ignore_ament_install']
[0.189s] Level 1:colcon.colcon_core.package_identification:_identify(TG620/traj_smoother_py) by extension 'ignore'
[0.189s] Level 1:colcon.colcon_core.package_identification:_identify(TG620/traj_smoother_py) by extension 'ignore_ament_install'
[0.189s] Level 1:colcon.colcon_core.package_identification:_identify(TG620/traj_smoother_py) by extensions ['colcon_pkg']
[0.189s] Level 1:colcon.colcon_core.package_identification:_identify(TG620/traj_smoother_py) by extension 'colcon_pkg'
[0.189s] Level 1:colcon.colcon_core.package_identification:_identify(TG620/traj_smoother_py) by extensions ['colcon_meta']
[0.189s] Level 1:colcon.colcon_core.package_identification:_identify(TG620/traj_smoother_py) by extension 'colcon_meta'
[0.189s] Level 1:colcon.colcon_core.package_identification:_identify(TG620/traj_smoother_py) by extensions ['ros']
[0.189s] Level 1:colcon.colcon_core.package_identification:_identify(TG620/traj_smoother_py) by extension 'ros'
[0.190s] DEBUG:colcon.colcon_core.package_identification:Package 'TG620/traj_smoother_py' with type 'ros.ament_python' and name 'traj_smoother_py'
[0.190s] Level 1:colcon.colcon_core.package_identification:_identify(build) by extensions ['ignore', 'ignore_ament_install']
[0.190s] Level 1:colcon.colcon_core.package_identification:_identify(build) by extension 'ignore'
[0.190s] Level 1:colcon.colcon_core.package_identification:_identify(build) ignored
[0.190s] Level 1:colcon.colcon_core.package_identification:_identify(install) by extensions ['ignore', 'ignore_ament_install']
[0.190s] Level 1:colcon.colcon_core.package_identification:_identify(install) by extension 'ignore'
[0.190s] Level 1:colcon.colcon_core.package_identification:_identify(install) ignored
[0.190s] Level 1:colcon.colcon_core.package_identification:_identify(log) by extensions ['ignore', 'ignore_ament_install']
[0.190s] Level 1:colcon.colcon_core.package_identification:_identify(log) by extension 'ignore'
[0.190s] Level 1:colcon.colcon_core.package_identification:_identify(log) ignored
[0.190s] Level 1:colcon.colcon_core.package_identification:_identify(moveit2_calibration) by extensions ['ignore', 'ignore_ament_install']
[0.190s] Level 1:colcon.colcon_core.package_identification:_identify(moveit2_calibration) by extension 'ignore'
[0.190s] Level 1:colcon.colcon_core.package_identification:_identify(moveit2_calibration) by extension 'ignore_ament_install'
[0.190s] Level 1:colcon.colcon_core.package_identification:_identify(moveit2_calibration) by extensions ['colcon_pkg']
[0.190s] Level 1:colcon.colcon_core.package_identification:_identify(moveit2_calibration) by extension 'colcon_pkg'
[0.190s] Level 1:colcon.colcon_core.package_identification:_identify(moveit2_calibration) by extensions ['colcon_meta']
[0.190s] Level 1:colcon.colcon_core.package_identification:_identify(moveit2_calibration) by extension 'colcon_meta'
[0.190s] Level 1:colcon.colcon_core.package_identification:_identify(moveit2_calibration) by extensions ['ros']
[0.190s] Level 1:colcon.colcon_core.package_identification:_identify(moveit2_calibration) by extension 'ros'
[0.190s] Level 1:colcon.colcon_core.package_identification:_identify(moveit2_calibration) by extensions ['cmake', 'python']
[0.190s] Level 1:colcon.colcon_core.package_identification:_identify(moveit2_calibration) by extension 'cmake'
[0.190s] Level 1:colcon.colcon_core.package_identification:_identify(moveit2_calibration) by extension 'python'
[0.190s] Level 1:colcon.colcon_core.package_identification:_identify(moveit2_calibration) by extensions ['python_setup_py']
[0.190s] Level 1:colcon.colcon_core.package_identification:_identify(moveit2_calibration) by extension 'python_setup_py'
[0.190s] Level 1:colcon.colcon_core.package_identification:_identify(moveit2_calibration/moveit_calibration_demos) by extensions ['ignore', 'ignore_ament_install']
[0.190s] Level 1:colcon.colcon_core.package_identification:_identify(moveit2_calibration/moveit_calibration_demos) by extension 'ignore'
[0.190s] Level 1:colcon.colcon_core.package_identification:_identify(moveit2_calibration/moveit_calibration_demos) by extension 'ignore_ament_install'
[0.190s] Level 1:colcon.colcon_core.package_identification:_identify(moveit2_calibration/moveit_calibration_demos) by extensions ['colcon_pkg']
[0.190s] Level 1:colcon.colcon_core.package_identification:_identify(moveit2_calibration/moveit_calibration_demos) by extension 'colcon_pkg'
[0.190s] Level 1:colcon.colcon_core.package_identification:_identify(moveit2_calibration/moveit_calibration_demos) by extensions ['colcon_meta']
[0.190s] Level 1:colcon.colcon_core.package_identification:_identify(moveit2_calibration/moveit_calibration_demos) by extension 'colcon_meta'
[0.190s] Level 1:colcon.colcon_core.package_identification:_identify(moveit2_calibration/moveit_calibration_demos) by extensions ['ros']
[0.190s] Level 1:colcon.colcon_core.package_identification:_identify(moveit2_calibration/moveit_calibration_demos) by extension 'ros'
[0.191s] DEBUG:colcon.colcon_core.package_identification:Package 'moveit2_calibration/moveit_calibration_demos' with type 'ros.ament_cmake' and name 'moveit_calibration_demos'
[0.191s] Level 1:colcon.colcon_core.package_identification:_identify(moveit2_calibration/moveit_calibration_gui) by extensions ['ignore', 'ignore_ament_install']
[0.191s] Level 1:colcon.colcon_core.package_identification:_identify(moveit2_calibration/moveit_calibration_gui) by extension 'ignore'
[0.191s] Level 1:colcon.colcon_core.package_identification:_identify(moveit2_calibration/moveit_calibration_gui) by extension 'ignore_ament_install'
[0.191s] Level 1:colcon.colcon_core.package_identification:_identify(moveit2_calibration/moveit_calibration_gui) by extensions ['colcon_pkg']
[0.191s] Level 1:colcon.colcon_core.package_identification:_identify(moveit2_calibration/moveit_calibration_gui) by extension 'colcon_pkg'
[0.191s] Level 1:colcon.colcon_core.package_identification:_identify(moveit2_calibration/moveit_calibration_gui) by extensions ['colcon_meta']
[0.191s] Level 1:colcon.colcon_core.package_identification:_identify(moveit2_calibration/moveit_calibration_gui) by extension 'colcon_meta'
[0.191s] Level 1:colcon.colcon_core.package_identification:_identify(moveit2_calibration/moveit_calibration_gui) by extensions ['ros']
[0.191s] Level 1:colcon.colcon_core.package_identification:_identify(moveit2_calibration/moveit_calibration_gui) by extension 'ros'
[0.192s] DEBUG:colcon.colcon_core.package_identification:Package 'moveit2_calibration/moveit_calibration_gui' with type 'ros.ament_cmake' and name 'moveit_calibration_gui'
[0.192s] Level 1:colcon.colcon_core.package_identification:_identify(moveit2_calibration/moveit_calibration_plugins) by extensions ['ignore', 'ignore_ament_install']
[0.192s] Level 1:colcon.colcon_core.package_identification:_identify(moveit2_calibration/moveit_calibration_plugins) by extension 'ignore'
[0.192s] Level 1:colcon.colcon_core.package_identification:_identify(moveit2_calibration/moveit_calibration_plugins) by extension 'ignore_ament_install'
[0.192s] Level 1:colcon.colcon_core.package_identification:_identify(moveit2_calibration/moveit_calibration_plugins) by extensions ['colcon_pkg']
[0.192s] Level 1:colcon.colcon_core.package_identification:_identify(moveit2_calibration/moveit_calibration_plugins) by extension 'colcon_pkg'
[0.192s] Level 1:colcon.colcon_core.package_identification:_identify(moveit2_calibration/moveit_calibration_plugins) by extensions ['colcon_meta']
[0.192s] Level 1:colcon.colcon_core.package_identification:_identify(moveit2_calibration/moveit_calibration_plugins) by extension 'colcon_meta'
[0.192s] Level 1:colcon.colcon_core.package_identification:_identify(moveit2_calibration/moveit_calibration_plugins) by extensions ['ros']
[0.192s] Level 1:colcon.colcon_core.package_identification:_identify(moveit2_calibration/moveit_calibration_plugins) by extension 'ros'
[0.193s] DEBUG:colcon.colcon_core.package_identification:Package 'moveit2_calibration/moveit_calibration_plugins' with type 'ros.ament_cmake' and name 'moveit_calibration_plugins'
[0.193s] Level 1:colcon.colcon_core.package_discovery:discover_packages(recursive) using defaults
[0.193s] Level 1:colcon.colcon_core.package_discovery:discover_packages(ignore) discover
[0.193s] Level 1:colcon.colcon_core.package_discovery:discover_packages(ignore) using defaults
[0.193s] Level 1:colcon.colcon_core.package_discovery:discover_packages(path) discover
[0.193s] Level 1:colcon.colcon_core.package_discovery:discover_packages(path) using defaults
[0.208s] Level 1:colcon.colcon_core.package_discovery:discover_packages(prefix_path) check parameters
[0.208s] Level 1:colcon.colcon_core.package_discovery:discover_packages(prefix_path) discover
[0.209s] DEBUG:colcon.colcon_installed_package_information.package_discovery:Found 21 installed packages in /home/w/work/moveit2_handeye_calib/install
[0.210s] DEBUG:colcon.colcon_installed_package_information.package_discovery:Found 3 installed packages in /home/w/work/trac_ik_ws/install
[0.211s] DEBUG:colcon.colcon_installed_package_information.package_discovery:Found 364 installed packages in /opt/ros/humble
[0.212s] Level 1:colcon.colcon_core.package_discovery:discover_packages(prefix_path) using defaults
[0.237s] Level 5:colcon.colcon_core.verb:set package 'moveit_calibration_plugins' build argument 'cmake_args' from command line to 'None'
[0.237s] Level 5:colcon.colcon_core.verb:set package 'moveit_calibration_plugins' build argument 'cmake_target' from command line to 'None'
[0.237s] Level 5:colcon.colcon_core.verb:set package 'moveit_calibration_plugins' build argument 'cmake_target_skip_unavailable' from command line to 'False'
[0.237s] Level 5:colcon.colcon_core.verb:set package 'moveit_calibration_plugins' build argument 'cmake_clean_cache' from command line to 'False'
[0.237s] Level 5:colcon.colcon_core.verb:set package 'moveit_calibration_plugins' build argument 'cmake_clean_first' from command line to 'False'
[0.237s] Level 5:colcon.colcon_core.verb:set package 'moveit_calibration_plugins' build argument 'cmake_force_configure' from command line to 'False'
[0.237s] Level 5:colcon.colcon_core.verb:set package 'moveit_calibration_plugins' build argument 'ament_cmake_args' from command line to 'None'
[0.237s] Level 5:colcon.colcon_core.verb:set package 'moveit_calibration_plugins' build argument 'catkin_cmake_args' from command line to 'None'
[0.237s] Level 5:colcon.colcon_core.verb:set package 'moveit_calibration_plugins' build argument 'catkin_skip_building_tests' from command line to 'False'
[0.237s] DEBUG:colcon.colcon_core.verb:Building package 'moveit_calibration_plugins' with the following arguments: {'ament_cmake_args': None, 'build_base': '/home/w/work/moveit2_handeye_calib/build/moveit_calibration_plugins', 'catkin_cmake_args': None, 'catkin_skip_building_tests': False, 'cmake_args': None, 'cmake_clean_cache': False, 'cmake_clean_first': False, 'cmake_force_configure': False, 'cmake_target': None, 'cmake_target_skip_unavailable': False, 'install_base': '/home/w/work/moveit2_handeye_calib/install/moveit_calibration_plugins', 'merge_install': False, 'path': '/home/w/work/moveit2_handeye_calib/moveit2_calibration/moveit_calibration_plugins', 'symlink_install': False, 'test_result_base': None}
[0.237s] Level 5:colcon.colcon_core.verb:set package 'robot_bringup' build argument 'cmake_args' from command line to 'None'
[0.237s] Level 5:colcon.colcon_core.verb:set package 'robot_bringup' build argument 'cmake_target' from command line to 'None'
[0.237s] Level 5:colcon.colcon_core.verb:set package 'robot_bringup' build argument 'cmake_target_skip_unavailable' from command line to 'False'
[0.237s] Level 5:colcon.colcon_core.verb:set package 'robot_bringup' build argument 'cmake_clean_cache' from command line to 'False'
[0.237s] Level 5:colcon.colcon_core.verb:set package 'robot_bringup' build argument 'cmake_clean_first' from command line to 'False'
[0.237s] Level 5:colcon.colcon_core.verb:set package 'robot_bringup' build argument 'cmake_force_configure' from command line to 'False'
[0.237s] Level 5:colcon.colcon_core.verb:set package 'robot_bringup' build argument 'ament_cmake_args' from command line to 'None'
[0.237s] Level 5:colcon.colcon_core.verb:set package 'robot_bringup' build argument 'catkin_cmake_args' from command line to 'None'
[0.237s] Level 5:colcon.colcon_core.verb:set package 'robot_bringup' build argument 'catkin_skip_building_tests' from command line to 'False'
[0.237s] DEBUG:colcon.colcon_core.verb:Building package 'robot_bringup' with the following arguments: {'ament_cmake_args': None, 'build_base': '/home/w/work/moveit2_handeye_calib/build/robot_bringup', 'catkin_cmake_args': None, 'catkin_skip_building_tests': False, 'cmake_args': None, 'cmake_clean_cache': False, 'cmake_clean_first': False, 'cmake_force_configure': False, 'cmake_target': None, 'cmake_target_skip_unavailable': False, 'install_base': '/home/w/work/moveit2_handeye_calib/install/robot_bringup', 'merge_install': False, 'path': '/home/w/work/moveit2_handeye_calib/TG620/robot_bringup', 'symlink_install': False, 'test_result_base': None}
[0.237s] Level 5:colcon.colcon_core.verb:set package 'robot_description' build argument 'cmake_args' from command line to 'None'
[0.237s] Level 5:colcon.colcon_core.verb:set package 'robot_description' build argument 'cmake_target' from command line to 'None'
[0.237s] Level 5:colcon.colcon_core.verb:set package 'robot_description' build argument 'cmake_target_skip_unavailable' from command line to 'False'
[0.237s] Level 5:colcon.colcon_core.verb:set package 'robot_description' build argument 'cmake_clean_cache' from command line to 'False'
[0.237s] Level 5:colcon.colcon_core.verb:set package 'robot_description' build argument 'cmake_clean_first' from command line to 'False'
[0.237s] Level 5:colcon.colcon_core.verb:set package 'robot_description' build argument 'cmake_force_configure' from command line to 'False'
[0.237s] Level 5:colcon.colcon_core.verb:set package 'robot_description' build argument 'ament_cmake_args' from command line to 'None'
[0.237s] Level 5:colcon.colcon_core.verb:set package 'robot_description' build argument 'catkin_cmake_args' from command line to 'None'
[0.237s] Level 5:colcon.colcon_core.verb:set package 'robot_description' build argument 'catkin_skip_building_tests' from command line to 'False'
[0.237s] DEBUG:colcon.colcon_core.verb:Building package 'robot_description' with the following arguments: {'ament_cmake_args': None, 'build_base': '/home/w/work/moveit2_handeye_calib/build/robot_description', 'catkin_cmake_args': None, 'catkin_skip_building_tests': False, 'cmake_args': None, 'cmake_clean_cache': False, 'cmake_clean_first': False, 'cmake_force_configure': False, 'cmake_target': None, 'cmake_target_skip_unavailable': False, 'install_base': '/home/w/work/moveit2_handeye_calib/install/robot_description', 'merge_install': False, 'path': '/home/w/work/moveit2_handeye_calib/TG620/robot_description', 'symlink_install': False, 'test_result_base': None}
[0.238s] Level 5:colcon.colcon_core.verb:set package 'robot_dynamics' build argument 'cmake_args' from command line to 'None'
[0.238s] Level 5:colcon.colcon_core.verb:set package 'robot_dynamics' build argument 'cmake_target' from command line to 'None'
[0.238s] Level 5:colcon.colcon_core.verb:set package 'robot_dynamics' build argument 'cmake_target_skip_unavailable' from command line to 'False'
[0.238s] Level 5:colcon.colcon_core.verb:set package 'robot_dynamics' build argument 'cmake_clean_cache' from command line to 'False'
[0.238s] Level 5:colcon.colcon_core.verb:set package 'robot_dynamics' build argument 'cmake_clean_first' from command line to 'False'
[0.238s] Level 5:colcon.colcon_core.verb:set package 'robot_dynamics' build argument 'cmake_force_configure' from command line to 'False'
[0.238s] Level 5:colcon.colcon_core.verb:set package 'robot_dynamics' build argument 'ament_cmake_args' from command line to 'None'
[0.238s] Level 5:colcon.colcon_core.verb:set package 'robot_dynamics' build argument 'catkin_cmake_args' from command line to 'None'
[0.238s] Level 5:colcon.colcon_core.verb:set package 'robot_dynamics' build argument 'catkin_skip_building_tests' from command line to 'False'
[0.238s] DEBUG:colcon.colcon_core.verb:Building package 'robot_dynamics' with the following arguments: {'ament_cmake_args': None, 'build_base': '/home/w/work/moveit2_handeye_calib/build/robot_dynamics', 'catkin_cmake_args': None, 'catkin_skip_building_tests': False, 'cmake_args': None, 'cmake_clean_cache': False, 'cmake_clean_first': False, 'cmake_force_configure': False, 'cmake_target': None, 'cmake_target_skip_unavailable': False, 'install_base': '/home/w/work/moveit2_handeye_calib/install/robot_dynamics', 'merge_install': False, 'path': '/home/w/work/moveit2_handeye_calib/TG620/robot_dynamics', 'symlink_install': False, 'test_result_base': None}
[0.238s] Level 5:colcon.colcon_core.verb:set package 'robot_interfaces' build argument 'cmake_args' from command line to 'None'
[0.238s] Level 5:colcon.colcon_core.verb:set package 'robot_interfaces' build argument 'cmake_target' from command line to 'None'
[0.238s] Level 5:colcon.colcon_core.verb:set package 'robot_interfaces' build argument 'cmake_target_skip_unavailable' from command line to 'False'
[0.238s] Level 5:colcon.colcon_core.verb:set package 'robot_interfaces' build argument 'cmake_clean_cache' from command line to 'False'
[0.238s] Level 5:colcon.colcon_core.verb:set package 'robot_interfaces' build argument 'cmake_clean_first' from command line to 'False'
[0.238s] Level 5:colcon.colcon_core.verb:set package 'robot_interfaces' build argument 'cmake_force_configure' from command line to 'False'
[0.238s] Level 5:colcon.colcon_core.verb:set package 'robot_interfaces' build argument 'ament_cmake_args' from command line to 'None'
[0.238s] Level 5:colcon.colcon_core.verb:set package 'robot_interfaces' build argument 'catkin_cmake_args' from command line to 'None'
[0.238s] Level 5:colcon.colcon_core.verb:set package 'robot_interfaces' build argument 'catkin_skip_building_tests' from command line to 'False'
[0.238s] DEBUG:colcon.colcon_core.verb:Building package 'robot_interfaces' with the following arguments: {'ament_cmake_args': None, 'build_base': '/home/w/work/moveit2_handeye_calib/build/robot_interfaces', 'catkin_cmake_args': None, 'catkin_skip_building_tests': False, 'cmake_args': None, 'cmake_clean_cache': False, 'cmake_clean_first': False, 'cmake_force_configure': False, 'cmake_target': None, 'cmake_target_skip_unavailable': False, 'install_base': '/home/w/work/moveit2_handeye_calib/install/robot_interfaces', 'merge_install': False, 'path': '/home/w/work/moveit2_handeye_calib/TG620/robot_interfaces', 'symlink_install': False, 'test_result_base': None}
[0.238s] Level 5:colcon.colcon_core.verb:set package 'robot_virtual_fence' build argument 'cmake_args' from command line to 'None'
[0.238s] Level 5:colcon.colcon_core.verb:set package 'robot_virtual_fence' build argument 'cmake_target' from command line to 'None'
[0.238s] Level 5:colcon.colcon_core.verb:set package 'robot_virtual_fence' build argument 'cmake_target_skip_unavailable' from command line to 'False'
[0.238s] Level 5:colcon.colcon_core.verb:set package 'robot_virtual_fence' build argument 'cmake_clean_cache' from command line to 'False'
[0.238s] Level 5:colcon.colcon_core.verb:set package 'robot_virtual_fence' build argument 'cmake_clean_first' from command line to 'False'
[0.238s] Level 5:colcon.colcon_core.verb:set package 'robot_virtual_fence' build argument 'cmake_force_configure' from command line to 'False'
[0.238s] Level 5:colcon.colcon_core.verb:set package 'robot_virtual_fence' build argument 'ament_cmake_args' from command line to 'None'
[0.238s] Level 5:colcon.colcon_core.verb:set package 'robot_virtual_fence' build argument 'catkin_cmake_args' from command line to 'None'
[0.238s] Level 5:colcon.colcon_core.verb:set package 'robot_virtual_fence' build argument 'catkin_skip_building_tests' from command line to 'False'
[0.238s] DEBUG:colcon.colcon_core.verb:Building package 'robot_virtual_fence' with the following arguments: {'ament_cmake_args': None, 'build_base': '/home/w/work/moveit2_handeye_calib/build/robot_virtual_fence', 'catkin_cmake_args': None, 'catkin_skip_building_tests': False, 'cmake_args': None, 'cmake_clean_cache': False, 'cmake_clean_first': False, 'cmake_force_configure': False, 'cmake_target': None, 'cmake_target_skip_unavailable': False, 'install_base': '/home/w/work/moveit2_handeye_calib/install/robot_virtual_fence', 'merge_install': False, 'path': '/home/w/work/moveit2_handeye_calib/TG620/robot_virtual_fence', 'symlink_install': False, 'test_result_base': None}
[0.238s] Level 5:colcon.colcon_core.verb:set package 'ros2_socketcan_msgs' build argument 'cmake_args' from command line to 'None'
[0.238s] Level 5:colcon.colcon_core.verb:set package 'ros2_socketcan_msgs' build argument 'cmake_target' from command line to 'None'
[0.238s] Level 5:colcon.colcon_core.verb:set package 'ros2_socketcan_msgs' build argument 'cmake_target_skip_unavailable' from command line to 'False'
[0.238s] Level 5:colcon.colcon_core.verb:set package 'ros2_socketcan_msgs' build argument 'cmake_clean_cache' from command line to 'False'
[0.238s] Level 5:colcon.colcon_core.verb:set package 'ros2_socketcan_msgs' build argument 'cmake_clean_first' from command line to 'False'
[0.239s] Level 5:colcon.colcon_core.verb:set package 'ros2_socketcan_msgs' build argument 'cmake_force_configure' from command line to 'False'
[0.239s] Level 5:colcon.colcon_core.verb:set package 'ros2_socketcan_msgs' build argument 'ament_cmake_args' from command line to 'None'
[0.239s] Level 5:colcon.colcon_core.verb:set package 'ros2_socketcan_msgs' build argument 'catkin_cmake_args' from command line to 'None'
[0.239s] Level 5:colcon.colcon_core.verb:set package 'ros2_socketcan_msgs' build argument 'catkin_skip_building_tests' from command line to 'False'
[0.239s] DEBUG:colcon.colcon_core.verb:Building package 'ros2_socketcan_msgs' with the following arguments: {'ament_cmake_args': None, 'build_base': '/home/w/work/moveit2_handeye_calib/build/ros2_socketcan_msgs', 'catkin_cmake_args': None, 'catkin_skip_building_tests': False, 'cmake_args': None, 'cmake_clean_cache': False, 'cmake_clean_first': False, 'cmake_force_configure': False, 'cmake_target': None, 'cmake_target_skip_unavailable': False, 'install_base': '/home/w/work/moveit2_handeye_calib/install/ros2_socketcan_msgs', 'merge_install': False, 'path': '/home/w/work/moveit2_handeye_calib/TG620/ros2_socketcan/ros2_socketcan_msgs', 'symlink_install': False, 'test_result_base': None}
[0.239s] Level 5:colcon.colcon_core.verb:set package 'traj_smoother_py' build argument 'cmake_args' from command line to 'None'
[0.239s] Level 5:colcon.colcon_core.verb:set package 'traj_smoother_py' build argument 'cmake_target' from command line to 'None'
[0.239s] Level 5:colcon.colcon_core.verb:set package 'traj_smoother_py' build argument 'cmake_target_skip_unavailable' from command line to 'False'
[0.239s] Level 5:colcon.colcon_core.verb:set package 'traj_smoother_py' build argument 'cmake_clean_cache' from command line to 'False'
[0.239s] Level 5:colcon.colcon_core.verb:set package 'traj_smoother_py' build argument 'cmake_clean_first' from command line to 'False'
[0.239s] Level 5:colcon.colcon_core.verb:set package 'traj_smoother_py' build argument 'cmake_force_configure' from command line to 'False'
[0.239s] Level 5:colcon.colcon_core.verb:set package 'traj_smoother_py' build argument 'ament_cmake_args' from command line to 'None'
[0.239s] Level 5:colcon.colcon_core.verb:set package 'traj_smoother_py' build argument 'catkin_cmake_args' from command line to 'None'
[0.239s] Level 5:colcon.colcon_core.verb:set package 'traj_smoother_py' build argument 'catkin_skip_building_tests' from command line to 'False'
[0.239s] DEBUG:colcon.colcon_core.verb:Building package 'traj_smoother_py' with the following arguments: {'ament_cmake_args': None, 'build_base': '/home/w/work/moveit2_handeye_calib/build/traj_smoother_py', 'catkin_cmake_args': None, 'catkin_skip_building_tests': False, 'cmake_args': None, 'cmake_clean_cache': False, 'cmake_clean_first': False, 'cmake_force_configure': False, 'cmake_target': None, 'cmake_target_skip_unavailable': False, 'install_base': '/home/w/work/moveit2_handeye_calib/install/traj_smoother_py', 'merge_install': False, 'path': '/home/w/work/moveit2_handeye_calib/TG620/traj_smoother_py', 'symlink_install': False, 'test_result_base': None}
[0.239s] Level 5:colcon.colcon_core.verb:set package 'arm380_config' build argument 'cmake_args' from command line to 'None'
[0.239s] Level 5:colcon.colcon_core.verb:set package 'arm380_config' build argument 'cmake_target' from command line to 'None'
[0.239s] Level 5:colcon.colcon_core.verb:set package 'arm380_config' build argument 'cmake_target_skip_unavailable' from command line to 'False'
[0.239s] Level 5:colcon.colcon_core.verb:set package 'arm380_config' build argument 'cmake_clean_cache' from command line to 'False'
[0.239s] Level 5:colcon.colcon_core.verb:set package 'arm380_config' build argument 'cmake_clean_first' from command line to 'False'
[0.239s] Level 5:colcon.colcon_core.verb:set package 'arm380_config' build argument 'cmake_force_configure' from command line to 'False'
[0.239s] Level 5:colcon.colcon_core.verb:set package 'arm380_config' build argument 'ament_cmake_args' from command line to 'None'
[0.239s] Level 5:colcon.colcon_core.verb:set package 'arm380_config' build argument 'catkin_cmake_args' from command line to 'None'
[0.239s] Level 5:colcon.colcon_core.verb:set package 'arm380_config' build argument 'catkin_skip_building_tests' from command line to 'False'
[0.239s] DEBUG:colcon.colcon_core.verb:Building package 'arm380_config' with the following arguments: {'ament_cmake_args': None, 'build_base': '/home/w/work/moveit2_handeye_calib/build/arm380_config', 'catkin_cmake_args': None, 'catkin_skip_building_tests': False, 'cmake_args': None, 'cmake_clean_cache': False, 'cmake_clean_first': False, 'cmake_force_configure': False, 'cmake_target': None, 'cmake_target_skip_unavailable': False, 'install_base': '/home/w/work/moveit2_handeye_calib/install/arm380_config', 'merge_install': False, 'path': '/home/w/work/moveit2_handeye_calib/TG620/robot_config/arm380_config', 'symlink_install': False, 'test_result_base': None}
[0.239s] Level 5:colcon.colcon_core.verb:set package 'arm620_config' build argument 'cmake_args' from command line to 'None'
[0.239s] Level 5:colcon.colcon_core.verb:set package 'arm620_config' build argument 'cmake_target' from command line to 'None'
[0.239s] Level 5:colcon.colcon_core.verb:set package 'arm620_config' build argument 'cmake_target_skip_unavailable' from command line to 'False'
[0.239s] Level 5:colcon.colcon_core.verb:set package 'arm620_config' build argument 'cmake_clean_cache' from command line to 'False'
[0.239s] Level 5:colcon.colcon_core.verb:set package 'arm620_config' build argument 'cmake_clean_first' from command line to 'False'
[0.239s] Level 5:colcon.colcon_core.verb:set package 'arm620_config' build argument 'cmake_force_configure' from command line to 'False'
[0.239s] Level 5:colcon.colcon_core.verb:set package 'arm620_config' build argument 'ament_cmake_args' from command line to 'None'
[0.239s] Level 5:colcon.colcon_core.verb:set package 'arm620_config' build argument 'catkin_cmake_args' from command line to 'None'
[0.239s] Level 5:colcon.colcon_core.verb:set package 'arm620_config' build argument 'catkin_skip_building_tests' from command line to 'False'
[0.239s] DEBUG:colcon.colcon_core.verb:Building package 'arm620_config' with the following arguments: {'ament_cmake_args': None, 'build_base': '/home/w/work/moveit2_handeye_calib/build/arm620_config', 'catkin_cmake_args': None, 'catkin_skip_building_tests': False, 'cmake_args': None, 'cmake_clean_cache': False, 'cmake_clean_first': False, 'cmake_force_configure': False, 'cmake_target': None, 'cmake_target_skip_unavailable': False, 'install_base': '/home/w/work/moveit2_handeye_calib/install/arm620_config', 'merge_install': False, 'path': '/home/w/work/moveit2_handeye_calib/TG620/robot_config/arm620_config', 'symlink_install': False, 'test_result_base': None}
[0.240s] Level 5:colcon.colcon_core.verb:set package 'arm620_dh_config' build argument 'cmake_args' from command line to 'None'
[0.240s] Level 5:colcon.colcon_core.verb:set package 'arm620_dh_config' build argument 'cmake_target' from command line to 'None'
[0.240s] Level 5:colcon.colcon_core.verb:set package 'arm620_dh_config' build argument 'cmake_target_skip_unavailable' from command line to 'False'
[0.240s] Level 5:colcon.colcon_core.verb:set package 'arm620_dh_config' build argument 'cmake_clean_cache' from command line to 'False'
[0.240s] Level 5:colcon.colcon_core.verb:set package 'arm620_dh_config' build argument 'cmake_clean_first' from command line to 'False'
[0.240s] Level 5:colcon.colcon_core.verb:set package 'arm620_dh_config' build argument 'cmake_force_configure' from command line to 'False'
[0.240s] Level 5:colcon.colcon_core.verb:set package 'arm620_dh_config' build argument 'ament_cmake_args' from command line to 'None'
[0.240s] Level 5:colcon.colcon_core.verb:set package 'arm620_dh_config' build argument 'catkin_cmake_args' from command line to 'None'
[0.240s] Level 5:colcon.colcon_core.verb:set package 'arm620_dh_config' build argument 'catkin_skip_building_tests' from command line to 'False'
[0.240s] DEBUG:colcon.colcon_core.verb:Building package 'arm620_dh_config' with the following arguments: {'ament_cmake_args': None, 'build_base': '/home/w/work/moveit2_handeye_calib/build/arm620_dh_config', 'catkin_cmake_args': None, 'catkin_skip_building_tests': False, 'cmake_args': None, 'cmake_clean_cache': False, 'cmake_clean_first': False, 'cmake_force_configure': False, 'cmake_target': None, 'cmake_target_skip_unavailable': False, 'install_base': '/home/w/work/moveit2_handeye_calib/install/arm620_dh_config', 'merge_install': False, 'path': '/home/w/work/moveit2_handeye_calib/TG620/robot_config/arm620_dh_config', 'symlink_install': False, 'test_result_base': None}
[0.240s] Level 5:colcon.colcon_core.verb:set package 'motor_control_logger' build argument 'cmake_args' from command line to 'None'
[0.240s] Level 5:colcon.colcon_core.verb:set package 'motor_control_logger' build argument 'cmake_target' from command line to 'None'
[0.240s] Level 5:colcon.colcon_core.verb:set package 'motor_control_logger' build argument 'cmake_target_skip_unavailable' from command line to 'False'
[0.240s] Level 5:colcon.colcon_core.verb:set package 'motor_control_logger' build argument 'cmake_clean_cache' from command line to 'False'
[0.240s] Level 5:colcon.colcon_core.verb:set package 'motor_control_logger' build argument 'cmake_clean_first' from command line to 'False'
[0.240s] Level 5:colcon.colcon_core.verb:set package 'motor_control_logger' build argument 'cmake_force_configure' from command line to 'False'
[0.240s] Level 5:colcon.colcon_core.verb:set package 'motor_control_logger' build argument 'ament_cmake_args' from command line to 'None'
[0.240s] Level 5:colcon.colcon_core.verb:set package 'motor_control_logger' build argument 'catkin_cmake_args' from command line to 'None'
[0.240s] Level 5:colcon.colcon_core.verb:set package 'motor_control_logger' build argument 'catkin_skip_building_tests' from command line to 'False'
[0.240s] DEBUG:colcon.colcon_core.verb:Building package 'motor_control_logger' with the following arguments: {'ament_cmake_args': None, 'build_base': '/home/w/work/moveit2_handeye_calib/build/motor_control_logger', 'catkin_cmake_args': None, 'catkin_skip_building_tests': False, 'cmake_args': None, 'cmake_clean_cache': False, 'cmake_clean_first': False, 'cmake_force_configure': False, 'cmake_target': None, 'cmake_target_skip_unavailable': False, 'install_base': '/home/w/work/moveit2_handeye_calib/install/motor_control_logger', 'merge_install': False, 'path': '/home/w/work/moveit2_handeye_calib/TG620/motor_control_logger', 'symlink_install': False, 'test_result_base': None}
[0.240s] Level 5:colcon.colcon_core.verb:set package 'moveit_calibration_gui' build argument 'cmake_args' from command line to 'None'
[0.240s] Level 5:colcon.colcon_core.verb:set package 'moveit_calibration_gui' build argument 'cmake_target' from command line to 'None'
[0.240s] Level 5:colcon.colcon_core.verb:set package 'moveit_calibration_gui' build argument 'cmake_target_skip_unavailable' from command line to 'False'
[0.240s] Level 5:colcon.colcon_core.verb:set package 'moveit_calibration_gui' build argument 'cmake_clean_cache' from command line to 'False'
[0.240s] Level 5:colcon.colcon_core.verb:set package 'moveit_calibration_gui' build argument 'cmake_clean_first' from command line to 'False'
[0.240s] Level 5:colcon.colcon_core.verb:set package 'moveit_calibration_gui' build argument 'cmake_force_configure' from command line to 'False'
[0.240s] Level 5:colcon.colcon_core.verb:set package 'moveit_calibration_gui' build argument 'ament_cmake_args' from command line to 'None'
[0.240s] Level 5:colcon.colcon_core.verb:set package 'moveit_calibration_gui' build argument 'catkin_cmake_args' from command line to 'None'
[0.240s] Level 5:colcon.colcon_core.verb:set package 'moveit_calibration_gui' build argument 'catkin_skip_building_tests' from command line to 'False'
[0.240s] DEBUG:colcon.colcon_core.verb:Building package 'moveit_calibration_gui' with the following arguments: {'ament_cmake_args': None, 'build_base': '/home/w/work/moveit2_handeye_calib/build/moveit_calibration_gui', 'catkin_cmake_args': None, 'catkin_skip_building_tests': False, 'cmake_args': None, 'cmake_clean_cache': False, 'cmake_clean_first': False, 'cmake_force_configure': False, 'cmake_target': None, 'cmake_target_skip_unavailable': False, 'install_base': '/home/w/work/moveit2_handeye_calib/install/moveit_calibration_gui', 'merge_install': False, 'path': '/home/w/work/moveit2_handeye_calib/moveit2_calibration/moveit_calibration_gui', 'symlink_install': False, 'test_result_base': None}
[0.240s] Level 5:colcon.colcon_core.verb:set package 'robot_control' build argument 'cmake_args' from command line to 'None'
[0.240s] Level 5:colcon.colcon_core.verb:set package 'robot_control' build argument 'cmake_target' from command line to 'None'
[0.240s] Level 5:colcon.colcon_core.verb:set package 'robot_control' build argument 'cmake_target_skip_unavailable' from command line to 'False'
[0.240s] Level 5:colcon.colcon_core.verb:set package 'robot_control' build argument 'cmake_clean_cache' from command line to 'False'
[0.241s] Level 5:colcon.colcon_core.verb:set package 'robot_control' build argument 'cmake_clean_first' from command line to 'False'
[0.241s] Level 5:colcon.colcon_core.verb:set package 'robot_control' build argument 'cmake_force_configure' from command line to 'False'
[0.241s] Level 5:colcon.colcon_core.verb:set package 'robot_control' build argument 'ament_cmake_args' from command line to 'None'
[0.241s] Level 5:colcon.colcon_core.verb:set package 'robot_control' build argument 'catkin_cmake_args' from command line to 'None'
[0.241s] Level 5:colcon.colcon_core.verb:set package 'robot_control' build argument 'catkin_skip_building_tests' from command line to 'False'
[0.241s] DEBUG:colcon.colcon_core.verb:Building package 'robot_control' with the following arguments: {'ament_cmake_args': None, 'build_base': '/home/w/work/moveit2_handeye_calib/build/robot_control', 'catkin_cmake_args': None, 'catkin_skip_building_tests': False, 'cmake_args': None, 'cmake_clean_cache': False, 'cmake_clean_first': False, 'cmake_force_configure': False, 'cmake_target': None, 'cmake_target_skip_unavailable': False, 'install_base': '/home/w/work/moveit2_handeye_calib/install/robot_control', 'merge_install': False, 'path': '/home/w/work/moveit2_handeye_calib/TG620/robot_control', 'symlink_install': False, 'test_result_base': None}
[0.241s] Level 5:colcon.colcon_core.verb:set package 'robot_input' build argument 'cmake_args' from command line to 'None'
[0.241s] Level 5:colcon.colcon_core.verb:set package 'robot_input' build argument 'cmake_target' from command line to 'None'
[0.241s] Level 5:colcon.colcon_core.verb:set package 'robot_input' build argument 'cmake_target_skip_unavailable' from command line to 'False'
[0.241s] Level 5:colcon.colcon_core.verb:set package 'robot_input' build argument 'cmake_clean_cache' from command line to 'False'
[0.241s] Level 5:colcon.colcon_core.verb:set package 'robot_input' build argument 'cmake_clean_first' from command line to 'False'
[0.241s] Level 5:colcon.colcon_core.verb:set package 'robot_input' build argument 'cmake_force_configure' from command line to 'False'
[0.241s] Level 5:colcon.colcon_core.verb:set package 'robot_input' build argument 'ament_cmake_args' from command line to 'None'
[0.241s] Level 5:colcon.colcon_core.verb:set package 'robot_input' build argument 'catkin_cmake_args' from command line to 'None'
[0.241s] Level 5:colcon.colcon_core.verb:set package 'robot_input' build argument 'catkin_skip_building_tests' from command line to 'False'
[0.241s] DEBUG:colcon.colcon_core.verb:Building package 'robot_input' with the following arguments: {'ament_cmake_args': None, 'build_base': '/home/w/work/moveit2_handeye_calib/build/robot_input', 'catkin_cmake_args': None, 'catkin_skip_building_tests': False, 'cmake_args': None, 'cmake_clean_cache': False, 'cmake_clean_first': False, 'cmake_force_configure': False, 'cmake_target': None, 'cmake_target_skip_unavailable': False, 'install_base': '/home/w/work/moveit2_handeye_calib/install/robot_input', 'merge_install': False, 'path': '/home/w/work/moveit2_handeye_calib/TG620/robot_input', 'symlink_install': False, 'test_result_base': None}
[0.241s] Level 5:colcon.colcon_core.verb:set package 'robot_sdk' build argument 'cmake_args' from command line to 'None'
[0.241s] Level 5:colcon.colcon_core.verb:set package 'robot_sdk' build argument 'cmake_target' from command line to 'None'
[0.241s] Level 5:colcon.colcon_core.verb:set package 'robot_sdk' build argument 'cmake_target_skip_unavailable' from command line to 'False'
[0.241s] Level 5:colcon.colcon_core.verb:set package 'robot_sdk' build argument 'cmake_clean_cache' from command line to 'False'
[0.241s] Level 5:colcon.colcon_core.verb:set package 'robot_sdk' build argument 'cmake_clean_first' from command line to 'False'
[0.241s] Level 5:colcon.colcon_core.verb:set package 'robot_sdk' build argument 'cmake_force_configure' from command line to 'False'
[0.241s] Level 5:colcon.colcon_core.verb:set package 'robot_sdk' build argument 'ament_cmake_args' from command line to 'None'
[0.241s] Level 5:colcon.colcon_core.verb:set package 'robot_sdk' build argument 'catkin_cmake_args' from command line to 'None'
[0.241s] Level 5:colcon.colcon_core.verb:set package 'robot_sdk' build argument 'catkin_skip_building_tests' from command line to 'False'
[0.241s] DEBUG:colcon.colcon_core.verb:Building package 'robot_sdk' with the following arguments: {'ament_cmake_args': None, 'build_base': '/home/w/work/moveit2_handeye_calib/build/robot_sdk', 'catkin_cmake_args': None, 'catkin_skip_building_tests': False, 'cmake_args': None, 'cmake_clean_cache': False, 'cmake_clean_first': False, 'cmake_force_configure': False, 'cmake_target': None, 'cmake_target_skip_unavailable': False, 'install_base': '/home/w/work/moveit2_handeye_calib/install/robot_sdk', 'merge_install': False, 'path': '/home/w/work/moveit2_handeye_calib/TG620/robot_sdk', 'symlink_install': False, 'test_result_base': None}
[0.241s] Level 5:colcon.colcon_core.verb:set package 'robot_test_py' build argument 'cmake_args' from command line to 'None'
[0.241s] Level 5:colcon.colcon_core.verb:set package 'robot_test_py' build argument 'cmake_target' from command line to 'None'
[0.241s] Level 5:colcon.colcon_core.verb:set package 'robot_test_py' build argument 'cmake_target_skip_unavailable' from command line to 'False'
[0.241s] Level 5:colcon.colcon_core.verb:set package 'robot_test_py' build argument 'cmake_clean_cache' from command line to 'False'
[0.241s] Level 5:colcon.colcon_core.verb:set package 'robot_test_py' build argument 'cmake_clean_first' from command line to 'False'
[0.241s] Level 5:colcon.colcon_core.verb:set package 'robot_test_py' build argument 'cmake_force_configure' from command line to 'False'
[0.241s] Level 5:colcon.colcon_core.verb:set package 'robot_test_py' build argument 'ament_cmake_args' from command line to 'None'
[0.241s] Level 5:colcon.colcon_core.verb:set package 'robot_test_py' build argument 'catkin_cmake_args' from command line to 'None'
[0.241s] Level 5:colcon.colcon_core.verb:set package 'robot_test_py' build argument 'catkin_skip_building_tests' from command line to 'False'
[0.241s] DEBUG:colcon.colcon_core.verb:Building package 'robot_test_py' with the following arguments: {'ament_cmake_args': None, 'build_base': '/home/w/work/moveit2_handeye_calib/build/robot_test_py', 'catkin_cmake_args': None, 'catkin_skip_building_tests': False, 'cmake_args': None, 'cmake_clean_cache': False, 'cmake_clean_first': False, 'cmake_force_configure': False, 'cmake_target': None, 'cmake_target_skip_unavailable': False, 'install_base': '/home/w/work/moveit2_handeye_calib/install/robot_test_py', 'merge_install': False, 'path': '/home/w/work/moveit2_handeye_calib/TG620/robot_test_py', 'symlink_install': False, 'test_result_base': None}
[0.242s] Level 5:colcon.colcon_core.verb:set package 'ros2_socketcan' build argument 'cmake_args' from command line to 'None'
[0.242s] Level 5:colcon.colcon_core.verb:set package 'ros2_socketcan' build argument 'cmake_target' from command line to 'None'
[0.242s] Level 5:colcon.colcon_core.verb:set package 'ros2_socketcan' build argument 'cmake_target_skip_unavailable' from command line to 'False'
[0.242s] Level 5:colcon.colcon_core.verb:set package 'ros2_socketcan' build argument 'cmake_clean_cache' from command line to 'False'
[0.242s] Level 5:colcon.colcon_core.verb:set package 'ros2_socketcan' build argument 'cmake_clean_first' from command line to 'False'
[0.242s] Level 5:colcon.colcon_core.verb:set package 'ros2_socketcan' build argument 'cmake_force_configure' from command line to 'False'
[0.242s] Level 5:colcon.colcon_core.verb:set package 'ros2_socketcan' build argument 'ament_cmake_args' from command line to 'None'
[0.242s] Level 5:colcon.colcon_core.verb:set package 'ros2_socketcan' build argument 'catkin_cmake_args' from command line to 'None'
[0.242s] Level 5:colcon.colcon_core.verb:set package 'ros2_socketcan' build argument 'catkin_skip_building_tests' from command line to 'False'
[0.242s] DEBUG:colcon.colcon_core.verb:Building package 'ros2_socketcan' with the following arguments: {'ament_cmake_args': None, 'build_base': '/home/w/work/moveit2_handeye_calib/build/ros2_socketcan', 'catkin_cmake_args': None, 'catkin_skip_building_tests': False, 'cmake_args': None, 'cmake_clean_cache': False, 'cmake_clean_first': False, 'cmake_force_configure': False, 'cmake_target': None, 'cmake_target_skip_unavailable': False, 'install_base': '/home/w/work/moveit2_handeye_calib/install/ros2_socketcan', 'merge_install': False, 'path': '/home/w/work/moveit2_handeye_calib/TG620/ros2_socketcan/ros2_socketcan', 'symlink_install': False, 'test_result_base': None}
[0.242s] Level 5:colcon.colcon_core.verb:set package 'moveit_calibration_demos' build argument 'cmake_args' from command line to 'None'
[0.242s] Level 5:colcon.colcon_core.verb:set package 'moveit_calibration_demos' build argument 'cmake_target' from command line to 'None'
[0.242s] Level 5:colcon.colcon_core.verb:set package 'moveit_calibration_demos' build argument 'cmake_target_skip_unavailable' from command line to 'False'
[0.242s] Level 5:colcon.colcon_core.verb:set package 'moveit_calibration_demos' build argument 'cmake_clean_cache' from command line to 'False'
[0.242s] Level 5:colcon.colcon_core.verb:set package 'moveit_calibration_demos' build argument 'cmake_clean_first' from command line to 'False'
[0.242s] Level 5:colcon.colcon_core.verb:set package 'moveit_calibration_demos' build argument 'cmake_force_configure' from command line to 'False'
[0.242s] Level 5:colcon.colcon_core.verb:set package 'moveit_calibration_demos' build argument 'ament_cmake_args' from command line to 'None'
[0.242s] Level 5:colcon.colcon_core.verb:set package 'moveit_calibration_demos' build argument 'catkin_cmake_args' from command line to 'None'
[0.242s] Level 5:colcon.colcon_core.verb:set package 'moveit_calibration_demos' build argument 'catkin_skip_building_tests' from command line to 'False'
[0.242s] DEBUG:colcon.colcon_core.verb:Building package 'moveit_calibration_demos' with the following arguments: {'ament_cmake_args': None, 'build_base': '/home/w/work/moveit2_handeye_calib/build/moveit_calibration_demos', 'catkin_cmake_args': None, 'catkin_skip_building_tests': False, 'cmake_args': None, 'cmake_clean_cache': False, 'cmake_clean_first': False, 'cmake_force_configure': False, 'cmake_target': None, 'cmake_target_skip_unavailable': False, 'install_base': '/home/w/work/moveit2_handeye_calib/install/moveit_calibration_demos', 'merge_install': False, 'path': '/home/w/work/moveit2_handeye_calib/moveit2_calibration/moveit_calibration_demos', 'symlink_install': False, 'test_result_base': None}
[0.242s] Level 5:colcon.colcon_core.verb:set package 'robot_driver' build argument 'cmake_args' from command line to 'None'
[0.242s] Level 5:colcon.colcon_core.verb:set package 'robot_driver' build argument 'cmake_target' from command line to 'None'
[0.242s] Level 5:colcon.colcon_core.verb:set package 'robot_driver' build argument 'cmake_target_skip_unavailable' from command line to 'False'
[0.242s] Level 5:colcon.colcon_core.verb:set package 'robot_driver' build argument 'cmake_clean_cache' from command line to 'False'
[0.242s] Level 5:colcon.colcon_core.verb:set package 'robot_driver' build argument 'cmake_clean_first' from command line to 'False'
[0.242s] Level 5:colcon.colcon_core.verb:set package 'robot_driver' build argument 'cmake_force_configure' from command line to 'False'
[0.242s] Level 5:colcon.colcon_core.verb:set package 'robot_driver' build argument 'ament_cmake_args' from command line to 'None'
[0.242s] Level 5:colcon.colcon_core.verb:set package 'robot_driver' build argument 'catkin_cmake_args' from command line to 'None'
[0.242s] Level 5:colcon.colcon_core.verb:set package 'robot_driver' build argument 'catkin_skip_building_tests' from command line to 'False'
[0.242s] DEBUG:colcon.colcon_core.verb:Building package 'robot_driver' with the following arguments: {'ament_cmake_args': None, 'build_base': '/home/w/work/moveit2_handeye_calib/build/robot_driver', 'catkin_cmake_args': None, 'catkin_skip_building_tests': False, 'cmake_args': None, 'cmake_clean_cache': False, 'cmake_clean_first': False, 'cmake_force_configure': False, 'cmake_target': None, 'cmake_target_skip_unavailable': False, 'install_base': '/home/w/work/moveit2_handeye_calib/install/robot_driver', 'merge_install': False, 'path': '/home/w/work/moveit2_handeye_calib/TG620/robot_driver', 'symlink_install': False, 'test_result_base': None}
[0.242s] Level 5:colcon.colcon_core.verb:set package 'robot_state_machine' build argument 'cmake_args' from command line to 'None'
[0.242s] Level 5:colcon.colcon_core.verb:set package 'robot_state_machine' build argument 'cmake_target' from command line to 'None'
[0.242s] Level 5:colcon.colcon_core.verb:set package 'robot_state_machine' build argument 'cmake_target_skip_unavailable' from command line to 'False'
[0.242s] Level 5:colcon.colcon_core.verb:set package 'robot_state_machine' build argument 'cmake_clean_cache' from command line to 'False'
[0.242s] Level 5:colcon.colcon_core.verb:set package 'robot_state_machine' build argument 'cmake_clean_first' from command line to 'False'
[0.242s] Level 5:colcon.colcon_core.verb:set package 'robot_state_machine' build argument 'cmake_force_configure' from command line to 'False'
[0.243s] Level 5:colcon.colcon_core.verb:set package 'robot_state_machine' build argument 'ament_cmake_args' from command line to 'None'
[0.243s] Level 5:colcon.colcon_core.verb:set package 'robot_state_machine' build argument 'catkin_cmake_args' from command line to 'None'
[0.243s] Level 5:colcon.colcon_core.verb:set package 'robot_state_machine' build argument 'catkin_skip_building_tests' from command line to 'False'
[0.243s] DEBUG:colcon.colcon_core.verb:Building package 'robot_state_machine' with the following arguments: {'ament_cmake_args': None, 'build_base': '/home/w/work/moveit2_handeye_calib/build/robot_state_machine', 'catkin_cmake_args': None, 'catkin_skip_building_tests': False, 'cmake_args': None, 'cmake_clean_cache': False, 'cmake_clean_first': False, 'cmake_force_configure': False, 'cmake_target': None, 'cmake_target_skip_unavailable': False, 'install_base': '/home/w/work/moveit2_handeye_calib/install/robot_state_machine', 'merge_install': False, 'path': '/home/w/work/moveit2_handeye_calib/TG620/robot_state_machine', 'symlink_install': False, 'test_result_base': None}
[0.243s] INFO:colcon.colcon_core.executor:Executing jobs using 'parallel' executor
[0.243s] DEBUG:colcon.colcon_parallel_executor.executor.parallel:run_until_complete
[0.244s] INFO:colcon.colcon_ros.task.ament_cmake.build:Building ROS package in '/home/w/work/moveit2_handeye_calib/TG620/robot_interfaces' with build type 'ament_cmake'
[0.244s] INFO:colcon.colcon_cmake.task.cmake.build:Building CMake package in '/home/w/work/moveit2_handeye_calib/TG620/robot_interfaces'
[0.245s] INFO:colcon.colcon_core.plugin_system:Skipping extension 'colcon_core.shell.bat': Not used on non-Windows systems
[0.245s] INFO:colcon.colcon_core.shell:Skip shell extension 'powershell' for command environment: Not usable outside of PowerShell
[0.245s] DEBUG:colcon.colcon_core.shell:Skip shell extension 'dsv' for command environment
[0.248s] INFO:colcon.colcon_ros.task.ament_cmake.build:Building ROS package in '/home/w/work/moveit2_handeye_calib/TG620/robot_description' with build type 'ament_cmake'
[0.248s] INFO:colcon.colcon_cmake.task.cmake.build:Building CMake package in '/home/w/work/moveit2_handeye_calib/TG620/robot_description'
[0.248s] INFO:colcon.colcon_core.shell:Skip shell extension 'powershell' for command environment: Not usable outside of PowerShell
[0.248s] DEBUG:colcon.colcon_core.shell:Skip shell extension 'dsv' for command environment
[0.251s] INFO:colcon.colcon_ros.task.ament_cmake.build:Building ROS package in '/home/w/work/moveit2_handeye_calib/TG620/ros2_socketcan/ros2_socketcan_msgs' with build type 'ament_cmake'
[0.251s] INFO:colcon.colcon_cmake.task.cmake.build:Building CMake package in '/home/w/work/moveit2_handeye_calib/TG620/ros2_socketcan/ros2_socketcan_msgs'
[0.251s] INFO:colcon.colcon_core.shell:Skip shell extension 'powershell' for command environment: Not usable outside of PowerShell
[0.251s] DEBUG:colcon.colcon_core.shell:Skip shell extension 'dsv' for command environment
[0.254s] INFO:colcon.colcon_ros.task.ament_cmake.build:Building ROS package in '/home/w/work/moveit2_handeye_calib/moveit2_calibration/moveit_calibration_plugins' with build type 'ament_cmake'
[0.254s] INFO:colcon.colcon_cmake.task.cmake.build:Building CMake package in '/home/w/work/moveit2_handeye_calib/moveit2_calibration/moveit_calibration_plugins'
[0.254s] INFO:colcon.colcon_core.shell:Skip shell extension 'powershell' for command environment: Not usable outside of PowerShell
[0.254s] DEBUG:colcon.colcon_core.shell:Skip shell extension 'dsv' for command environment
[0.256s] INFO:colcon.colcon_ros.task.ament_cmake.build:Building ROS package in '/home/w/work/moveit2_handeye_calib/TG620/robot_bringup' with build type 'ament_cmake'
[0.256s] INFO:colcon.colcon_cmake.task.cmake.build:Building CMake package in '/home/w/work/moveit2_handeye_calib/TG620/robot_bringup'
[0.256s] INFO:colcon.colcon_core.shell:Skip shell extension 'powershell' for command environment: Not usable outside of PowerShell
[0.256s] DEBUG:colcon.colcon_core.shell:Skip shell extension 'dsv' for command environment
[0.259s] INFO:colcon.colcon_ros.task.ament_python.build:Building ROS package in '/home/w/work/moveit2_handeye_calib/TG620/robot_dynamics' with build type 'ament_python'
[0.259s] Level 1:colcon.colcon_core.shell:create_environment_hook('robot_dynamics', 'ament_prefix_path')
[0.259s] INFO:colcon.colcon_core.shell:Creating environment hook '/home/w/work/moveit2_handeye_calib/install/robot_dynamics/share/robot_dynamics/hook/ament_prefix_path.ps1'
[0.260s] INFO:colcon.colcon_core.shell:Creating environment descriptor '/home/w/work/moveit2_handeye_calib/install/robot_dynamics/share/robot_dynamics/hook/ament_prefix_path.dsv'
[0.260s] INFO:colcon.colcon_core.shell:Creating environment hook '/home/w/work/moveit2_handeye_calib/install/robot_dynamics/share/robot_dynamics/hook/ament_prefix_path.sh'
[0.260s] INFO:colcon.colcon_core.shell:Skip shell extension 'powershell' for command environment: Not usable outside of PowerShell
[0.260s] DEBUG:colcon.colcon_core.shell:Skip shell extension 'dsv' for command environment
[0.263s] INFO:colcon.colcon_ros.task.ament_cmake.build:Building ROS package in '/home/w/work/moveit2_handeye_calib/TG620/robot_virtual_fence' with build type 'ament_cmake'
[0.263s] INFO:colcon.colcon_cmake.task.cmake.build:Building CMake package in '/home/w/work/moveit2_handeye_calib/TG620/robot_virtual_fence'
[0.263s] INFO:colcon.colcon_core.shell:Skip shell extension 'powershell' for command environment: Not usable outside of PowerShell
[0.263s] DEBUG:colcon.colcon_core.shell:Skip shell extension 'dsv' for command environment
[0.265s] INFO:colcon.colcon_ros.task.ament_python.build:Building ROS package in '/home/w/work/moveit2_handeye_calib/TG620/traj_smoother_py' with build type 'ament_python'
[0.265s] Level 1:colcon.colcon_core.shell:create_environment_hook('traj_smoother_py', 'ament_prefix_path')
[0.265s] INFO:colcon.colcon_core.shell:Creating environment hook '/home/w/work/moveit2_handeye_calib/install/traj_smoother_py/share/traj_smoother_py/hook/ament_prefix_path.ps1'
[0.266s] INFO:colcon.colcon_core.shell:Creating environment descriptor '/home/w/work/moveit2_handeye_calib/install/traj_smoother_py/share/traj_smoother_py/hook/ament_prefix_path.dsv'
[0.266s] INFO:colcon.colcon_core.shell:Creating environment hook '/home/w/work/moveit2_handeye_calib/install/traj_smoother_py/share/traj_smoother_py/hook/ament_prefix_path.sh'
[0.266s] INFO:colcon.colcon_core.shell:Skip shell extension 'powershell' for command environment: Not usable outside of PowerShell
[0.266s] DEBUG:colcon.colcon_core.shell:Skip shell extension 'dsv' for command environment
[0.273s] DEBUG:colcon.colcon_core.event_handler.log_command:Invoking command in '/home/w/work/moveit2_handeye_calib/build/robot_interfaces': CMAKE_PREFIX_PATH=${CMAKE_PREFIX_PATH}:/home/w/work/moveit2_handeye_calib/install/traj_smoother_py:/home/w/work/moveit2_handeye_calib/install/robot_test_py:/home/w/work/moveit2_handeye_calib/install/robot_input:/home/w/work/moveit2_handeye_calib/install/robot_dynamics:/opt/ros/humble /usr/bin/cmake --build /home/w/work/moveit2_handeye_calib/build/robot_interfaces -- -j28 -l28
[0.274s] DEBUG:colcon.colcon_core.event_handler.log_command:Invoking command in '/home/w/work/moveit2_handeye_calib/build/robot_description': CMAKE_PREFIX_PATH=${CMAKE_PREFIX_PATH}:/home/w/work/moveit2_handeye_calib/install/traj_smoother_py:/home/w/work/moveit2_handeye_calib/install/robot_test_py:/home/w/work/moveit2_handeye_calib/install/robot_input:/home/w/work/moveit2_handeye_calib/install/robot_dynamics:/opt/ros/humble /usr/bin/cmake --build /home/w/work/moveit2_handeye_calib/build/robot_description -- -j28 -l28
[0.276s] DEBUG:colcon.colcon_core.event_handler.log_command:Invoking command in '/home/w/work/moveit2_handeye_calib/build/ros2_socketcan_msgs': CMAKE_PREFIX_PATH=${CMAKE_PREFIX_PATH}:/home/w/work/moveit2_handeye_calib/install/traj_smoother_py:/home/w/work/moveit2_handeye_calib/install/robot_test_py:/home/w/work/moveit2_handeye_calib/install/robot_input:/home/w/work/moveit2_handeye_calib/install/robot_dynamics:/opt/ros/humble /usr/bin/cmake --build /home/w/work/moveit2_handeye_calib/build/ros2_socketcan_msgs -- -j28 -l28
[0.277s] DEBUG:colcon.colcon_core.event_handler.log_command:Invoking command in '/home/w/work/moveit2_handeye_calib/build/moveit_calibration_plugins': CMAKE_PREFIX_PATH=${CMAKE_PREFIX_PATH}:/home/w/work/moveit2_handeye_calib/install/traj_smoother_py:/home/w/work/moveit2_handeye_calib/install/robot_test_py:/home/w/work/moveit2_handeye_calib/install/robot_input:/home/w/work/moveit2_handeye_calib/install/robot_dynamics:/opt/ros/humble /usr/bin/cmake --build /home/w/work/moveit2_handeye_calib/build/moveit_calibration_plugins -- -j28 -l28
[0.280s] DEBUG:colcon.colcon_core.event_handler.log_command:Invoking command in '/home/w/work/moveit2_handeye_calib/build/robot_bringup': CMAKE_PREFIX_PATH=${CMAKE_PREFIX_PATH}:/home/w/work/moveit2_handeye_calib/install/traj_smoother_py:/home/w/work/moveit2_handeye_calib/install/robot_test_py:/home/w/work/moveit2_handeye_calib/install/robot_input:/home/w/work/moveit2_handeye_calib/install/robot_dynamics:/opt/ros/humble /usr/bin/cmake --build /home/w/work/moveit2_handeye_calib/build/robot_bringup -- -j28 -l28
[0.441s] INFO:colcon.colcon_core.task.python.build:Building Python package in '/home/w/work/moveit2_handeye_calib/TG620/robot_dynamics'
[0.441s] INFO:colcon.colcon_core.shell:Skip shell extension 'powershell' for command environment: Not usable outside of PowerShell
[0.441s] DEBUG:colcon.colcon_core.shell:Skip shell extension 'dsv' for command environment
[0.448s] DEBUG:colcon.colcon_core.event_handler.log_command:Invoking command in '/home/w/work/moveit2_handeye_calib/build/robot_virtual_fence': CMAKE_PREFIX_PATH=${CMAKE_PREFIX_PATH}:/home/w/work/moveit2_handeye_calib/install/traj_smoother_py:/home/w/work/moveit2_handeye_calib/install/robot_test_py:/home/w/work/moveit2_handeye_calib/install/robot_input:/home/w/work/moveit2_handeye_calib/install/robot_dynamics:/opt/ros/humble /usr/bin/cmake --build /home/w/work/moveit2_handeye_calib/build/robot_virtual_fence -- -j28 -l28
[0.609s] INFO:colcon.colcon_core.task.python.build:Building Python package in '/home/w/work/moveit2_handeye_calib/TG620/traj_smoother_py'
[0.610s] INFO:colcon.colcon_core.shell:Skip shell extension 'powershell' for command environment: Not usable outside of PowerShell
[0.610s] DEBUG:colcon.colcon_core.shell:Skip shell extension 'dsv' for command environment
[0.614s] DEBUG:colcon.colcon_core.event_handler.log_command:Invoked command in '/home/w/work/moveit2_handeye_calib/build/robot_description' returned '0': CMAKE_PREFIX_PATH=${CMAKE_PREFIX_PATH}:/home/w/work/moveit2_handeye_calib/install/traj_smoother_py:/home/w/work/moveit2_handeye_calib/install/robot_test_py:/home/w/work/moveit2_handeye_calib/install/robot_input:/home/w/work/moveit2_handeye_calib/install/robot_dynamics:/opt/ros/humble /usr/bin/cmake --build /home/w/work/moveit2_handeye_calib/build/robot_description -- -j28 -l28
[0.621s] DEBUG:colcon.colcon_core.event_handler.log_command:Invoking command in '/home/w/work/moveit2_handeye_calib/build/robot_description': CMAKE_PREFIX_PATH=${CMAKE_PREFIX_PATH}:/home/w/work/moveit2_handeye_calib/install/traj_smoother_py:/home/w/work/moveit2_handeye_calib/install/robot_test_py:/home/w/work/moveit2_handeye_calib/install/robot_input:/home/w/work/moveit2_handeye_calib/install/robot_dynamics:/opt/ros/humble /usr/bin/cmake --install /home/w/work/moveit2_handeye_calib/build/robot_description
[0.621s] DEBUG:colcon.colcon_core.event_handler.log_command:Invoked command in '/home/w/work/moveit2_handeye_calib/build/robot_bringup' returned '0': CMAKE_PREFIX_PATH=${CMAKE_PREFIX_PATH}:/home/w/work/moveit2_handeye_calib/install/traj_smoother_py:/home/w/work/moveit2_handeye_calib/install/robot_test_py:/home/w/work/moveit2_handeye_calib/install/robot_input:/home/w/work/moveit2_handeye_calib/install/robot_dynamics:/opt/ros/humble /usr/bin/cmake --build /home/w/work/moveit2_handeye_calib/build/robot_bringup -- -j28 -l28
[0.653s] DEBUG:colcon.colcon_core.event_handler.log_command:Invoking command in '/home/w/work/moveit2_handeye_calib/build/robot_bringup': CMAKE_PREFIX_PATH=${CMAKE_PREFIX_PATH}:/home/w/work/moveit2_handeye_calib/install/traj_smoother_py:/home/w/work/moveit2_handeye_calib/install/robot_test_py:/home/w/work/moveit2_handeye_calib/install/robot_input:/home/w/work/moveit2_handeye_calib/install/robot_dynamics:/opt/ros/humble /usr/bin/cmake --install /home/w/work/moveit2_handeye_calib/build/robot_bringup
[0.654s] DEBUG:colcon.colcon_core.event_handler.log_command:Invoked command in '/home/w/work/moveit2_handeye_calib/build/moveit_calibration_plugins' returned '0': CMAKE_PREFIX_PATH=${CMAKE_PREFIX_PATH}:/home/w/work/moveit2_handeye_calib/install/traj_smoother_py:/home/w/work/moveit2_handeye_calib/install/robot_test_py:/home/w/work/moveit2_handeye_calib/install/robot_input:/home/w/work/moveit2_handeye_calib/install/robot_dynamics:/opt/ros/humble /usr/bin/cmake --build /home/w/work/moveit2_handeye_calib/build/moveit_calibration_plugins -- -j28 -l28
[0.655s] DEBUG:colcon.colcon_core.event_handler.log_command:Invoking command in '/home/w/work/moveit2_handeye_calib/build/moveit_calibration_plugins': CMAKE_PREFIX_PATH=${CMAKE_PREFIX_PATH}:/home/w/work/moveit2_handeye_calib/install/traj_smoother_py:/home/w/work/moveit2_handeye_calib/install/robot_test_py:/home/w/work/moveit2_handeye_calib/install/robot_input:/home/w/work/moveit2_handeye_calib/install/robot_dynamics:/opt/ros/humble /usr/bin/cmake --install /home/w/work/moveit2_handeye_calib/build/moveit_calibration_plugins
[0.667s] DEBUG:colcon.colcon_core.event_handler.log_command:Invoked command in '/home/w/work/moveit2_handeye_calib/build/ros2_socketcan_msgs' returned '0': CMAKE_PREFIX_PATH=${CMAKE_PREFIX_PATH}:/home/w/work/moveit2_handeye_calib/install/traj_smoother_py:/home/w/work/moveit2_handeye_calib/install/robot_test_py:/home/w/work/moveit2_handeye_calib/install/robot_input:/home/w/work/moveit2_handeye_calib/install/robot_dynamics:/opt/ros/humble /usr/bin/cmake --build /home/w/work/moveit2_handeye_calib/build/ros2_socketcan_msgs -- -j28 -l28
[0.668s] DEBUG:colcon.colcon_core.event_handler.log_command:Invoking command in '/home/w/work/moveit2_handeye_calib/build/ros2_socketcan_msgs': CMAKE_PREFIX_PATH=${CMAKE_PREFIX_PATH}:/home/w/work/moveit2_handeye_calib/install/traj_smoother_py:/home/w/work/moveit2_handeye_calib/install/robot_test_py:/home/w/work/moveit2_handeye_calib/install/robot_input:/home/w/work/moveit2_handeye_calib/install/robot_dynamics:/opt/ros/humble /usr/bin/cmake --install /home/w/work/moveit2_handeye_calib/build/ros2_socketcan_msgs
[0.668s] DEBUG:colcon.colcon_core.event_handler.log_command:Invoked command in '/home/w/work/moveit2_handeye_calib/build/robot_interfaces' returned '0': CMAKE_PREFIX_PATH=${CMAKE_PREFIX_PATH}:/home/w/work/moveit2_handeye_calib/install/traj_smoother_py:/home/w/work/moveit2_handeye_calib/install/robot_test_py:/home/w/work/moveit2_handeye_calib/install/robot_input:/home/w/work/moveit2_handeye_calib/install/robot_dynamics:/opt/ros/humble /usr/bin/cmake --build /home/w/work/moveit2_handeye_calib/build/robot_interfaces -- -j28 -l28
[0.669s] DEBUG:colcon.colcon_core.event_handler.log_command:Invoking command in '/home/w/work/moveit2_handeye_calib/build/robot_interfaces': CMAKE_PREFIX_PATH=${CMAKE_PREFIX_PATH}:/home/w/work/moveit2_handeye_calib/install/traj_smoother_py:/home/w/work/moveit2_handeye_calib/install/robot_test_py:/home/w/work/moveit2_handeye_calib/install/robot_input:/home/w/work/moveit2_handeye_calib/install/robot_dynamics:/opt/ros/humble /usr/bin/cmake --install /home/w/work/moveit2_handeye_calib/build/robot_interfaces
[0.670s] DEBUG:colcon.colcon_core.event_handler.log_command:Invoked command in '/home/w/work/moveit2_handeye_calib/build/robot_virtual_fence' returned '0': CMAKE_PREFIX_PATH=${CMAKE_PREFIX_PATH}:/home/w/work/moveit2_handeye_calib/install/traj_smoother_py:/home/w/work/moveit2_handeye_calib/install/robot_test_py:/home/w/work/moveit2_handeye_calib/install/robot_input:/home/w/work/moveit2_handeye_calib/install/robot_dynamics:/opt/ros/humble /usr/bin/cmake --build /home/w/work/moveit2_handeye_calib/build/robot_virtual_fence -- -j28 -l28
[0.672s] DEBUG:colcon.colcon_core.event_handler.log_command:Invoking command in '/home/w/work/moveit2_handeye_calib/build/robot_virtual_fence': CMAKE_PREFIX_PATH=${CMAKE_PREFIX_PATH}:/home/w/work/moveit2_handeye_calib/install/traj_smoother_py:/home/w/work/moveit2_handeye_calib/install/robot_test_py:/home/w/work/moveit2_handeye_calib/install/robot_input:/home/w/work/moveit2_handeye_calib/install/robot_dynamics:/opt/ros/humble /usr/bin/cmake --install /home/w/work/moveit2_handeye_calib/build/robot_virtual_fence
[0.672s] Level 1:colcon.colcon_core.environment:create_environment_scripts_only(robot_description)
[0.672s] DEBUG:colcon.colcon_core.event_handler.log_command:Invoked command in '/home/w/work/moveit2_handeye_calib/build/robot_description' returned '0': CMAKE_PREFIX_PATH=${CMAKE_PREFIX_PATH}:/home/w/work/moveit2_handeye_calib/install/traj_smoother_py:/home/w/work/moveit2_handeye_calib/install/robot_test_py:/home/w/work/moveit2_handeye_calib/install/robot_input:/home/w/work/moveit2_handeye_calib/install/robot_dynamics:/opt/ros/humble /usr/bin/cmake --install /home/w/work/moveit2_handeye_calib/build/robot_description
[0.674s] Level 1:colcon.colcon_core.environment:checking '/home/w/work/moveit2_handeye_calib/install/robot_description' for CMake module files
[0.674s] Level 1:colcon.colcon_core.environment:checking '/home/w/work/moveit2_handeye_calib/install/robot_description' for CMake config files
[0.675s] Level 1:colcon.colcon_core.shell:create_environment_hook('robot_description', 'cmake_prefix_path')
[0.675s] INFO:colcon.colcon_core.shell:Creating environment hook '/home/w/work/moveit2_handeye_calib/install/robot_description/share/robot_description/hook/cmake_prefix_path.ps1'
[0.675s] INFO:colcon.colcon_core.shell:Creating environment descriptor '/home/w/work/moveit2_handeye_calib/install/robot_description/share/robot_description/hook/cmake_prefix_path.dsv'
[0.676s] INFO:colcon.colcon_core.shell:Creating environment hook '/home/w/work/moveit2_handeye_calib/install/robot_description/share/robot_description/hook/cmake_prefix_path.sh'
[0.676s] Level 1:colcon.colcon_core.environment:checking '/home/w/work/moveit2_handeye_calib/install/robot_description/bin'
[0.676s] Level 1:colcon.colcon_core.environment:checking '/home/w/work/moveit2_handeye_calib/install/robot_description/lib/pkgconfig/robot_description.pc'
[0.677s] Level 1:colcon.colcon_core.environment:checking '/home/w/work/moveit2_handeye_calib/install/robot_description/lib/python3.10/site-packages'
[0.677s] Level 1:colcon.colcon_core.environment:checking '/home/w/work/moveit2_handeye_calib/install/robot_description/bin'
[0.677s] INFO:colcon.colcon_core.shell:Creating package script '/home/w/work/moveit2_handeye_calib/install/robot_description/share/robot_description/package.ps1'
[0.678s] INFO:colcon.colcon_core.shell:Creating package descriptor '/home/w/work/moveit2_handeye_calib/install/robot_description/share/robot_description/package.dsv'
[0.678s] INFO:colcon.colcon_core.shell:Creating package script '/home/w/work/moveit2_handeye_calib/install/robot_description/share/robot_description/package.sh'
[0.679s] INFO:colcon.colcon_core.shell:Creating package script '/home/w/work/moveit2_handeye_calib/install/robot_description/share/robot_description/package.bash'
[0.680s] INFO:colcon.colcon_core.shell:Creating package script '/home/w/work/moveit2_handeye_calib/install/robot_description/share/robot_description/package.zsh'
[0.680s] Level 1:colcon.colcon_core.environment:create_file_with_runtime_dependencies(/home/w/work/moveit2_handeye_calib/install/robot_description/share/colcon-core/packages/robot_description)
[0.681s] Level 1:colcon.colcon_core.environment:create_environment_scripts_only(robot_description)
[0.681s] Level 1:colcon.colcon_core.environment:checking '/home/w/work/moveit2_handeye_calib/install/robot_description' for CMake module files
[0.681s] Level 1:colcon.colcon_core.environment:checking '/home/w/work/moveit2_handeye_calib/install/robot_description' for CMake config files
[0.681s] Level 1:colcon.colcon_core.shell:create_environment_hook('robot_description', 'cmake_prefix_path')
[0.682s] INFO:colcon.colcon_core.shell:Creating environment hook '/home/w/work/moveit2_handeye_calib/install/robot_description/share/robot_description/hook/cmake_prefix_path.ps1'
[0.682s] INFO:colcon.colcon_core.shell:Creating environment descriptor '/home/w/work/moveit2_handeye_calib/install/robot_description/share/robot_description/hook/cmake_prefix_path.dsv'
[0.682s] INFO:colcon.colcon_core.shell:Creating environment hook '/home/w/work/moveit2_handeye_calib/install/robot_description/share/robot_description/hook/cmake_prefix_path.sh'
[0.682s] Level 1:colcon.colcon_core.environment:checking '/home/w/work/moveit2_handeye_calib/install/robot_description/bin'
[0.683s] Level 1:colcon.colcon_core.environment:checking '/home/w/work/moveit2_handeye_calib/install/robot_description/lib/pkgconfig/robot_description.pc'
[0.683s] Level 1:colcon.colcon_core.environment:checking '/home/w/work/moveit2_handeye_calib/install/robot_description/lib/python3.10/site-packages'
[0.683s] Level 1:colcon.colcon_core.environment:checking '/home/w/work/moveit2_handeye_calib/install/robot_description/bin'
[0.683s] INFO:colcon.colcon_core.shell:Creating package script '/home/w/work/moveit2_handeye_calib/install/robot_description/share/robot_description/package.ps1'
[0.684s] INFO:colcon.colcon_core.shell:Creating package descriptor '/home/w/work/moveit2_handeye_calib/install/robot_description/share/robot_description/package.dsv'
[0.684s] INFO:colcon.colcon_core.shell:Creating package script '/home/w/work/moveit2_handeye_calib/install/robot_description/share/robot_description/package.sh'
[0.684s] INFO:colcon.colcon_core.shell:Creating package script '/home/w/work/moveit2_handeye_calib/install/robot_description/share/robot_description/package.bash'
[0.684s] INFO:colcon.colcon_core.shell:Creating package script '/home/w/work/moveit2_handeye_calib/install/robot_description/share/robot_description/package.zsh'
[0.684s] Level 1:colcon.colcon_core.environment:create_file_with_runtime_dependencies(/home/w/work/moveit2_handeye_calib/install/robot_description/share/colcon-core/packages/robot_description)
[0.688s] INFO:colcon.colcon_ros.task.ament_cmake.build:Building ROS package in '/home/w/work/moveit2_handeye_calib/TG620/robot_config/arm380_config' with build type 'ament_cmake'
[0.688s] INFO:colcon.colcon_cmake.task.cmake.build:Building CMake package in '/home/w/work/moveit2_handeye_calib/TG620/robot_config/arm380_config'
[0.688s] INFO:colcon.colcon_core.shell:Skip shell extension 'powershell' for command environment: Not usable outside of PowerShell
[0.688s] DEBUG:colcon.colcon_core.shell:Skip shell extension 'dsv' for command environment
[0.699s] INFO:colcon.colcon_ros.task.ament_cmake.build:Building ROS package in '/home/w/work/moveit2_handeye_calib/TG620/robot_config/arm620_config' with build type 'ament_cmake'
[0.699s] INFO:colcon.colcon_cmake.task.cmake.build:Building CMake package in '/home/w/work/moveit2_handeye_calib/TG620/robot_config/arm620_config'
[0.699s] INFO:colcon.colcon_core.shell:Skip shell extension 'powershell' for command environment: Not usable outside of PowerShell
[0.699s] DEBUG:colcon.colcon_core.shell:Skip shell extension 'dsv' for command environment
[0.717s] INFO:colcon.colcon_ros.task.ament_cmake.build:Building ROS package in '/home/w/work/moveit2_handeye_calib/TG620/robot_config/arm620_dh_config' with build type 'ament_cmake'
[0.717s] INFO:colcon.colcon_cmake.task.cmake.build:Building CMake package in '/home/w/work/moveit2_handeye_calib/TG620/robot_config/arm620_dh_config'
[0.717s] INFO:colcon.colcon_core.shell:Skip shell extension 'powershell' for command environment: Not usable outside of PowerShell
[0.717s] DEBUG:colcon.colcon_core.shell:Skip shell extension 'dsv' for command environment
[0.722s] Level 1:colcon.colcon_core.environment:create_environment_scripts_only(robot_bringup)
[0.722s] Level 1:colcon.colcon_core.environment:checking '/home/w/work/moveit2_handeye_calib/install/robot_bringup' for CMake module files
[0.722s] DEBUG:colcon.colcon_core.event_handler.log_command:Invoked command in '/home/w/work/moveit2_handeye_calib/build/robot_bringup' returned '0': CMAKE_PREFIX_PATH=${CMAKE_PREFIX_PATH}:/home/w/work/moveit2_handeye_calib/install/traj_smoother_py:/home/w/work/moveit2_handeye_calib/install/robot_test_py:/home/w/work/moveit2_handeye_calib/install/robot_input:/home/w/work/moveit2_handeye_calib/install/robot_dynamics:/opt/ros/humble /usr/bin/cmake --install /home/w/work/moveit2_handeye_calib/build/robot_bringup
[0.723s] Level 1:colcon.colcon_core.environment:checking '/home/w/work/moveit2_handeye_calib/install/robot_bringup' for CMake config files
[0.724s] Level 1:colcon.colcon_core.shell:create_environment_hook('robot_bringup', 'cmake_prefix_path')
[0.724s] INFO:colcon.colcon_core.shell:Creating environment hook '/home/w/work/moveit2_handeye_calib/install/robot_bringup/share/robot_bringup/hook/cmake_prefix_path.ps1'
[0.725s] INFO:colcon.colcon_core.shell:Creating environment descriptor '/home/w/work/moveit2_handeye_calib/install/robot_bringup/share/robot_bringup/hook/cmake_prefix_path.dsv'
[0.725s] INFO:colcon.colcon_core.shell:Creating environment hook '/home/w/work/moveit2_handeye_calib/install/robot_bringup/share/robot_bringup/hook/cmake_prefix_path.sh'
[0.725s] Level 1:colcon.colcon_core.environment:checking '/home/w/work/moveit2_handeye_calib/install/robot_bringup/bin'
[0.725s] Level 1:colcon.colcon_core.environment:checking '/home/w/work/moveit2_handeye_calib/install/robot_bringup/lib/pkgconfig/robot_bringup.pc'
[0.725s] Level 1:colcon.colcon_core.environment:checking '/home/w/work/moveit2_handeye_calib/install/robot_bringup/lib/python3.10/site-packages'
[0.725s] Level 1:colcon.colcon_core.environment:checking '/home/w/work/moveit2_handeye_calib/install/robot_bringup/bin'
[0.726s] INFO:colcon.colcon_core.shell:Creating package script '/home/w/work/moveit2_handeye_calib/install/robot_bringup/share/robot_bringup/package.ps1'
[0.726s] INFO:colcon.colcon_core.shell:Creating package descriptor '/home/w/work/moveit2_handeye_calib/install/robot_bringup/share/robot_bringup/package.dsv'
[0.726s] INFO:colcon.colcon_core.shell:Creating package script '/home/w/work/moveit2_handeye_calib/install/robot_bringup/share/robot_bringup/package.sh'
[0.726s] INFO:colcon.colcon_core.shell:Creating package script '/home/w/work/moveit2_handeye_calib/install/robot_bringup/share/robot_bringup/package.bash'
[0.726s] INFO:colcon.colcon_core.shell:Creating package script '/home/w/work/moveit2_handeye_calib/install/robot_bringup/share/robot_bringup/package.zsh'
[0.727s] Level 1:colcon.colcon_core.environment:create_file_with_runtime_dependencies(/home/w/work/moveit2_handeye_calib/install/robot_bringup/share/colcon-core/packages/robot_bringup)
[0.727s] Level 1:colcon.colcon_core.environment:create_environment_scripts_only(robot_bringup)
[0.727s] Level 1:colcon.colcon_core.environment:checking '/home/w/work/moveit2_handeye_calib/install/robot_bringup' for CMake module files
[0.727s] Level 1:colcon.colcon_core.environment:checking '/home/w/work/moveit2_handeye_calib/install/robot_bringup' for CMake config files
[0.727s] Level 1:colcon.colcon_core.shell:create_environment_hook('robot_bringup', 'cmake_prefix_path')
[0.727s] INFO:colcon.colcon_core.shell:Creating environment hook '/home/w/work/moveit2_handeye_calib/install/robot_bringup/share/robot_bringup/hook/cmake_prefix_path.ps1'
[0.728s] INFO:colcon.colcon_core.shell:Creating environment descriptor '/home/w/work/moveit2_handeye_calib/install/robot_bringup/share/robot_bringup/hook/cmake_prefix_path.dsv'
[0.728s] INFO:colcon.colcon_core.shell:Creating environment hook '/home/w/work/moveit2_handeye_calib/install/robot_bringup/share/robot_bringup/hook/cmake_prefix_path.sh'
[0.728s] Level 1:colcon.colcon_core.environment:checking '/home/w/work/moveit2_handeye_calib/install/robot_bringup/bin'
[0.728s] Level 1:colcon.colcon_core.environment:checking '/home/w/work/moveit2_handeye_calib/install/robot_bringup/lib/pkgconfig/robot_bringup.pc'
[0.728s] Level 1:colcon.colcon_core.environment:checking '/home/w/work/moveit2_handeye_calib/install/robot_bringup/lib/python3.10/site-packages'
[0.728s] Level 1:colcon.colcon_core.environment:checking '/home/w/work/moveit2_handeye_calib/install/robot_bringup/bin'
[0.729s] INFO:colcon.colcon_core.shell:Creating package script '/home/w/work/moveit2_handeye_calib/install/robot_bringup/share/robot_bringup/package.ps1'
[0.729s] INFO:colcon.colcon_core.shell:Creating package descriptor '/home/w/work/moveit2_handeye_calib/install/robot_bringup/share/robot_bringup/package.dsv'
[0.729s] INFO:colcon.colcon_core.shell:Creating package script '/home/w/work/moveit2_handeye_calib/install/robot_bringup/share/robot_bringup/package.sh'
[0.729s] INFO:colcon.colcon_core.shell:Creating package script '/home/w/work/moveit2_handeye_calib/install/robot_bringup/share/robot_bringup/package.bash'
[0.729s] INFO:colcon.colcon_core.shell:Creating package script '/home/w/work/moveit2_handeye_calib/install/robot_bringup/share/robot_bringup/package.zsh'
[0.730s] Level 1:colcon.colcon_core.environment:create_file_with_runtime_dependencies(/home/w/work/moveit2_handeye_calib/install/robot_bringup/share/colcon-core/packages/robot_bringup)
[0.730s] Level 1:colcon.colcon_core.environment:create_environment_scripts_only(moveit_calibration_plugins)
[0.730s] Level 1:colcon.colcon_core.environment:checking '/home/w/work/moveit2_handeye_calib/install/moveit_calibration_plugins' for CMake module files
[0.730s] Level 1:colcon.colcon_core.environment:checking '/home/w/work/moveit2_handeye_calib/install/moveit_calibration_plugins' for CMake config files
[0.730s] DEBUG:colcon.colcon_core.event_handler.log_command:Invoked command in '/home/w/work/moveit2_handeye_calib/build/moveit_calibration_plugins' returned '0': CMAKE_PREFIX_PATH=${CMAKE_PREFIX_PATH}:/home/w/work/moveit2_handeye_calib/install/traj_smoother_py:/home/w/work/moveit2_handeye_calib/install/robot_test_py:/home/w/work/moveit2_handeye_calib/install/robot_input:/home/w/work/moveit2_handeye_calib/install/robot_dynamics:/opt/ros/humble /usr/bin/cmake --install /home/w/work/moveit2_handeye_calib/build/moveit_calibration_plugins
[0.731s] Level 1:colcon.colcon_core.shell:create_environment_hook('moveit_calibration_plugins', 'cmake_prefix_path')
[0.731s] INFO:colcon.colcon_core.shell:Creating environment hook '/home/w/work/moveit2_handeye_calib/install/moveit_calibration_plugins/share/moveit_calibration_plugins/hook/cmake_prefix_path.ps1'
[0.731s] INFO:colcon.colcon_core.shell:Creating environment descriptor '/home/w/work/moveit2_handeye_calib/install/moveit_calibration_plugins/share/moveit_calibration_plugins/hook/cmake_prefix_path.dsv'
[0.731s] INFO:colcon.colcon_core.shell:Creating environment hook '/home/w/work/moveit2_handeye_calib/install/moveit_calibration_plugins/share/moveit_calibration_plugins/hook/cmake_prefix_path.sh'
[0.731s] Level 1:colcon.colcon_core.environment:checking '/home/w/work/moveit2_handeye_calib/install/moveit_calibration_plugins/lib'
[0.731s] Level 1:colcon.colcon_core.shell:create_environment_hook('moveit_calibration_plugins', 'ld_library_path_lib')
[0.732s] INFO:colcon.colcon_core.shell:Creating environment hook '/home/w/work/moveit2_handeye_calib/install/moveit_calibration_plugins/share/moveit_calibration_plugins/hook/ld_library_path_lib.ps1'
[0.732s] INFO:colcon.colcon_core.shell:Creating environment descriptor '/home/w/work/moveit2_handeye_calib/install/moveit_calibration_plugins/share/moveit_calibration_plugins/hook/ld_library_path_lib.dsv'
[0.732s] INFO:colcon.colcon_core.shell:Creating environment hook '/home/w/work/moveit2_handeye_calib/install/moveit_calibration_plugins/share/moveit_calibration_plugins/hook/ld_library_path_lib.sh'
[0.732s] Level 1:colcon.colcon_core.environment:checking '/home/w/work/moveit2_handeye_calib/install/moveit_calibration_plugins/bin'
[0.732s] Level 1:colcon.colcon_core.environment:checking '/home/w/work/moveit2_handeye_calib/install/moveit_calibration_plugins/lib/pkgconfig/moveit_calibration_plugins.pc'
[0.732s] Level 1:colcon.colcon_core.environment:checking '/home/w/work/moveit2_handeye_calib/install/moveit_calibration_plugins/lib/python3.10/site-packages'
[0.733s] Level 1:colcon.colcon_core.environment:checking '/home/w/work/moveit2_handeye_calib/install/moveit_calibration_plugins/bin'
[0.733s] INFO:colcon.colcon_core.shell:Creating package script '/home/w/work/moveit2_handeye_calib/install/moveit_calibration_plugins/share/moveit_calibration_plugins/package.ps1'
[0.733s] INFO:colcon.colcon_core.shell:Creating package descriptor '/home/w/work/moveit2_handeye_calib/install/moveit_calibration_plugins/share/moveit_calibration_plugins/package.dsv'
[0.733s] INFO:colcon.colcon_core.shell:Creating package script '/home/w/work/moveit2_handeye_calib/install/moveit_calibration_plugins/share/moveit_calibration_plugins/package.sh'
[0.733s] INFO:colcon.colcon_core.shell:Creating package script '/home/w/work/moveit2_handeye_calib/install/moveit_calibration_plugins/share/moveit_calibration_plugins/package.bash'
[0.734s] INFO:colcon.colcon_core.shell:Creating package script '/home/w/work/moveit2_handeye_calib/install/moveit_calibration_plugins/share/moveit_calibration_plugins/package.zsh'
[0.734s] Level 1:colcon.colcon_core.environment:create_file_with_runtime_dependencies(/home/w/work/moveit2_handeye_calib/install/moveit_calibration_plugins/share/colcon-core/packages/moveit_calibration_plugins)
[0.734s] Level 1:colcon.colcon_core.environment:create_environment_scripts_only(moveit_calibration_plugins)
[0.734s] Level 1:colcon.colcon_core.environment:checking '/home/w/work/moveit2_handeye_calib/install/moveit_calibration_plugins' for CMake module files
[0.734s] Level 1:colcon.colcon_core.environment:checking '/home/w/work/moveit2_handeye_calib/install/moveit_calibration_plugins' for CMake config files
[0.734s] Level 1:colcon.colcon_core.shell:create_environment_hook('moveit_calibration_plugins', 'cmake_prefix_path')
[0.735s] INFO:colcon.colcon_core.shell:Creating environment hook '/home/w/work/moveit2_handeye_calib/install/moveit_calibration_plugins/share/moveit_calibration_plugins/hook/cmake_prefix_path.ps1'
[0.735s] INFO:colcon.colcon_core.shell:Creating environment descriptor '/home/w/work/moveit2_handeye_calib/install/moveit_calibration_plugins/share/moveit_calibration_plugins/hook/cmake_prefix_path.dsv'
[0.735s] INFO:colcon.colcon_core.shell:Creating environment hook '/home/w/work/moveit2_handeye_calib/install/moveit_calibration_plugins/share/moveit_calibration_plugins/hook/cmake_prefix_path.sh'
[0.735s] Level 1:colcon.colcon_core.environment:checking '/home/w/work/moveit2_handeye_calib/install/moveit_calibration_plugins/lib'
[0.735s] Level 1:colcon.colcon_core.shell:create_environment_hook('moveit_calibration_plugins', 'ld_library_path_lib')
[0.735s] INFO:colcon.colcon_core.shell:Creating environment hook '/home/w/work/moveit2_handeye_calib/install/moveit_calibration_plugins/share/moveit_calibration_plugins/hook/ld_library_path_lib.ps1'
[0.736s] INFO:colcon.colcon_core.shell:Creating environment descriptor '/home/w/work/moveit2_handeye_calib/install/moveit_calibration_plugins/share/moveit_calibration_plugins/hook/ld_library_path_lib.dsv'
[0.736s] INFO:colcon.colcon_core.shell:Creating environment hook '/home/w/work/moveit2_handeye_calib/install/moveit_calibration_plugins/share/moveit_calibration_plugins/hook/ld_library_path_lib.sh'
[0.736s] Level 1:colcon.colcon_core.environment:checking '/home/w/work/moveit2_handeye_calib/install/moveit_calibration_plugins/bin'
[0.736s] Level 1:colcon.colcon_core.environment:checking '/home/w/work/moveit2_handeye_calib/install/moveit_calibration_plugins/lib/pkgconfig/moveit_calibration_plugins.pc'
[0.736s] Level 1:colcon.colcon_core.environment:checking '/home/w/work/moveit2_handeye_calib/install/moveit_calibration_plugins/lib/python3.10/site-packages'
[0.736s] Level 1:colcon.colcon_core.environment:checking '/home/w/work/moveit2_handeye_calib/install/moveit_calibration_plugins/bin'
[0.736s] INFO:colcon.colcon_core.shell:Creating package script '/home/w/work/moveit2_handeye_calib/install/moveit_calibration_plugins/share/moveit_calibration_plugins/package.ps1'
[0.737s] INFO:colcon.colcon_core.shell:Creating package descriptor '/home/w/work/moveit2_handeye_calib/install/moveit_calibration_plugins/share/moveit_calibration_plugins/package.dsv'
[0.737s] INFO:colcon.colcon_core.shell:Creating package script '/home/w/work/moveit2_handeye_calib/install/moveit_calibration_plugins/share/moveit_calibration_plugins/package.sh'
[0.737s] INFO:colcon.colcon_core.shell:Creating package script '/home/w/work/moveit2_handeye_calib/install/moveit_calibration_plugins/share/moveit_calibration_plugins/package.bash'
[0.738s] INFO:colcon.colcon_core.shell:Creating package script '/home/w/work/moveit2_handeye_calib/install/moveit_calibration_plugins/share/moveit_calibration_plugins/package.zsh'
[0.738s] Level 1:colcon.colcon_core.environment:create_file_with_runtime_dependencies(/home/w/work/moveit2_handeye_calib/install/moveit_calibration_plugins/share/colcon-core/packages/moveit_calibration_plugins)
[0.738s] INFO:colcon.colcon_ros.task.ament_cmake.build:Building ROS package in '/home/w/work/moveit2_handeye_calib/moveit2_calibration/moveit_calibration_gui' with build type 'ament_cmake'
[0.739s] INFO:colcon.colcon_cmake.task.cmake.build:Building CMake package in '/home/w/work/moveit2_handeye_calib/moveit2_calibration/moveit_calibration_gui'
[0.739s] INFO:colcon.colcon_core.shell:Skip shell extension 'powershell' for command environment: Not usable outside of PowerShell
[0.739s] DEBUG:colcon.colcon_core.shell:Skip shell extension 'dsv' for command environment
[0.741s] Level 1:colcon.colcon_core.environment:create_environment_scripts_only(robot_virtual_fence)
[0.742s] Level 1:colcon.colcon_core.environment:checking '/home/w/work/moveit2_handeye_calib/install/robot_virtual_fence' for CMake module files
[0.742s] DEBUG:colcon.colcon_core.event_handler.log_command:Invoked command in '/home/w/work/moveit2_handeye_calib/build/robot_virtual_fence' returned '0': CMAKE_PREFIX_PATH=${CMAKE_PREFIX_PATH}:/home/w/work/moveit2_handeye_calib/install/traj_smoother_py:/home/w/work/moveit2_handeye_calib/install/robot_test_py:/home/w/work/moveit2_handeye_calib/install/robot_input:/home/w/work/moveit2_handeye_calib/install/robot_dynamics:/opt/ros/humble /usr/bin/cmake --install /home/w/work/moveit2_handeye_calib/build/robot_virtual_fence
[0.742s] Level 1:colcon.colcon_core.environment:checking '/home/w/work/moveit2_handeye_calib/install/robot_virtual_fence' for CMake config files
[0.742s] Level 1:colcon.colcon_core.shell:create_environment_hook('robot_virtual_fence', 'cmake_prefix_path')
[0.742s] INFO:colcon.colcon_core.shell:Creating environment hook '/home/w/work/moveit2_handeye_calib/install/robot_virtual_fence/share/robot_virtual_fence/hook/cmake_prefix_path.ps1'
[0.742s] INFO:colcon.colcon_core.shell:Creating environment descriptor '/home/w/work/moveit2_handeye_calib/install/robot_virtual_fence/share/robot_virtual_fence/hook/cmake_prefix_path.dsv'
[0.743s] INFO:colcon.colcon_core.shell:Creating environment hook '/home/w/work/moveit2_handeye_calib/install/robot_virtual_fence/share/robot_virtual_fence/hook/cmake_prefix_path.sh'
[0.743s] Level 1:colcon.colcon_core.environment:checking '/home/w/work/moveit2_handeye_calib/install/robot_virtual_fence/lib'
[0.743s] Level 1:colcon.colcon_core.environment:checking '/home/w/work/moveit2_handeye_calib/install/robot_virtual_fence/bin'
[0.743s] Level 1:colcon.colcon_core.environment:checking '/home/w/work/moveit2_handeye_calib/install/robot_virtual_fence/lib/pkgconfig/robot_virtual_fence.pc'
[0.743s] Level 1:colcon.colcon_core.environment:checking '/home/w/work/moveit2_handeye_calib/install/robot_virtual_fence/lib/python3.10/site-packages'
[0.743s] Level 1:colcon.colcon_core.environment:checking '/home/w/work/moveit2_handeye_calib/install/robot_virtual_fence/bin'
[0.743s] INFO:colcon.colcon_core.shell:Creating package script '/home/w/work/moveit2_handeye_calib/install/robot_virtual_fence/share/robot_virtual_fence/package.ps1'
[0.744s] INFO:colcon.colcon_core.shell:Creating package descriptor '/home/w/work/moveit2_handeye_calib/install/robot_virtual_fence/share/robot_virtual_fence/package.dsv'
[0.744s] INFO:colcon.colcon_core.shell:Creating package script '/home/w/work/moveit2_handeye_calib/install/robot_virtual_fence/share/robot_virtual_fence/package.sh'
[0.744s] INFO:colcon.colcon_core.shell:Creating package script '/home/w/work/moveit2_handeye_calib/install/robot_virtual_fence/share/robot_virtual_fence/package.bash'
[0.744s] INFO:colcon.colcon_core.shell:Creating package script '/home/w/work/moveit2_handeye_calib/install/robot_virtual_fence/share/robot_virtual_fence/package.zsh'
[0.744s] Level 1:colcon.colcon_core.environment:create_file_with_runtime_dependencies(/home/w/work/moveit2_handeye_calib/install/robot_virtual_fence/share/colcon-core/packages/robot_virtual_fence)
[0.745s] Level 1:colcon.colcon_core.environment:create_environment_scripts_only(robot_virtual_fence)
[0.745s] Level 1:colcon.colcon_core.environment:checking '/home/w/work/moveit2_handeye_calib/install/robot_virtual_fence' for CMake module files
[0.745s] Level 1:colcon.colcon_core.environment:checking '/home/w/work/moveit2_handeye_calib/install/robot_virtual_fence' for CMake config files
[0.745s] Level 1:colcon.colcon_core.shell:create_environment_hook('robot_virtual_fence', 'cmake_prefix_path')
[0.745s] INFO:colcon.colcon_core.shell:Creating environment hook '/home/w/work/moveit2_handeye_calib/install/robot_virtual_fence/share/robot_virtual_fence/hook/cmake_prefix_path.ps1'
[0.745s] INFO:colcon.colcon_core.shell:Creating environment descriptor '/home/w/work/moveit2_handeye_calib/install/robot_virtual_fence/share/robot_virtual_fence/hook/cmake_prefix_path.dsv'
[0.746s] INFO:colcon.colcon_core.shell:Creating environment hook '/home/w/work/moveit2_handeye_calib/install/robot_virtual_fence/share/robot_virtual_fence/hook/cmake_prefix_path.sh'
[0.746s] Level 1:colcon.colcon_core.environment:checking '/home/w/work/moveit2_handeye_calib/install/robot_virtual_fence/lib'
[0.746s] Level 1:colcon.colcon_core.environment:checking '/home/w/work/moveit2_handeye_calib/install/robot_virtual_fence/bin'
[0.746s] Level 1:colcon.colcon_core.environment:checking '/home/w/work/moveit2_handeye_calib/install/robot_virtual_fence/lib/pkgconfig/robot_virtual_fence.pc'
[0.746s] Level 1:colcon.colcon_core.environment:checking '/home/w/work/moveit2_handeye_calib/install/robot_virtual_fence/lib/python3.10/site-packages'
[0.746s] Level 1:colcon.colcon_core.environment:checking '/home/w/work/moveit2_handeye_calib/install/robot_virtual_fence/bin'
[0.746s] INFO:colcon.colcon_core.shell:Creating package script '/home/w/work/moveit2_handeye_calib/install/robot_virtual_fence/share/robot_virtual_fence/package.ps1'
[0.747s] INFO:colcon.colcon_core.shell:Creating package descriptor '/home/w/work/moveit2_handeye_calib/install/robot_virtual_fence/share/robot_virtual_fence/package.dsv'
[0.747s] INFO:colcon.colcon_core.shell:Creating package script '/home/w/work/moveit2_handeye_calib/install/robot_virtual_fence/share/robot_virtual_fence/package.sh'
[0.747s] INFO:colcon.colcon_core.shell:Creating package script '/home/w/work/moveit2_handeye_calib/install/robot_virtual_fence/share/robot_virtual_fence/package.bash'
[0.747s] INFO:colcon.colcon_core.shell:Creating package script '/home/w/work/moveit2_handeye_calib/install/robot_virtual_fence/share/robot_virtual_fence/package.zsh'
[0.747s] Level 1:colcon.colcon_core.environment:create_file_with_runtime_dependencies(/home/w/work/moveit2_handeye_calib/install/robot_virtual_fence/share/colcon-core/packages/robot_virtual_fence)
[0.748s] Level 1:colcon.colcon_core.environment:create_environment_scripts_only(ros2_socketcan_msgs)
[0.748s] Level 1:colcon.colcon_core.environment:checking '/home/w/work/moveit2_handeye_calib/install/ros2_socketcan_msgs' for CMake module files
[0.749s] DEBUG:colcon.colcon_core.event_handler.log_command:Invoked command in '/home/w/work/moveit2_handeye_calib/build/ros2_socketcan_msgs' returned '0': CMAKE_PREFIX_PATH=${CMAKE_PREFIX_PATH}:/home/w/work/moveit2_handeye_calib/install/traj_smoother_py:/home/w/work/moveit2_handeye_calib/install/robot_test_py:/home/w/work/moveit2_handeye_calib/install/robot_input:/home/w/work/moveit2_handeye_calib/install/robot_dynamics:/opt/ros/humble /usr/bin/cmake --install /home/w/work/moveit2_handeye_calib/build/ros2_socketcan_msgs
[0.749s] Level 1:colcon.colcon_core.environment:checking '/home/w/work/moveit2_handeye_calib/install/ros2_socketcan_msgs' for CMake config files
[0.749s] Level 1:colcon.colcon_core.shell:create_environment_hook('ros2_socketcan_msgs', 'cmake_prefix_path')
[0.749s] INFO:colcon.colcon_core.shell:Creating environment hook '/home/w/work/moveit2_handeye_calib/install/ros2_socketcan_msgs/share/ros2_socketcan_msgs/hook/cmake_prefix_path.ps1'
[0.750s] INFO:colcon.colcon_core.shell:Creating environment descriptor '/home/w/work/moveit2_handeye_calib/install/ros2_socketcan_msgs/share/ros2_socketcan_msgs/hook/cmake_prefix_path.dsv'
[0.750s] INFO:colcon.colcon_core.shell:Creating environment hook '/home/w/work/moveit2_handeye_calib/install/ros2_socketcan_msgs/share/ros2_socketcan_msgs/hook/cmake_prefix_path.sh'
[0.750s] Level 1:colcon.colcon_core.environment:checking '/home/w/work/moveit2_handeye_calib/install/ros2_socketcan_msgs/lib'
[0.750s] Level 1:colcon.colcon_core.shell:create_environment_hook('ros2_socketcan_msgs', 'ld_library_path_lib')
[0.750s] INFO:colcon.colcon_core.shell:Creating environment hook '/home/w/work/moveit2_handeye_calib/install/ros2_socketcan_msgs/share/ros2_socketcan_msgs/hook/ld_library_path_lib.ps1'
[0.750s] INFO:colcon.colcon_core.shell:Creating environment descriptor '/home/w/work/moveit2_handeye_calib/install/ros2_socketcan_msgs/share/ros2_socketcan_msgs/hook/ld_library_path_lib.dsv'
[0.751s] INFO:colcon.colcon_core.shell:Creating environment hook '/home/w/work/moveit2_handeye_calib/install/ros2_socketcan_msgs/share/ros2_socketcan_msgs/hook/ld_library_path_lib.sh'
[0.751s] Level 1:colcon.colcon_core.environment:checking '/home/w/work/moveit2_handeye_calib/install/ros2_socketcan_msgs/bin'
[0.751s] Level 1:colcon.colcon_core.environment:checking '/home/w/work/moveit2_handeye_calib/install/ros2_socketcan_msgs/lib/pkgconfig/ros2_socketcan_msgs.pc'
[0.751s] Level 1:colcon.colcon_core.environment:checking '/home/w/work/moveit2_handeye_calib/install/ros2_socketcan_msgs/lib/python3.10/site-packages'
[0.751s] Level 1:colcon.colcon_core.environment:checking '/home/w/work/moveit2_handeye_calib/install/ros2_socketcan_msgs/bin'
[0.751s] INFO:colcon.colcon_core.shell:Creating package script '/home/w/work/moveit2_handeye_calib/install/ros2_socketcan_msgs/share/ros2_socketcan_msgs/package.ps1'
[0.752s] INFO:colcon.colcon_core.shell:Creating package descriptor '/home/w/work/moveit2_handeye_calib/install/ros2_socketcan_msgs/share/ros2_socketcan_msgs/package.dsv'
[0.752s] INFO:colcon.colcon_core.shell:Creating package script '/home/w/work/moveit2_handeye_calib/install/ros2_socketcan_msgs/share/ros2_socketcan_msgs/package.sh'
[0.752s] INFO:colcon.colcon_core.shell:Creating package script '/home/w/work/moveit2_handeye_calib/install/ros2_socketcan_msgs/share/ros2_socketcan_msgs/package.bash'
[0.752s] INFO:colcon.colcon_core.shell:Creating package script '/home/w/work/moveit2_handeye_calib/install/ros2_socketcan_msgs/share/ros2_socketcan_msgs/package.zsh'
[0.752s] Level 1:colcon.colcon_core.environment:create_file_with_runtime_dependencies(/home/w/work/moveit2_handeye_calib/install/ros2_socketcan_msgs/share/colcon-core/packages/ros2_socketcan_msgs)
[0.753s] Level 1:colcon.colcon_core.environment:create_environment_scripts_only(ros2_socketcan_msgs)
[0.753s] Level 1:colcon.colcon_core.environment:checking '/home/w/work/moveit2_handeye_calib/install/ros2_socketcan_msgs' for CMake module files
[0.753s] Level 1:colcon.colcon_core.environment:checking '/home/w/work/moveit2_handeye_calib/install/ros2_socketcan_msgs' for CMake config files
[0.753s] Level 1:colcon.colcon_core.shell:create_environment_hook('ros2_socketcan_msgs', 'cmake_prefix_path')
[0.753s] INFO:colcon.colcon_core.shell:Creating environment hook '/home/w/work/moveit2_handeye_calib/install/ros2_socketcan_msgs/share/ros2_socketcan_msgs/hook/cmake_prefix_path.ps1'
[0.753s] INFO:colcon.colcon_core.shell:Creating environment descriptor '/home/w/work/moveit2_handeye_calib/install/ros2_socketcan_msgs/share/ros2_socketcan_msgs/hook/cmake_prefix_path.dsv'
[0.754s] INFO:colcon.colcon_core.shell:Creating environment hook '/home/w/work/moveit2_handeye_calib/install/ros2_socketcan_msgs/share/ros2_socketcan_msgs/hook/cmake_prefix_path.sh'
[0.754s] Level 1:colcon.colcon_core.environment:checking '/home/w/work/moveit2_handeye_calib/install/ros2_socketcan_msgs/lib'
[0.754s] Level 1:colcon.colcon_core.shell:create_environment_hook('ros2_socketcan_msgs', 'ld_library_path_lib')
[0.754s] INFO:colcon.colcon_core.shell:Creating environment hook '/home/w/work/moveit2_handeye_calib/install/ros2_socketcan_msgs/share/ros2_socketcan_msgs/hook/ld_library_path_lib.ps1'
[0.754s] INFO:colcon.colcon_core.shell:Creating environment descriptor '/home/w/work/moveit2_handeye_calib/install/ros2_socketcan_msgs/share/ros2_socketcan_msgs/hook/ld_library_path_lib.dsv'
[0.754s] INFO:colcon.colcon_core.shell:Creating environment hook '/home/w/work/moveit2_handeye_calib/install/ros2_socketcan_msgs/share/ros2_socketcan_msgs/hook/ld_library_path_lib.sh'
[0.754s] Level 1:colcon.colcon_core.environment:checking '/home/w/work/moveit2_handeye_calib/install/ros2_socketcan_msgs/bin'
[0.754s] Level 1:colcon.colcon_core.environment:checking '/home/w/work/moveit2_handeye_calib/install/ros2_socketcan_msgs/lib/pkgconfig/ros2_socketcan_msgs.pc'
[0.755s] Level 1:colcon.colcon_core.environment:checking '/home/w/work/moveit2_handeye_calib/install/ros2_socketcan_msgs/lib/python3.10/site-packages'
[0.755s] Level 1:colcon.colcon_core.environment:checking '/home/w/work/moveit2_handeye_calib/install/ros2_socketcan_msgs/bin'
[0.755s] INFO:colcon.colcon_core.shell:Creating package script '/home/w/work/moveit2_handeye_calib/install/ros2_socketcan_msgs/share/ros2_socketcan_msgs/package.ps1'
[0.755s] INFO:colcon.colcon_core.shell:Creating package descriptor '/home/w/work/moveit2_handeye_calib/install/ros2_socketcan_msgs/share/ros2_socketcan_msgs/package.dsv'
[0.756s] INFO:colcon.colcon_core.shell:Creating package script '/home/w/work/moveit2_handeye_calib/install/ros2_socketcan_msgs/share/ros2_socketcan_msgs/package.sh'
[0.756s] INFO:colcon.colcon_core.shell:Creating package script '/home/w/work/moveit2_handeye_calib/install/ros2_socketcan_msgs/share/ros2_socketcan_msgs/package.bash'
[0.756s] INFO:colcon.colcon_core.shell:Creating package script '/home/w/work/moveit2_handeye_calib/install/ros2_socketcan_msgs/share/ros2_socketcan_msgs/package.zsh'
[0.756s] Level 1:colcon.colcon_core.environment:create_file_with_runtime_dependencies(/home/w/work/moveit2_handeye_calib/install/ros2_socketcan_msgs/share/colcon-core/packages/ros2_socketcan_msgs)
[0.759s] DEBUG:colcon.colcon_core.event_handler.log_command:Invoking command in '/home/w/work/moveit2_handeye_calib/build/arm380_config': CMAKE_PREFIX_PATH=/home/w/work/moveit2_handeye_calib/install/robot_description:/home/w/work/moveit2_handeye_calib/install/robot_driver:/home/w/work/moveit2_handeye_calib/install/ros2_socketcan:/home/w/work/moveit2_handeye_calib/install/ros2_socketcan_msgs:/home/w/work/moveit2_handeye_calib/install/robot_virtual_fence:/home/w/work/moveit2_handeye_calib/install/robot_state_machine:/home/w/work/moveit2_handeye_calib/install/robot_sdk:/home/w/work/moveit2_handeye_calib/install/robot_control:/home/w/work/moveit2_handeye_calib/install/motor_control_logger:/home/w/work/moveit2_handeye_calib/install/robot_interfaces:/home/w/work/moveit2_handeye_calib/install/arm620_dh_config:/home/w/work/moveit2_handeye_calib/install/arm620_config:/home/w/work/moveit2_handeye_calib/install/arm380_config:/home/w/work/moveit2_handeye_calib/install/robot_bringup:/home/w/work/moveit2_handeye_calib/install/moveit_calibration_demos:/home/w/work/moveit2_handeye_calib/install/moveit_calibration_gui:/home/w/work/moveit2_handeye_calib/install/moveit_calibration_plugins:/home/w/work/trac_ik_ws/install/trac_ik:/home/w/work/trac_ik_ws/install/trac_ik_examples:/home/w/work/trac_ik_ws/install/trac_ik_lib:/home/w/work/moveit2_handeye_calib/install/traj_smoother_py:/home/w/work/moveit2_handeye_calib/install/robot_test_py:/home/w/work/moveit2_handeye_calib/install/robot_input:/home/w/work/moveit2_handeye_calib/install/robot_dynamics:/opt/ros/humble /usr/bin/cmake --build /home/w/work/moveit2_handeye_calib/build/arm380_config -- -j28 -l28
[0.760s] DEBUG:colcon.colcon_core.event_handler.log_command:Invoking command in '/home/w/work/moveit2_handeye_calib/build/arm620_config': CMAKE_PREFIX_PATH=/home/w/work/moveit2_handeye_calib/install/robot_description:/home/w/work/moveit2_handeye_calib/install/robot_driver:/home/w/work/moveit2_handeye_calib/install/ros2_socketcan:/home/w/work/moveit2_handeye_calib/install/ros2_socketcan_msgs:/home/w/work/moveit2_handeye_calib/install/robot_virtual_fence:/home/w/work/moveit2_handeye_calib/install/robot_state_machine:/home/w/work/moveit2_handeye_calib/install/robot_sdk:/home/w/work/moveit2_handeye_calib/install/robot_control:/home/w/work/moveit2_handeye_calib/install/motor_control_logger:/home/w/work/moveit2_handeye_calib/install/robot_interfaces:/home/w/work/moveit2_handeye_calib/install/arm620_dh_config:/home/w/work/moveit2_handeye_calib/install/arm620_config:/home/w/work/moveit2_handeye_calib/install/arm380_config:/home/w/work/moveit2_handeye_calib/install/robot_bringup:/home/w/work/moveit2_handeye_calib/install/moveit_calibration_demos:/home/w/work/moveit2_handeye_calib/install/moveit_calibration_gui:/home/w/work/moveit2_handeye_calib/install/moveit_calibration_plugins:/home/w/work/trac_ik_ws/install/trac_ik:/home/w/work/trac_ik_ws/install/trac_ik_examples:/home/w/work/trac_ik_ws/install/trac_ik_lib:/home/w/work/moveit2_handeye_calib/install/traj_smoother_py:/home/w/work/moveit2_handeye_calib/install/robot_test_py:/home/w/work/moveit2_handeye_calib/install/robot_input:/home/w/work/moveit2_handeye_calib/install/robot_dynamics:/opt/ros/humble /usr/bin/cmake --build /home/w/work/moveit2_handeye_calib/build/arm620_config -- -j28 -l28
[0.761s] INFO:colcon.colcon_ros.task.ament_cmake.build:Building ROS package in '/home/w/work/moveit2_handeye_calib/TG620/ros2_socketcan/ros2_socketcan' with build type 'ament_cmake'
[0.761s] INFO:colcon.colcon_cmake.task.cmake.build:Building CMake package in '/home/w/work/moveit2_handeye_calib/TG620/ros2_socketcan/ros2_socketcan'
[0.761s] INFO:colcon.colcon_core.shell:Skip shell extension 'powershell' for command environment: Not usable outside of PowerShell
[0.761s] DEBUG:colcon.colcon_core.shell:Skip shell extension 'dsv' for command environment
[0.762s] DEBUG:colcon.colcon_core.event_handler.log_command:Invoking command in '/home/w/work/moveit2_handeye_calib/build/arm620_dh_config': CMAKE_PREFIX_PATH=/home/w/work/moveit2_handeye_calib/install/robot_description:/home/w/work/moveit2_handeye_calib/install/robot_driver:/home/w/work/moveit2_handeye_calib/install/ros2_socketcan:/home/w/work/moveit2_handeye_calib/install/ros2_socketcan_msgs:/home/w/work/moveit2_handeye_calib/install/robot_virtual_fence:/home/w/work/moveit2_handeye_calib/install/robot_state_machine:/home/w/work/moveit2_handeye_calib/install/robot_sdk:/home/w/work/moveit2_handeye_calib/install/robot_control:/home/w/work/moveit2_handeye_calib/install/motor_control_logger:/home/w/work/moveit2_handeye_calib/install/robot_interfaces:/home/w/work/moveit2_handeye_calib/install/arm620_dh_config:/home/w/work/moveit2_handeye_calib/install/arm620_config:/home/w/work/moveit2_handeye_calib/install/arm380_config:/home/w/work/moveit2_handeye_calib/install/robot_bringup:/home/w/work/moveit2_handeye_calib/install/moveit_calibration_demos:/home/w/work/moveit2_handeye_calib/install/moveit_calibration_gui:/home/w/work/moveit2_handeye_calib/install/moveit_calibration_plugins:/home/w/work/trac_ik_ws/install/trac_ik:/home/w/work/trac_ik_ws/install/trac_ik_examples:/home/w/work/trac_ik_ws/install/trac_ik_lib:/home/w/work/moveit2_handeye_calib/install/traj_smoother_py:/home/w/work/moveit2_handeye_calib/install/robot_test_py:/home/w/work/moveit2_handeye_calib/install/robot_input:/home/w/work/moveit2_handeye_calib/install/robot_dynamics:/opt/ros/humble /usr/bin/cmake --build /home/w/work/moveit2_handeye_calib/build/arm620_dh_config -- -j28 -l28
[0.764s] Level 1:colcon.colcon_core.environment:create_environment_scripts_only(robot_interfaces)
[0.765s] Level 1:colcon.colcon_core.environment:checking '/home/w/work/moveit2_handeye_calib/install/robot_interfaces' for CMake module files
[0.765s] DEBUG:colcon.colcon_core.event_handler.log_command:Invoked command in '/home/w/work/moveit2_handeye_calib/build/robot_interfaces' returned '0': CMAKE_PREFIX_PATH=${CMAKE_PREFIX_PATH}:/home/w/work/moveit2_handeye_calib/install/traj_smoother_py:/home/w/work/moveit2_handeye_calib/install/robot_test_py:/home/w/work/moveit2_handeye_calib/install/robot_input:/home/w/work/moveit2_handeye_calib/install/robot_dynamics:/opt/ros/humble /usr/bin/cmake --install /home/w/work/moveit2_handeye_calib/build/robot_interfaces
[0.765s] Level 1:colcon.colcon_core.environment:checking '/home/w/work/moveit2_handeye_calib/install/robot_interfaces' for CMake config files
[0.765s] Level 1:colcon.colcon_core.shell:create_environment_hook('robot_interfaces', 'cmake_prefix_path')
[0.765s] INFO:colcon.colcon_core.shell:Creating environment hook '/home/w/work/moveit2_handeye_calib/install/robot_interfaces/share/robot_interfaces/hook/cmake_prefix_path.ps1'
[0.766s] INFO:colcon.colcon_core.shell:Creating environment descriptor '/home/w/work/moveit2_handeye_calib/install/robot_interfaces/share/robot_interfaces/hook/cmake_prefix_path.dsv'
[0.766s] INFO:colcon.colcon_core.shell:Creating environment hook '/home/w/work/moveit2_handeye_calib/install/robot_interfaces/share/robot_interfaces/hook/cmake_prefix_path.sh'
[0.767s] Level 1:colcon.colcon_core.environment:checking '/home/w/work/moveit2_handeye_calib/install/robot_interfaces/lib'
[0.767s] Level 1:colcon.colcon_core.shell:create_environment_hook('robot_interfaces', 'ld_library_path_lib')
[0.767s] INFO:colcon.colcon_core.shell:Creating environment hook '/home/w/work/moveit2_handeye_calib/install/robot_interfaces/share/robot_interfaces/hook/ld_library_path_lib.ps1'
[0.767s] INFO:colcon.colcon_core.shell:Creating environment descriptor '/home/w/work/moveit2_handeye_calib/install/robot_interfaces/share/robot_interfaces/hook/ld_library_path_lib.dsv'
[0.767s] INFO:colcon.colcon_core.shell:Creating environment hook '/home/w/work/moveit2_handeye_calib/install/robot_interfaces/share/robot_interfaces/hook/ld_library_path_lib.sh'
[0.767s] Level 1:colcon.colcon_core.environment:checking '/home/w/work/moveit2_handeye_calib/install/robot_interfaces/bin'
[0.767s] Level 1:colcon.colcon_core.environment:checking '/home/w/work/moveit2_handeye_calib/install/robot_interfaces/lib/pkgconfig/robot_interfaces.pc'
[0.767s] Level 1:colcon.colcon_core.environment:checking '/home/w/work/moveit2_handeye_calib/install/robot_interfaces/lib/python3.10/site-packages'
[0.768s] Level 1:colcon.colcon_core.environment:checking '/home/w/work/moveit2_handeye_calib/install/robot_interfaces/bin'
[0.768s] INFO:colcon.colcon_core.shell:Creating package script '/home/w/work/moveit2_handeye_calib/install/robot_interfaces/share/robot_interfaces/package.ps1'
[0.768s] INFO:colcon.colcon_core.shell:Creating package descriptor '/home/w/work/moveit2_handeye_calib/install/robot_interfaces/share/robot_interfaces/package.dsv'
[0.768s] INFO:colcon.colcon_core.shell:Creating package script '/home/w/work/moveit2_handeye_calib/install/robot_interfaces/share/robot_interfaces/package.sh'
[0.769s] INFO:colcon.colcon_core.shell:Creating package script '/home/w/work/moveit2_handeye_calib/install/robot_interfaces/share/robot_interfaces/package.bash'
[0.769s] INFO:colcon.colcon_core.shell:Creating package script '/home/w/work/moveit2_handeye_calib/install/robot_interfaces/share/robot_interfaces/package.zsh'
[0.769s] Level 1:colcon.colcon_core.environment:create_file_with_runtime_dependencies(/home/w/work/moveit2_handeye_calib/install/robot_interfaces/share/colcon-core/packages/robot_interfaces)
[0.769s] Level 1:colcon.colcon_core.environment:create_environment_scripts_only(robot_interfaces)
[0.769s] Level 1:colcon.colcon_core.environment:checking '/home/w/work/moveit2_handeye_calib/install/robot_interfaces' for CMake module files
[0.770s] Level 1:colcon.colcon_core.environment:checking '/home/w/work/moveit2_handeye_calib/install/robot_interfaces' for CMake config files
[0.770s] Level 1:colcon.colcon_core.shell:create_environment_hook('robot_interfaces', 'cmake_prefix_path')
[0.770s] INFO:colcon.colcon_core.shell:Creating environment hook '/home/w/work/moveit2_handeye_calib/install/robot_interfaces/share/robot_interfaces/hook/cmake_prefix_path.ps1'
[0.770s] INFO:colcon.colcon_core.shell:Creating environment descriptor '/home/w/work/moveit2_handeye_calib/install/robot_interfaces/share/robot_interfaces/hook/cmake_prefix_path.dsv'
[0.770s] INFO:colcon.colcon_core.shell:Creating environment hook '/home/w/work/moveit2_handeye_calib/install/robot_interfaces/share/robot_interfaces/hook/cmake_prefix_path.sh'
[0.771s] Level 1:colcon.colcon_core.environment:checking '/home/w/work/moveit2_handeye_calib/install/robot_interfaces/lib'
[0.771s] Level 1:colcon.colcon_core.shell:create_environment_hook('robot_interfaces', 'ld_library_path_lib')
[0.771s] INFO:colcon.colcon_core.shell:Creating environment hook '/home/w/work/moveit2_handeye_calib/install/robot_interfaces/share/robot_interfaces/hook/ld_library_path_lib.ps1'
[0.771s] INFO:colcon.colcon_core.shell:Creating environment descriptor '/home/w/work/moveit2_handeye_calib/install/robot_interfaces/share/robot_interfaces/hook/ld_library_path_lib.dsv'
[0.771s] INFO:colcon.colcon_core.shell:Creating environment hook '/home/w/work/moveit2_handeye_calib/install/robot_interfaces/share/robot_interfaces/hook/ld_library_path_lib.sh'
[0.771s] Level 1:colcon.colcon_core.environment:checking '/home/w/work/moveit2_handeye_calib/install/robot_interfaces/bin'
[0.771s] Level 1:colcon.colcon_core.environment:checking '/home/w/work/moveit2_handeye_calib/install/robot_interfaces/lib/pkgconfig/robot_interfaces.pc'
[0.772s] Level 1:colcon.colcon_core.environment:checking '/home/w/work/moveit2_handeye_calib/install/robot_interfaces/lib/python3.10/site-packages'
[0.772s] Level 1:colcon.colcon_core.environment:checking '/home/w/work/moveit2_handeye_calib/install/robot_interfaces/bin'
[0.772s] INFO:colcon.colcon_core.shell:Creating package script '/home/w/work/moveit2_handeye_calib/install/robot_interfaces/share/robot_interfaces/package.ps1'
[0.772s] INFO:colcon.colcon_core.shell:Creating package descriptor '/home/w/work/moveit2_handeye_calib/install/robot_interfaces/share/robot_interfaces/package.dsv'
[0.772s] INFO:colcon.colcon_core.shell:Creating package script '/home/w/work/moveit2_handeye_calib/install/robot_interfaces/share/robot_interfaces/package.sh'
[0.773s] INFO:colcon.colcon_core.shell:Creating package script '/home/w/work/moveit2_handeye_calib/install/robot_interfaces/share/robot_interfaces/package.bash'
[0.773s] INFO:colcon.colcon_core.shell:Creating package script '/home/w/work/moveit2_handeye_calib/install/robot_interfaces/share/robot_interfaces/package.zsh'
[0.773s] Level 1:colcon.colcon_core.environment:create_file_with_runtime_dependencies(/home/w/work/moveit2_handeye_calib/install/robot_interfaces/share/colcon-core/packages/robot_interfaces)
[0.774s] INFO:colcon.colcon_ros.task.ament_cmake.build:Building ROS package in '/home/w/work/moveit2_handeye_calib/TG620/motor_control_logger' with build type 'ament_cmake'
[0.774s] INFO:colcon.colcon_cmake.task.cmake.build:Building CMake package in '/home/w/work/moveit2_handeye_calib/TG620/motor_control_logger'
[0.774s] INFO:colcon.colcon_core.shell:Skip shell extension 'powershell' for command environment: Not usable outside of PowerShell
[0.774s] DEBUG:colcon.colcon_core.shell:Skip shell extension 'dsv' for command environment
[0.777s] INFO:colcon.colcon_ros.task.ament_cmake.build:Building ROS package in '/home/w/work/moveit2_handeye_calib/TG620/robot_control' with build type 'ament_cmake'
[0.777s] INFO:colcon.colcon_cmake.task.cmake.build:Building CMake package in '/home/w/work/moveit2_handeye_calib/TG620/robot_control'
[0.778s] INFO:colcon.colcon_core.shell:Skip shell extension 'powershell' for command environment: Not usable outside of PowerShell
[0.778s] DEBUG:colcon.colcon_core.shell:Skip shell extension 'dsv' for command environment
[0.780s] INFO:colcon.colcon_ros.task.ament_python.build:Building ROS package in '/home/w/work/moveit2_handeye_calib/TG620/robot_input' with build type 'ament_python'
[0.781s] Level 1:colcon.colcon_core.shell:create_environment_hook('robot_input', 'ament_prefix_path')
[0.781s] INFO:colcon.colcon_core.shell:Creating environment hook '/home/w/work/moveit2_handeye_calib/install/robot_input/share/robot_input/hook/ament_prefix_path.ps1'
[0.781s] INFO:colcon.colcon_core.shell:Creating environment descriptor '/home/w/work/moveit2_handeye_calib/install/robot_input/share/robot_input/hook/ament_prefix_path.dsv'
[0.781s] INFO:colcon.colcon_core.shell:Creating environment hook '/home/w/work/moveit2_handeye_calib/install/robot_input/share/robot_input/hook/ament_prefix_path.sh'
[0.782s] INFO:colcon.colcon_core.shell:Skip shell extension 'powershell' for command environment: Not usable outside of PowerShell
[0.782s] DEBUG:colcon.colcon_core.shell:Skip shell extension 'dsv' for command environment
[0.784s] INFO:colcon.colcon_ros.task.ament_cmake.build:Building ROS package in '/home/w/work/moveit2_handeye_calib/TG620/robot_sdk' with build type 'ament_cmake'
[0.784s] INFO:colcon.colcon_cmake.task.cmake.build:Building CMake package in '/home/w/work/moveit2_handeye_calib/TG620/robot_sdk'
[0.784s] INFO:colcon.colcon_core.shell:Skip shell extension 'powershell' for command environment: Not usable outside of PowerShell
[0.784s] DEBUG:colcon.colcon_core.shell:Skip shell extension 'dsv' for command environment
[0.787s] INFO:colcon.colcon_ros.task.ament_python.build:Building ROS package in '/home/w/work/moveit2_handeye_calib/TG620/robot_test_py' with build type 'ament_python'
[0.787s] Level 1:colcon.colcon_core.shell:create_environment_hook('robot_test_py', 'ament_prefix_path')
[0.787s] INFO:colcon.colcon_core.shell:Creating environment hook '/home/w/work/moveit2_handeye_calib/install/robot_test_py/share/robot_test_py/hook/ament_prefix_path.ps1'
[0.788s] INFO:colcon.colcon_core.shell:Creating environment descriptor '/home/w/work/moveit2_handeye_calib/install/robot_test_py/share/robot_test_py/hook/ament_prefix_path.dsv'
[0.788s] INFO:colcon.colcon_core.shell:Creating environment hook '/home/w/work/moveit2_handeye_calib/install/robot_test_py/share/robot_test_py/hook/ament_prefix_path.sh'
[0.788s] INFO:colcon.colcon_core.shell:Skip shell extension 'powershell' for command environment: Not usable outside of PowerShell
[0.788s] DEBUG:colcon.colcon_core.shell:Skip shell extension 'dsv' for command environment
[0.794s] DEBUG:colcon.colcon_core.event_handler.log_command:Invoking command in '/home/w/work/moveit2_handeye_calib/build/moveit_calibration_gui': CMAKE_PREFIX_PATH=/home/w/work/moveit2_handeye_calib/install/moveit_calibration_plugins:/home/w/work/moveit2_handeye_calib/install/robot_driver:/home/w/work/moveit2_handeye_calib/install/ros2_socketcan:/home/w/work/moveit2_handeye_calib/install/ros2_socketcan_msgs:/home/w/work/moveit2_handeye_calib/install/robot_virtual_fence:/home/w/work/moveit2_handeye_calib/install/robot_state_machine:/home/w/work/moveit2_handeye_calib/install/robot_sdk:/home/w/work/moveit2_handeye_calib/install/robot_control:/home/w/work/moveit2_handeye_calib/install/motor_control_logger:/home/w/work/moveit2_handeye_calib/install/robot_interfaces:/home/w/work/moveit2_handeye_calib/install/arm620_dh_config:/home/w/work/moveit2_handeye_calib/install/arm620_config:/home/w/work/moveit2_handeye_calib/install/arm380_config:/home/w/work/moveit2_handeye_calib/install/robot_description:/home/w/work/moveit2_handeye_calib/install/robot_bringup:/home/w/work/moveit2_handeye_calib/install/moveit_calibration_demos:/home/w/work/moveit2_handeye_calib/install/moveit_calibration_gui:/home/w/work/trac_ik_ws/install/trac_ik:/home/w/work/trac_ik_ws/install/trac_ik_examples:/home/w/work/trac_ik_ws/install/trac_ik_lib:/home/w/work/moveit2_handeye_calib/install/traj_smoother_py:/home/w/work/moveit2_handeye_calib/install/robot_test_py:/home/w/work/moveit2_handeye_calib/install/robot_input:/home/w/work/moveit2_handeye_calib/install/robot_dynamics:/opt/ros/humble LD_LIBRARY_PATH=/home/w/work/moveit2_handeye_calib/install/moveit_calibration_plugins/lib:/home/w/work/moveit2_handeye_calib/install/robot_driver/lib:/home/w/work/moveit2_handeye_calib/install/ros2_socketcan/lib:/home/w/work/moveit2_handeye_calib/install/ros2_socketcan_msgs/lib:/home/w/work/moveit2_handeye_calib/install/robot_interfaces/lib:/home/w/work/moveit2_handeye_calib/install/moveit_calibration_gui/lib:/home/w/work/trac_ik_ws/install/trac_ik_lib/lib:/opt/ros/humble/opt/rviz_ogre_vendor/lib:/opt/ros/humble/lib/x86_64-linux-gnu:/opt/ros/humble/lib /usr/bin/cmake --build /home/w/work/moveit2_handeye_calib/build/moveit_calibration_gui -- -j28 -l28
[0.795s] DEBUG:colcon.colcon_core.event_handler.log_command:Invoked command in '/home/w/work/moveit2_handeye_calib/build/arm380_config' returned '0': CMAKE_PREFIX_PATH=/home/w/work/moveit2_handeye_calib/install/robot_description:/home/w/work/moveit2_handeye_calib/install/robot_driver:/home/w/work/moveit2_handeye_calib/install/ros2_socketcan:/home/w/work/moveit2_handeye_calib/install/ros2_socketcan_msgs:/home/w/work/moveit2_handeye_calib/install/robot_virtual_fence:/home/w/work/moveit2_handeye_calib/install/robot_state_machine:/home/w/work/moveit2_handeye_calib/install/robot_sdk:/home/w/work/moveit2_handeye_calib/install/robot_control:/home/w/work/moveit2_handeye_calib/install/motor_control_logger:/home/w/work/moveit2_handeye_calib/install/robot_interfaces:/home/w/work/moveit2_handeye_calib/install/arm620_dh_config:/home/w/work/moveit2_handeye_calib/install/arm620_config:/home/w/work/moveit2_handeye_calib/install/arm380_config:/home/w/work/moveit2_handeye_calib/install/robot_bringup:/home/w/work/moveit2_handeye_calib/install/moveit_calibration_demos:/home/w/work/moveit2_handeye_calib/install/moveit_calibration_gui:/home/w/work/moveit2_handeye_calib/install/moveit_calibration_plugins:/home/w/work/trac_ik_ws/install/trac_ik:/home/w/work/trac_ik_ws/install/trac_ik_examples:/home/w/work/trac_ik_ws/install/trac_ik_lib:/home/w/work/moveit2_handeye_calib/install/traj_smoother_py:/home/w/work/moveit2_handeye_calib/install/robot_test_py:/home/w/work/moveit2_handeye_calib/install/robot_input:/home/w/work/moveit2_handeye_calib/install/robot_dynamics:/opt/ros/humble /usr/bin/cmake --build /home/w/work/moveit2_handeye_calib/build/arm380_config -- -j28 -l28
[0.796s] DEBUG:colcon.colcon_core.event_handler.log_command:Invoking command in '/home/w/work/moveit2_handeye_calib/build/arm380_config': CMAKE_PREFIX_PATH=/home/w/work/moveit2_handeye_calib/install/robot_description:/home/w/work/moveit2_handeye_calib/install/robot_driver:/home/w/work/moveit2_handeye_calib/install/ros2_socketcan:/home/w/work/moveit2_handeye_calib/install/ros2_socketcan_msgs:/home/w/work/moveit2_handeye_calib/install/robot_virtual_fence:/home/w/work/moveit2_handeye_calib/install/robot_state_machine:/home/w/work/moveit2_handeye_calib/install/robot_sdk:/home/w/work/moveit2_handeye_calib/install/robot_control:/home/w/work/moveit2_handeye_calib/install/motor_control_logger:/home/w/work/moveit2_handeye_calib/install/robot_interfaces:/home/w/work/moveit2_handeye_calib/install/arm620_dh_config:/home/w/work/moveit2_handeye_calib/install/arm620_config:/home/w/work/moveit2_handeye_calib/install/arm380_config:/home/w/work/moveit2_handeye_calib/install/robot_bringup:/home/w/work/moveit2_handeye_calib/install/moveit_calibration_demos:/home/w/work/moveit2_handeye_calib/install/moveit_calibration_gui:/home/w/work/moveit2_handeye_calib/install/moveit_calibration_plugins:/home/w/work/trac_ik_ws/install/trac_ik:/home/w/work/trac_ik_ws/install/trac_ik_examples:/home/w/work/trac_ik_ws/install/trac_ik_lib:/home/w/work/moveit2_handeye_calib/install/traj_smoother_py:/home/w/work/moveit2_handeye_calib/install/robot_test_py:/home/w/work/moveit2_handeye_calib/install/robot_input:/home/w/work/moveit2_handeye_calib/install/robot_dynamics:/opt/ros/humble /usr/bin/cmake --install /home/w/work/moveit2_handeye_calib/build/arm380_config
[0.796s] DEBUG:colcon.colcon_core.event_handler.log_command:Invoked command in '/home/w/work/moveit2_handeye_calib/build/arm620_config' returned '0': CMAKE_PREFIX_PATH=/home/w/work/moveit2_handeye_calib/install/robot_description:/home/w/work/moveit2_handeye_calib/install/robot_driver:/home/w/work/moveit2_handeye_calib/install/ros2_socketcan:/home/w/work/moveit2_handeye_calib/install/ros2_socketcan_msgs:/home/w/work/moveit2_handeye_calib/install/robot_virtual_fence:/home/w/work/moveit2_handeye_calib/install/robot_state_machine:/home/w/work/moveit2_handeye_calib/install/robot_sdk:/home/w/work/moveit2_handeye_calib/install/robot_control:/home/w/work/moveit2_handeye_calib/install/motor_control_logger:/home/w/work/moveit2_handeye_calib/install/robot_interfaces:/home/w/work/moveit2_handeye_calib/install/arm620_dh_config:/home/w/work/moveit2_handeye_calib/install/arm620_config:/home/w/work/moveit2_handeye_calib/install/arm380_config:/home/w/work/moveit2_handeye_calib/install/robot_bringup:/home/w/work/moveit2_handeye_calib/install/moveit_calibration_demos:/home/w/work/moveit2_handeye_calib/install/moveit_calibration_gui:/home/w/work/moveit2_handeye_calib/install/moveit_calibration_plugins:/home/w/work/trac_ik_ws/install/trac_ik:/home/w/work/trac_ik_ws/install/trac_ik_examples:/home/w/work/trac_ik_ws/install/trac_ik_lib:/home/w/work/moveit2_handeye_calib/install/traj_smoother_py:/home/w/work/moveit2_handeye_calib/install/robot_test_py:/home/w/work/moveit2_handeye_calib/install/robot_input:/home/w/work/moveit2_handeye_calib/install/robot_dynamics:/opt/ros/humble /usr/bin/cmake --build /home/w/work/moveit2_handeye_calib/build/arm620_config -- -j28 -l28
[0.798s] DEBUG:colcon.colcon_core.event_handler.log_command:Invoking command in '/home/w/work/moveit2_handeye_calib/build/arm620_config': CMAKE_PREFIX_PATH=/home/w/work/moveit2_handeye_calib/install/robot_description:/home/w/work/moveit2_handeye_calib/install/robot_driver:/home/w/work/moveit2_handeye_calib/install/ros2_socketcan:/home/w/work/moveit2_handeye_calib/install/ros2_socketcan_msgs:/home/w/work/moveit2_handeye_calib/install/robot_virtual_fence:/home/w/work/moveit2_handeye_calib/install/robot_state_machine:/home/w/work/moveit2_handeye_calib/install/robot_sdk:/home/w/work/moveit2_handeye_calib/install/robot_control:/home/w/work/moveit2_handeye_calib/install/motor_control_logger:/home/w/work/moveit2_handeye_calib/install/robot_interfaces:/home/w/work/moveit2_handeye_calib/install/arm620_dh_config:/home/w/work/moveit2_handeye_calib/install/arm620_config:/home/w/work/moveit2_handeye_calib/install/arm380_config:/home/w/work/moveit2_handeye_calib/install/robot_bringup:/home/w/work/moveit2_handeye_calib/install/moveit_calibration_demos:/home/w/work/moveit2_handeye_calib/install/moveit_calibration_gui:/home/w/work/moveit2_handeye_calib/install/moveit_calibration_plugins:/home/w/work/trac_ik_ws/install/trac_ik:/home/w/work/trac_ik_ws/install/trac_ik_examples:/home/w/work/trac_ik_ws/install/trac_ik_lib:/home/w/work/moveit2_handeye_calib/install/traj_smoother_py:/home/w/work/moveit2_handeye_calib/install/robot_test_py:/home/w/work/moveit2_handeye_calib/install/robot_input:/home/w/work/moveit2_handeye_calib/install/robot_dynamics:/opt/ros/humble /usr/bin/cmake --install /home/w/work/moveit2_handeye_calib/build/arm620_config
[0.798s] DEBUG:colcon.colcon_core.event_handler.log_command:Invoked command in '/home/w/work/moveit2_handeye_calib/build/arm620_dh_config' returned '0': CMAKE_PREFIX_PATH=/home/w/work/moveit2_handeye_calib/install/robot_description:/home/w/work/moveit2_handeye_calib/install/robot_driver:/home/w/work/moveit2_handeye_calib/install/ros2_socketcan:/home/w/work/moveit2_handeye_calib/install/ros2_socketcan_msgs:/home/w/work/moveit2_handeye_calib/install/robot_virtual_fence:/home/w/work/moveit2_handeye_calib/install/robot_state_machine:/home/w/work/moveit2_handeye_calib/install/robot_sdk:/home/w/work/moveit2_handeye_calib/install/robot_control:/home/w/work/moveit2_handeye_calib/install/motor_control_logger:/home/w/work/moveit2_handeye_calib/install/robot_interfaces:/home/w/work/moveit2_handeye_calib/install/arm620_dh_config:/home/w/work/moveit2_handeye_calib/install/arm620_config:/home/w/work/moveit2_handeye_calib/install/arm380_config:/home/w/work/moveit2_handeye_calib/install/robot_bringup:/home/w/work/moveit2_handeye_calib/install/moveit_calibration_demos:/home/w/work/moveit2_handeye_calib/install/moveit_calibration_gui:/home/w/work/moveit2_handeye_calib/install/moveit_calibration_plugins:/home/w/work/trac_ik_ws/install/trac_ik:/home/w/work/trac_ik_ws/install/trac_ik_examples:/home/w/work/trac_ik_ws/install/trac_ik_lib:/home/w/work/moveit2_handeye_calib/install/traj_smoother_py:/home/w/work/moveit2_handeye_calib/install/robot_test_py:/home/w/work/moveit2_handeye_calib/install/robot_input:/home/w/work/moveit2_handeye_calib/install/robot_dynamics:/opt/ros/humble /usr/bin/cmake --build /home/w/work/moveit2_handeye_calib/build/arm620_dh_config -- -j28 -l28
[0.799s] DEBUG:colcon.colcon_core.event_handler.log_command:Invoking command in '/home/w/work/moveit2_handeye_calib/build/arm620_dh_config': CMAKE_PREFIX_PATH=/home/w/work/moveit2_handeye_calib/install/robot_description:/home/w/work/moveit2_handeye_calib/install/robot_driver:/home/w/work/moveit2_handeye_calib/install/ros2_socketcan:/home/w/work/moveit2_handeye_calib/install/ros2_socketcan_msgs:/home/w/work/moveit2_handeye_calib/install/robot_virtual_fence:/home/w/work/moveit2_handeye_calib/install/robot_state_machine:/home/w/work/moveit2_handeye_calib/install/robot_sdk:/home/w/work/moveit2_handeye_calib/install/robot_control:/home/w/work/moveit2_handeye_calib/install/motor_control_logger:/home/w/work/moveit2_handeye_calib/install/robot_interfaces:/home/w/work/moveit2_handeye_calib/install/arm620_dh_config:/home/w/work/moveit2_handeye_calib/install/arm620_config:/home/w/work/moveit2_handeye_calib/install/arm380_config:/home/w/work/moveit2_handeye_calib/install/robot_bringup:/home/w/work/moveit2_handeye_calib/install/moveit_calibration_demos:/home/w/work/moveit2_handeye_calib/install/moveit_calibration_gui:/home/w/work/moveit2_handeye_calib/install/moveit_calibration_plugins:/home/w/work/trac_ik_ws/install/trac_ik:/home/w/work/trac_ik_ws/install/trac_ik_examples:/home/w/work/trac_ik_ws/install/trac_ik_lib:/home/w/work/moveit2_handeye_calib/install/traj_smoother_py:/home/w/work/moveit2_handeye_calib/install/robot_test_py:/home/w/work/moveit2_handeye_calib/install/robot_input:/home/w/work/moveit2_handeye_calib/install/robot_dynamics:/opt/ros/humble /usr/bin/cmake --install /home/w/work/moveit2_handeye_calib/build/arm620_dh_config
[0.803s] DEBUG:colcon.colcon_core.event_handler.log_command:Invoking command in '/home/w/work/moveit2_handeye_calib/build/ros2_socketcan': CMAKE_PREFIX_PATH=/home/w/work/moveit2_handeye_calib/install/ros2_socketcan_msgs:/home/w/work/moveit2_handeye_calib/install/robot_driver:/home/w/work/moveit2_handeye_calib/install/ros2_socketcan:/home/w/work/moveit2_handeye_calib/install/robot_virtual_fence:/home/w/work/moveit2_handeye_calib/install/robot_state_machine:/home/w/work/moveit2_handeye_calib/install/robot_sdk:/home/w/work/moveit2_handeye_calib/install/robot_control:/home/w/work/moveit2_handeye_calib/install/motor_control_logger:/home/w/work/moveit2_handeye_calib/install/robot_interfaces:/home/w/work/moveit2_handeye_calib/install/arm620_dh_config:/home/w/work/moveit2_handeye_calib/install/arm620_config:/home/w/work/moveit2_handeye_calib/install/arm380_config:/home/w/work/moveit2_handeye_calib/install/robot_description:/home/w/work/moveit2_handeye_calib/install/robot_bringup:/home/w/work/moveit2_handeye_calib/install/moveit_calibration_demos:/home/w/work/moveit2_handeye_calib/install/moveit_calibration_gui:/home/w/work/moveit2_handeye_calib/install/moveit_calibration_plugins:/home/w/work/trac_ik_ws/install/trac_ik:/home/w/work/trac_ik_ws/install/trac_ik_examples:/home/w/work/trac_ik_ws/install/trac_ik_lib:/home/w/work/moveit2_handeye_calib/install/traj_smoother_py:/home/w/work/moveit2_handeye_calib/install/robot_test_py:/home/w/work/moveit2_handeye_calib/install/robot_input:/home/w/work/moveit2_handeye_calib/install/robot_dynamics:/opt/ros/humble LD_LIBRARY_PATH=/home/w/work/moveit2_handeye_calib/install/ros2_socketcan_msgs/lib:/home/w/work/moveit2_handeye_calib/install/robot_driver/lib:/home/w/work/moveit2_handeye_calib/install/ros2_socketcan/lib:/home/w/work/moveit2_handeye_calib/install/robot_interfaces/lib:/home/w/work/moveit2_handeye_calib/install/moveit_calibration_gui/lib:/home/w/work/moveit2_handeye_calib/install/moveit_calibration_plugins/lib:/home/w/work/trac_ik_ws/install/trac_ik_lib/lib:/opt/ros/humble/opt/rviz_ogre_vendor/lib:/opt/ros/humble/lib/x86_64-linux-gnu:/opt/ros/humble/lib /usr/bin/cmake --build /home/w/work/moveit2_handeye_calib/build/ros2_socketcan -- -j28 -l28
[0.814s] DEBUG:colcon.colcon_core.event_handler.log_command:Invoking command in '/home/w/work/moveit2_handeye_calib/build/motor_control_logger': CMAKE_PREFIX_PATH=/home/w/work/moveit2_handeye_calib/install/robot_interfaces:/home/w/work/moveit2_handeye_calib/install/robot_driver:/home/w/work/moveit2_handeye_calib/install/ros2_socketcan:/home/w/work/moveit2_handeye_calib/install/ros2_socketcan_msgs:/home/w/work/moveit2_handeye_calib/install/robot_virtual_fence:/home/w/work/moveit2_handeye_calib/install/robot_state_machine:/home/w/work/moveit2_handeye_calib/install/robot_sdk:/home/w/work/moveit2_handeye_calib/install/robot_control:/home/w/work/moveit2_handeye_calib/install/motor_control_logger:/home/w/work/moveit2_handeye_calib/install/arm620_dh_config:/home/w/work/moveit2_handeye_calib/install/arm620_config:/home/w/work/moveit2_handeye_calib/install/arm380_config:/home/w/work/moveit2_handeye_calib/install/robot_description:/home/w/work/moveit2_handeye_calib/install/robot_bringup:/home/w/work/moveit2_handeye_calib/install/moveit_calibration_demos:/home/w/work/moveit2_handeye_calib/install/moveit_calibration_gui:/home/w/work/moveit2_handeye_calib/install/moveit_calibration_plugins:/home/w/work/trac_ik_ws/install/trac_ik:/home/w/work/trac_ik_ws/install/trac_ik_examples:/home/w/work/trac_ik_ws/install/trac_ik_lib:/home/w/work/moveit2_handeye_calib/install/traj_smoother_py:/home/w/work/moveit2_handeye_calib/install/robot_test_py:/home/w/work/moveit2_handeye_calib/install/robot_input:/home/w/work/moveit2_handeye_calib/install/robot_dynamics:/opt/ros/humble LD_LIBRARY_PATH=/home/w/work/moveit2_handeye_calib/install/robot_interfaces/lib:/home/w/work/moveit2_handeye_calib/install/robot_driver/lib:/home/w/work/moveit2_handeye_calib/install/ros2_socketcan/lib:/home/w/work/moveit2_handeye_calib/install/ros2_socketcan_msgs/lib:/home/w/work/moveit2_handeye_calib/install/moveit_calibration_gui/lib:/home/w/work/moveit2_handeye_calib/install/moveit_calibration_plugins/lib:/home/w/work/trac_ik_ws/install/trac_ik_lib/lib:/opt/ros/humble/opt/rviz_ogre_vendor/lib:/opt/ros/humble/lib/x86_64-linux-gnu:/opt/ros/humble/lib /usr/bin/cmake --build /home/w/work/moveit2_handeye_calib/build/motor_control_logger -- -j28 -l28
[0.815s] DEBUG:colcon.colcon_core.event_handler.log_command:Invoking command in '/home/w/work/moveit2_handeye_calib/build/robot_control': CMAKE_PREFIX_PATH=/home/w/work/moveit2_handeye_calib/install/robot_interfaces:/home/w/work/moveit2_handeye_calib/install/robot_driver:/home/w/work/moveit2_handeye_calib/install/ros2_socketcan:/home/w/work/moveit2_handeye_calib/install/ros2_socketcan_msgs:/home/w/work/moveit2_handeye_calib/install/robot_virtual_fence:/home/w/work/moveit2_handeye_calib/install/robot_state_machine:/home/w/work/moveit2_handeye_calib/install/robot_sdk:/home/w/work/moveit2_handeye_calib/install/robot_control:/home/w/work/moveit2_handeye_calib/install/motor_control_logger:/home/w/work/moveit2_handeye_calib/install/arm620_dh_config:/home/w/work/moveit2_handeye_calib/install/arm620_config:/home/w/work/moveit2_handeye_calib/install/arm380_config:/home/w/work/moveit2_handeye_calib/install/robot_description:/home/w/work/moveit2_handeye_calib/install/robot_bringup:/home/w/work/moveit2_handeye_calib/install/moveit_calibration_demos:/home/w/work/moveit2_handeye_calib/install/moveit_calibration_gui:/home/w/work/moveit2_handeye_calib/install/moveit_calibration_plugins:/home/w/work/trac_ik_ws/install/trac_ik:/home/w/work/trac_ik_ws/install/trac_ik_examples:/home/w/work/trac_ik_ws/install/trac_ik_lib:/home/w/work/moveit2_handeye_calib/install/traj_smoother_py:/home/w/work/moveit2_handeye_calib/install/robot_test_py:/home/w/work/moveit2_handeye_calib/install/robot_input:/home/w/work/moveit2_handeye_calib/install/robot_dynamics:/opt/ros/humble LD_LIBRARY_PATH=/home/w/work/moveit2_handeye_calib/install/robot_interfaces/lib:/home/w/work/moveit2_handeye_calib/install/robot_driver/lib:/home/w/work/moveit2_handeye_calib/install/ros2_socketcan/lib:/home/w/work/moveit2_handeye_calib/install/ros2_socketcan_msgs/lib:/home/w/work/moveit2_handeye_calib/install/moveit_calibration_gui/lib:/home/w/work/moveit2_handeye_calib/install/moveit_calibration_plugins/lib:/home/w/work/trac_ik_ws/install/trac_ik_lib/lib:/opt/ros/humble/opt/rviz_ogre_vendor/lib:/opt/ros/humble/lib/x86_64-linux-gnu:/opt/ros/humble/lib /usr/bin/cmake --build /home/w/work/moveit2_handeye_calib/build/robot_control -- -j28 -l28
[0.975s] INFO:colcon.colcon_core.task.python.build:Building Python package in '/home/w/work/moveit2_handeye_calib/TG620/robot_input'
[0.975s] INFO:colcon.colcon_core.shell:Skip shell extension 'powershell' for command environment: Not usable outside of PowerShell
[0.975s] DEBUG:colcon.colcon_core.shell:Skip shell extension 'dsv' for command environment
[0.981s] DEBUG:colcon.colcon_core.event_handler.log_command:Invoking command in '/home/w/work/moveit2_handeye_calib/build/robot_sdk': CMAKE_PREFIX_PATH=/home/w/work/moveit2_handeye_calib/install/robot_interfaces:/home/w/work/moveit2_handeye_calib/install/robot_driver:/home/w/work/moveit2_handeye_calib/install/ros2_socketcan:/home/w/work/moveit2_handeye_calib/install/ros2_socketcan_msgs:/home/w/work/moveit2_handeye_calib/install/robot_virtual_fence:/home/w/work/moveit2_handeye_calib/install/robot_state_machine:/home/w/work/moveit2_handeye_calib/install/robot_sdk:/home/w/work/moveit2_handeye_calib/install/robot_control:/home/w/work/moveit2_handeye_calib/install/motor_control_logger:/home/w/work/moveit2_handeye_calib/install/arm620_dh_config:/home/w/work/moveit2_handeye_calib/install/arm620_config:/home/w/work/moveit2_handeye_calib/install/arm380_config:/home/w/work/moveit2_handeye_calib/install/robot_description:/home/w/work/moveit2_handeye_calib/install/robot_bringup:/home/w/work/moveit2_handeye_calib/install/moveit_calibration_demos:/home/w/work/moveit2_handeye_calib/install/moveit_calibration_gui:/home/w/work/moveit2_handeye_calib/install/moveit_calibration_plugins:/home/w/work/trac_ik_ws/install/trac_ik:/home/w/work/trac_ik_ws/install/trac_ik_examples:/home/w/work/trac_ik_ws/install/trac_ik_lib:/home/w/work/moveit2_handeye_calib/install/traj_smoother_py:/home/w/work/moveit2_handeye_calib/install/robot_test_py:/home/w/work/moveit2_handeye_calib/install/robot_input:/home/w/work/moveit2_handeye_calib/install/robot_dynamics:/opt/ros/humble LD_LIBRARY_PATH=/home/w/work/moveit2_handeye_calib/install/robot_interfaces/lib:/home/w/work/moveit2_handeye_calib/install/robot_driver/lib:/home/w/work/moveit2_handeye_calib/install/ros2_socketcan/lib:/home/w/work/moveit2_handeye_calib/install/ros2_socketcan_msgs/lib:/home/w/work/moveit2_handeye_calib/install/moveit_calibration_gui/lib:/home/w/work/moveit2_handeye_calib/install/moveit_calibration_plugins/lib:/home/w/work/trac_ik_ws/install/trac_ik_lib/lib:/opt/ros/humble/opt/rviz_ogre_vendor/lib:/opt/ros/humble/lib/x86_64-linux-gnu:/opt/ros/humble/lib /usr/bin/cmake --build /home/w/work/moveit2_handeye_calib/build/robot_sdk -- -j28 -l28
[1.140s] INFO:colcon.colcon_core.task.python.build:Building Python package in '/home/w/work/moveit2_handeye_calib/TG620/robot_test_py'
[1.140s] INFO:colcon.colcon_core.shell:Skip shell extension 'powershell' for command environment: Not usable outside of PowerShell
[1.140s] DEBUG:colcon.colcon_core.shell:Skip shell extension 'dsv' for command environment
[1.148s] Level 1:colcon.colcon_core.environment:create_environment_scripts_only(arm620_dh_config)
[1.148s] Level 1:colcon.colcon_core.environment:checking '/home/w/work/moveit2_handeye_calib/install/arm620_dh_config' for CMake module files
[1.149s] DEBUG:colcon.colcon_core.event_handler.log_command:Invoked command in '/home/w/work/moveit2_handeye_calib/build/arm620_dh_config' returned '0': CMAKE_PREFIX_PATH=/home/w/work/moveit2_handeye_calib/install/robot_description:/home/w/work/moveit2_handeye_calib/install/robot_driver:/home/w/work/moveit2_handeye_calib/install/ros2_socketcan:/home/w/work/moveit2_handeye_calib/install/ros2_socketcan_msgs:/home/w/work/moveit2_handeye_calib/install/robot_virtual_fence:/home/w/work/moveit2_handeye_calib/install/robot_state_machine:/home/w/work/moveit2_handeye_calib/install/robot_sdk:/home/w/work/moveit2_handeye_calib/install/robot_control:/home/w/work/moveit2_handeye_calib/install/motor_control_logger:/home/w/work/moveit2_handeye_calib/install/robot_interfaces:/home/w/work/moveit2_handeye_calib/install/arm620_dh_config:/home/w/work/moveit2_handeye_calib/install/arm620_config:/home/w/work/moveit2_handeye_calib/install/arm380_config:/home/w/work/moveit2_handeye_calib/install/robot_bringup:/home/w/work/moveit2_handeye_calib/install/moveit_calibration_demos:/home/w/work/moveit2_handeye_calib/install/moveit_calibration_gui:/home/w/work/moveit2_handeye_calib/install/moveit_calibration_plugins:/home/w/work/trac_ik_ws/install/trac_ik:/home/w/work/trac_ik_ws/install/trac_ik_examples:/home/w/work/trac_ik_ws/install/trac_ik_lib:/home/w/work/moveit2_handeye_calib/install/traj_smoother_py:/home/w/work/moveit2_handeye_calib/install/robot_test_py:/home/w/work/moveit2_handeye_calib/install/robot_input:/home/w/work/moveit2_handeye_calib/install/robot_dynamics:/opt/ros/humble /usr/bin/cmake --install /home/w/work/moveit2_handeye_calib/build/arm620_dh_config
[1.149s] Level 1:colcon.colcon_core.environment:checking '/home/w/work/moveit2_handeye_calib/install/arm620_dh_config' for CMake config files
[1.149s] Level 1:colcon.colcon_core.shell:create_environment_hook('arm620_dh_config', 'cmake_prefix_path')
[1.149s] INFO:colcon.colcon_core.shell:Creating environment hook '/home/w/work/moveit2_handeye_calib/install/arm620_dh_config/share/arm620_dh_config/hook/cmake_prefix_path.ps1'
[1.149s] INFO:colcon.colcon_core.shell:Creating environment descriptor '/home/w/work/moveit2_handeye_calib/install/arm620_dh_config/share/arm620_dh_config/hook/cmake_prefix_path.dsv'
[1.150s] INFO:colcon.colcon_core.shell:Creating environment hook '/home/w/work/moveit2_handeye_calib/install/arm620_dh_config/share/arm620_dh_config/hook/cmake_prefix_path.sh'
[1.150s] Level 1:colcon.colcon_core.environment:checking '/home/w/work/moveit2_handeye_calib/install/arm620_dh_config/bin'
[1.150s] Level 1:colcon.colcon_core.environment:checking '/home/w/work/moveit2_handeye_calib/install/arm620_dh_config/lib/pkgconfig/arm620_dh_config.pc'
[1.150s] Level 1:colcon.colcon_core.environment:checking '/home/w/work/moveit2_handeye_calib/install/arm620_dh_config/lib/python3.10/site-packages'
[1.150s] Level 1:colcon.colcon_core.environment:checking '/home/w/work/moveit2_handeye_calib/install/arm620_dh_config/bin'
[1.151s] INFO:colcon.colcon_core.shell:Creating package script '/home/w/work/moveit2_handeye_calib/install/arm620_dh_config/share/arm620_dh_config/package.ps1'
[1.151s] INFO:colcon.colcon_core.shell:Creating package descriptor '/home/w/work/moveit2_handeye_calib/install/arm620_dh_config/share/arm620_dh_config/package.dsv'
[1.151s] INFO:colcon.colcon_core.shell:Creating package script '/home/w/work/moveit2_handeye_calib/install/arm620_dh_config/share/arm620_dh_config/package.sh'
[1.151s] INFO:colcon.colcon_core.shell:Creating package script '/home/w/work/moveit2_handeye_calib/install/arm620_dh_config/share/arm620_dh_config/package.bash'
[1.151s] INFO:colcon.colcon_core.shell:Creating package script '/home/w/work/moveit2_handeye_calib/install/arm620_dh_config/share/arm620_dh_config/package.zsh'
[1.152s] Level 1:colcon.colcon_core.environment:create_file_with_runtime_dependencies(/home/w/work/moveit2_handeye_calib/install/arm620_dh_config/share/colcon-core/packages/arm620_dh_config)
[1.152s] Level 1:colcon.colcon_core.environment:create_environment_scripts_only(arm620_dh_config)
[1.152s] Level 1:colcon.colcon_core.environment:checking '/home/w/work/moveit2_handeye_calib/install/arm620_dh_config' for CMake module files
[1.152s] Level 1:colcon.colcon_core.environment:checking '/home/w/work/moveit2_handeye_calib/install/arm620_dh_config' for CMake config files
[1.152s] Level 1:colcon.colcon_core.shell:create_environment_hook('arm620_dh_config', 'cmake_prefix_path')
[1.153s] INFO:colcon.colcon_core.shell:Creating environment hook '/home/w/work/moveit2_handeye_calib/install/arm620_dh_config/share/arm620_dh_config/hook/cmake_prefix_path.ps1'
[1.153s] INFO:colcon.colcon_core.shell:Creating environment descriptor '/home/w/work/moveit2_handeye_calib/install/arm620_dh_config/share/arm620_dh_config/hook/cmake_prefix_path.dsv'
[1.153s] INFO:colcon.colcon_core.shell:Creating environment hook '/home/w/work/moveit2_handeye_calib/install/arm620_dh_config/share/arm620_dh_config/hook/cmake_prefix_path.sh'
[1.153s] Level 1:colcon.colcon_core.environment:checking '/home/w/work/moveit2_handeye_calib/install/arm620_dh_config/bin'
[1.153s] Level 1:colcon.colcon_core.environment:checking '/home/w/work/moveit2_handeye_calib/install/arm620_dh_config/lib/pkgconfig/arm620_dh_config.pc'
[1.153s] Level 1:colcon.colcon_core.environment:checking '/home/w/work/moveit2_handeye_calib/install/arm620_dh_config/lib/python3.10/site-packages'
[1.154s] Level 1:colcon.colcon_core.environment:checking '/home/w/work/moveit2_handeye_calib/install/arm620_dh_config/bin'
[1.154s] INFO:colcon.colcon_core.shell:Creating package script '/home/w/work/moveit2_handeye_calib/install/arm620_dh_config/share/arm620_dh_config/package.ps1'
[1.154s] INFO:colcon.colcon_core.shell:Creating package descriptor '/home/w/work/moveit2_handeye_calib/install/arm620_dh_config/share/arm620_dh_config/package.dsv'
[1.154s] INFO:colcon.colcon_core.shell:Creating package script '/home/w/work/moveit2_handeye_calib/install/arm620_dh_config/share/arm620_dh_config/package.sh'
[1.155s] INFO:colcon.colcon_core.shell:Creating package script '/home/w/work/moveit2_handeye_calib/install/arm620_dh_config/share/arm620_dh_config/package.bash'
[1.155s] INFO:colcon.colcon_core.shell:Creating package script '/home/w/work/moveit2_handeye_calib/install/arm620_dh_config/share/arm620_dh_config/package.zsh'
[1.155s] Level 1:colcon.colcon_core.environment:create_file_with_runtime_dependencies(/home/w/work/moveit2_handeye_calib/install/arm620_dh_config/share/colcon-core/packages/arm620_dh_config)
[1.155s] Level 1:colcon.colcon_core.environment:create_environment_scripts_only(arm620_config)
[1.155s] Level 1:colcon.colcon_core.environment:checking '/home/w/work/moveit2_handeye_calib/install/arm620_config' for CMake module files
[1.156s] Level 1:colcon.colcon_core.environment:checking '/home/w/work/moveit2_handeye_calib/install/arm620_config' for CMake config files
[1.156s] DEBUG:colcon.colcon_core.event_handler.log_command:Invoked command in '/home/w/work/moveit2_handeye_calib/build/arm620_config' returned '0': CMAKE_PREFIX_PATH=/home/w/work/moveit2_handeye_calib/install/robot_description:/home/w/work/moveit2_handeye_calib/install/robot_driver:/home/w/work/moveit2_handeye_calib/install/ros2_socketcan:/home/w/work/moveit2_handeye_calib/install/ros2_socketcan_msgs:/home/w/work/moveit2_handeye_calib/install/robot_virtual_fence:/home/w/work/moveit2_handeye_calib/install/robot_state_machine:/home/w/work/moveit2_handeye_calib/install/robot_sdk:/home/w/work/moveit2_handeye_calib/install/robot_control:/home/w/work/moveit2_handeye_calib/install/motor_control_logger:/home/w/work/moveit2_handeye_calib/install/robot_interfaces:/home/w/work/moveit2_handeye_calib/install/arm620_dh_config:/home/w/work/moveit2_handeye_calib/install/arm620_config:/home/w/work/moveit2_handeye_calib/install/arm380_config:/home/w/work/moveit2_handeye_calib/install/robot_bringup:/home/w/work/moveit2_handeye_calib/install/moveit_calibration_demos:/home/w/work/moveit2_handeye_calib/install/moveit_calibration_gui:/home/w/work/moveit2_handeye_calib/install/moveit_calibration_plugins:/home/w/work/trac_ik_ws/install/trac_ik:/home/w/work/trac_ik_ws/install/trac_ik_examples:/home/w/work/trac_ik_ws/install/trac_ik_lib:/home/w/work/moveit2_handeye_calib/install/traj_smoother_py:/home/w/work/moveit2_handeye_calib/install/robot_test_py:/home/w/work/moveit2_handeye_calib/install/robot_input:/home/w/work/moveit2_handeye_calib/install/robot_dynamics:/opt/ros/humble /usr/bin/cmake --install /home/w/work/moveit2_handeye_calib/build/arm620_config
[1.156s] Level 1:colcon.colcon_core.shell:create_environment_hook('arm620_config', 'cmake_prefix_path')
[1.156s] INFO:colcon.colcon_core.shell:Creating environment hook '/home/w/work/moveit2_handeye_calib/install/arm620_config/share/arm620_config/hook/cmake_prefix_path.ps1'
[1.156s] INFO:colcon.colcon_core.shell:Creating environment descriptor '/home/w/work/moveit2_handeye_calib/install/arm620_config/share/arm620_config/hook/cmake_prefix_path.dsv'
[1.157s] INFO:colcon.colcon_core.shell:Creating environment hook '/home/w/work/moveit2_handeye_calib/install/arm620_config/share/arm620_config/hook/cmake_prefix_path.sh'
[1.157s] Level 1:colcon.colcon_core.environment:checking '/home/w/work/moveit2_handeye_calib/install/arm620_config/bin'
[1.157s] Level 1:colcon.colcon_core.environment:checking '/home/w/work/moveit2_handeye_calib/install/arm620_config/lib/pkgconfig/arm620_config.pc'
[1.157s] Level 1:colcon.colcon_core.environment:checking '/home/w/work/moveit2_handeye_calib/install/arm620_config/lib/python3.10/site-packages'
[1.157s] Level 1:colcon.colcon_core.environment:checking '/home/w/work/moveit2_handeye_calib/install/arm620_config/bin'
[1.157s] INFO:colcon.colcon_core.shell:Creating package script '/home/w/work/moveit2_handeye_calib/install/arm620_config/share/arm620_config/package.ps1'
[1.158s] INFO:colcon.colcon_core.shell:Creating package descriptor '/home/w/work/moveit2_handeye_calib/install/arm620_config/share/arm620_config/package.dsv'
[1.158s] INFO:colcon.colcon_core.shell:Creating package script '/home/w/work/moveit2_handeye_calib/install/arm620_config/share/arm620_config/package.sh'
[1.158s] INFO:colcon.colcon_core.shell:Creating package script '/home/w/work/moveit2_handeye_calib/install/arm620_config/share/arm620_config/package.bash'
[1.158s] INFO:colcon.colcon_core.shell:Creating package script '/home/w/work/moveit2_handeye_calib/install/arm620_config/share/arm620_config/package.zsh'
[1.158s] Level 1:colcon.colcon_core.environment:create_file_with_runtime_dependencies(/home/w/work/moveit2_handeye_calib/install/arm620_config/share/colcon-core/packages/arm620_config)
[1.159s] Level 1:colcon.colcon_core.environment:create_environment_scripts_only(arm620_config)
[1.159s] Level 1:colcon.colcon_core.environment:checking '/home/w/work/moveit2_handeye_calib/install/arm620_config' for CMake module files
[1.159s] Level 1:colcon.colcon_core.environment:checking '/home/w/work/moveit2_handeye_calib/install/arm620_config' for CMake config files
[1.159s] Level 1:colcon.colcon_core.shell:create_environment_hook('arm620_config', 'cmake_prefix_path')
[1.159s] INFO:colcon.colcon_core.shell:Creating environment hook '/home/w/work/moveit2_handeye_calib/install/arm620_config/share/arm620_config/hook/cmake_prefix_path.ps1'
[1.159s] INFO:colcon.colcon_core.shell:Creating environment descriptor '/home/w/work/moveit2_handeye_calib/install/arm620_config/share/arm620_config/hook/cmake_prefix_path.dsv'
[1.160s] INFO:colcon.colcon_core.shell:Creating environment hook '/home/w/work/moveit2_handeye_calib/install/arm620_config/share/arm620_config/hook/cmake_prefix_path.sh'
[1.160s] Level 1:colcon.colcon_core.environment:checking '/home/w/work/moveit2_handeye_calib/install/arm620_config/bin'
[1.160s] Level 1:colcon.colcon_core.environment:checking '/home/w/work/moveit2_handeye_calib/install/arm620_config/lib/pkgconfig/arm620_config.pc'
[1.160s] Level 1:colcon.colcon_core.environment:checking '/home/w/work/moveit2_handeye_calib/install/arm620_config/lib/python3.10/site-packages'
[1.160s] Level 1:colcon.colcon_core.environment:checking '/home/w/work/moveit2_handeye_calib/install/arm620_config/bin'
[1.160s] INFO:colcon.colcon_core.shell:Creating package script '/home/w/work/moveit2_handeye_calib/install/arm620_config/share/arm620_config/package.ps1'
[1.161s] INFO:colcon.colcon_core.shell:Creating package descriptor '/home/w/work/moveit2_handeye_calib/install/arm620_config/share/arm620_config/package.dsv'
[1.161s] INFO:colcon.colcon_core.shell:Creating package script '/home/w/work/moveit2_handeye_calib/install/arm620_config/share/arm620_config/package.sh'
[1.161s] INFO:colcon.colcon_core.shell:Creating package script '/home/w/work/moveit2_handeye_calib/install/arm620_config/share/arm620_config/package.bash'
[1.161s] INFO:colcon.colcon_core.shell:Creating package script '/home/w/work/moveit2_handeye_calib/install/arm620_config/share/arm620_config/package.zsh'
[1.161s] Level 1:colcon.colcon_core.environment:create_file_with_runtime_dependencies(/home/w/work/moveit2_handeye_calib/install/arm620_config/share/colcon-core/packages/arm620_config)
[1.162s] Level 1:colcon.colcon_core.environment:create_environment_scripts_only(arm380_config)
[1.162s] Level 1:colcon.colcon_core.environment:checking '/home/w/work/moveit2_handeye_calib/install/arm380_config' for CMake module files
[1.162s] Level 1:colcon.colcon_core.environment:checking '/home/w/work/moveit2_handeye_calib/install/arm380_config' for CMake config files
[1.162s] DEBUG:colcon.colcon_core.event_handler.log_command:Invoked command in '/home/w/work/moveit2_handeye_calib/build/arm380_config' returned '0': CMAKE_PREFIX_PATH=/home/w/work/moveit2_handeye_calib/install/robot_description:/home/w/work/moveit2_handeye_calib/install/robot_driver:/home/w/work/moveit2_handeye_calib/install/ros2_socketcan:/home/w/work/moveit2_handeye_calib/install/ros2_socketcan_msgs:/home/w/work/moveit2_handeye_calib/install/robot_virtual_fence:/home/w/work/moveit2_handeye_calib/install/robot_state_machine:/home/w/work/moveit2_handeye_calib/install/robot_sdk:/home/w/work/moveit2_handeye_calib/install/robot_control:/home/w/work/moveit2_handeye_calib/install/motor_control_logger:/home/w/work/moveit2_handeye_calib/install/robot_interfaces:/home/w/work/moveit2_handeye_calib/install/arm620_dh_config:/home/w/work/moveit2_handeye_calib/install/arm620_config:/home/w/work/moveit2_handeye_calib/install/arm380_config:/home/w/work/moveit2_handeye_calib/install/robot_bringup:/home/w/work/moveit2_handeye_calib/install/moveit_calibration_demos:/home/w/work/moveit2_handeye_calib/install/moveit_calibration_gui:/home/w/work/moveit2_handeye_calib/install/moveit_calibration_plugins:/home/w/work/trac_ik_ws/install/trac_ik:/home/w/work/trac_ik_ws/install/trac_ik_examples:/home/w/work/trac_ik_ws/install/trac_ik_lib:/home/w/work/moveit2_handeye_calib/install/traj_smoother_py:/home/w/work/moveit2_handeye_calib/install/robot_test_py:/home/w/work/moveit2_handeye_calib/install/robot_input:/home/w/work/moveit2_handeye_calib/install/robot_dynamics:/opt/ros/humble /usr/bin/cmake --install /home/w/work/moveit2_handeye_calib/build/arm380_config
[1.163s] Level 1:colcon.colcon_core.shell:create_environment_hook('arm380_config', 'cmake_prefix_path')
[1.163s] INFO:colcon.colcon_core.shell:Creating environment hook '/home/w/work/moveit2_handeye_calib/install/arm380_config/share/arm380_config/hook/cmake_prefix_path.ps1'
[1.163s] INFO:colcon.colcon_core.shell:Creating environment descriptor '/home/w/work/moveit2_handeye_calib/install/arm380_config/share/arm380_config/hook/cmake_prefix_path.dsv'
[1.163s] INFO:colcon.colcon_core.shell:Creating environment hook '/home/w/work/moveit2_handeye_calib/install/arm380_config/share/arm380_config/hook/cmake_prefix_path.sh'
[1.163s] Level 1:colcon.colcon_core.environment:checking '/home/w/work/moveit2_handeye_calib/install/arm380_config/bin'
[1.163s] Level 1:colcon.colcon_core.environment:checking '/home/w/work/moveit2_handeye_calib/install/arm380_config/lib/pkgconfig/arm380_config.pc'
[1.164s] Level 1:colcon.colcon_core.environment:checking '/home/w/work/moveit2_handeye_calib/install/arm380_config/lib/python3.10/site-packages'
[1.164s] Level 1:colcon.colcon_core.environment:checking '/home/w/work/moveit2_handeye_calib/install/arm380_config/bin'
[1.164s] INFO:colcon.colcon_core.shell:Creating package script '/home/w/work/moveit2_handeye_calib/install/arm380_config/share/arm380_config/package.ps1'
[1.164s] INFO:colcon.colcon_core.shell:Creating package descriptor '/home/w/work/moveit2_handeye_calib/install/arm380_config/share/arm380_config/package.dsv'
[1.164s] INFO:colcon.colcon_core.shell:Creating package script '/home/w/work/moveit2_handeye_calib/install/arm380_config/share/arm380_config/package.sh'
[1.165s] INFO:colcon.colcon_core.shell:Creating package script '/home/w/work/moveit2_handeye_calib/install/arm380_config/share/arm380_config/package.bash'
[1.165s] INFO:colcon.colcon_core.shell:Creating package script '/home/w/work/moveit2_handeye_calib/install/arm380_config/share/arm380_config/package.zsh'
[1.165s] Level 1:colcon.colcon_core.environment:create_file_with_runtime_dependencies(/home/w/work/moveit2_handeye_calib/install/arm380_config/share/colcon-core/packages/arm380_config)
[1.165s] Level 1:colcon.colcon_core.environment:create_environment_scripts_only(arm380_config)
[1.165s] Level 1:colcon.colcon_core.environment:checking '/home/w/work/moveit2_handeye_calib/install/arm380_config' for CMake module files
[1.166s] Level 1:colcon.colcon_core.environment:checking '/home/w/work/moveit2_handeye_calib/install/arm380_config' for CMake config files
[1.166s] Level 1:colcon.colcon_core.shell:create_environment_hook('arm380_config', 'cmake_prefix_path')
[1.166s] INFO:colcon.colcon_core.shell:Creating environment hook '/home/w/work/moveit2_handeye_calib/install/arm380_config/share/arm380_config/hook/cmake_prefix_path.ps1'
[1.166s] INFO:colcon.colcon_core.shell:Creating environment descriptor '/home/w/work/moveit2_handeye_calib/install/arm380_config/share/arm380_config/hook/cmake_prefix_path.dsv'
[1.166s] INFO:colcon.colcon_core.shell:Creating environment hook '/home/w/work/moveit2_handeye_calib/install/arm380_config/share/arm380_config/hook/cmake_prefix_path.sh'
[1.166s] Level 1:colcon.colcon_core.environment:checking '/home/w/work/moveit2_handeye_calib/install/arm380_config/bin'
[1.166s] Level 1:colcon.colcon_core.environment:checking '/home/w/work/moveit2_handeye_calib/install/arm380_config/lib/pkgconfig/arm380_config.pc'
[1.167s] Level 1:colcon.colcon_core.environment:checking '/home/w/work/moveit2_handeye_calib/install/arm380_config/lib/python3.10/site-packages'
[1.167s] Level 1:colcon.colcon_core.environment:checking '/home/w/work/moveit2_handeye_calib/install/arm380_config/bin'
[1.167s] INFO:colcon.colcon_core.shell:Creating package script '/home/w/work/moveit2_handeye_calib/install/arm380_config/share/arm380_config/package.ps1'
[1.167s] INFO:colcon.colcon_core.shell:Creating package descriptor '/home/w/work/moveit2_handeye_calib/install/arm380_config/share/arm380_config/package.dsv'
[1.167s] INFO:colcon.colcon_core.shell:Creating package script '/home/w/work/moveit2_handeye_calib/install/arm380_config/share/arm380_config/package.sh'
[1.168s] INFO:colcon.colcon_core.shell:Creating package script '/home/w/work/moveit2_handeye_calib/install/arm380_config/share/arm380_config/package.bash'
[1.168s] INFO:colcon.colcon_core.shell:Creating package script '/home/w/work/moveit2_handeye_calib/install/arm380_config/share/arm380_config/package.zsh'
[1.168s] Level 1:colcon.colcon_core.environment:create_file_with_runtime_dependencies(/home/w/work/moveit2_handeye_calib/install/arm380_config/share/colcon-core/packages/arm380_config)
[1.169s] DEBUG:colcon.colcon_core.event_handler.log_command:Invoked command in '/home/w/work/moveit2_handeye_calib/build/robot_control' returned '0': CMAKE_PREFIX_PATH=/home/w/work/moveit2_handeye_calib/install/robot_interfaces:/home/w/work/moveit2_handeye_calib/install/robot_driver:/home/w/work/moveit2_handeye_calib/install/ros2_socketcan:/home/w/work/moveit2_handeye_calib/install/ros2_socketcan_msgs:/home/w/work/moveit2_handeye_calib/install/robot_virtual_fence:/home/w/work/moveit2_handeye_calib/install/robot_state_machine:/home/w/work/moveit2_handeye_calib/install/robot_sdk:/home/w/work/moveit2_handeye_calib/install/robot_control:/home/w/work/moveit2_handeye_calib/install/motor_control_logger:/home/w/work/moveit2_handeye_calib/install/arm620_dh_config:/home/w/work/moveit2_handeye_calib/install/arm620_config:/home/w/work/moveit2_handeye_calib/install/arm380_config:/home/w/work/moveit2_handeye_calib/install/robot_description:/home/w/work/moveit2_handeye_calib/install/robot_bringup:/home/w/work/moveit2_handeye_calib/install/moveit_calibration_demos:/home/w/work/moveit2_handeye_calib/install/moveit_calibration_gui:/home/w/work/moveit2_handeye_calib/install/moveit_calibration_plugins:/home/w/work/trac_ik_ws/install/trac_ik:/home/w/work/trac_ik_ws/install/trac_ik_examples:/home/w/work/trac_ik_ws/install/trac_ik_lib:/home/w/work/moveit2_handeye_calib/install/traj_smoother_py:/home/w/work/moveit2_handeye_calib/install/robot_test_py:/home/w/work/moveit2_handeye_calib/install/robot_input:/home/w/work/moveit2_handeye_calib/install/robot_dynamics:/opt/ros/humble LD_LIBRARY_PATH=/home/w/work/moveit2_handeye_calib/install/robot_interfaces/lib:/home/w/work/moveit2_handeye_calib/install/robot_driver/lib:/home/w/work/moveit2_handeye_calib/install/ros2_socketcan/lib:/home/w/work/moveit2_handeye_calib/install/ros2_socketcan_msgs/lib:/home/w/work/moveit2_handeye_calib/install/moveit_calibration_gui/lib:/home/w/work/moveit2_handeye_calib/install/moveit_calibration_plugins/lib:/home/w/work/trac_ik_ws/install/trac_ik_lib/lib:/opt/ros/humble/opt/rviz_ogre_vendor/lib:/opt/ros/humble/lib/x86_64-linux-gnu:/opt/ros/humble/lib /usr/bin/cmake --build /home/w/work/moveit2_handeye_calib/build/robot_control -- -j28 -l28
[1.170s] DEBUG:colcon.colcon_core.event_handler.log_command:Invoking command in '/home/w/work/moveit2_handeye_calib/build/robot_control': CMAKE_PREFIX_PATH=/home/w/work/moveit2_handeye_calib/install/robot_interfaces:/home/w/work/moveit2_handeye_calib/install/robot_driver:/home/w/work/moveit2_handeye_calib/install/ros2_socketcan:/home/w/work/moveit2_handeye_calib/install/ros2_socketcan_msgs:/home/w/work/moveit2_handeye_calib/install/robot_virtual_fence:/home/w/work/moveit2_handeye_calib/install/robot_state_machine:/home/w/work/moveit2_handeye_calib/install/robot_sdk:/home/w/work/moveit2_handeye_calib/install/robot_control:/home/w/work/moveit2_handeye_calib/install/motor_control_logger:/home/w/work/moveit2_handeye_calib/install/arm620_dh_config:/home/w/work/moveit2_handeye_calib/install/arm620_config:/home/w/work/moveit2_handeye_calib/install/arm380_config:/home/w/work/moveit2_handeye_calib/install/robot_description:/home/w/work/moveit2_handeye_calib/install/robot_bringup:/home/w/work/moveit2_handeye_calib/install/moveit_calibration_demos:/home/w/work/moveit2_handeye_calib/install/moveit_calibration_gui:/home/w/work/moveit2_handeye_calib/install/moveit_calibration_plugins:/home/w/work/trac_ik_ws/install/trac_ik:/home/w/work/trac_ik_ws/install/trac_ik_examples:/home/w/work/trac_ik_ws/install/trac_ik_lib:/home/w/work/moveit2_handeye_calib/install/traj_smoother_py:/home/w/work/moveit2_handeye_calib/install/robot_test_py:/home/w/work/moveit2_handeye_calib/install/robot_input:/home/w/work/moveit2_handeye_calib/install/robot_dynamics:/opt/ros/humble LD_LIBRARY_PATH=/home/w/work/moveit2_handeye_calib/install/robot_interfaces/lib:/home/w/work/moveit2_handeye_calib/install/robot_driver/lib:/home/w/work/moveit2_handeye_calib/install/ros2_socketcan/lib:/home/w/work/moveit2_handeye_calib/install/ros2_socketcan_msgs/lib:/home/w/work/moveit2_handeye_calib/install/moveit_calibration_gui/lib:/home/w/work/moveit2_handeye_calib/install/moveit_calibration_plugins/lib:/home/w/work/trac_ik_ws/install/trac_ik_lib/lib:/opt/ros/humble/opt/rviz_ogre_vendor/lib:/opt/ros/humble/lib/x86_64-linux-gnu:/opt/ros/humble/lib /usr/bin/cmake --install /home/w/work/moveit2_handeye_calib/build/robot_control
[1.170s] DEBUG:colcon.colcon_core.event_handler.log_command:Invoked command in '/home/w/work/moveit2_handeye_calib/build/motor_control_logger' returned '0': CMAKE_PREFIX_PATH=/home/w/work/moveit2_handeye_calib/install/robot_interfaces:/home/w/work/moveit2_handeye_calib/install/robot_driver:/home/w/work/moveit2_handeye_calib/install/ros2_socketcan:/home/w/work/moveit2_handeye_calib/install/ros2_socketcan_msgs:/home/w/work/moveit2_handeye_calib/install/robot_virtual_fence:/home/w/work/moveit2_handeye_calib/install/robot_state_machine:/home/w/work/moveit2_handeye_calib/install/robot_sdk:/home/w/work/moveit2_handeye_calib/install/robot_control:/home/w/work/moveit2_handeye_calib/install/motor_control_logger:/home/w/work/moveit2_handeye_calib/install/arm620_dh_config:/home/w/work/moveit2_handeye_calib/install/arm620_config:/home/w/work/moveit2_handeye_calib/install/arm380_config:/home/w/work/moveit2_handeye_calib/install/robot_description:/home/w/work/moveit2_handeye_calib/install/robot_bringup:/home/w/work/moveit2_handeye_calib/install/moveit_calibration_demos:/home/w/work/moveit2_handeye_calib/install/moveit_calibration_gui:/home/w/work/moveit2_handeye_calib/install/moveit_calibration_plugins:/home/w/work/trac_ik_ws/install/trac_ik:/home/w/work/trac_ik_ws/install/trac_ik_examples:/home/w/work/trac_ik_ws/install/trac_ik_lib:/home/w/work/moveit2_handeye_calib/install/traj_smoother_py:/home/w/work/moveit2_handeye_calib/install/robot_test_py:/home/w/work/moveit2_handeye_calib/install/robot_input:/home/w/work/moveit2_handeye_calib/install/robot_dynamics:/opt/ros/humble LD_LIBRARY_PATH=/home/w/work/moveit2_handeye_calib/install/robot_interfaces/lib:/home/w/work/moveit2_handeye_calib/install/robot_driver/lib:/home/w/work/moveit2_handeye_calib/install/ros2_socketcan/lib:/home/w/work/moveit2_handeye_calib/install/ros2_socketcan_msgs/lib:/home/w/work/moveit2_handeye_calib/install/moveit_calibration_gui/lib:/home/w/work/moveit2_handeye_calib/install/moveit_calibration_plugins/lib:/home/w/work/trac_ik_ws/install/trac_ik_lib/lib:/opt/ros/humble/opt/rviz_ogre_vendor/lib:/opt/ros/humble/lib/x86_64-linux-gnu:/opt/ros/humble/lib /usr/bin/cmake --build /home/w/work/moveit2_handeye_calib/build/motor_control_logger -- -j28 -l28
[1.171s] DEBUG:colcon.colcon_core.event_handler.log_command:Invoking command in '/home/w/work/moveit2_handeye_calib/build/motor_control_logger': CMAKE_PREFIX_PATH=/home/w/work/moveit2_handeye_calib/install/robot_interfaces:/home/w/work/moveit2_handeye_calib/install/robot_driver:/home/w/work/moveit2_handeye_calib/install/ros2_socketcan:/home/w/work/moveit2_handeye_calib/install/ros2_socketcan_msgs:/home/w/work/moveit2_handeye_calib/install/robot_virtual_fence:/home/w/work/moveit2_handeye_calib/install/robot_state_machine:/home/w/work/moveit2_handeye_calib/install/robot_sdk:/home/w/work/moveit2_handeye_calib/install/robot_control:/home/w/work/moveit2_handeye_calib/install/motor_control_logger:/home/w/work/moveit2_handeye_calib/install/arm620_dh_config:/home/w/work/moveit2_handeye_calib/install/arm620_config:/home/w/work/moveit2_handeye_calib/install/arm380_config:/home/w/work/moveit2_handeye_calib/install/robot_description:/home/w/work/moveit2_handeye_calib/install/robot_bringup:/home/w/work/moveit2_handeye_calib/install/moveit_calibration_demos:/home/w/work/moveit2_handeye_calib/install/moveit_calibration_gui:/home/w/work/moveit2_handeye_calib/install/moveit_calibration_plugins:/home/w/work/trac_ik_ws/install/trac_ik:/home/w/work/trac_ik_ws/install/trac_ik_examples:/home/w/work/trac_ik_ws/install/trac_ik_lib:/home/w/work/moveit2_handeye_calib/install/traj_smoother_py:/home/w/work/moveit2_handeye_calib/install/robot_test_py:/home/w/work/moveit2_handeye_calib/install/robot_input:/home/w/work/moveit2_handeye_calib/install/robot_dynamics:/opt/ros/humble LD_LIBRARY_PATH=/home/w/work/moveit2_handeye_calib/install/robot_interfaces/lib:/home/w/work/moveit2_handeye_calib/install/robot_driver/lib:/home/w/work/moveit2_handeye_calib/install/ros2_socketcan/lib:/home/w/work/moveit2_handeye_calib/install/ros2_socketcan_msgs/lib:/home/w/work/moveit2_handeye_calib/install/moveit_calibration_gui/lib:/home/w/work/moveit2_handeye_calib/install/moveit_calibration_plugins/lib:/home/w/work/trac_ik_ws/install/trac_ik_lib/lib:/opt/ros/humble/opt/rviz_ogre_vendor/lib:/opt/ros/humble/lib/x86_64-linux-gnu:/opt/ros/humble/lib /usr/bin/cmake --install /home/w/work/moveit2_handeye_calib/build/motor_control_logger
[1.171s] DEBUG:colcon.colcon_core.event_handler.log_command:Invoked command in '/home/w/work/moveit2_handeye_calib/build/ros2_socketcan' returned '0': CMAKE_PREFIX_PATH=/home/w/work/moveit2_handeye_calib/install/ros2_socketcan_msgs:/home/w/work/moveit2_handeye_calib/install/robot_driver:/home/w/work/moveit2_handeye_calib/install/ros2_socketcan:/home/w/work/moveit2_handeye_calib/install/robot_virtual_fence:/home/w/work/moveit2_handeye_calib/install/robot_state_machine:/home/w/work/moveit2_handeye_calib/install/robot_sdk:/home/w/work/moveit2_handeye_calib/install/robot_control:/home/w/work/moveit2_handeye_calib/install/motor_control_logger:/home/w/work/moveit2_handeye_calib/install/robot_interfaces:/home/w/work/moveit2_handeye_calib/install/arm620_dh_config:/home/w/work/moveit2_handeye_calib/install/arm620_config:/home/w/work/moveit2_handeye_calib/install/arm380_config:/home/w/work/moveit2_handeye_calib/install/robot_description:/home/w/work/moveit2_handeye_calib/install/robot_bringup:/home/w/work/moveit2_handeye_calib/install/moveit_calibration_demos:/home/w/work/moveit2_handeye_calib/install/moveit_calibration_gui:/home/w/work/moveit2_handeye_calib/install/moveit_calibration_plugins:/home/w/work/trac_ik_ws/install/trac_ik:/home/w/work/trac_ik_ws/install/trac_ik_examples:/home/w/work/trac_ik_ws/install/trac_ik_lib:/home/w/work/moveit2_handeye_calib/install/traj_smoother_py:/home/w/work/moveit2_handeye_calib/install/robot_test_py:/home/w/work/moveit2_handeye_calib/install/robot_input:/home/w/work/moveit2_handeye_calib/install/robot_dynamics:/opt/ros/humble LD_LIBRARY_PATH=/home/w/work/moveit2_handeye_calib/install/ros2_socketcan_msgs/lib:/home/w/work/moveit2_handeye_calib/install/robot_driver/lib:/home/w/work/moveit2_handeye_calib/install/ros2_socketcan/lib:/home/w/work/moveit2_handeye_calib/install/robot_interfaces/lib:/home/w/work/moveit2_handeye_calib/install/moveit_calibration_gui/lib:/home/w/work/moveit2_handeye_calib/install/moveit_calibration_plugins/lib:/home/w/work/trac_ik_ws/install/trac_ik_lib/lib:/opt/ros/humble/opt/rviz_ogre_vendor/lib:/opt/ros/humble/lib/x86_64-linux-gnu:/opt/ros/humble/lib /usr/bin/cmake --build /home/w/work/moveit2_handeye_calib/build/ros2_socketcan -- -j28 -l28
[1.172s] DEBUG:colcon.colcon_core.event_handler.log_command:Invoking command in '/home/w/work/moveit2_handeye_calib/build/ros2_socketcan': CMAKE_PREFIX_PATH=/home/w/work/moveit2_handeye_calib/install/ros2_socketcan_msgs:/home/w/work/moveit2_handeye_calib/install/robot_driver:/home/w/work/moveit2_handeye_calib/install/ros2_socketcan:/home/w/work/moveit2_handeye_calib/install/robot_virtual_fence:/home/w/work/moveit2_handeye_calib/install/robot_state_machine:/home/w/work/moveit2_handeye_calib/install/robot_sdk:/home/w/work/moveit2_handeye_calib/install/robot_control:/home/w/work/moveit2_handeye_calib/install/motor_control_logger:/home/w/work/moveit2_handeye_calib/install/robot_interfaces:/home/w/work/moveit2_handeye_calib/install/arm620_dh_config:/home/w/work/moveit2_handeye_calib/install/arm620_config:/home/w/work/moveit2_handeye_calib/install/arm380_config:/home/w/work/moveit2_handeye_calib/install/robot_description:/home/w/work/moveit2_handeye_calib/install/robot_bringup:/home/w/work/moveit2_handeye_calib/install/moveit_calibration_demos:/home/w/work/moveit2_handeye_calib/install/moveit_calibration_gui:/home/w/work/moveit2_handeye_calib/install/moveit_calibration_plugins:/home/w/work/trac_ik_ws/install/trac_ik:/home/w/work/trac_ik_ws/install/trac_ik_examples:/home/w/work/trac_ik_ws/install/trac_ik_lib:/home/w/work/moveit2_handeye_calib/install/traj_smoother_py:/home/w/work/moveit2_handeye_calib/install/robot_test_py:/home/w/work/moveit2_handeye_calib/install/robot_input:/home/w/work/moveit2_handeye_calib/install/robot_dynamics:/opt/ros/humble LD_LIBRARY_PATH=/home/w/work/moveit2_handeye_calib/install/ros2_socketcan_msgs/lib:/home/w/work/moveit2_handeye_calib/install/robot_driver/lib:/home/w/work/moveit2_handeye_calib/install/ros2_socketcan/lib:/home/w/work/moveit2_handeye_calib/install/robot_interfaces/lib:/home/w/work/moveit2_handeye_calib/install/moveit_calibration_gui/lib:/home/w/work/moveit2_handeye_calib/install/moveit_calibration_plugins/lib:/home/w/work/trac_ik_ws/install/trac_ik_lib/lib:/opt/ros/humble/opt/rviz_ogre_vendor/lib:/opt/ros/humble/lib/x86_64-linux-gnu:/opt/ros/humble/lib /usr/bin/cmake --install /home/w/work/moveit2_handeye_calib/build/ros2_socketcan
[1.174s] DEBUG:colcon.colcon_core.event_handler.log_command:Invoking command in '/home/w/work/moveit2_handeye_calib/TG620/traj_smoother_py': PYTHONPATH=/home/w/work/moveit2_handeye_calib/build/traj_smoother_py/prefix_override:/usr/lib/python3/dist-packages/colcon_core/task/python/colcon_distutils_commands:/home/w/work/moveit2_handeye_calib/install/traj_smoother_py/lib/python3.10/site-packages:${PYTHONPATH} /usr/bin/python3 -W ignore:setup.py install is deprecated -W ignore:easy_install command is deprecated setup.py egg_info --egg-base ../../build/traj_smoother_py build --build-base /home/w/work/moveit2_handeye_calib/build/traj_smoother_py/build install --record /home/w/work/moveit2_handeye_calib/build/traj_smoother_py/install.log --single-version-externally-managed install_data
[1.176s] DEBUG:colcon.colcon_core.event_handler.log_command:Invoking command in '/home/w/work/moveit2_handeye_calib/TG620/robot_dynamics': PYTHONPATH=/home/w/work/moveit2_handeye_calib/build/robot_dynamics/prefix_override:/usr/lib/python3/dist-packages/colcon_core/task/python/colcon_distutils_commands:/home/w/work/moveit2_handeye_calib/install/robot_dynamics/lib/python3.10/site-packages:${PYTHONPATH} /usr/bin/python3 -W ignore:setup.py install is deprecated -W ignore:easy_install command is deprecated setup.py egg_info --egg-base ../../build/robot_dynamics build --build-base /home/w/work/moveit2_handeye_calib/build/robot_dynamics/build install --record /home/w/work/moveit2_handeye_calib/build/robot_dynamics/install.log --single-version-externally-managed install_data
[1.176s] DEBUG:colcon.colcon_core.event_handler.log_command:Invoked command in '/home/w/work/moveit2_handeye_calib/build/moveit_calibration_gui' returned '0': CMAKE_PREFIX_PATH=/home/w/work/moveit2_handeye_calib/install/moveit_calibration_plugins:/home/w/work/moveit2_handeye_calib/install/robot_driver:/home/w/work/moveit2_handeye_calib/install/ros2_socketcan:/home/w/work/moveit2_handeye_calib/install/ros2_socketcan_msgs:/home/w/work/moveit2_handeye_calib/install/robot_virtual_fence:/home/w/work/moveit2_handeye_calib/install/robot_state_machine:/home/w/work/moveit2_handeye_calib/install/robot_sdk:/home/w/work/moveit2_handeye_calib/install/robot_control:/home/w/work/moveit2_handeye_calib/install/motor_control_logger:/home/w/work/moveit2_handeye_calib/install/robot_interfaces:/home/w/work/moveit2_handeye_calib/install/arm620_dh_config:/home/w/work/moveit2_handeye_calib/install/arm620_config:/home/w/work/moveit2_handeye_calib/install/arm380_config:/home/w/work/moveit2_handeye_calib/install/robot_description:/home/w/work/moveit2_handeye_calib/install/robot_bringup:/home/w/work/moveit2_handeye_calib/install/moveit_calibration_demos:/home/w/work/moveit2_handeye_calib/install/moveit_calibration_gui:/home/w/work/trac_ik_ws/install/trac_ik:/home/w/work/trac_ik_ws/install/trac_ik_examples:/home/w/work/trac_ik_ws/install/trac_ik_lib:/home/w/work/moveit2_handeye_calib/install/traj_smoother_py:/home/w/work/moveit2_handeye_calib/install/robot_test_py:/home/w/work/moveit2_handeye_calib/install/robot_input:/home/w/work/moveit2_handeye_calib/install/robot_dynamics:/opt/ros/humble LD_LIBRARY_PATH=/home/w/work/moveit2_handeye_calib/install/moveit_calibration_plugins/lib:/home/w/work/moveit2_handeye_calib/install/robot_driver/lib:/home/w/work/moveit2_handeye_calib/install/ros2_socketcan/lib:/home/w/work/moveit2_handeye_calib/install/ros2_socketcan_msgs/lib:/home/w/work/moveit2_handeye_calib/install/robot_interfaces/lib:/home/w/work/moveit2_handeye_calib/install/moveit_calibration_gui/lib:/home/w/work/trac_ik_ws/install/trac_ik_lib/lib:/opt/ros/humble/opt/rviz_ogre_vendor/lib:/opt/ros/humble/lib/x86_64-linux-gnu:/opt/ros/humble/lib /usr/bin/cmake --build /home/w/work/moveit2_handeye_calib/build/moveit_calibration_gui -- -j28 -l28
[1.177s] DEBUG:colcon.colcon_core.event_handler.log_command:Invoking command in '/home/w/work/moveit2_handeye_calib/build/moveit_calibration_gui': CMAKE_PREFIX_PATH=/home/w/work/moveit2_handeye_calib/install/moveit_calibration_plugins:/home/w/work/moveit2_handeye_calib/install/robot_driver:/home/w/work/moveit2_handeye_calib/install/ros2_socketcan:/home/w/work/moveit2_handeye_calib/install/ros2_socketcan_msgs:/home/w/work/moveit2_handeye_calib/install/robot_virtual_fence:/home/w/work/moveit2_handeye_calib/install/robot_state_machine:/home/w/work/moveit2_handeye_calib/install/robot_sdk:/home/w/work/moveit2_handeye_calib/install/robot_control:/home/w/work/moveit2_handeye_calib/install/motor_control_logger:/home/w/work/moveit2_handeye_calib/install/robot_interfaces:/home/w/work/moveit2_handeye_calib/install/arm620_dh_config:/home/w/work/moveit2_handeye_calib/install/arm620_config:/home/w/work/moveit2_handeye_calib/install/arm380_config:/home/w/work/moveit2_handeye_calib/install/robot_description:/home/w/work/moveit2_handeye_calib/install/robot_bringup:/home/w/work/moveit2_handeye_calib/install/moveit_calibration_demos:/home/w/work/moveit2_handeye_calib/install/moveit_calibration_gui:/home/w/work/trac_ik_ws/install/trac_ik:/home/w/work/trac_ik_ws/install/trac_ik_examples:/home/w/work/trac_ik_ws/install/trac_ik_lib:/home/w/work/moveit2_handeye_calib/install/traj_smoother_py:/home/w/work/moveit2_handeye_calib/install/robot_test_py:/home/w/work/moveit2_handeye_calib/install/robot_input:/home/w/work/moveit2_handeye_calib/install/robot_dynamics:/opt/ros/humble LD_LIBRARY_PATH=/home/w/work/moveit2_handeye_calib/install/moveit_calibration_plugins/lib:/home/w/work/moveit2_handeye_calib/install/robot_driver/lib:/home/w/work/moveit2_handeye_calib/install/ros2_socketcan/lib:/home/w/work/moveit2_handeye_calib/install/ros2_socketcan_msgs/lib:/home/w/work/moveit2_handeye_calib/install/robot_interfaces/lib:/home/w/work/moveit2_handeye_calib/install/moveit_calibration_gui/lib:/home/w/work/trac_ik_ws/install/trac_ik_lib/lib:/opt/ros/humble/opt/rviz_ogre_vendor/lib:/opt/ros/humble/lib/x86_64-linux-gnu:/opt/ros/humble/lib /usr/bin/cmake --install /home/w/work/moveit2_handeye_calib/build/moveit_calibration_gui
[1.177s] DEBUG:colcon.colcon_core.event_handler.log_command:Invoked command in '/home/w/work/moveit2_handeye_calib/build/robot_sdk' returned '0': CMAKE_PREFIX_PATH=/home/w/work/moveit2_handeye_calib/install/robot_interfaces:/home/w/work/moveit2_handeye_calib/install/robot_driver:/home/w/work/moveit2_handeye_calib/install/ros2_socketcan:/home/w/work/moveit2_handeye_calib/install/ros2_socketcan_msgs:/home/w/work/moveit2_handeye_calib/install/robot_virtual_fence:/home/w/work/moveit2_handeye_calib/install/robot_state_machine:/home/w/work/moveit2_handeye_calib/install/robot_sdk:/home/w/work/moveit2_handeye_calib/install/robot_control:/home/w/work/moveit2_handeye_calib/install/motor_control_logger:/home/w/work/moveit2_handeye_calib/install/arm620_dh_config:/home/w/work/moveit2_handeye_calib/install/arm620_config:/home/w/work/moveit2_handeye_calib/install/arm380_config:/home/w/work/moveit2_handeye_calib/install/robot_description:/home/w/work/moveit2_handeye_calib/install/robot_bringup:/home/w/work/moveit2_handeye_calib/install/moveit_calibration_demos:/home/w/work/moveit2_handeye_calib/install/moveit_calibration_gui:/home/w/work/moveit2_handeye_calib/install/moveit_calibration_plugins:/home/w/work/trac_ik_ws/install/trac_ik:/home/w/work/trac_ik_ws/install/trac_ik_examples:/home/w/work/trac_ik_ws/install/trac_ik_lib:/home/w/work/moveit2_handeye_calib/install/traj_smoother_py:/home/w/work/moveit2_handeye_calib/install/robot_test_py:/home/w/work/moveit2_handeye_calib/install/robot_input:/home/w/work/moveit2_handeye_calib/install/robot_dynamics:/opt/ros/humble LD_LIBRARY_PATH=/home/w/work/moveit2_handeye_calib/install/robot_interfaces/lib:/home/w/work/moveit2_handeye_calib/install/robot_driver/lib:/home/w/work/moveit2_handeye_calib/install/ros2_socketcan/lib:/home/w/work/moveit2_handeye_calib/install/ros2_socketcan_msgs/lib:/home/w/work/moveit2_handeye_calib/install/moveit_calibration_gui/lib:/home/w/work/moveit2_handeye_calib/install/moveit_calibration_plugins/lib:/home/w/work/trac_ik_ws/install/trac_ik_lib/lib:/opt/ros/humble/opt/rviz_ogre_vendor/lib:/opt/ros/humble/lib/x86_64-linux-gnu:/opt/ros/humble/lib /usr/bin/cmake --build /home/w/work/moveit2_handeye_calib/build/robot_sdk -- -j28 -l28
[1.179s] DEBUG:colcon.colcon_core.event_handler.log_command:Invoking command in '/home/w/work/moveit2_handeye_calib/build/robot_sdk': CMAKE_PREFIX_PATH=/home/w/work/moveit2_handeye_calib/install/robot_interfaces:/home/w/work/moveit2_handeye_calib/install/robot_driver:/home/w/work/moveit2_handeye_calib/install/ros2_socketcan:/home/w/work/moveit2_handeye_calib/install/ros2_socketcan_msgs:/home/w/work/moveit2_handeye_calib/install/robot_virtual_fence:/home/w/work/moveit2_handeye_calib/install/robot_state_machine:/home/w/work/moveit2_handeye_calib/install/robot_sdk:/home/w/work/moveit2_handeye_calib/install/robot_control:/home/w/work/moveit2_handeye_calib/install/motor_control_logger:/home/w/work/moveit2_handeye_calib/install/arm620_dh_config:/home/w/work/moveit2_handeye_calib/install/arm620_config:/home/w/work/moveit2_handeye_calib/install/arm380_config:/home/w/work/moveit2_handeye_calib/install/robot_description:/home/w/work/moveit2_handeye_calib/install/robot_bringup:/home/w/work/moveit2_handeye_calib/install/moveit_calibration_demos:/home/w/work/moveit2_handeye_calib/install/moveit_calibration_gui:/home/w/work/moveit2_handeye_calib/install/moveit_calibration_plugins:/home/w/work/trac_ik_ws/install/trac_ik:/home/w/work/trac_ik_ws/install/trac_ik_examples:/home/w/work/trac_ik_ws/install/trac_ik_lib:/home/w/work/moveit2_handeye_calib/install/traj_smoother_py:/home/w/work/moveit2_handeye_calib/install/robot_test_py:/home/w/work/moveit2_handeye_calib/install/robot_input:/home/w/work/moveit2_handeye_calib/install/robot_dynamics:/opt/ros/humble LD_LIBRARY_PATH=/home/w/work/moveit2_handeye_calib/install/robot_interfaces/lib:/home/w/work/moveit2_handeye_calib/install/robot_driver/lib:/home/w/work/moveit2_handeye_calib/install/ros2_socketcan/lib:/home/w/work/moveit2_handeye_calib/install/ros2_socketcan_msgs/lib:/home/w/work/moveit2_handeye_calib/install/moveit_calibration_gui/lib:/home/w/work/moveit2_handeye_calib/install/moveit_calibration_plugins/lib:/home/w/work/trac_ik_ws/install/trac_ik_lib/lib:/opt/ros/humble/opt/rviz_ogre_vendor/lib:/opt/ros/humble/lib/x86_64-linux-gnu:/opt/ros/humble/lib /usr/bin/cmake --install /home/w/work/moveit2_handeye_calib/build/robot_sdk
[1.183s] Level 1:colcon.colcon_core.environment:create_environment_scripts_only(robot_control)
[1.184s] Level 1:colcon.colcon_core.environment:checking '/home/w/work/moveit2_handeye_calib/install/robot_control' for CMake module files
[1.186s] Level 1:colcon.colcon_core.environment:checking '/home/w/work/moveit2_handeye_calib/install/robot_control' for CMake config files
[1.190s] DEBUG:colcon.colcon_core.event_handler.log_command:Invoked command in '/home/w/work/moveit2_handeye_calib/build/robot_control' returned '0': CMAKE_PREFIX_PATH=/home/w/work/moveit2_handeye_calib/install/robot_interfaces:/home/w/work/moveit2_handeye_calib/install/robot_driver:/home/w/work/moveit2_handeye_calib/install/ros2_socketcan:/home/w/work/moveit2_handeye_calib/install/ros2_socketcan_msgs:/home/w/work/moveit2_handeye_calib/install/robot_virtual_fence:/home/w/work/moveit2_handeye_calib/install/robot_state_machine:/home/w/work/moveit2_handeye_calib/install/robot_sdk:/home/w/work/moveit2_handeye_calib/install/robot_control:/home/w/work/moveit2_handeye_calib/install/motor_control_logger:/home/w/work/moveit2_handeye_calib/install/arm620_dh_config:/home/w/work/moveit2_handeye_calib/install/arm620_config:/home/w/work/moveit2_handeye_calib/install/arm380_config:/home/w/work/moveit2_handeye_calib/install/robot_description:/home/w/work/moveit2_handeye_calib/install/robot_bringup:/home/w/work/moveit2_handeye_calib/install/moveit_calibration_demos:/home/w/work/moveit2_handeye_calib/install/moveit_calibration_gui:/home/w/work/moveit2_handeye_calib/install/moveit_calibration_plugins:/home/w/work/trac_ik_ws/install/trac_ik:/home/w/work/trac_ik_ws/install/trac_ik_examples:/home/w/work/trac_ik_ws/install/trac_ik_lib:/home/w/work/moveit2_handeye_calib/install/traj_smoother_py:/home/w/work/moveit2_handeye_calib/install/robot_test_py:/home/w/work/moveit2_handeye_calib/install/robot_input:/home/w/work/moveit2_handeye_calib/install/robot_dynamics:/opt/ros/humble LD_LIBRARY_PATH=/home/w/work/moveit2_handeye_calib/install/robot_interfaces/lib:/home/w/work/moveit2_handeye_calib/install/robot_driver/lib:/home/w/work/moveit2_handeye_calib/install/ros2_socketcan/lib:/home/w/work/moveit2_handeye_calib/install/ros2_socketcan_msgs/lib:/home/w/work/moveit2_handeye_calib/install/moveit_calibration_gui/lib:/home/w/work/moveit2_handeye_calib/install/moveit_calibration_plugins/lib:/home/w/work/trac_ik_ws/install/trac_ik_lib/lib:/opt/ros/humble/opt/rviz_ogre_vendor/lib:/opt/ros/humble/lib/x86_64-linux-gnu:/opt/ros/humble/lib /usr/bin/cmake --install /home/w/work/moveit2_handeye_calib/build/robot_control
[1.190s] Level 1:colcon.colcon_core.shell:create_environment_hook('robot_control', 'cmake_prefix_path')
[1.191s] INFO:colcon.colcon_core.shell:Creating environment hook '/home/w/work/moveit2_handeye_calib/install/robot_control/share/robot_control/hook/cmake_prefix_path.ps1'
[1.192s] INFO:colcon.colcon_core.shell:Creating environment descriptor '/home/w/work/moveit2_handeye_calib/install/robot_control/share/robot_control/hook/cmake_prefix_path.dsv'
[1.194s] INFO:colcon.colcon_core.shell:Creating environment hook '/home/w/work/moveit2_handeye_calib/install/robot_control/share/robot_control/hook/cmake_prefix_path.sh'
[1.194s] Level 1:colcon.colcon_core.environment:checking '/home/w/work/moveit2_handeye_calib/install/robot_control/lib'
[1.194s] Level 1:colcon.colcon_core.environment:checking '/home/w/work/moveit2_handeye_calib/install/robot_control/bin'
[1.194s] Level 1:colcon.colcon_core.environment:checking '/home/w/work/moveit2_handeye_calib/install/robot_control/lib/pkgconfig/robot_control.pc'
[1.195s] Level 1:colcon.colcon_core.environment:checking '/home/w/work/moveit2_handeye_calib/install/robot_control/lib/python3.10/site-packages'
[1.195s] Level 1:colcon.colcon_core.environment:checking '/home/w/work/moveit2_handeye_calib/install/robot_control/bin'
[1.195s] INFO:colcon.colcon_core.shell:Creating package script '/home/w/work/moveit2_handeye_calib/install/robot_control/share/robot_control/package.ps1'
[1.196s] INFO:colcon.colcon_core.shell:Creating package descriptor '/home/w/work/moveit2_handeye_calib/install/robot_control/share/robot_control/package.dsv'
[1.196s] INFO:colcon.colcon_core.shell:Creating package script '/home/w/work/moveit2_handeye_calib/install/robot_control/share/robot_control/package.sh'
[1.196s] INFO:colcon.colcon_core.shell:Creating package script '/home/w/work/moveit2_handeye_calib/install/robot_control/share/robot_control/package.bash'
[1.196s] INFO:colcon.colcon_core.shell:Creating package script '/home/w/work/moveit2_handeye_calib/install/robot_control/share/robot_control/package.zsh'
[1.197s] Level 1:colcon.colcon_core.environment:create_file_with_runtime_dependencies(/home/w/work/moveit2_handeye_calib/install/robot_control/share/colcon-core/packages/robot_control)
[1.197s] Level 1:colcon.colcon_core.environment:create_environment_scripts_only(robot_control)
[1.197s] Level 1:colcon.colcon_core.environment:checking '/home/w/work/moveit2_handeye_calib/install/robot_control' for CMake module files
[1.198s] Level 1:colcon.colcon_core.environment:checking '/home/w/work/moveit2_handeye_calib/install/robot_control' for CMake config files
[1.198s] Level 1:colcon.colcon_core.shell:create_environment_hook('robot_control', 'cmake_prefix_path')
[1.198s] INFO:colcon.colcon_core.shell:Creating environment hook '/home/w/work/moveit2_handeye_calib/install/robot_control/share/robot_control/hook/cmake_prefix_path.ps1'
[1.198s] INFO:colcon.colcon_core.shell:Creating environment descriptor '/home/w/work/moveit2_handeye_calib/install/robot_control/share/robot_control/hook/cmake_prefix_path.dsv'
[1.199s] INFO:colcon.colcon_core.shell:Creating environment hook '/home/w/work/moveit2_handeye_calib/install/robot_control/share/robot_control/hook/cmake_prefix_path.sh'
[1.199s] Level 1:colcon.colcon_core.environment:checking '/home/w/work/moveit2_handeye_calib/install/robot_control/lib'
[1.199s] Level 1:colcon.colcon_core.environment:checking '/home/w/work/moveit2_handeye_calib/install/robot_control/bin'
[1.199s] Level 1:colcon.colcon_core.environment:checking '/home/w/work/moveit2_handeye_calib/install/robot_control/lib/pkgconfig/robot_control.pc'
[1.199s] Level 1:colcon.colcon_core.environment:checking '/home/w/work/moveit2_handeye_calib/install/robot_control/lib/python3.10/site-packages'
[1.200s] Level 1:colcon.colcon_core.environment:checking '/home/w/work/moveit2_handeye_calib/install/robot_control/bin'
[1.200s] INFO:colcon.colcon_core.shell:Creating package script '/home/w/work/moveit2_handeye_calib/install/robot_control/share/robot_control/package.ps1'
[1.200s] INFO:colcon.colcon_core.shell:Creating package descriptor '/home/w/work/moveit2_handeye_calib/install/robot_control/share/robot_control/package.dsv'
[1.201s] INFO:colcon.colcon_core.shell:Creating package script '/home/w/work/moveit2_handeye_calib/install/robot_control/share/robot_control/package.sh'
[1.201s] INFO:colcon.colcon_core.shell:Creating package script '/home/w/work/moveit2_handeye_calib/install/robot_control/share/robot_control/package.bash'
[1.201s] INFO:colcon.colcon_core.shell:Creating package script '/home/w/work/moveit2_handeye_calib/install/robot_control/share/robot_control/package.zsh'
[1.201s] Level 1:colcon.colcon_core.environment:create_file_with_runtime_dependencies(/home/w/work/moveit2_handeye_calib/install/robot_control/share/colcon-core/packages/robot_control)
[1.202s] Level 1:colcon.colcon_core.environment:create_environment_scripts_only(motor_control_logger)
[1.202s] Level 1:colcon.colcon_core.environment:checking '/home/w/work/moveit2_handeye_calib/install/motor_control_logger' for CMake module files
[1.202s] Level 1:colcon.colcon_core.environment:checking '/home/w/work/moveit2_handeye_calib/install/motor_control_logger' for CMake config files
[1.203s] DEBUG:colcon.colcon_core.event_handler.log_command:Invoked command in '/home/w/work/moveit2_handeye_calib/build/motor_control_logger' returned '0': CMAKE_PREFIX_PATH=/home/w/work/moveit2_handeye_calib/install/robot_interfaces:/home/w/work/moveit2_handeye_calib/install/robot_driver:/home/w/work/moveit2_handeye_calib/install/ros2_socketcan:/home/w/work/moveit2_handeye_calib/install/ros2_socketcan_msgs:/home/w/work/moveit2_handeye_calib/install/robot_virtual_fence:/home/w/work/moveit2_handeye_calib/install/robot_state_machine:/home/w/work/moveit2_handeye_calib/install/robot_sdk:/home/w/work/moveit2_handeye_calib/install/robot_control:/home/w/work/moveit2_handeye_calib/install/motor_control_logger:/home/w/work/moveit2_handeye_calib/install/arm620_dh_config:/home/w/work/moveit2_handeye_calib/install/arm620_config:/home/w/work/moveit2_handeye_calib/install/arm380_config:/home/w/work/moveit2_handeye_calib/install/robot_description:/home/w/work/moveit2_handeye_calib/install/robot_bringup:/home/w/work/moveit2_handeye_calib/install/moveit_calibration_demos:/home/w/work/moveit2_handeye_calib/install/moveit_calibration_gui:/home/w/work/moveit2_handeye_calib/install/moveit_calibration_plugins:/home/w/work/trac_ik_ws/install/trac_ik:/home/w/work/trac_ik_ws/install/trac_ik_examples:/home/w/work/trac_ik_ws/install/trac_ik_lib:/home/w/work/moveit2_handeye_calib/install/traj_smoother_py:/home/w/work/moveit2_handeye_calib/install/robot_test_py:/home/w/work/moveit2_handeye_calib/install/robot_input:/home/w/work/moveit2_handeye_calib/install/robot_dynamics:/opt/ros/humble LD_LIBRARY_PATH=/home/w/work/moveit2_handeye_calib/install/robot_interfaces/lib:/home/w/work/moveit2_handeye_calib/install/robot_driver/lib:/home/w/work/moveit2_handeye_calib/install/ros2_socketcan/lib:/home/w/work/moveit2_handeye_calib/install/ros2_socketcan_msgs/lib:/home/w/work/moveit2_handeye_calib/install/moveit_calibration_gui/lib:/home/w/work/moveit2_handeye_calib/install/moveit_calibration_plugins/lib:/home/w/work/trac_ik_ws/install/trac_ik_lib/lib:/opt/ros/humble/opt/rviz_ogre_vendor/lib:/opt/ros/humble/lib/x86_64-linux-gnu:/opt/ros/humble/lib /usr/bin/cmake --install /home/w/work/moveit2_handeye_calib/build/motor_control_logger
[1.203s] Level 1:colcon.colcon_core.shell:create_environment_hook('motor_control_logger', 'cmake_prefix_path')
[1.203s] INFO:colcon.colcon_core.shell:Creating environment hook '/home/w/work/moveit2_handeye_calib/install/motor_control_logger/share/motor_control_logger/hook/cmake_prefix_path.ps1'
[1.203s] INFO:colcon.colcon_core.shell:Creating environment descriptor '/home/w/work/moveit2_handeye_calib/install/motor_control_logger/share/motor_control_logger/hook/cmake_prefix_path.dsv'
[1.203s] INFO:colcon.colcon_core.shell:Creating environment hook '/home/w/work/moveit2_handeye_calib/install/motor_control_logger/share/motor_control_logger/hook/cmake_prefix_path.sh'
[1.204s] Level 1:colcon.colcon_core.environment:checking '/home/w/work/moveit2_handeye_calib/install/motor_control_logger/lib'
[1.204s] Level 1:colcon.colcon_core.environment:checking '/home/w/work/moveit2_handeye_calib/install/motor_control_logger/bin'
[1.204s] Level 1:colcon.colcon_core.environment:checking '/home/w/work/moveit2_handeye_calib/install/motor_control_logger/lib/pkgconfig/motor_control_logger.pc'
[1.204s] Level 1:colcon.colcon_core.environment:checking '/home/w/work/moveit2_handeye_calib/install/motor_control_logger/lib/python3.10/site-packages'
[1.204s] Level 1:colcon.colcon_core.environment:checking '/home/w/work/moveit2_handeye_calib/install/motor_control_logger/bin'
[1.204s] INFO:colcon.colcon_core.shell:Creating package script '/home/w/work/moveit2_handeye_calib/install/motor_control_logger/share/motor_control_logger/package.ps1'
[1.204s] INFO:colcon.colcon_core.shell:Creating package descriptor '/home/w/work/moveit2_handeye_calib/install/motor_control_logger/share/motor_control_logger/package.dsv'
[1.205s] INFO:colcon.colcon_core.shell:Creating package script '/home/w/work/moveit2_handeye_calib/install/motor_control_logger/share/motor_control_logger/package.sh'
[1.205s] INFO:colcon.colcon_core.shell:Creating package script '/home/w/work/moveit2_handeye_calib/install/motor_control_logger/share/motor_control_logger/package.bash'
[1.205s] INFO:colcon.colcon_core.shell:Creating package script '/home/w/work/moveit2_handeye_calib/install/motor_control_logger/share/motor_control_logger/package.zsh'
[1.205s] Level 1:colcon.colcon_core.environment:create_file_with_runtime_dependencies(/home/w/work/moveit2_handeye_calib/install/motor_control_logger/share/colcon-core/packages/motor_control_logger)
[1.205s] Level 1:colcon.colcon_core.environment:create_environment_scripts_only(motor_control_logger)
[1.206s] Level 1:colcon.colcon_core.environment:checking '/home/w/work/moveit2_handeye_calib/install/motor_control_logger' for CMake module files
[1.206s] Level 1:colcon.colcon_core.environment:checking '/home/w/work/moveit2_handeye_calib/install/motor_control_logger' for CMake config files
[1.206s] Level 1:colcon.colcon_core.shell:create_environment_hook('motor_control_logger', 'cmake_prefix_path')
[1.206s] INFO:colcon.colcon_core.shell:Creating environment hook '/home/w/work/moveit2_handeye_calib/install/motor_control_logger/share/motor_control_logger/hook/cmake_prefix_path.ps1'
[1.206s] INFO:colcon.colcon_core.shell:Creating environment descriptor '/home/w/work/moveit2_handeye_calib/install/motor_control_logger/share/motor_control_logger/hook/cmake_prefix_path.dsv'
[1.206s] INFO:colcon.colcon_core.shell:Creating environment hook '/home/w/work/moveit2_handeye_calib/install/motor_control_logger/share/motor_control_logger/hook/cmake_prefix_path.sh'
[1.207s] Level 1:colcon.colcon_core.environment:checking '/home/w/work/moveit2_handeye_calib/install/motor_control_logger/lib'
[1.207s] Level 1:colcon.colcon_core.environment:checking '/home/w/work/moveit2_handeye_calib/install/motor_control_logger/bin'
[1.207s] Level 1:colcon.colcon_core.environment:checking '/home/w/work/moveit2_handeye_calib/install/motor_control_logger/lib/pkgconfig/motor_control_logger.pc'
[1.207s] Level 1:colcon.colcon_core.environment:checking '/home/w/work/moveit2_handeye_calib/install/motor_control_logger/lib/python3.10/site-packages'
[1.207s] Level 1:colcon.colcon_core.environment:checking '/home/w/work/moveit2_handeye_calib/install/motor_control_logger/bin'
[1.207s] INFO:colcon.colcon_core.shell:Creating package script '/home/w/work/moveit2_handeye_calib/install/motor_control_logger/share/motor_control_logger/package.ps1'
[1.208s] INFO:colcon.colcon_core.shell:Creating package descriptor '/home/w/work/moveit2_handeye_calib/install/motor_control_logger/share/motor_control_logger/package.dsv'
[1.208s] INFO:colcon.colcon_core.shell:Creating package script '/home/w/work/moveit2_handeye_calib/install/motor_control_logger/share/motor_control_logger/package.sh'
[1.208s] INFO:colcon.colcon_core.shell:Creating package script '/home/w/work/moveit2_handeye_calib/install/motor_control_logger/share/motor_control_logger/package.bash'
[1.208s] INFO:colcon.colcon_core.shell:Creating package script '/home/w/work/moveit2_handeye_calib/install/motor_control_logger/share/motor_control_logger/package.zsh'
[1.208s] Level 1:colcon.colcon_core.environment:create_file_with_runtime_dependencies(/home/w/work/moveit2_handeye_calib/install/motor_control_logger/share/colcon-core/packages/motor_control_logger)
[1.208s] Level 1:colcon.colcon_core.environment:create_environment_scripts_only(ros2_socketcan)
[1.209s] Level 1:colcon.colcon_core.environment:checking '/home/w/work/moveit2_handeye_calib/install/ros2_socketcan' for CMake module files
[1.209s] DEBUG:colcon.colcon_core.event_handler.log_command:Invoked command in '/home/w/work/moveit2_handeye_calib/build/ros2_socketcan' returned '0': CMAKE_PREFIX_PATH=/home/w/work/moveit2_handeye_calib/install/ros2_socketcan_msgs:/home/w/work/moveit2_handeye_calib/install/robot_driver:/home/w/work/moveit2_handeye_calib/install/ros2_socketcan:/home/w/work/moveit2_handeye_calib/install/robot_virtual_fence:/home/w/work/moveit2_handeye_calib/install/robot_state_machine:/home/w/work/moveit2_handeye_calib/install/robot_sdk:/home/w/work/moveit2_handeye_calib/install/robot_control:/home/w/work/moveit2_handeye_calib/install/motor_control_logger:/home/w/work/moveit2_handeye_calib/install/robot_interfaces:/home/w/work/moveit2_handeye_calib/install/arm620_dh_config:/home/w/work/moveit2_handeye_calib/install/arm620_config:/home/w/work/moveit2_handeye_calib/install/arm380_config:/home/w/work/moveit2_handeye_calib/install/robot_description:/home/w/work/moveit2_handeye_calib/install/robot_bringup:/home/w/work/moveit2_handeye_calib/install/moveit_calibration_demos:/home/w/work/moveit2_handeye_calib/install/moveit_calibration_gui:/home/w/work/moveit2_handeye_calib/install/moveit_calibration_plugins:/home/w/work/trac_ik_ws/install/trac_ik:/home/w/work/trac_ik_ws/install/trac_ik_examples:/home/w/work/trac_ik_ws/install/trac_ik_lib:/home/w/work/moveit2_handeye_calib/install/traj_smoother_py:/home/w/work/moveit2_handeye_calib/install/robot_test_py:/home/w/work/moveit2_handeye_calib/install/robot_input:/home/w/work/moveit2_handeye_calib/install/robot_dynamics:/opt/ros/humble LD_LIBRARY_PATH=/home/w/work/moveit2_handeye_calib/install/ros2_socketcan_msgs/lib:/home/w/work/moveit2_handeye_calib/install/robot_driver/lib:/home/w/work/moveit2_handeye_calib/install/ros2_socketcan/lib:/home/w/work/moveit2_handeye_calib/install/robot_interfaces/lib:/home/w/work/moveit2_handeye_calib/install/moveit_calibration_gui/lib:/home/w/work/moveit2_handeye_calib/install/moveit_calibration_plugins/lib:/home/w/work/trac_ik_ws/install/trac_ik_lib/lib:/opt/ros/humble/opt/rviz_ogre_vendor/lib:/opt/ros/humble/lib/x86_64-linux-gnu:/opt/ros/humble/lib /usr/bin/cmake --install /home/w/work/moveit2_handeye_calib/build/ros2_socketcan
[1.209s] Level 1:colcon.colcon_core.environment:checking '/home/w/work/moveit2_handeye_calib/install/ros2_socketcan' for CMake config files
[1.210s] Level 1:colcon.colcon_core.shell:create_environment_hook('ros2_socketcan', 'cmake_prefix_path')
[1.210s] INFO:colcon.colcon_core.shell:Creating environment hook '/home/w/work/moveit2_handeye_calib/install/ros2_socketcan/share/ros2_socketcan/hook/cmake_prefix_path.ps1'
[1.210s] INFO:colcon.colcon_core.shell:Creating environment descriptor '/home/w/work/moveit2_handeye_calib/install/ros2_socketcan/share/ros2_socketcan/hook/cmake_prefix_path.dsv'
[1.211s] INFO:colcon.colcon_core.shell:Creating environment hook '/home/w/work/moveit2_handeye_calib/install/ros2_socketcan/share/ros2_socketcan/hook/cmake_prefix_path.sh'
[1.211s] Level 1:colcon.colcon_core.environment:checking '/home/w/work/moveit2_handeye_calib/install/ros2_socketcan/lib'
[1.211s] Level 1:colcon.colcon_core.shell:create_environment_hook('ros2_socketcan', 'ld_library_path_lib')
[1.211s] INFO:colcon.colcon_core.shell:Creating environment hook '/home/w/work/moveit2_handeye_calib/install/ros2_socketcan/share/ros2_socketcan/hook/ld_library_path_lib.ps1'
[1.211s] INFO:colcon.colcon_core.shell:Creating environment descriptor '/home/w/work/moveit2_handeye_calib/install/ros2_socketcan/share/ros2_socketcan/hook/ld_library_path_lib.dsv'
[1.212s] INFO:colcon.colcon_core.shell:Creating environment hook '/home/w/work/moveit2_handeye_calib/install/ros2_socketcan/share/ros2_socketcan/hook/ld_library_path_lib.sh'
[1.212s] Level 1:colcon.colcon_core.environment:checking '/home/w/work/moveit2_handeye_calib/install/ros2_socketcan/bin'
[1.212s] Level 1:colcon.colcon_core.environment:checking '/home/w/work/moveit2_handeye_calib/install/ros2_socketcan/lib/pkgconfig/ros2_socketcan.pc'
[1.212s] Level 1:colcon.colcon_core.environment:checking '/home/w/work/moveit2_handeye_calib/install/ros2_socketcan/lib/python3.10/site-packages'
[1.212s] Level 1:colcon.colcon_core.environment:checking '/home/w/work/moveit2_handeye_calib/install/ros2_socketcan/bin'
[1.212s] INFO:colcon.colcon_core.shell:Creating package script '/home/w/work/moveit2_handeye_calib/install/ros2_socketcan/share/ros2_socketcan/package.ps1'
[1.213s] INFO:colcon.colcon_core.shell:Creating package descriptor '/home/w/work/moveit2_handeye_calib/install/ros2_socketcan/share/ros2_socketcan/package.dsv'
[1.213s] INFO:colcon.colcon_core.shell:Creating package script '/home/w/work/moveit2_handeye_calib/install/ros2_socketcan/share/ros2_socketcan/package.sh'
[1.213s] INFO:colcon.colcon_core.shell:Creating package script '/home/w/work/moveit2_handeye_calib/install/ros2_socketcan/share/ros2_socketcan/package.bash'
[1.213s] INFO:colcon.colcon_core.shell:Creating package script '/home/w/work/moveit2_handeye_calib/install/ros2_socketcan/share/ros2_socketcan/package.zsh'
[1.214s] Level 1:colcon.colcon_core.environment:create_file_with_runtime_dependencies(/home/w/work/moveit2_handeye_calib/install/ros2_socketcan/share/colcon-core/packages/ros2_socketcan)
[1.214s] Level 1:colcon.colcon_core.environment:create_environment_scripts_only(ros2_socketcan)
[1.214s] Level 1:colcon.colcon_core.environment:checking '/home/w/work/moveit2_handeye_calib/install/ros2_socketcan' for CMake module files
[1.214s] Level 1:colcon.colcon_core.environment:checking '/home/w/work/moveit2_handeye_calib/install/ros2_socketcan' for CMake config files
[1.215s] Level 1:colcon.colcon_core.shell:create_environment_hook('ros2_socketcan', 'cmake_prefix_path')
[1.215s] INFO:colcon.colcon_core.shell:Creating environment hook '/home/w/work/moveit2_handeye_calib/install/ros2_socketcan/share/ros2_socketcan/hook/cmake_prefix_path.ps1'
[1.215s] INFO:colcon.colcon_core.shell:Creating environment descriptor '/home/w/work/moveit2_handeye_calib/install/ros2_socketcan/share/ros2_socketcan/hook/cmake_prefix_path.dsv'
[1.215s] INFO:colcon.colcon_core.shell:Creating environment hook '/home/w/work/moveit2_handeye_calib/install/ros2_socketcan/share/ros2_socketcan/hook/cmake_prefix_path.sh'
[1.216s] Level 1:colcon.colcon_core.environment:checking '/home/w/work/moveit2_handeye_calib/install/ros2_socketcan/lib'
[1.216s] Level 1:colcon.colcon_core.shell:create_environment_hook('ros2_socketcan', 'ld_library_path_lib')
[1.216s] INFO:colcon.colcon_core.shell:Creating environment hook '/home/w/work/moveit2_handeye_calib/install/ros2_socketcan/share/ros2_socketcan/hook/ld_library_path_lib.ps1'
[1.216s] INFO:colcon.colcon_core.shell:Creating environment descriptor '/home/w/work/moveit2_handeye_calib/install/ros2_socketcan/share/ros2_socketcan/hook/ld_library_path_lib.dsv'
[1.216s] INFO:colcon.colcon_core.shell:Creating environment hook '/home/w/work/moveit2_handeye_calib/install/ros2_socketcan/share/ros2_socketcan/hook/ld_library_path_lib.sh'
[1.217s] Level 1:colcon.colcon_core.environment:checking '/home/w/work/moveit2_handeye_calib/install/ros2_socketcan/bin'
[1.217s] Level 1:colcon.colcon_core.environment:checking '/home/w/work/moveit2_handeye_calib/install/ros2_socketcan/lib/pkgconfig/ros2_socketcan.pc'
[1.217s] Level 1:colcon.colcon_core.environment:checking '/home/w/work/moveit2_handeye_calib/install/ros2_socketcan/lib/python3.10/site-packages'
[1.217s] Level 1:colcon.colcon_core.environment:checking '/home/w/work/moveit2_handeye_calib/install/ros2_socketcan/bin'
[1.217s] INFO:colcon.colcon_core.shell:Creating package script '/home/w/work/moveit2_handeye_calib/install/ros2_socketcan/share/ros2_socketcan/package.ps1'
[1.217s] INFO:colcon.colcon_core.shell:Creating package descriptor '/home/w/work/moveit2_handeye_calib/install/ros2_socketcan/share/ros2_socketcan/package.dsv'
[1.218s] INFO:colcon.colcon_core.shell:Creating package script '/home/w/work/moveit2_handeye_calib/install/ros2_socketcan/share/ros2_socketcan/package.sh'
[1.218s] INFO:colcon.colcon_core.shell:Creating package script '/home/w/work/moveit2_handeye_calib/install/ros2_socketcan/share/ros2_socketcan/package.bash'
[1.218s] INFO:colcon.colcon_core.shell:Creating package script '/home/w/work/moveit2_handeye_calib/install/ros2_socketcan/share/ros2_socketcan/package.zsh'
[1.218s] Level 1:colcon.colcon_core.environment:create_file_with_runtime_dependencies(/home/w/work/moveit2_handeye_calib/install/ros2_socketcan/share/colcon-core/packages/ros2_socketcan)
[1.219s] INFO:colcon.colcon_ros.task.ament_cmake.build:Building ROS package in '/home/w/work/moveit2_handeye_calib/TG620/robot_driver' with build type 'ament_cmake'
[1.219s] INFO:colcon.colcon_cmake.task.cmake.build:Building CMake package in '/home/w/work/moveit2_handeye_calib/TG620/robot_driver'
[1.219s] INFO:colcon.colcon_core.shell:Skip shell extension 'powershell' for command environment: Not usable outside of PowerShell
[1.219s] DEBUG:colcon.colcon_core.shell:Skip shell extension 'dsv' for command environment
[1.223s] Level 1:colcon.colcon_core.environment:create_environment_scripts_only(moveit_calibration_gui)
[1.223s] Level 1:colcon.colcon_core.environment:checking '/home/w/work/moveit2_handeye_calib/install/moveit_calibration_gui' for CMake module files
[1.223s] DEBUG:colcon.colcon_core.event_handler.log_command:Invoked command in '/home/w/work/moveit2_handeye_calib/build/moveit_calibration_gui' returned '0': CMAKE_PREFIX_PATH=/home/w/work/moveit2_handeye_calib/install/moveit_calibration_plugins:/home/w/work/moveit2_handeye_calib/install/robot_driver:/home/w/work/moveit2_handeye_calib/install/ros2_socketcan:/home/w/work/moveit2_handeye_calib/install/ros2_socketcan_msgs:/home/w/work/moveit2_handeye_calib/install/robot_virtual_fence:/home/w/work/moveit2_handeye_calib/install/robot_state_machine:/home/w/work/moveit2_handeye_calib/install/robot_sdk:/home/w/work/moveit2_handeye_calib/install/robot_control:/home/w/work/moveit2_handeye_calib/install/motor_control_logger:/home/w/work/moveit2_handeye_calib/install/robot_interfaces:/home/w/work/moveit2_handeye_calib/install/arm620_dh_config:/home/w/work/moveit2_handeye_calib/install/arm620_config:/home/w/work/moveit2_handeye_calib/install/arm380_config:/home/w/work/moveit2_handeye_calib/install/robot_description:/home/w/work/moveit2_handeye_calib/install/robot_bringup:/home/w/work/moveit2_handeye_calib/install/moveit_calibration_demos:/home/w/work/moveit2_handeye_calib/install/moveit_calibration_gui:/home/w/work/trac_ik_ws/install/trac_ik:/home/w/work/trac_ik_ws/install/trac_ik_examples:/home/w/work/trac_ik_ws/install/trac_ik_lib:/home/w/work/moveit2_handeye_calib/install/traj_smoother_py:/home/w/work/moveit2_handeye_calib/install/robot_test_py:/home/w/work/moveit2_handeye_calib/install/robot_input:/home/w/work/moveit2_handeye_calib/install/robot_dynamics:/opt/ros/humble LD_LIBRARY_PATH=/home/w/work/moveit2_handeye_calib/install/moveit_calibration_plugins/lib:/home/w/work/moveit2_handeye_calib/install/robot_driver/lib:/home/w/work/moveit2_handeye_calib/install/ros2_socketcan/lib:/home/w/work/moveit2_handeye_calib/install/ros2_socketcan_msgs/lib:/home/w/work/moveit2_handeye_calib/install/robot_interfaces/lib:/home/w/work/moveit2_handeye_calib/install/moveit_calibration_gui/lib:/home/w/work/trac_ik_ws/install/trac_ik_lib/lib:/opt/ros/humble/opt/rviz_ogre_vendor/lib:/opt/ros/humble/lib/x86_64-linux-gnu:/opt/ros/humble/lib /usr/bin/cmake --install /home/w/work/moveit2_handeye_calib/build/moveit_calibration_gui
[1.223s] Level 1:colcon.colcon_core.environment:checking '/home/w/work/moveit2_handeye_calib/install/moveit_calibration_gui' for CMake config files
[1.224s] Level 1:colcon.colcon_core.shell:create_environment_hook('moveit_calibration_gui', 'cmake_prefix_path')
[1.224s] INFO:colcon.colcon_core.shell:Creating environment hook '/home/w/work/moveit2_handeye_calib/install/moveit_calibration_gui/share/moveit_calibration_gui/hook/cmake_prefix_path.ps1'
[1.224s] INFO:colcon.colcon_core.shell:Creating environment descriptor '/home/w/work/moveit2_handeye_calib/install/moveit_calibration_gui/share/moveit_calibration_gui/hook/cmake_prefix_path.dsv'
[1.224s] INFO:colcon.colcon_core.shell:Creating environment hook '/home/w/work/moveit2_handeye_calib/install/moveit_calibration_gui/share/moveit_calibration_gui/hook/cmake_prefix_path.sh'
[1.224s] Level 1:colcon.colcon_core.environment:checking '/home/w/work/moveit2_handeye_calib/install/moveit_calibration_gui/lib'
[1.224s] Level 1:colcon.colcon_core.shell:create_environment_hook('moveit_calibration_gui', 'ld_library_path_lib')
[1.225s] INFO:colcon.colcon_core.shell:Creating environment hook '/home/w/work/moveit2_handeye_calib/install/moveit_calibration_gui/share/moveit_calibration_gui/hook/ld_library_path_lib.ps1'
[1.225s] INFO:colcon.colcon_core.shell:Creating environment descriptor '/home/w/work/moveit2_handeye_calib/install/moveit_calibration_gui/share/moveit_calibration_gui/hook/ld_library_path_lib.dsv'
[1.225s] INFO:colcon.colcon_core.shell:Creating environment hook '/home/w/work/moveit2_handeye_calib/install/moveit_calibration_gui/share/moveit_calibration_gui/hook/ld_library_path_lib.sh'
[1.225s] Level 1:colcon.colcon_core.environment:checking '/home/w/work/moveit2_handeye_calib/install/moveit_calibration_gui/bin'
[1.225s] Level 1:colcon.colcon_core.environment:checking '/home/w/work/moveit2_handeye_calib/install/moveit_calibration_gui/lib/pkgconfig/moveit_calibration_gui.pc'
[1.225s] Level 1:colcon.colcon_core.environment:checking '/home/w/work/moveit2_handeye_calib/install/moveit_calibration_gui/lib/python3.10/site-packages'
[1.226s] Level 1:colcon.colcon_core.environment:checking '/home/w/work/moveit2_handeye_calib/install/moveit_calibration_gui/bin'
[1.226s] INFO:colcon.colcon_core.shell:Creating package script '/home/w/work/moveit2_handeye_calib/install/moveit_calibration_gui/share/moveit_calibration_gui/package.ps1'
[1.226s] INFO:colcon.colcon_core.shell:Creating package descriptor '/home/w/work/moveit2_handeye_calib/install/moveit_calibration_gui/share/moveit_calibration_gui/package.dsv'
[1.226s] INFO:colcon.colcon_core.shell:Creating package script '/home/w/work/moveit2_handeye_calib/install/moveit_calibration_gui/share/moveit_calibration_gui/package.sh'
[1.226s] INFO:colcon.colcon_core.shell:Creating package script '/home/w/work/moveit2_handeye_calib/install/moveit_calibration_gui/share/moveit_calibration_gui/package.bash'
[1.227s] INFO:colcon.colcon_core.shell:Creating package script '/home/w/work/moveit2_handeye_calib/install/moveit_calibration_gui/share/moveit_calibration_gui/package.zsh'
[1.227s] Level 1:colcon.colcon_core.environment:create_file_with_runtime_dependencies(/home/w/work/moveit2_handeye_calib/install/moveit_calibration_gui/share/colcon-core/packages/moveit_calibration_gui)
[1.227s] Level 1:colcon.colcon_core.environment:create_environment_scripts_only(moveit_calibration_gui)
[1.227s] Level 1:colcon.colcon_core.environment:checking '/home/w/work/moveit2_handeye_calib/install/moveit_calibration_gui' for CMake module files
[1.227s] Level 1:colcon.colcon_core.environment:checking '/home/w/work/moveit2_handeye_calib/install/moveit_calibration_gui' for CMake config files
[1.228s] Level 1:colcon.colcon_core.shell:create_environment_hook('moveit_calibration_gui', 'cmake_prefix_path')
[1.228s] INFO:colcon.colcon_core.shell:Creating environment hook '/home/w/work/moveit2_handeye_calib/install/moveit_calibration_gui/share/moveit_calibration_gui/hook/cmake_prefix_path.ps1'
[1.228s] INFO:colcon.colcon_core.shell:Creating environment descriptor '/home/w/work/moveit2_handeye_calib/install/moveit_calibration_gui/share/moveit_calibration_gui/hook/cmake_prefix_path.dsv'
[1.228s] INFO:colcon.colcon_core.shell:Creating environment hook '/home/w/work/moveit2_handeye_calib/install/moveit_calibration_gui/share/moveit_calibration_gui/hook/cmake_prefix_path.sh'
[1.228s] Level 1:colcon.colcon_core.environment:checking '/home/w/work/moveit2_handeye_calib/install/moveit_calibration_gui/lib'
[1.228s] Level 1:colcon.colcon_core.shell:create_environment_hook('moveit_calibration_gui', 'ld_library_path_lib')
[1.229s] INFO:colcon.colcon_core.shell:Creating environment hook '/home/w/work/moveit2_handeye_calib/install/moveit_calibration_gui/share/moveit_calibration_gui/hook/ld_library_path_lib.ps1'
[1.229s] INFO:colcon.colcon_core.shell:Creating environment descriptor '/home/w/work/moveit2_handeye_calib/install/moveit_calibration_gui/share/moveit_calibration_gui/hook/ld_library_path_lib.dsv'
[1.229s] INFO:colcon.colcon_core.shell:Creating environment hook '/home/w/work/moveit2_handeye_calib/install/moveit_calibration_gui/share/moveit_calibration_gui/hook/ld_library_path_lib.sh'
[1.229s] Level 1:colcon.colcon_core.environment:checking '/home/w/work/moveit2_handeye_calib/install/moveit_calibration_gui/bin'
[1.229s] Level 1:colcon.colcon_core.environment:checking '/home/w/work/moveit2_handeye_calib/install/moveit_calibration_gui/lib/pkgconfig/moveit_calibration_gui.pc'
[1.229s] Level 1:colcon.colcon_core.environment:checking '/home/w/work/moveit2_handeye_calib/install/moveit_calibration_gui/lib/python3.10/site-packages'
[1.229s] Level 1:colcon.colcon_core.environment:checking '/home/w/work/moveit2_handeye_calib/install/moveit_calibration_gui/bin'
[1.230s] INFO:colcon.colcon_core.shell:Creating package script '/home/w/work/moveit2_handeye_calib/install/moveit_calibration_gui/share/moveit_calibration_gui/package.ps1'
[1.230s] INFO:colcon.colcon_core.shell:Creating package descriptor '/home/w/work/moveit2_handeye_calib/install/moveit_calibration_gui/share/moveit_calibration_gui/package.dsv'
[1.230s] INFO:colcon.colcon_core.shell:Creating package script '/home/w/work/moveit2_handeye_calib/install/moveit_calibration_gui/share/moveit_calibration_gui/package.sh'
[1.230s] INFO:colcon.colcon_core.shell:Creating package script '/home/w/work/moveit2_handeye_calib/install/moveit_calibration_gui/share/moveit_calibration_gui/package.bash'
[1.231s] INFO:colcon.colcon_core.shell:Creating package script '/home/w/work/moveit2_handeye_calib/install/moveit_calibration_gui/share/moveit_calibration_gui/package.zsh'
[1.231s] Level 1:colcon.colcon_core.environment:create_file_with_runtime_dependencies(/home/w/work/moveit2_handeye_calib/install/moveit_calibration_gui/share/colcon-core/packages/moveit_calibration_gui)
[1.231s] Level 1:colcon.colcon_core.environment:create_environment_scripts_only(robot_sdk)
[1.231s] Level 1:colcon.colcon_core.environment:checking '/home/w/work/moveit2_handeye_calib/install/robot_sdk' for CMake module files
[1.232s] Level 1:colcon.colcon_core.environment:checking '/home/w/work/moveit2_handeye_calib/install/robot_sdk' for CMake config files
[1.232s] DEBUG:colcon.colcon_core.event_handler.log_command:Invoked command in '/home/w/work/moveit2_handeye_calib/build/robot_sdk' returned '0': CMAKE_PREFIX_PATH=/home/w/work/moveit2_handeye_calib/install/robot_interfaces:/home/w/work/moveit2_handeye_calib/install/robot_driver:/home/w/work/moveit2_handeye_calib/install/ros2_socketcan:/home/w/work/moveit2_handeye_calib/install/ros2_socketcan_msgs:/home/w/work/moveit2_handeye_calib/install/robot_virtual_fence:/home/w/work/moveit2_handeye_calib/install/robot_state_machine:/home/w/work/moveit2_handeye_calib/install/robot_sdk:/home/w/work/moveit2_handeye_calib/install/robot_control:/home/w/work/moveit2_handeye_calib/install/motor_control_logger:/home/w/work/moveit2_handeye_calib/install/arm620_dh_config:/home/w/work/moveit2_handeye_calib/install/arm620_config:/home/w/work/moveit2_handeye_calib/install/arm380_config:/home/w/work/moveit2_handeye_calib/install/robot_description:/home/w/work/moveit2_handeye_calib/install/robot_bringup:/home/w/work/moveit2_handeye_calib/install/moveit_calibration_demos:/home/w/work/moveit2_handeye_calib/install/moveit_calibration_gui:/home/w/work/moveit2_handeye_calib/install/moveit_calibration_plugins:/home/w/work/trac_ik_ws/install/trac_ik:/home/w/work/trac_ik_ws/install/trac_ik_examples:/home/w/work/trac_ik_ws/install/trac_ik_lib:/home/w/work/moveit2_handeye_calib/install/traj_smoother_py:/home/w/work/moveit2_handeye_calib/install/robot_test_py:/home/w/work/moveit2_handeye_calib/install/robot_input:/home/w/work/moveit2_handeye_calib/install/robot_dynamics:/opt/ros/humble LD_LIBRARY_PATH=/home/w/work/moveit2_handeye_calib/install/robot_interfaces/lib:/home/w/work/moveit2_handeye_calib/install/robot_driver/lib:/home/w/work/moveit2_handeye_calib/install/ros2_socketcan/lib:/home/w/work/moveit2_handeye_calib/install/ros2_socketcan_msgs/lib:/home/w/work/moveit2_handeye_calib/install/moveit_calibration_gui/lib:/home/w/work/moveit2_handeye_calib/install/moveit_calibration_plugins/lib:/home/w/work/trac_ik_ws/install/trac_ik_lib/lib:/opt/ros/humble/opt/rviz_ogre_vendor/lib:/opt/ros/humble/lib/x86_64-linux-gnu:/opt/ros/humble/lib /usr/bin/cmake --install /home/w/work/moveit2_handeye_calib/build/robot_sdk
[1.232s] Level 1:colcon.colcon_core.shell:create_environment_hook('robot_sdk', 'cmake_prefix_path')
[1.232s] INFO:colcon.colcon_core.shell:Creating environment hook '/home/w/work/moveit2_handeye_calib/install/robot_sdk/share/robot_sdk/hook/cmake_prefix_path.ps1'
[1.232s] INFO:colcon.colcon_core.shell:Creating environment descriptor '/home/w/work/moveit2_handeye_calib/install/robot_sdk/share/robot_sdk/hook/cmake_prefix_path.dsv'
[1.233s] INFO:colcon.colcon_core.shell:Creating environment hook '/home/w/work/moveit2_handeye_calib/install/robot_sdk/share/robot_sdk/hook/cmake_prefix_path.sh'
[1.233s] Level 1:colcon.colcon_core.environment:checking '/home/w/work/moveit2_handeye_calib/install/robot_sdk/lib'
[1.233s] Level 1:colcon.colcon_core.environment:checking '/home/w/work/moveit2_handeye_calib/install/robot_sdk/bin'
[1.233s] Level 1:colcon.colcon_core.environment:checking '/home/w/work/moveit2_handeye_calib/install/robot_sdk/lib/pkgconfig/robot_sdk.pc'
[1.233s] Level 1:colcon.colcon_core.environment:checking '/home/w/work/moveit2_handeye_calib/install/robot_sdk/lib/python3.10/site-packages'
[1.233s] Level 1:colcon.colcon_core.environment:checking '/home/w/work/moveit2_handeye_calib/install/robot_sdk/bin'
[1.233s] INFO:colcon.colcon_core.shell:Creating package script '/home/w/work/moveit2_handeye_calib/install/robot_sdk/share/robot_sdk/package.ps1'
[1.234s] INFO:colcon.colcon_core.shell:Creating package descriptor '/home/w/work/moveit2_handeye_calib/install/robot_sdk/share/robot_sdk/package.dsv'
[1.234s] INFO:colcon.colcon_core.shell:Creating package script '/home/w/work/moveit2_handeye_calib/install/robot_sdk/share/robot_sdk/package.sh'
[1.234s] INFO:colcon.colcon_core.shell:Creating package script '/home/w/work/moveit2_handeye_calib/install/robot_sdk/share/robot_sdk/package.bash'
[1.234s] INFO:colcon.colcon_core.shell:Creating package script '/home/w/work/moveit2_handeye_calib/install/robot_sdk/share/robot_sdk/package.zsh'
[1.235s] Level 1:colcon.colcon_core.environment:create_file_with_runtime_dependencies(/home/w/work/moveit2_handeye_calib/install/robot_sdk/share/colcon-core/packages/robot_sdk)
[1.235s] Level 1:colcon.colcon_core.environment:create_environment_scripts_only(robot_sdk)
[1.235s] Level 1:colcon.colcon_core.environment:checking '/home/w/work/moveit2_handeye_calib/install/robot_sdk' for CMake module files
[1.235s] Level 1:colcon.colcon_core.environment:checking '/home/w/work/moveit2_handeye_calib/install/robot_sdk' for CMake config files
[1.235s] Level 1:colcon.colcon_core.shell:create_environment_hook('robot_sdk', 'cmake_prefix_path')
[1.235s] INFO:colcon.colcon_core.shell:Creating environment hook '/home/w/work/moveit2_handeye_calib/install/robot_sdk/share/robot_sdk/hook/cmake_prefix_path.ps1'
[1.236s] INFO:colcon.colcon_core.shell:Creating environment descriptor '/home/w/work/moveit2_handeye_calib/install/robot_sdk/share/robot_sdk/hook/cmake_prefix_path.dsv'
[1.236s] INFO:colcon.colcon_core.shell:Creating environment hook '/home/w/work/moveit2_handeye_calib/install/robot_sdk/share/robot_sdk/hook/cmake_prefix_path.sh'
[1.236s] Level 1:colcon.colcon_core.environment:checking '/home/w/work/moveit2_handeye_calib/install/robot_sdk/lib'
[1.236s] Level 1:colcon.colcon_core.environment:checking '/home/w/work/moveit2_handeye_calib/install/robot_sdk/bin'
[1.236s] Level 1:colcon.colcon_core.environment:checking '/home/w/work/moveit2_handeye_calib/install/robot_sdk/lib/pkgconfig/robot_sdk.pc'
[1.236s] Level 1:colcon.colcon_core.environment:checking '/home/w/work/moveit2_handeye_calib/install/robot_sdk/lib/python3.10/site-packages'
[1.237s] Level 1:colcon.colcon_core.environment:checking '/home/w/work/moveit2_handeye_calib/install/robot_sdk/bin'
[1.237s] INFO:colcon.colcon_core.shell:Creating package script '/home/w/work/moveit2_handeye_calib/install/robot_sdk/share/robot_sdk/package.ps1'
[1.237s] INFO:colcon.colcon_core.shell:Creating package descriptor '/home/w/work/moveit2_handeye_calib/install/robot_sdk/share/robot_sdk/package.dsv'
[1.237s] INFO:colcon.colcon_core.shell:Creating package script '/home/w/work/moveit2_handeye_calib/install/robot_sdk/share/robot_sdk/package.sh'
[1.238s] INFO:colcon.colcon_core.shell:Creating package script '/home/w/work/moveit2_handeye_calib/install/robot_sdk/share/robot_sdk/package.bash'
[1.238s] INFO:colcon.colcon_core.shell:Creating package script '/home/w/work/moveit2_handeye_calib/install/robot_sdk/share/robot_sdk/package.zsh'
[1.238s] Level 1:colcon.colcon_core.environment:create_file_with_runtime_dependencies(/home/w/work/moveit2_handeye_calib/install/robot_sdk/share/colcon-core/packages/robot_sdk)
[1.238s] INFO:colcon.colcon_ros.task.ament_cmake.build:Building ROS package in '/home/w/work/moveit2_handeye_calib/moveit2_calibration/moveit_calibration_demos' with build type 'ament_cmake'
[1.239s] INFO:colcon.colcon_cmake.task.cmake.build:Building CMake package in '/home/w/work/moveit2_handeye_calib/moveit2_calibration/moveit_calibration_demos'
[1.239s] INFO:colcon.colcon_core.shell:Skip shell extension 'powershell' for command environment: Not usable outside of PowerShell
[1.239s] DEBUG:colcon.colcon_core.shell:Skip shell extension 'dsv' for command environment
[1.244s] DEBUG:colcon.colcon_core.event_handler.log_command:Invoking command in '/home/w/work/moveit2_handeye_calib/build/robot_driver': CMAKE_PREFIX_PATH=/home/w/work/moveit2_handeye_calib/install/ros2_socketcan:/home/w/work/moveit2_handeye_calib/install/ros2_socketcan_msgs:/home/w/work/moveit2_handeye_calib/install/robot_interfaces:/home/w/work/moveit2_handeye_calib/install/robot_driver:/home/w/work/moveit2_handeye_calib/install/robot_virtual_fence:/home/w/work/moveit2_handeye_calib/install/robot_state_machine:/home/w/work/moveit2_handeye_calib/install/robot_sdk:/home/w/work/moveit2_handeye_calib/install/robot_control:/home/w/work/moveit2_handeye_calib/install/motor_control_logger:/home/w/work/moveit2_handeye_calib/install/arm620_dh_config:/home/w/work/moveit2_handeye_calib/install/arm620_config:/home/w/work/moveit2_handeye_calib/install/arm380_config:/home/w/work/moveit2_handeye_calib/install/robot_description:/home/w/work/moveit2_handeye_calib/install/robot_bringup:/home/w/work/moveit2_handeye_calib/install/moveit_calibration_demos:/home/w/work/moveit2_handeye_calib/install/moveit_calibration_gui:/home/w/work/moveit2_handeye_calib/install/moveit_calibration_plugins:/home/w/work/trac_ik_ws/install/trac_ik:/home/w/work/trac_ik_ws/install/trac_ik_examples:/home/w/work/trac_ik_ws/install/trac_ik_lib:/home/w/work/moveit2_handeye_calib/install/traj_smoother_py:/home/w/work/moveit2_handeye_calib/install/robot_test_py:/home/w/work/moveit2_handeye_calib/install/robot_input:/home/w/work/moveit2_handeye_calib/install/robot_dynamics:/opt/ros/humble LD_LIBRARY_PATH=/home/w/work/moveit2_handeye_calib/install/ros2_socketcan/lib:/home/w/work/moveit2_handeye_calib/install/ros2_socketcan_msgs/lib:/home/w/work/moveit2_handeye_calib/install/robot_interfaces/lib:/home/w/work/moveit2_handeye_calib/install/robot_driver/lib:/home/w/work/moveit2_handeye_calib/install/moveit_calibration_gui/lib:/home/w/work/moveit2_handeye_calib/install/moveit_calibration_plugins/lib:/home/w/work/trac_ik_ws/install/trac_ik_lib/lib:/opt/ros/humble/opt/rviz_ogre_vendor/lib:/opt/ros/humble/lib/x86_64-linux-gnu:/opt/ros/humble/lib /usr/bin/cmake --build /home/w/work/moveit2_handeye_calib/build/robot_driver -- -j28 -l28
[1.248s] DEBUG:colcon.colcon_core.event_handler.log_command:Invoking command in '/home/w/work/moveit2_handeye_calib/build/moveit_calibration_demos': CMAKE_PREFIX_PATH=/home/w/work/moveit2_handeye_calib/install/moveit_calibration_gui:/home/w/work/moveit2_handeye_calib/install/moveit_calibration_plugins:/home/w/work/moveit2_handeye_calib/install/robot_driver:/home/w/work/moveit2_handeye_calib/install/ros2_socketcan:/home/w/work/moveit2_handeye_calib/install/ros2_socketcan_msgs:/home/w/work/moveit2_handeye_calib/install/robot_virtual_fence:/home/w/work/moveit2_handeye_calib/install/robot_state_machine:/home/w/work/moveit2_handeye_calib/install/robot_sdk:/home/w/work/moveit2_handeye_calib/install/robot_control:/home/w/work/moveit2_handeye_calib/install/motor_control_logger:/home/w/work/moveit2_handeye_calib/install/robot_interfaces:/home/w/work/moveit2_handeye_calib/install/arm620_dh_config:/home/w/work/moveit2_handeye_calib/install/arm620_config:/home/w/work/moveit2_handeye_calib/install/arm380_config:/home/w/work/moveit2_handeye_calib/install/robot_description:/home/w/work/moveit2_handeye_calib/install/robot_bringup:/home/w/work/moveit2_handeye_calib/install/moveit_calibration_demos:/home/w/work/trac_ik_ws/install/trac_ik:/home/w/work/trac_ik_ws/install/trac_ik_examples:/home/w/work/trac_ik_ws/install/trac_ik_lib:/home/w/work/moveit2_handeye_calib/install/traj_smoother_py:/home/w/work/moveit2_handeye_calib/install/robot_test_py:/home/w/work/moveit2_handeye_calib/install/robot_input:/home/w/work/moveit2_handeye_calib/install/robot_dynamics:/opt/ros/humble LD_LIBRARY_PATH=/home/w/work/moveit2_handeye_calib/install/moveit_calibration_gui/lib:/home/w/work/moveit2_handeye_calib/install/moveit_calibration_plugins/lib:/home/w/work/moveit2_handeye_calib/install/robot_driver/lib:/home/w/work/moveit2_handeye_calib/install/ros2_socketcan/lib:/home/w/work/moveit2_handeye_calib/install/ros2_socketcan_msgs/lib:/home/w/work/moveit2_handeye_calib/install/robot_interfaces/lib:/home/w/work/trac_ik_ws/install/trac_ik_lib/lib:/opt/ros/humble/opt/rviz_ogre_vendor/lib:/opt/ros/humble/lib/x86_64-linux-gnu:/opt/ros/humble/lib /usr/bin/cmake --build /home/w/work/moveit2_handeye_calib/build/moveit_calibration_demos -- -j28 -l28
[1.275s] DEBUG:colcon.colcon_core.event_handler.log_command:Invoked command in '/home/w/work/moveit2_handeye_calib/build/moveit_calibration_demos' returned '0': CMAKE_PREFIX_PATH=/home/w/work/moveit2_handeye_calib/install/moveit_calibration_gui:/home/w/work/moveit2_handeye_calib/install/moveit_calibration_plugins:/home/w/work/moveit2_handeye_calib/install/robot_driver:/home/w/work/moveit2_handeye_calib/install/ros2_socketcan:/home/w/work/moveit2_handeye_calib/install/ros2_socketcan_msgs:/home/w/work/moveit2_handeye_calib/install/robot_virtual_fence:/home/w/work/moveit2_handeye_calib/install/robot_state_machine:/home/w/work/moveit2_handeye_calib/install/robot_sdk:/home/w/work/moveit2_handeye_calib/install/robot_control:/home/w/work/moveit2_handeye_calib/install/motor_control_logger:/home/w/work/moveit2_handeye_calib/install/robot_interfaces:/home/w/work/moveit2_handeye_calib/install/arm620_dh_config:/home/w/work/moveit2_handeye_calib/install/arm620_config:/home/w/work/moveit2_handeye_calib/install/arm380_config:/home/w/work/moveit2_handeye_calib/install/robot_description:/home/w/work/moveit2_handeye_calib/install/robot_bringup:/home/w/work/moveit2_handeye_calib/install/moveit_calibration_demos:/home/w/work/trac_ik_ws/install/trac_ik:/home/w/work/trac_ik_ws/install/trac_ik_examples:/home/w/work/trac_ik_ws/install/trac_ik_lib:/home/w/work/moveit2_handeye_calib/install/traj_smoother_py:/home/w/work/moveit2_handeye_calib/install/robot_test_py:/home/w/work/moveit2_handeye_calib/install/robot_input:/home/w/work/moveit2_handeye_calib/install/robot_dynamics:/opt/ros/humble LD_LIBRARY_PATH=/home/w/work/moveit2_handeye_calib/install/moveit_calibration_gui/lib:/home/w/work/moveit2_handeye_calib/install/moveit_calibration_plugins/lib:/home/w/work/moveit2_handeye_calib/install/robot_driver/lib:/home/w/work/moveit2_handeye_calib/install/ros2_socketcan/lib:/home/w/work/moveit2_handeye_calib/install/ros2_socketcan_msgs/lib:/home/w/work/moveit2_handeye_calib/install/robot_interfaces/lib:/home/w/work/trac_ik_ws/install/trac_ik_lib/lib:/opt/ros/humble/opt/rviz_ogre_vendor/lib:/opt/ros/humble/lib/x86_64-linux-gnu:/opt/ros/humble/lib /usr/bin/cmake --build /home/w/work/moveit2_handeye_calib/build/moveit_calibration_demos -- -j28 -l28
[1.276s] DEBUG:colcon.colcon_core.event_handler.log_command:Invoking command in '/home/w/work/moveit2_handeye_calib/build/moveit_calibration_demos': CMAKE_PREFIX_PATH=/home/w/work/moveit2_handeye_calib/install/moveit_calibration_gui:/home/w/work/moveit2_handeye_calib/install/moveit_calibration_plugins:/home/w/work/moveit2_handeye_calib/install/robot_driver:/home/w/work/moveit2_handeye_calib/install/ros2_socketcan:/home/w/work/moveit2_handeye_calib/install/ros2_socketcan_msgs:/home/w/work/moveit2_handeye_calib/install/robot_virtual_fence:/home/w/work/moveit2_handeye_calib/install/robot_state_machine:/home/w/work/moveit2_handeye_calib/install/robot_sdk:/home/w/work/moveit2_handeye_calib/install/robot_control:/home/w/work/moveit2_handeye_calib/install/motor_control_logger:/home/w/work/moveit2_handeye_calib/install/robot_interfaces:/home/w/work/moveit2_handeye_calib/install/arm620_dh_config:/home/w/work/moveit2_handeye_calib/install/arm620_config:/home/w/work/moveit2_handeye_calib/install/arm380_config:/home/w/work/moveit2_handeye_calib/install/robot_description:/home/w/work/moveit2_handeye_calib/install/robot_bringup:/home/w/work/moveit2_handeye_calib/install/moveit_calibration_demos:/home/w/work/trac_ik_ws/install/trac_ik:/home/w/work/trac_ik_ws/install/trac_ik_examples:/home/w/work/trac_ik_ws/install/trac_ik_lib:/home/w/work/moveit2_handeye_calib/install/traj_smoother_py:/home/w/work/moveit2_handeye_calib/install/robot_test_py:/home/w/work/moveit2_handeye_calib/install/robot_input:/home/w/work/moveit2_handeye_calib/install/robot_dynamics:/opt/ros/humble LD_LIBRARY_PATH=/home/w/work/moveit2_handeye_calib/install/moveit_calibration_gui/lib:/home/w/work/moveit2_handeye_calib/install/moveit_calibration_plugins/lib:/home/w/work/moveit2_handeye_calib/install/robot_driver/lib:/home/w/work/moveit2_handeye_calib/install/ros2_socketcan/lib:/home/w/work/moveit2_handeye_calib/install/ros2_socketcan_msgs/lib:/home/w/work/moveit2_handeye_calib/install/robot_interfaces/lib:/home/w/work/trac_ik_ws/install/trac_ik_lib/lib:/opt/ros/humble/opt/rviz_ogre_vendor/lib:/opt/ros/humble/lib/x86_64-linux-gnu:/opt/ros/humble/lib /usr/bin/cmake --install /home/w/work/moveit2_handeye_calib/build/moveit_calibration_demos
[1.284s] Level 1:colcon.colcon_core.environment:create_environment_scripts_only(moveit_calibration_demos)
[1.284s] Level 1:colcon.colcon_core.environment:checking '/home/w/work/moveit2_handeye_calib/install/moveit_calibration_demos' for CMake module files
[1.285s] Level 1:colcon.colcon_core.environment:checking '/home/w/work/moveit2_handeye_calib/install/moveit_calibration_demos' for CMake config files
[1.285s] DEBUG:colcon.colcon_core.event_handler.log_command:Invoked command in '/home/w/work/moveit2_handeye_calib/build/moveit_calibration_demos' returned '0': CMAKE_PREFIX_PATH=/home/w/work/moveit2_handeye_calib/install/moveit_calibration_gui:/home/w/work/moveit2_handeye_calib/install/moveit_calibration_plugins:/home/w/work/moveit2_handeye_calib/install/robot_driver:/home/w/work/moveit2_handeye_calib/install/ros2_socketcan:/home/w/work/moveit2_handeye_calib/install/ros2_socketcan_msgs:/home/w/work/moveit2_handeye_calib/install/robot_virtual_fence:/home/w/work/moveit2_handeye_calib/install/robot_state_machine:/home/w/work/moveit2_handeye_calib/install/robot_sdk:/home/w/work/moveit2_handeye_calib/install/robot_control:/home/w/work/moveit2_handeye_calib/install/motor_control_logger:/home/w/work/moveit2_handeye_calib/install/robot_interfaces:/home/w/work/moveit2_handeye_calib/install/arm620_dh_config:/home/w/work/moveit2_handeye_calib/install/arm620_config:/home/w/work/moveit2_handeye_calib/install/arm380_config:/home/w/work/moveit2_handeye_calib/install/robot_description:/home/w/work/moveit2_handeye_calib/install/robot_bringup:/home/w/work/moveit2_handeye_calib/install/moveit_calibration_demos:/home/w/work/trac_ik_ws/install/trac_ik:/home/w/work/trac_ik_ws/install/trac_ik_examples:/home/w/work/trac_ik_ws/install/trac_ik_lib:/home/w/work/moveit2_handeye_calib/install/traj_smoother_py:/home/w/work/moveit2_handeye_calib/install/robot_test_py:/home/w/work/moveit2_handeye_calib/install/robot_input:/home/w/work/moveit2_handeye_calib/install/robot_dynamics:/opt/ros/humble LD_LIBRARY_PATH=/home/w/work/moveit2_handeye_calib/install/moveit_calibration_gui/lib:/home/w/work/moveit2_handeye_calib/install/moveit_calibration_plugins/lib:/home/w/work/moveit2_handeye_calib/install/robot_driver/lib:/home/w/work/moveit2_handeye_calib/install/ros2_socketcan/lib:/home/w/work/moveit2_handeye_calib/install/ros2_socketcan_msgs/lib:/home/w/work/moveit2_handeye_calib/install/robot_interfaces/lib:/home/w/work/trac_ik_ws/install/trac_ik_lib/lib:/opt/ros/humble/opt/rviz_ogre_vendor/lib:/opt/ros/humble/lib/x86_64-linux-gnu:/opt/ros/humble/lib /usr/bin/cmake --install /home/w/work/moveit2_handeye_calib/build/moveit_calibration_demos
[1.285s] Level 1:colcon.colcon_core.shell:create_environment_hook('moveit_calibration_demos', 'cmake_prefix_path')
[1.286s] INFO:colcon.colcon_core.shell:Creating environment hook '/home/w/work/moveit2_handeye_calib/install/moveit_calibration_demos/share/moveit_calibration_demos/hook/cmake_prefix_path.ps1'
[1.286s] INFO:colcon.colcon_core.shell:Creating environment descriptor '/home/w/work/moveit2_handeye_calib/install/moveit_calibration_demos/share/moveit_calibration_demos/hook/cmake_prefix_path.dsv'
[1.286s] INFO:colcon.colcon_core.shell:Creating environment hook '/home/w/work/moveit2_handeye_calib/install/moveit_calibration_demos/share/moveit_calibration_demos/hook/cmake_prefix_path.sh'
[1.287s] Level 1:colcon.colcon_core.environment:checking '/home/w/work/moveit2_handeye_calib/install/moveit_calibration_demos/bin'
[1.287s] Level 1:colcon.colcon_core.environment:checking '/home/w/work/moveit2_handeye_calib/install/moveit_calibration_demos/lib/pkgconfig/moveit_calibration_demos.pc'
[1.287s] Level 1:colcon.colcon_core.environment:checking '/home/w/work/moveit2_handeye_calib/install/moveit_calibration_demos/lib/python3.10/site-packages'
[1.287s] Level 1:colcon.colcon_core.environment:checking '/home/w/work/moveit2_handeye_calib/install/moveit_calibration_demos/bin'
[1.287s] INFO:colcon.colcon_core.shell:Creating package script '/home/w/work/moveit2_handeye_calib/install/moveit_calibration_demos/share/moveit_calibration_demos/package.ps1'
[1.288s] INFO:colcon.colcon_core.shell:Creating package descriptor '/home/w/work/moveit2_handeye_calib/install/moveit_calibration_demos/share/moveit_calibration_demos/package.dsv'
[1.288s] INFO:colcon.colcon_core.shell:Creating package script '/home/w/work/moveit2_handeye_calib/install/moveit_calibration_demos/share/moveit_calibration_demos/package.sh'
[1.288s] INFO:colcon.colcon_core.shell:Creating package script '/home/w/work/moveit2_handeye_calib/install/moveit_calibration_demos/share/moveit_calibration_demos/package.bash'
[1.288s] INFO:colcon.colcon_core.shell:Creating package script '/home/w/work/moveit2_handeye_calib/install/moveit_calibration_demos/share/moveit_calibration_demos/package.zsh'
[1.289s] Level 1:colcon.colcon_core.environment:create_file_with_runtime_dependencies(/home/w/work/moveit2_handeye_calib/install/moveit_calibration_demos/share/colcon-core/packages/moveit_calibration_demos)
[1.289s] Level 1:colcon.colcon_core.environment:create_environment_scripts_only(moveit_calibration_demos)
[1.289s] Level 1:colcon.colcon_core.environment:checking '/home/w/work/moveit2_handeye_calib/install/moveit_calibration_demos' for CMake module files
[1.289s] Level 1:colcon.colcon_core.environment:checking '/home/w/work/moveit2_handeye_calib/install/moveit_calibration_demos' for CMake config files
[1.289s] Level 1:colcon.colcon_core.shell:create_environment_hook('moveit_calibration_demos', 'cmake_prefix_path')
[1.289s] INFO:colcon.colcon_core.shell:Creating environment hook '/home/w/work/moveit2_handeye_calib/install/moveit_calibration_demos/share/moveit_calibration_demos/hook/cmake_prefix_path.ps1'
[1.290s] INFO:colcon.colcon_core.shell:Creating environment descriptor '/home/w/work/moveit2_handeye_calib/install/moveit_calibration_demos/share/moveit_calibration_demos/hook/cmake_prefix_path.dsv'
[1.290s] INFO:colcon.colcon_core.shell:Creating environment hook '/home/w/work/moveit2_handeye_calib/install/moveit_calibration_demos/share/moveit_calibration_demos/hook/cmake_prefix_path.sh'
[1.290s] Level 1:colcon.colcon_core.environment:checking '/home/w/work/moveit2_handeye_calib/install/moveit_calibration_demos/bin'
[1.290s] Level 1:colcon.colcon_core.environment:checking '/home/w/work/moveit2_handeye_calib/install/moveit_calibration_demos/lib/pkgconfig/moveit_calibration_demos.pc'
[1.290s] Level 1:colcon.colcon_core.environment:checking '/home/w/work/moveit2_handeye_calib/install/moveit_calibration_demos/lib/python3.10/site-packages'
[1.290s] Level 1:colcon.colcon_core.environment:checking '/home/w/work/moveit2_handeye_calib/install/moveit_calibration_demos/bin'
[1.291s] INFO:colcon.colcon_core.shell:Creating package script '/home/w/work/moveit2_handeye_calib/install/moveit_calibration_demos/share/moveit_calibration_demos/package.ps1'
[1.291s] INFO:colcon.colcon_core.shell:Creating package descriptor '/home/w/work/moveit2_handeye_calib/install/moveit_calibration_demos/share/moveit_calibration_demos/package.dsv'
[1.291s] INFO:colcon.colcon_core.shell:Creating package script '/home/w/work/moveit2_handeye_calib/install/moveit_calibration_demos/share/moveit_calibration_demos/package.sh'
[1.291s] INFO:colcon.colcon_core.shell:Creating package script '/home/w/work/moveit2_handeye_calib/install/moveit_calibration_demos/share/moveit_calibration_demos/package.bash'
[1.292s] INFO:colcon.colcon_core.shell:Creating package script '/home/w/work/moveit2_handeye_calib/install/moveit_calibration_demos/share/moveit_calibration_demos/package.zsh'
[1.292s] Level 1:colcon.colcon_core.environment:create_file_with_runtime_dependencies(/home/w/work/moveit2_handeye_calib/install/moveit_calibration_demos/share/colcon-core/packages/moveit_calibration_demos)
[1.323s] DEBUG:colcon.colcon_core.event_handler.log_command:Invoked command in '/home/w/work/moveit2_handeye_calib/build/robot_driver' returned '0': CMAKE_PREFIX_PATH=/home/w/work/moveit2_handeye_calib/install/ros2_socketcan:/home/w/work/moveit2_handeye_calib/install/ros2_socketcan_msgs:/home/w/work/moveit2_handeye_calib/install/robot_interfaces:/home/w/work/moveit2_handeye_calib/install/robot_driver:/home/w/work/moveit2_handeye_calib/install/robot_virtual_fence:/home/w/work/moveit2_handeye_calib/install/robot_state_machine:/home/w/work/moveit2_handeye_calib/install/robot_sdk:/home/w/work/moveit2_handeye_calib/install/robot_control:/home/w/work/moveit2_handeye_calib/install/motor_control_logger:/home/w/work/moveit2_handeye_calib/install/arm620_dh_config:/home/w/work/moveit2_handeye_calib/install/arm620_config:/home/w/work/moveit2_handeye_calib/install/arm380_config:/home/w/work/moveit2_handeye_calib/install/robot_description:/home/w/work/moveit2_handeye_calib/install/robot_bringup:/home/w/work/moveit2_handeye_calib/install/moveit_calibration_demos:/home/w/work/moveit2_handeye_calib/install/moveit_calibration_gui:/home/w/work/moveit2_handeye_calib/install/moveit_calibration_plugins:/home/w/work/trac_ik_ws/install/trac_ik:/home/w/work/trac_ik_ws/install/trac_ik_examples:/home/w/work/trac_ik_ws/install/trac_ik_lib:/home/w/work/moveit2_handeye_calib/install/traj_smoother_py:/home/w/work/moveit2_handeye_calib/install/robot_test_py:/home/w/work/moveit2_handeye_calib/install/robot_input:/home/w/work/moveit2_handeye_calib/install/robot_dynamics:/opt/ros/humble LD_LIBRARY_PATH=/home/w/work/moveit2_handeye_calib/install/ros2_socketcan/lib:/home/w/work/moveit2_handeye_calib/install/ros2_socketcan_msgs/lib:/home/w/work/moveit2_handeye_calib/install/robot_interfaces/lib:/home/w/work/moveit2_handeye_calib/install/robot_driver/lib:/home/w/work/moveit2_handeye_calib/install/moveit_calibration_gui/lib:/home/w/work/moveit2_handeye_calib/install/moveit_calibration_plugins/lib:/home/w/work/trac_ik_ws/install/trac_ik_lib/lib:/opt/ros/humble/opt/rviz_ogre_vendor/lib:/opt/ros/humble/lib/x86_64-linux-gnu:/opt/ros/humble/lib /usr/bin/cmake --build /home/w/work/moveit2_handeye_calib/build/robot_driver -- -j28 -l28
[1.325s] DEBUG:colcon.colcon_core.event_handler.log_command:Invoking command in '/home/w/work/moveit2_handeye_calib/build/robot_driver': CMAKE_PREFIX_PATH=/home/w/work/moveit2_handeye_calib/install/ros2_socketcan:/home/w/work/moveit2_handeye_calib/install/ros2_socketcan_msgs:/home/w/work/moveit2_handeye_calib/install/robot_interfaces:/home/w/work/moveit2_handeye_calib/install/robot_driver:/home/w/work/moveit2_handeye_calib/install/robot_virtual_fence:/home/w/work/moveit2_handeye_calib/install/robot_state_machine:/home/w/work/moveit2_handeye_calib/install/robot_sdk:/home/w/work/moveit2_handeye_calib/install/robot_control:/home/w/work/moveit2_handeye_calib/install/motor_control_logger:/home/w/work/moveit2_handeye_calib/install/arm620_dh_config:/home/w/work/moveit2_handeye_calib/install/arm620_config:/home/w/work/moveit2_handeye_calib/install/arm380_config:/home/w/work/moveit2_handeye_calib/install/robot_description:/home/w/work/moveit2_handeye_calib/install/robot_bringup:/home/w/work/moveit2_handeye_calib/install/moveit_calibration_demos:/home/w/work/moveit2_handeye_calib/install/moveit_calibration_gui:/home/w/work/moveit2_handeye_calib/install/moveit_calibration_plugins:/home/w/work/trac_ik_ws/install/trac_ik:/home/w/work/trac_ik_ws/install/trac_ik_examples:/home/w/work/trac_ik_ws/install/trac_ik_lib:/home/w/work/moveit2_handeye_calib/install/traj_smoother_py:/home/w/work/moveit2_handeye_calib/install/robot_test_py:/home/w/work/moveit2_handeye_calib/install/robot_input:/home/w/work/moveit2_handeye_calib/install/robot_dynamics:/opt/ros/humble LD_LIBRARY_PATH=/home/w/work/moveit2_handeye_calib/install/ros2_socketcan/lib:/home/w/work/moveit2_handeye_calib/install/ros2_socketcan_msgs/lib:/home/w/work/moveit2_handeye_calib/install/robot_interfaces/lib:/home/w/work/moveit2_handeye_calib/install/robot_driver/lib:/home/w/work/moveit2_handeye_calib/install/moveit_calibration_gui/lib:/home/w/work/moveit2_handeye_calib/install/moveit_calibration_plugins/lib:/home/w/work/trac_ik_ws/install/trac_ik_lib/lib:/opt/ros/humble/opt/rviz_ogre_vendor/lib:/opt/ros/humble/lib/x86_64-linux-gnu:/opt/ros/humble/lib /usr/bin/cmake --install /home/w/work/moveit2_handeye_calib/build/robot_driver
[1.332s] Level 1:colcon.colcon_core.environment:create_environment_scripts_only(robot_driver)
[1.332s] Level 1:colcon.colcon_core.environment:checking '/home/w/work/moveit2_handeye_calib/install/robot_driver' for CMake module files
[1.332s] DEBUG:colcon.colcon_core.event_handler.log_command:Invoked command in '/home/w/work/moveit2_handeye_calib/build/robot_driver' returned '0': CMAKE_PREFIX_PATH=/home/w/work/moveit2_handeye_calib/install/ros2_socketcan:/home/w/work/moveit2_handeye_calib/install/ros2_socketcan_msgs:/home/w/work/moveit2_handeye_calib/install/robot_interfaces:/home/w/work/moveit2_handeye_calib/install/robot_driver:/home/w/work/moveit2_handeye_calib/install/robot_virtual_fence:/home/w/work/moveit2_handeye_calib/install/robot_state_machine:/home/w/work/moveit2_handeye_calib/install/robot_sdk:/home/w/work/moveit2_handeye_calib/install/robot_control:/home/w/work/moveit2_handeye_calib/install/motor_control_logger:/home/w/work/moveit2_handeye_calib/install/arm620_dh_config:/home/w/work/moveit2_handeye_calib/install/arm620_config:/home/w/work/moveit2_handeye_calib/install/arm380_config:/home/w/work/moveit2_handeye_calib/install/robot_description:/home/w/work/moveit2_handeye_calib/install/robot_bringup:/home/w/work/moveit2_handeye_calib/install/moveit_calibration_demos:/home/w/work/moveit2_handeye_calib/install/moveit_calibration_gui:/home/w/work/moveit2_handeye_calib/install/moveit_calibration_plugins:/home/w/work/trac_ik_ws/install/trac_ik:/home/w/work/trac_ik_ws/install/trac_ik_examples:/home/w/work/trac_ik_ws/install/trac_ik_lib:/home/w/work/moveit2_handeye_calib/install/traj_smoother_py:/home/w/work/moveit2_handeye_calib/install/robot_test_py:/home/w/work/moveit2_handeye_calib/install/robot_input:/home/w/work/moveit2_handeye_calib/install/robot_dynamics:/opt/ros/humble LD_LIBRARY_PATH=/home/w/work/moveit2_handeye_calib/install/ros2_socketcan/lib:/home/w/work/moveit2_handeye_calib/install/ros2_socketcan_msgs/lib:/home/w/work/moveit2_handeye_calib/install/robot_interfaces/lib:/home/w/work/moveit2_handeye_calib/install/robot_driver/lib:/home/w/work/moveit2_handeye_calib/install/moveit_calibration_gui/lib:/home/w/work/moveit2_handeye_calib/install/moveit_calibration_plugins/lib:/home/w/work/trac_ik_ws/install/trac_ik_lib/lib:/opt/ros/humble/opt/rviz_ogre_vendor/lib:/opt/ros/humble/lib/x86_64-linux-gnu:/opt/ros/humble/lib /usr/bin/cmake --install /home/w/work/moveit2_handeye_calib/build/robot_driver
[1.332s] Level 1:colcon.colcon_core.environment:checking '/home/w/work/moveit2_handeye_calib/install/robot_driver' for CMake config files
[1.333s] Level 1:colcon.colcon_core.shell:create_environment_hook('robot_driver', 'cmake_prefix_path')
[1.333s] INFO:colcon.colcon_core.shell:Creating environment hook '/home/w/work/moveit2_handeye_calib/install/robot_driver/share/robot_driver/hook/cmake_prefix_path.ps1'
[1.333s] INFO:colcon.colcon_core.shell:Creating environment descriptor '/home/w/work/moveit2_handeye_calib/install/robot_driver/share/robot_driver/hook/cmake_prefix_path.dsv'
[1.333s] INFO:colcon.colcon_core.shell:Creating environment hook '/home/w/work/moveit2_handeye_calib/install/robot_driver/share/robot_driver/hook/cmake_prefix_path.sh'
[1.334s] Level 1:colcon.colcon_core.environment:checking '/home/w/work/moveit2_handeye_calib/install/robot_driver/lib'
[1.334s] Level 1:colcon.colcon_core.shell:create_environment_hook('robot_driver', 'ld_library_path_lib')
[1.334s] INFO:colcon.colcon_core.shell:Creating environment hook '/home/w/work/moveit2_handeye_calib/install/robot_driver/share/robot_driver/hook/ld_library_path_lib.ps1'
[1.334s] INFO:colcon.colcon_core.shell:Creating environment descriptor '/home/w/work/moveit2_handeye_calib/install/robot_driver/share/robot_driver/hook/ld_library_path_lib.dsv'
[1.334s] INFO:colcon.colcon_core.shell:Creating environment hook '/home/w/work/moveit2_handeye_calib/install/robot_driver/share/robot_driver/hook/ld_library_path_lib.sh'
[1.335s] Level 1:colcon.colcon_core.environment:checking '/home/w/work/moveit2_handeye_calib/install/robot_driver/bin'
[1.335s] Level 1:colcon.colcon_core.shell:create_environment_hook('robot_driver', 'path')
[1.335s] INFO:colcon.colcon_core.shell:Creating environment hook '/home/w/work/moveit2_handeye_calib/install/robot_driver/share/robot_driver/hook/path.ps1'
[1.335s] INFO:colcon.colcon_core.shell:Creating environment descriptor '/home/w/work/moveit2_handeye_calib/install/robot_driver/share/robot_driver/hook/path.dsv'
[1.335s] INFO:colcon.colcon_core.shell:Creating environment hook '/home/w/work/moveit2_handeye_calib/install/robot_driver/share/robot_driver/hook/path.sh'
[1.335s] Level 1:colcon.colcon_core.environment:checking '/home/w/work/moveit2_handeye_calib/install/robot_driver/lib/pkgconfig/robot_driver.pc'
[1.336s] Level 1:colcon.colcon_core.environment:checking '/home/w/work/moveit2_handeye_calib/install/robot_driver/lib/python3.10/site-packages'
[1.336s] Level 1:colcon.colcon_core.environment:checking '/home/w/work/moveit2_handeye_calib/install/robot_driver/bin'
[1.336s] Level 1:colcon.colcon_core.shell:create_environment_hook('robot_driver', 'pythonscriptspath')
[1.336s] INFO:colcon.colcon_core.shell:Creating environment hook '/home/w/work/moveit2_handeye_calib/install/robot_driver/share/robot_driver/hook/pythonscriptspath.ps1'
[1.336s] INFO:colcon.colcon_core.shell:Creating environment descriptor '/home/w/work/moveit2_handeye_calib/install/robot_driver/share/robot_driver/hook/pythonscriptspath.dsv'
[1.336s] INFO:colcon.colcon_core.shell:Creating environment hook '/home/w/work/moveit2_handeye_calib/install/robot_driver/share/robot_driver/hook/pythonscriptspath.sh'
[1.337s] INFO:colcon.colcon_core.shell:Creating package script '/home/w/work/moveit2_handeye_calib/install/robot_driver/share/robot_driver/package.ps1'
[1.337s] INFO:colcon.colcon_core.shell:Creating package descriptor '/home/w/work/moveit2_handeye_calib/install/robot_driver/share/robot_driver/package.dsv'
[1.337s] INFO:colcon.colcon_core.shell:Creating package script '/home/w/work/moveit2_handeye_calib/install/robot_driver/share/robot_driver/package.sh'
[1.338s] INFO:colcon.colcon_core.shell:Creating package script '/home/w/work/moveit2_handeye_calib/install/robot_driver/share/robot_driver/package.bash'
[1.338s] INFO:colcon.colcon_core.shell:Creating package script '/home/w/work/moveit2_handeye_calib/install/robot_driver/share/robot_driver/package.zsh'
[1.338s] Level 1:colcon.colcon_core.environment:create_file_with_runtime_dependencies(/home/w/work/moveit2_handeye_calib/install/robot_driver/share/colcon-core/packages/robot_driver)
[1.338s] Level 1:colcon.colcon_core.environment:create_environment_scripts_only(robot_driver)
[1.338s] Level 1:colcon.colcon_core.environment:checking '/home/w/work/moveit2_handeye_calib/install/robot_driver' for CMake module files
[1.339s] Level 1:colcon.colcon_core.environment:checking '/home/w/work/moveit2_handeye_calib/install/robot_driver' for CMake config files
[1.339s] Level 1:colcon.colcon_core.shell:create_environment_hook('robot_driver', 'cmake_prefix_path')
[1.339s] INFO:colcon.colcon_core.shell:Creating environment hook '/home/w/work/moveit2_handeye_calib/install/robot_driver/share/robot_driver/hook/cmake_prefix_path.ps1'
[1.339s] INFO:colcon.colcon_core.shell:Creating environment descriptor '/home/w/work/moveit2_handeye_calib/install/robot_driver/share/robot_driver/hook/cmake_prefix_path.dsv'
[1.339s] INFO:colcon.colcon_core.shell:Creating environment hook '/home/w/work/moveit2_handeye_calib/install/robot_driver/share/robot_driver/hook/cmake_prefix_path.sh'
[1.340s] Level 1:colcon.colcon_core.environment:checking '/home/w/work/moveit2_handeye_calib/install/robot_driver/lib'
[1.340s] Level 1:colcon.colcon_core.shell:create_environment_hook('robot_driver', 'ld_library_path_lib')
[1.340s] INFO:colcon.colcon_core.shell:Creating environment hook '/home/w/work/moveit2_handeye_calib/install/robot_driver/share/robot_driver/hook/ld_library_path_lib.ps1'
[1.340s] INFO:colcon.colcon_core.shell:Creating environment descriptor '/home/w/work/moveit2_handeye_calib/install/robot_driver/share/robot_driver/hook/ld_library_path_lib.dsv'
[1.340s] INFO:colcon.colcon_core.shell:Creating environment hook '/home/w/work/moveit2_handeye_calib/install/robot_driver/share/robot_driver/hook/ld_library_path_lib.sh'
[1.341s] Level 1:colcon.colcon_core.environment:checking '/home/w/work/moveit2_handeye_calib/install/robot_driver/bin'
[1.341s] Level 1:colcon.colcon_core.shell:create_environment_hook('robot_driver', 'path')
[1.341s] INFO:colcon.colcon_core.shell:Creating environment hook '/home/w/work/moveit2_handeye_calib/install/robot_driver/share/robot_driver/hook/path.ps1'
[1.341s] INFO:colcon.colcon_core.shell:Creating environment descriptor '/home/w/work/moveit2_handeye_calib/install/robot_driver/share/robot_driver/hook/path.dsv'
[1.341s] INFO:colcon.colcon_core.shell:Creating environment hook '/home/w/work/moveit2_handeye_calib/install/robot_driver/share/robot_driver/hook/path.sh'
[1.342s] Level 1:colcon.colcon_core.environment:checking '/home/w/work/moveit2_handeye_calib/install/robot_driver/lib/pkgconfig/robot_driver.pc'
[1.342s] Level 1:colcon.colcon_core.environment:checking '/home/w/work/moveit2_handeye_calib/install/robot_driver/lib/python3.10/site-packages'
[1.342s] Level 1:colcon.colcon_core.environment:checking '/home/w/work/moveit2_handeye_calib/install/robot_driver/bin'
[1.342s] Level 1:colcon.colcon_core.shell:create_environment_hook('robot_driver', 'pythonscriptspath')
[1.342s] INFO:colcon.colcon_core.shell:Creating environment hook '/home/w/work/moveit2_handeye_calib/install/robot_driver/share/robot_driver/hook/pythonscriptspath.ps1'
[1.343s] INFO:colcon.colcon_core.shell:Creating environment descriptor '/home/w/work/moveit2_handeye_calib/install/robot_driver/share/robot_driver/hook/pythonscriptspath.dsv'
[1.343s] INFO:colcon.colcon_core.shell:Creating environment hook '/home/w/work/moveit2_handeye_calib/install/robot_driver/share/robot_driver/hook/pythonscriptspath.sh'
[1.343s] INFO:colcon.colcon_core.shell:Creating package script '/home/w/work/moveit2_handeye_calib/install/robot_driver/share/robot_driver/package.ps1'
[1.344s] INFO:colcon.colcon_core.shell:Creating package descriptor '/home/w/work/moveit2_handeye_calib/install/robot_driver/share/robot_driver/package.dsv'
[1.344s] INFO:colcon.colcon_core.shell:Creating package script '/home/w/work/moveit2_handeye_calib/install/robot_driver/share/robot_driver/package.sh'
[1.344s] INFO:colcon.colcon_core.shell:Creating package script '/home/w/work/moveit2_handeye_calib/install/robot_driver/share/robot_driver/package.bash'
[1.344s] INFO:colcon.colcon_core.shell:Creating package script '/home/w/work/moveit2_handeye_calib/install/robot_driver/share/robot_driver/package.zsh'
[1.345s] Level 1:colcon.colcon_core.environment:create_file_with_runtime_dependencies(/home/w/work/moveit2_handeye_calib/install/robot_driver/share/colcon-core/packages/robot_driver)
[1.345s] INFO:colcon.colcon_ros.task.ament_cmake.build:Building ROS package in '/home/w/work/moveit2_handeye_calib/TG620/robot_state_machine' with build type 'ament_cmake'
[1.345s] INFO:colcon.colcon_cmake.task.cmake.build:Building CMake package in '/home/w/work/moveit2_handeye_calib/TG620/robot_state_machine'
[1.345s] INFO:colcon.colcon_core.shell:Skip shell extension 'powershell' for command environment: Not usable outside of PowerShell
[1.345s] DEBUG:colcon.colcon_core.shell:Skip shell extension 'dsv' for command environment
[1.357s] Level 1:colcon.colcon_core.environment:checking '/home/w/work/moveit2_handeye_calib/install/robot_dynamics' for CMake module files
[1.357s] DEBUG:colcon.colcon_core.event_handler.log_command:Invoked command in '/home/w/work/moveit2_handeye_calib/TG620/robot_dynamics' returned '0': PYTHONPATH=/home/w/work/moveit2_handeye_calib/build/robot_dynamics/prefix_override:/usr/lib/python3/dist-packages/colcon_core/task/python/colcon_distutils_commands:/home/w/work/moveit2_handeye_calib/install/robot_dynamics/lib/python3.10/site-packages:${PYTHONPATH} /usr/bin/python3 -W ignore:setup.py install is deprecated -W ignore:easy_install command is deprecated setup.py egg_info --egg-base ../../build/robot_dynamics build --build-base /home/w/work/moveit2_handeye_calib/build/robot_dynamics/build install --record /home/w/work/moveit2_handeye_calib/build/robot_dynamics/install.log --single-version-externally-managed install_data
[1.357s] Level 1:colcon.colcon_core.environment:checking '/home/w/work/moveit2_handeye_calib/install/robot_dynamics' for CMake config files
[1.358s] Level 1:colcon.colcon_core.environment:checking '/home/w/work/moveit2_handeye_calib/install/robot_dynamics/lib'
[1.358s] Level 1:colcon.colcon_core.environment:checking '/home/w/work/moveit2_handeye_calib/install/robot_dynamics/bin'
[1.358s] Level 1:colcon.colcon_core.environment:checking '/home/w/work/moveit2_handeye_calib/install/robot_dynamics/lib/pkgconfig/robot_dynamics.pc'
[1.358s] Level 1:colcon.colcon_core.environment:checking '/home/w/work/moveit2_handeye_calib/install/robot_dynamics/lib/python3.10/site-packages'
[1.358s] Level 1:colcon.colcon_core.shell:create_environment_hook('robot_dynamics', 'pythonpath')
[1.358s] INFO:colcon.colcon_core.shell:Creating environment hook '/home/w/work/moveit2_handeye_calib/install/robot_dynamics/share/robot_dynamics/hook/pythonpath.ps1'
[1.359s] INFO:colcon.colcon_core.shell:Creating environment descriptor '/home/w/work/moveit2_handeye_calib/install/robot_dynamics/share/robot_dynamics/hook/pythonpath.dsv'
[1.359s] INFO:colcon.colcon_core.shell:Creating environment hook '/home/w/work/moveit2_handeye_calib/install/robot_dynamics/share/robot_dynamics/hook/pythonpath.sh'
[1.360s] Level 1:colcon.colcon_core.environment:checking '/home/w/work/moveit2_handeye_calib/install/robot_dynamics/bin'
[1.360s] Level 1:colcon.colcon_core.environment:create_environment_scripts_only(robot_dynamics)
[1.360s] INFO:colcon.colcon_core.shell:Creating package script '/home/w/work/moveit2_handeye_calib/install/robot_dynamics/share/robot_dynamics/package.ps1'
[1.360s] INFO:colcon.colcon_core.shell:Creating package descriptor '/home/w/work/moveit2_handeye_calib/install/robot_dynamics/share/robot_dynamics/package.dsv'
[1.361s] INFO:colcon.colcon_core.shell:Creating package script '/home/w/work/moveit2_handeye_calib/install/robot_dynamics/share/robot_dynamics/package.sh'
[1.361s] INFO:colcon.colcon_core.shell:Creating package script '/home/w/work/moveit2_handeye_calib/install/robot_dynamics/share/robot_dynamics/package.bash'
[1.361s] INFO:colcon.colcon_core.shell:Creating package script '/home/w/work/moveit2_handeye_calib/install/robot_dynamics/share/robot_dynamics/package.zsh'
[1.361s] Level 1:colcon.colcon_core.environment:create_file_with_runtime_dependencies(/home/w/work/moveit2_handeye_calib/install/robot_dynamics/share/colcon-core/packages/robot_dynamics)
[1.363s] Level 1:colcon.colcon_core.environment:checking '/home/w/work/moveit2_handeye_calib/install/traj_smoother_py' for CMake module files
[1.364s] DEBUG:colcon.colcon_core.event_handler.log_command:Invoking command in '/home/w/work/moveit2_handeye_calib/build/robot_state_machine': CMAKE_PREFIX_PATH=/home/w/work/moveit2_handeye_calib/install/robot_driver:/home/w/work/moveit2_handeye_calib/install/ros2_socketcan:/home/w/work/moveit2_handeye_calib/install/ros2_socketcan_msgs:/home/w/work/moveit2_handeye_calib/install/robot_interfaces:/home/w/work/moveit2_handeye_calib/install/robot_virtual_fence:/home/w/work/moveit2_handeye_calib/install/robot_state_machine:/home/w/work/moveit2_handeye_calib/install/robot_sdk:/home/w/work/moveit2_handeye_calib/install/robot_control:/home/w/work/moveit2_handeye_calib/install/motor_control_logger:/home/w/work/moveit2_handeye_calib/install/arm620_dh_config:/home/w/work/moveit2_handeye_calib/install/arm620_config:/home/w/work/moveit2_handeye_calib/install/arm380_config:/home/w/work/moveit2_handeye_calib/install/robot_description:/home/w/work/moveit2_handeye_calib/install/robot_bringup:/home/w/work/moveit2_handeye_calib/install/moveit_calibration_demos:/home/w/work/moveit2_handeye_calib/install/moveit_calibration_gui:/home/w/work/moveit2_handeye_calib/install/moveit_calibration_plugins:/home/w/work/trac_ik_ws/install/trac_ik:/home/w/work/trac_ik_ws/install/trac_ik_examples:/home/w/work/trac_ik_ws/install/trac_ik_lib:/home/w/work/moveit2_handeye_calib/install/traj_smoother_py:/home/w/work/moveit2_handeye_calib/install/robot_test_py:/home/w/work/moveit2_handeye_calib/install/robot_input:/home/w/work/moveit2_handeye_calib/install/robot_dynamics:/opt/ros/humble /usr/bin/cmake --build /home/w/work/moveit2_handeye_calib/build/robot_state_machine -- -j28 -l28
[1.364s] Level 1:colcon.colcon_core.environment:checking '/home/w/work/moveit2_handeye_calib/install/traj_smoother_py' for CMake config files
[1.364s] DEBUG:colcon.colcon_core.event_handler.log_command:Invoked command in '/home/w/work/moveit2_handeye_calib/TG620/traj_smoother_py' returned '0': PYTHONPATH=/home/w/work/moveit2_handeye_calib/build/traj_smoother_py/prefix_override:/usr/lib/python3/dist-packages/colcon_core/task/python/colcon_distutils_commands:/home/w/work/moveit2_handeye_calib/install/traj_smoother_py/lib/python3.10/site-packages:${PYTHONPATH} /usr/bin/python3 -W ignore:setup.py install is deprecated -W ignore:easy_install command is deprecated setup.py egg_info --egg-base ../../build/traj_smoother_py build --build-base /home/w/work/moveit2_handeye_calib/build/traj_smoother_py/build install --record /home/w/work/moveit2_handeye_calib/build/traj_smoother_py/install.log --single-version-externally-managed install_data
[1.364s] Level 1:colcon.colcon_core.environment:checking '/home/w/work/moveit2_handeye_calib/install/traj_smoother_py/lib'
[1.365s] Level 1:colcon.colcon_core.environment:checking '/home/w/work/moveit2_handeye_calib/install/traj_smoother_py/bin'
[1.365s] Level 1:colcon.colcon_core.environment:checking '/home/w/work/moveit2_handeye_calib/install/traj_smoother_py/lib/pkgconfig/traj_smoother_py.pc'
[1.365s] Level 1:colcon.colcon_core.environment:checking '/home/w/work/moveit2_handeye_calib/install/traj_smoother_py/lib/python3.10/site-packages'
[1.365s] Level 1:colcon.colcon_core.shell:create_environment_hook('traj_smoother_py', 'pythonpath')
[1.365s] INFO:colcon.colcon_core.shell:Creating environment hook '/home/w/work/moveit2_handeye_calib/install/traj_smoother_py/share/traj_smoother_py/hook/pythonpath.ps1'
[1.365s] INFO:colcon.colcon_core.shell:Creating environment descriptor '/home/w/work/moveit2_handeye_calib/install/traj_smoother_py/share/traj_smoother_py/hook/pythonpath.dsv'
[1.365s] INFO:colcon.colcon_core.shell:Creating environment hook '/home/w/work/moveit2_handeye_calib/install/traj_smoother_py/share/traj_smoother_py/hook/pythonpath.sh'
[1.366s] Level 1:colcon.colcon_core.environment:checking '/home/w/work/moveit2_handeye_calib/install/traj_smoother_py/bin'
[1.366s] Level 1:colcon.colcon_core.environment:create_environment_scripts_only(traj_smoother_py)
[1.366s] INFO:colcon.colcon_core.shell:Creating package script '/home/w/work/moveit2_handeye_calib/install/traj_smoother_py/share/traj_smoother_py/package.ps1'
[1.366s] INFO:colcon.colcon_core.shell:Creating package descriptor '/home/w/work/moveit2_handeye_calib/install/traj_smoother_py/share/traj_smoother_py/package.dsv'
[1.366s] INFO:colcon.colcon_core.shell:Creating package script '/home/w/work/moveit2_handeye_calib/install/traj_smoother_py/share/traj_smoother_py/package.sh'
[1.367s] INFO:colcon.colcon_core.shell:Creating package script '/home/w/work/moveit2_handeye_calib/install/traj_smoother_py/share/traj_smoother_py/package.bash'
[1.367s] INFO:colcon.colcon_core.shell:Creating package script '/home/w/work/moveit2_handeye_calib/install/traj_smoother_py/share/traj_smoother_py/package.zsh'
[1.367s] Level 1:colcon.colcon_core.environment:create_file_with_runtime_dependencies(/home/w/work/moveit2_handeye_calib/install/traj_smoother_py/share/colcon-core/packages/traj_smoother_py)
[1.398s] DEBUG:colcon.colcon_core.event_handler.log_command:Invoking command in '/home/w/work/moveit2_handeye_calib/TG620/robot_input': CMAKE_PREFIX_PATH=/home/w/work/moveit2_handeye_calib/install/robot_interfaces:/home/w/work/moveit2_handeye_calib/install/robot_driver:/home/w/work/moveit2_handeye_calib/install/ros2_socketcan:/home/w/work/moveit2_handeye_calib/install/ros2_socketcan_msgs:/home/w/work/moveit2_handeye_calib/install/robot_virtual_fence:/home/w/work/moveit2_handeye_calib/install/robot_state_machine:/home/w/work/moveit2_handeye_calib/install/robot_sdk:/home/w/work/moveit2_handeye_calib/install/robot_control:/home/w/work/moveit2_handeye_calib/install/motor_control_logger:/home/w/work/moveit2_handeye_calib/install/arm620_dh_config:/home/w/work/moveit2_handeye_calib/install/arm620_config:/home/w/work/moveit2_handeye_calib/install/arm380_config:/home/w/work/moveit2_handeye_calib/install/robot_description:/home/w/work/moveit2_handeye_calib/install/robot_bringup:/home/w/work/moveit2_handeye_calib/install/moveit_calibration_demos:/home/w/work/moveit2_handeye_calib/install/moveit_calibration_gui:/home/w/work/moveit2_handeye_calib/install/moveit_calibration_plugins:/home/w/work/trac_ik_ws/install/trac_ik:/home/w/work/trac_ik_ws/install/trac_ik_examples:/home/w/work/trac_ik_ws/install/trac_ik_lib LD_LIBRARY_PATH=/home/w/work/moveit2_handeye_calib/install/robot_interfaces/lib:/home/w/work/moveit2_handeye_calib/install/robot_driver/lib:/home/w/work/moveit2_handeye_calib/install/ros2_socketcan/lib:/home/w/work/moveit2_handeye_calib/install/ros2_socketcan_msgs/lib:/home/w/work/moveit2_handeye_calib/install/moveit_calibration_gui/lib:/home/w/work/moveit2_handeye_calib/install/moveit_calibration_plugins/lib:/home/w/work/trac_ik_ws/install/trac_ik_lib/lib:/opt/ros/humble/opt/rviz_ogre_vendor/lib:/opt/ros/humble/lib/x86_64-linux-gnu:/opt/ros/humble/lib PYTHONPATH=/home/w/work/moveit2_handeye_calib/build/robot_input/prefix_override:/usr/lib/python3/dist-packages/colcon_core/task/python/colcon_distutils_commands:/home/w/work/moveit2_handeye_calib/install/robot_input/lib/python3.10/site-packages:${PYTHONPATH} /usr/bin/python3 -W ignore:setup.py install is deprecated -W ignore:easy_install command is deprecated setup.py egg_info --egg-base ../../build/robot_input build --build-base /home/w/work/moveit2_handeye_calib/build/robot_input/build install --record /home/w/work/moveit2_handeye_calib/build/robot_input/install.log --single-version-externally-managed install_data
[1.402s] DEBUG:colcon.colcon_core.event_handler.log_command:Invoking command in '/home/w/work/moveit2_handeye_calib/TG620/robot_test_py': CMAKE_PREFIX_PATH=/home/w/work/moveit2_handeye_calib/install/robot_interfaces:/home/w/work/moveit2_handeye_calib/install/robot_driver:/home/w/work/moveit2_handeye_calib/install/ros2_socketcan:/home/w/work/moveit2_handeye_calib/install/ros2_socketcan_msgs:/home/w/work/moveit2_handeye_calib/install/robot_virtual_fence:/home/w/work/moveit2_handeye_calib/install/robot_state_machine:/home/w/work/moveit2_handeye_calib/install/robot_sdk:/home/w/work/moveit2_handeye_calib/install/robot_control:/home/w/work/moveit2_handeye_calib/install/motor_control_logger:/home/w/work/moveit2_handeye_calib/install/arm620_dh_config:/home/w/work/moveit2_handeye_calib/install/arm620_config:/home/w/work/moveit2_handeye_calib/install/arm380_config:/home/w/work/moveit2_handeye_calib/install/robot_description:/home/w/work/moveit2_handeye_calib/install/robot_bringup:/home/w/work/moveit2_handeye_calib/install/moveit_calibration_demos:/home/w/work/moveit2_handeye_calib/install/moveit_calibration_gui:/home/w/work/moveit2_handeye_calib/install/moveit_calibration_plugins:/home/w/work/trac_ik_ws/install/trac_ik:/home/w/work/trac_ik_ws/install/trac_ik_examples:/home/w/work/trac_ik_ws/install/trac_ik_lib LD_LIBRARY_PATH=/home/w/work/moveit2_handeye_calib/install/robot_interfaces/lib:/home/w/work/moveit2_handeye_calib/install/robot_driver/lib:/home/w/work/moveit2_handeye_calib/install/ros2_socketcan/lib:/home/w/work/moveit2_handeye_calib/install/ros2_socketcan_msgs/lib:/home/w/work/moveit2_handeye_calib/install/moveit_calibration_gui/lib:/home/w/work/moveit2_handeye_calib/install/moveit_calibration_plugins/lib:/home/w/work/trac_ik_ws/install/trac_ik_lib/lib:/opt/ros/humble/opt/rviz_ogre_vendor/lib:/opt/ros/humble/lib/x86_64-linux-gnu:/opt/ros/humble/lib PYTHONPATH=/home/w/work/moveit2_handeye_calib/build/robot_test_py/prefix_override:/usr/lib/python3/dist-packages/colcon_core/task/python/colcon_distutils_commands:/home/w/work/moveit2_handeye_calib/install/robot_test_py/lib/python3.10/site-packages:${PYTHONPATH} /usr/bin/python3 -W ignore:setup.py install is deprecated -W ignore:easy_install command is deprecated setup.py egg_info --egg-base ../../build/robot_test_py build --build-base /home/w/work/moveit2_handeye_calib/build/robot_test_py/build install --record /home/w/work/moveit2_handeye_calib/build/robot_test_py/install.log --single-version-externally-managed install_data
[1.454s] DEBUG:colcon.colcon_core.event_handler.log_command:Invoked command in '/home/w/work/moveit2_handeye_calib/build/robot_state_machine' returned '0': CMAKE_PREFIX_PATH=/home/w/work/moveit2_handeye_calib/install/robot_driver:/home/w/work/moveit2_handeye_calib/install/ros2_socketcan:/home/w/work/moveit2_handeye_calib/install/ros2_socketcan_msgs:/home/w/work/moveit2_handeye_calib/install/robot_interfaces:/home/w/work/moveit2_handeye_calib/install/robot_virtual_fence:/home/w/work/moveit2_handeye_calib/install/robot_state_machine:/home/w/work/moveit2_handeye_calib/install/robot_sdk:/home/w/work/moveit2_handeye_calib/install/robot_control:/home/w/work/moveit2_handeye_calib/install/motor_control_logger:/home/w/work/moveit2_handeye_calib/install/arm620_dh_config:/home/w/work/moveit2_handeye_calib/install/arm620_config:/home/w/work/moveit2_handeye_calib/install/arm380_config:/home/w/work/moveit2_handeye_calib/install/robot_description:/home/w/work/moveit2_handeye_calib/install/robot_bringup:/home/w/work/moveit2_handeye_calib/install/moveit_calibration_demos:/home/w/work/moveit2_handeye_calib/install/moveit_calibration_gui:/home/w/work/moveit2_handeye_calib/install/moveit_calibration_plugins:/home/w/work/trac_ik_ws/install/trac_ik:/home/w/work/trac_ik_ws/install/trac_ik_examples:/home/w/work/trac_ik_ws/install/trac_ik_lib:/home/w/work/moveit2_handeye_calib/install/traj_smoother_py:/home/w/work/moveit2_handeye_calib/install/robot_test_py:/home/w/work/moveit2_handeye_calib/install/robot_input:/home/w/work/moveit2_handeye_calib/install/robot_dynamics:/opt/ros/humble /usr/bin/cmake --build /home/w/work/moveit2_handeye_calib/build/robot_state_machine -- -j28 -l28
[1.455s] DEBUG:colcon.colcon_core.event_handler.log_command:Invoking command in '/home/w/work/moveit2_handeye_calib/build/robot_state_machine': CMAKE_PREFIX_PATH=/home/w/work/moveit2_handeye_calib/install/robot_driver:/home/w/work/moveit2_handeye_calib/install/ros2_socketcan:/home/w/work/moveit2_handeye_calib/install/ros2_socketcan_msgs:/home/w/work/moveit2_handeye_calib/install/robot_interfaces:/home/w/work/moveit2_handeye_calib/install/robot_virtual_fence:/home/w/work/moveit2_handeye_calib/install/robot_state_machine:/home/w/work/moveit2_handeye_calib/install/robot_sdk:/home/w/work/moveit2_handeye_calib/install/robot_control:/home/w/work/moveit2_handeye_calib/install/motor_control_logger:/home/w/work/moveit2_handeye_calib/install/arm620_dh_config:/home/w/work/moveit2_handeye_calib/install/arm620_config:/home/w/work/moveit2_handeye_calib/install/arm380_config:/home/w/work/moveit2_handeye_calib/install/robot_description:/home/w/work/moveit2_handeye_calib/install/robot_bringup:/home/w/work/moveit2_handeye_calib/install/moveit_calibration_demos:/home/w/work/moveit2_handeye_calib/install/moveit_calibration_gui:/home/w/work/moveit2_handeye_calib/install/moveit_calibration_plugins:/home/w/work/trac_ik_ws/install/trac_ik:/home/w/work/trac_ik_ws/install/trac_ik_examples:/home/w/work/trac_ik_ws/install/trac_ik_lib:/home/w/work/moveit2_handeye_calib/install/traj_smoother_py:/home/w/work/moveit2_handeye_calib/install/robot_test_py:/home/w/work/moveit2_handeye_calib/install/robot_input:/home/w/work/moveit2_handeye_calib/install/robot_dynamics:/opt/ros/humble /usr/bin/cmake --install /home/w/work/moveit2_handeye_calib/build/robot_state_machine
[1.461s] Level 1:colcon.colcon_core.environment:create_environment_scripts_only(robot_state_machine)
[1.461s] Level 1:colcon.colcon_core.environment:checking '/home/w/work/moveit2_handeye_calib/install/robot_state_machine' for CMake module files
[1.461s] DEBUG:colcon.colcon_core.event_handler.log_command:Invoked command in '/home/w/work/moveit2_handeye_calib/build/robot_state_machine' returned '0': CMAKE_PREFIX_PATH=/home/w/work/moveit2_handeye_calib/install/robot_driver:/home/w/work/moveit2_handeye_calib/install/ros2_socketcan:/home/w/work/moveit2_handeye_calib/install/ros2_socketcan_msgs:/home/w/work/moveit2_handeye_calib/install/robot_interfaces:/home/w/work/moveit2_handeye_calib/install/robot_virtual_fence:/home/w/work/moveit2_handeye_calib/install/robot_state_machine:/home/w/work/moveit2_handeye_calib/install/robot_sdk:/home/w/work/moveit2_handeye_calib/install/robot_control:/home/w/work/moveit2_handeye_calib/install/motor_control_logger:/home/w/work/moveit2_handeye_calib/install/arm620_dh_config:/home/w/work/moveit2_handeye_calib/install/arm620_config:/home/w/work/moveit2_handeye_calib/install/arm380_config:/home/w/work/moveit2_handeye_calib/install/robot_description:/home/w/work/moveit2_handeye_calib/install/robot_bringup:/home/w/work/moveit2_handeye_calib/install/moveit_calibration_demos:/home/w/work/moveit2_handeye_calib/install/moveit_calibration_gui:/home/w/work/moveit2_handeye_calib/install/moveit_calibration_plugins:/home/w/work/trac_ik_ws/install/trac_ik:/home/w/work/trac_ik_ws/install/trac_ik_examples:/home/w/work/trac_ik_ws/install/trac_ik_lib:/home/w/work/moveit2_handeye_calib/install/traj_smoother_py:/home/w/work/moveit2_handeye_calib/install/robot_test_py:/home/w/work/moveit2_handeye_calib/install/robot_input:/home/w/work/moveit2_handeye_calib/install/robot_dynamics:/opt/ros/humble /usr/bin/cmake --install /home/w/work/moveit2_handeye_calib/build/robot_state_machine
[1.462s] Level 1:colcon.colcon_core.environment:checking '/home/w/work/moveit2_handeye_calib/install/robot_state_machine' for CMake config files
[1.462s] Level 1:colcon.colcon_core.shell:create_environment_hook('robot_state_machine', 'cmake_prefix_path')
[1.462s] INFO:colcon.colcon_core.shell:Creating environment hook '/home/w/work/moveit2_handeye_calib/install/robot_state_machine/share/robot_state_machine/hook/cmake_prefix_path.ps1'
[1.462s] INFO:colcon.colcon_core.shell:Creating environment descriptor '/home/w/work/moveit2_handeye_calib/install/robot_state_machine/share/robot_state_machine/hook/cmake_prefix_path.dsv'
[1.463s] INFO:colcon.colcon_core.shell:Creating environment hook '/home/w/work/moveit2_handeye_calib/install/robot_state_machine/share/robot_state_machine/hook/cmake_prefix_path.sh'
[1.463s] Level 1:colcon.colcon_core.environment:checking '/home/w/work/moveit2_handeye_calib/install/robot_state_machine/lib'
[1.463s] Level 1:colcon.colcon_core.environment:checking '/home/w/work/moveit2_handeye_calib/install/robot_state_machine/bin'
[1.463s] Level 1:colcon.colcon_core.environment:checking '/home/w/work/moveit2_handeye_calib/install/robot_state_machine/lib/pkgconfig/robot_state_machine.pc'
[1.463s] Level 1:colcon.colcon_core.environment:checking '/home/w/work/moveit2_handeye_calib/install/robot_state_machine/lib/python3.10/site-packages'
[1.463s] Level 1:colcon.colcon_core.environment:checking '/home/w/work/moveit2_handeye_calib/install/robot_state_machine/bin'
[1.464s] INFO:colcon.colcon_core.shell:Creating package script '/home/w/work/moveit2_handeye_calib/install/robot_state_machine/share/robot_state_machine/package.ps1'
[1.464s] INFO:colcon.colcon_core.shell:Creating package descriptor '/home/w/work/moveit2_handeye_calib/install/robot_state_machine/share/robot_state_machine/package.dsv'
[1.464s] INFO:colcon.colcon_core.shell:Creating package script '/home/w/work/moveit2_handeye_calib/install/robot_state_machine/share/robot_state_machine/package.sh'
[1.464s] INFO:colcon.colcon_core.shell:Creating package script '/home/w/work/moveit2_handeye_calib/install/robot_state_machine/share/robot_state_machine/package.bash'
[1.464s] INFO:colcon.colcon_core.shell:Creating package script '/home/w/work/moveit2_handeye_calib/install/robot_state_machine/share/robot_state_machine/package.zsh'
[1.465s] Level 1:colcon.colcon_core.environment:create_file_with_runtime_dependencies(/home/w/work/moveit2_handeye_calib/install/robot_state_machine/share/colcon-core/packages/robot_state_machine)
[1.465s] Level 1:colcon.colcon_core.environment:create_environment_scripts_only(robot_state_machine)
[1.465s] Level 1:colcon.colcon_core.environment:checking '/home/w/work/moveit2_handeye_calib/install/robot_state_machine' for CMake module files
[1.465s] Level 1:colcon.colcon_core.environment:checking '/home/w/work/moveit2_handeye_calib/install/robot_state_machine' for CMake config files
[1.465s] Level 1:colcon.colcon_core.shell:create_environment_hook('robot_state_machine', 'cmake_prefix_path')
[1.466s] INFO:colcon.colcon_core.shell:Creating environment hook '/home/w/work/moveit2_handeye_calib/install/robot_state_machine/share/robot_state_machine/hook/cmake_prefix_path.ps1'
[1.466s] INFO:colcon.colcon_core.shell:Creating environment descriptor '/home/w/work/moveit2_handeye_calib/install/robot_state_machine/share/robot_state_machine/hook/cmake_prefix_path.dsv'
[1.466s] INFO:colcon.colcon_core.shell:Creating environment hook '/home/w/work/moveit2_handeye_calib/install/robot_state_machine/share/robot_state_machine/hook/cmake_prefix_path.sh'
[1.466s] Level 1:colcon.colcon_core.environment:checking '/home/w/work/moveit2_handeye_calib/install/robot_state_machine/lib'
[1.466s] Level 1:colcon.colcon_core.environment:checking '/home/w/work/moveit2_handeye_calib/install/robot_state_machine/bin'
[1.466s] Level 1:colcon.colcon_core.environment:checking '/home/w/work/moveit2_handeye_calib/install/robot_state_machine/lib/pkgconfig/robot_state_machine.pc'
[1.466s] Level 1:colcon.colcon_core.environment:checking '/home/w/work/moveit2_handeye_calib/install/robot_state_machine/lib/python3.10/site-packages'
[1.467s] Level 1:colcon.colcon_core.environment:checking '/home/w/work/moveit2_handeye_calib/install/robot_state_machine/bin'
[1.467s] INFO:colcon.colcon_core.shell:Creating package script '/home/w/work/moveit2_handeye_calib/install/robot_state_machine/share/robot_state_machine/package.ps1'
[1.467s] INFO:colcon.colcon_core.shell:Creating package descriptor '/home/w/work/moveit2_handeye_calib/install/robot_state_machine/share/robot_state_machine/package.dsv'
[1.467s] INFO:colcon.colcon_core.shell:Creating package script '/home/w/work/moveit2_handeye_calib/install/robot_state_machine/share/robot_state_machine/package.sh'
[1.468s] INFO:colcon.colcon_core.shell:Creating package script '/home/w/work/moveit2_handeye_calib/install/robot_state_machine/share/robot_state_machine/package.bash'
[1.468s] INFO:colcon.colcon_core.shell:Creating package script '/home/w/work/moveit2_handeye_calib/install/robot_state_machine/share/robot_state_machine/package.zsh'
[1.468s] Level 1:colcon.colcon_core.environment:create_file_with_runtime_dependencies(/home/w/work/moveit2_handeye_calib/install/robot_state_machine/share/colcon-core/packages/robot_state_machine)
[1.579s] Level 1:colcon.colcon_core.environment:checking '/home/w/work/moveit2_handeye_calib/install/robot_test_py' for CMake module files
[1.579s] DEBUG:colcon.colcon_core.event_handler.log_command:Invoked command in '/home/w/work/moveit2_handeye_calib/TG620/robot_test_py' returned '0': CMAKE_PREFIX_PATH=/home/w/work/moveit2_handeye_calib/install/robot_interfaces:/home/w/work/moveit2_handeye_calib/install/robot_driver:/home/w/work/moveit2_handeye_calib/install/ros2_socketcan:/home/w/work/moveit2_handeye_calib/install/ros2_socketcan_msgs:/home/w/work/moveit2_handeye_calib/install/robot_virtual_fence:/home/w/work/moveit2_handeye_calib/install/robot_state_machine:/home/w/work/moveit2_handeye_calib/install/robot_sdk:/home/w/work/moveit2_handeye_calib/install/robot_control:/home/w/work/moveit2_handeye_calib/install/motor_control_logger:/home/w/work/moveit2_handeye_calib/install/arm620_dh_config:/home/w/work/moveit2_handeye_calib/install/arm620_config:/home/w/work/moveit2_handeye_calib/install/arm380_config:/home/w/work/moveit2_handeye_calib/install/robot_description:/home/w/work/moveit2_handeye_calib/install/robot_bringup:/home/w/work/moveit2_handeye_calib/install/moveit_calibration_demos:/home/w/work/moveit2_handeye_calib/install/moveit_calibration_gui:/home/w/work/moveit2_handeye_calib/install/moveit_calibration_plugins:/home/w/work/trac_ik_ws/install/trac_ik:/home/w/work/trac_ik_ws/install/trac_ik_examples:/home/w/work/trac_ik_ws/install/trac_ik_lib LD_LIBRARY_PATH=/home/w/work/moveit2_handeye_calib/install/robot_interfaces/lib:/home/w/work/moveit2_handeye_calib/install/robot_driver/lib:/home/w/work/moveit2_handeye_calib/install/ros2_socketcan/lib:/home/w/work/moveit2_handeye_calib/install/ros2_socketcan_msgs/lib:/home/w/work/moveit2_handeye_calib/install/moveit_calibration_gui/lib:/home/w/work/moveit2_handeye_calib/install/moveit_calibration_plugins/lib:/home/w/work/trac_ik_ws/install/trac_ik_lib/lib:/opt/ros/humble/opt/rviz_ogre_vendor/lib:/opt/ros/humble/lib/x86_64-linux-gnu:/opt/ros/humble/lib PYTHONPATH=/home/w/work/moveit2_handeye_calib/build/robot_test_py/prefix_override:/usr/lib/python3/dist-packages/colcon_core/task/python/colcon_distutils_commands:/home/w/work/moveit2_handeye_calib/install/robot_test_py/lib/python3.10/site-packages:${PYTHONPATH} /usr/bin/python3 -W ignore:setup.py install is deprecated -W ignore:easy_install command is deprecated setup.py egg_info --egg-base ../../build/robot_test_py build --build-base /home/w/work/moveit2_handeye_calib/build/robot_test_py/build install --record /home/w/work/moveit2_handeye_calib/build/robot_test_py/install.log --single-version-externally-managed install_data
[1.579s] Level 1:colcon.colcon_core.environment:checking '/home/w/work/moveit2_handeye_calib/install/robot_test_py' for CMake config files
[1.580s] Level 1:colcon.colcon_core.environment:checking '/home/w/work/moveit2_handeye_calib/install/robot_test_py/lib'
[1.580s] Level 1:colcon.colcon_core.environment:checking '/home/w/work/moveit2_handeye_calib/install/robot_test_py/bin'
[1.580s] Level 1:colcon.colcon_core.environment:checking '/home/w/work/moveit2_handeye_calib/install/robot_test_py/lib/pkgconfig/robot_test_py.pc'
[1.580s] Level 1:colcon.colcon_core.environment:checking '/home/w/work/moveit2_handeye_calib/install/robot_test_py/lib/python3.10/site-packages'
[1.580s] Level 1:colcon.colcon_core.shell:create_environment_hook('robot_test_py', 'pythonpath')
[1.580s] INFO:colcon.colcon_core.shell:Creating environment hook '/home/w/work/moveit2_handeye_calib/install/robot_test_py/share/robot_test_py/hook/pythonpath.ps1'
[1.580s] INFO:colcon.colcon_core.shell:Creating environment descriptor '/home/w/work/moveit2_handeye_calib/install/robot_test_py/share/robot_test_py/hook/pythonpath.dsv'
[1.581s] INFO:colcon.colcon_core.shell:Creating environment hook '/home/w/work/moveit2_handeye_calib/install/robot_test_py/share/robot_test_py/hook/pythonpath.sh'
[1.581s] Level 1:colcon.colcon_core.environment:checking '/home/w/work/moveit2_handeye_calib/install/robot_test_py/bin'
[1.581s] Level 1:colcon.colcon_core.environment:create_environment_scripts_only(robot_test_py)
[1.581s] INFO:colcon.colcon_core.shell:Creating package script '/home/w/work/moveit2_handeye_calib/install/robot_test_py/share/robot_test_py/package.ps1'
[1.581s] INFO:colcon.colcon_core.shell:Creating package descriptor '/home/w/work/moveit2_handeye_calib/install/robot_test_py/share/robot_test_py/package.dsv'
[1.582s] INFO:colcon.colcon_core.shell:Creating package script '/home/w/work/moveit2_handeye_calib/install/robot_test_py/share/robot_test_py/package.sh'
[1.582s] INFO:colcon.colcon_core.shell:Creating package script '/home/w/work/moveit2_handeye_calib/install/robot_test_py/share/robot_test_py/package.bash'
[1.582s] INFO:colcon.colcon_core.shell:Creating package script '/home/w/work/moveit2_handeye_calib/install/robot_test_py/share/robot_test_py/package.zsh'
[1.582s] Level 1:colcon.colcon_core.environment:create_file_with_runtime_dependencies(/home/w/work/moveit2_handeye_calib/install/robot_test_py/share/colcon-core/packages/robot_test_py)
[1.585s] Level 1:colcon.colcon_core.environment:checking '/home/w/work/moveit2_handeye_calib/install/robot_input' for CMake module files
[1.586s] DEBUG:colcon.colcon_core.event_handler.log_command:Invoked command in '/home/w/work/moveit2_handeye_calib/TG620/robot_input' returned '0': CMAKE_PREFIX_PATH=/home/w/work/moveit2_handeye_calib/install/robot_interfaces:/home/w/work/moveit2_handeye_calib/install/robot_driver:/home/w/work/moveit2_handeye_calib/install/ros2_socketcan:/home/w/work/moveit2_handeye_calib/install/ros2_socketcan_msgs:/home/w/work/moveit2_handeye_calib/install/robot_virtual_fence:/home/w/work/moveit2_handeye_calib/install/robot_state_machine:/home/w/work/moveit2_handeye_calib/install/robot_sdk:/home/w/work/moveit2_handeye_calib/install/robot_control:/home/w/work/moveit2_handeye_calib/install/motor_control_logger:/home/w/work/moveit2_handeye_calib/install/arm620_dh_config:/home/w/work/moveit2_handeye_calib/install/arm620_config:/home/w/work/moveit2_handeye_calib/install/arm380_config:/home/w/work/moveit2_handeye_calib/install/robot_description:/home/w/work/moveit2_handeye_calib/install/robot_bringup:/home/w/work/moveit2_handeye_calib/install/moveit_calibration_demos:/home/w/work/moveit2_handeye_calib/install/moveit_calibration_gui:/home/w/work/moveit2_handeye_calib/install/moveit_calibration_plugins:/home/w/work/trac_ik_ws/install/trac_ik:/home/w/work/trac_ik_ws/install/trac_ik_examples:/home/w/work/trac_ik_ws/install/trac_ik_lib LD_LIBRARY_PATH=/home/w/work/moveit2_handeye_calib/install/robot_interfaces/lib:/home/w/work/moveit2_handeye_calib/install/robot_driver/lib:/home/w/work/moveit2_handeye_calib/install/ros2_socketcan/lib:/home/w/work/moveit2_handeye_calib/install/ros2_socketcan_msgs/lib:/home/w/work/moveit2_handeye_calib/install/moveit_calibration_gui/lib:/home/w/work/moveit2_handeye_calib/install/moveit_calibration_plugins/lib:/home/w/work/trac_ik_ws/install/trac_ik_lib/lib:/opt/ros/humble/opt/rviz_ogre_vendor/lib:/opt/ros/humble/lib/x86_64-linux-gnu:/opt/ros/humble/lib PYTHONPATH=/home/w/work/moveit2_handeye_calib/build/robot_input/prefix_override:/usr/lib/python3/dist-packages/colcon_core/task/python/colcon_distutils_commands:/home/w/work/moveit2_handeye_calib/install/robot_input/lib/python3.10/site-packages:${PYTHONPATH} /usr/bin/python3 -W ignore:setup.py install is deprecated -W ignore:easy_install command is deprecated setup.py egg_info --egg-base ../../build/robot_input build --build-base /home/w/work/moveit2_handeye_calib/build/robot_input/build install --record /home/w/work/moveit2_handeye_calib/build/robot_input/install.log --single-version-externally-managed install_data
[1.586s] Level 1:colcon.colcon_core.environment:checking '/home/w/work/moveit2_handeye_calib/install/robot_input' for CMake config files
[1.586s] Level 1:colcon.colcon_core.environment:checking '/home/w/work/moveit2_handeye_calib/install/robot_input/lib'
[1.586s] Level 1:colcon.colcon_core.environment:checking '/home/w/work/moveit2_handeye_calib/install/robot_input/bin'
[1.586s] Level 1:colcon.colcon_core.environment:checking '/home/w/work/moveit2_handeye_calib/install/robot_input/lib/pkgconfig/robot_input.pc'
[1.586s] Level 1:colcon.colcon_core.environment:checking '/home/w/work/moveit2_handeye_calib/install/robot_input/lib/python3.10/site-packages'
[1.586s] Level 1:colcon.colcon_core.shell:create_environment_hook('robot_input', 'pythonpath')
[1.586s] INFO:colcon.colcon_core.shell:Creating environment hook '/home/w/work/moveit2_handeye_calib/install/robot_input/share/robot_input/hook/pythonpath.ps1'
[1.587s] INFO:colcon.colcon_core.shell:Creating environment descriptor '/home/w/work/moveit2_handeye_calib/install/robot_input/share/robot_input/hook/pythonpath.dsv'
[1.587s] INFO:colcon.colcon_core.shell:Creating environment hook '/home/w/work/moveit2_handeye_calib/install/robot_input/share/robot_input/hook/pythonpath.sh'
[1.587s] Level 1:colcon.colcon_core.environment:checking '/home/w/work/moveit2_handeye_calib/install/robot_input/bin'
[1.587s] Level 1:colcon.colcon_core.environment:create_environment_scripts_only(robot_input)
[1.588s] INFO:colcon.colcon_core.shell:Creating package script '/home/w/work/moveit2_handeye_calib/install/robot_input/share/robot_input/package.ps1'
[1.588s] INFO:colcon.colcon_core.shell:Creating package descriptor '/home/w/work/moveit2_handeye_calib/install/robot_input/share/robot_input/package.dsv'
[1.588s] INFO:colcon.colcon_core.shell:Creating package script '/home/w/work/moveit2_handeye_calib/install/robot_input/share/robot_input/package.sh'
[1.588s] INFO:colcon.colcon_core.shell:Creating package script '/home/w/work/moveit2_handeye_calib/install/robot_input/share/robot_input/package.bash'
[1.588s] INFO:colcon.colcon_core.shell:Creating package script '/home/w/work/moveit2_handeye_calib/install/robot_input/share/robot_input/package.zsh'
[1.589s] Level 1:colcon.colcon_core.environment:create_file_with_runtime_dependencies(/home/w/work/moveit2_handeye_calib/install/robot_input/share/colcon-core/packages/robot_input)
[1.589s] DEBUG:colcon.colcon_parallel_executor.executor.parallel:closing loop
[1.589s] DEBUG:colcon.colcon_parallel_executor.executor.parallel:loop closed
[1.589s] DEBUG:colcon.colcon_parallel_executor.executor.parallel:run_until_complete finished with '0'
[1.589s] DEBUG:colcon.colcon_core.event_reactor:joining thread
[1.593s] INFO:colcon.colcon_core.plugin_system:Skipping extension 'colcon_notification.desktop_notification.terminal_notifier': Not used on non-Darwin systems
[1.593s] INFO:colcon.colcon_core.plugin_system:Skipping extension 'colcon_notification.desktop_notification.win32': Not used on non-Windows systems
[1.593s] INFO:colcon.colcon_notification.desktop_notification:Sending desktop notification using 'notify2'
[1.600s] DEBUG:colcon.colcon_core.event_reactor:joined thread
[1.600s] INFO:colcon.colcon_core.shell:Creating prefix script '/home/w/work/moveit2_handeye_calib/install/local_setup.ps1'
[1.601s] INFO:colcon.colcon_core.shell:Creating prefix util module '/home/w/work/moveit2_handeye_calib/install/_local_setup_util_ps1.py'
[1.601s] INFO:colcon.colcon_core.shell:Creating prefix chain script '/home/w/work/moveit2_handeye_calib/install/setup.ps1'
[1.602s] INFO:colcon.colcon_core.shell:Creating prefix script '/home/w/work/moveit2_handeye_calib/install/local_setup.sh'
[1.603s] INFO:colcon.colcon_core.shell:Creating prefix util module '/home/w/work/moveit2_handeye_calib/install/_local_setup_util_sh.py'
[1.603s] INFO:colcon.colcon_core.shell:Creating prefix chain script '/home/w/work/moveit2_handeye_calib/install/setup.sh'
[1.604s] INFO:colcon.colcon_core.shell:Creating prefix script '/home/w/work/moveit2_handeye_calib/install/local_setup.bash'
[1.604s] INFO:colcon.colcon_core.shell:Creating prefix chain script '/home/w/work/moveit2_handeye_calib/install/setup.bash'
[1.605s] INFO:colcon.colcon_core.shell:Creating prefix script '/home/w/work/moveit2_handeye_calib/install/local_setup.zsh'
[1.605s] INFO:colcon.colcon_core.shell:Creating prefix chain script '/home/w/work/moveit2_handeye_calib/install/setup.zsh'
